year,company,technology,capital,mult,n,dist,exp,expuni,expassoc,expprof,nexpuni,nexpassoc,nexpprof,univ_eigen,univ_ndegree,univ_degree,univ_close,univ_harm,univ_between,assoc_eigen,assoc_ndegree,assoc_degree,assoc_close,assoc_harm,assoc_between,prof_eigen,prof_ndegree,prof_degree,prof_close,prof_harm,prof_between,tech_eigen,tech_ndegree,tech_degree,tech_close,tech_harm,tech_between,country,tipo,code,empire,commonw,v2x_corr,v2xcl_prpty,statecap_baseline,statecap_base_fiscal,statecap_base_fiscal_edu,c_base,c_fiscal,c_comp,v2svstterr,v2stfisccap,v2x_rule,proportion,adoptionrate,totalp,prob_adoption,district
1916,African City Properties Trust Limited,gravity,2.859867,1,10,9039.553797019556,2,NA,NA,NA,NA,NA,NA,0,0,0,0,0,0,0,0,0,0,0,0,0.4844849158765035,0.1,3,0.3614457831325301,0.43444444444444463,0.01212822064001737,1,0.6,3,1,0.6000000000000001,0.3,south africa,concentration,ZAF,1,1,0.408,0.115,-1,-1,-1,-1,-1,-1,84,2,0,0.6729574267806794,0.612559678351326,10,0,0
1914,African Farms Limited Cmihiigi Calg,gravity,2.95858,1,7,0,0,NA,NA,NA,NA,NA,NA,0,0,0,0,0,0,0,0,0,0,0,0,0.5689314840906481,0.16,4,0.4339622641509434,0.4733333333333335,0.16740593611181848,0,0,0,0,0,0,united kingdom,concentration,GBR,1,1,0.028,0.73,2,2,2,2,2,2,98,3,1,0.5584463682805634,0.4961724216532594,7,0,1
1915,African Farms Limited Cmihiigi Calg,gravity,2.854424,1,5,9039.553797019556,0,NA,NA,NA,NA,NA,NA,0,0,0,0,0,0,0,0,0,0,0,0,0.20715477652121295,0.07407407407407407,2,0.36231884057971014,0.3858024691358024,0.06837606837606838,0,0,0,0,0,0,south africa,concentration,ZAF,1,1,0.408,0.115,-1,-1,-1,-1,-1,-1,84,2,0,0.612559678351326,0.5584463682805634,5,0,0
1917,African Farms Limited Cmihiigi Calg,gravity,2.858504,1,4,6767.261542923548,0,NA,NA,NA,NA,NA,NA,0,0,0,0,0,0,0,0,0,0,0,0,0.29978001516814806,0.09523809523809525,2,0.391304347826087,0.39285714285714274,0.01495217745217745,0,0,0,0,0,0,south africa,concentration,ZAF,1,1,0.408,0.115,-1,-1,-1,-1,-1,-1,84,2,0,0.7117941939404383,0.6729574267806794,4,0,0
1919,African Farms Limited Cmihiigi Calg,gravity,2.877379,1,4,6767.261472807411,0,NA,NA,NA,NA,NA,NA,0,0,0,0,0,0,0,0,0,0,0,0,0.333490375650326,0.05128205128205128,2,0.38235294117647056,0.4294871794871797,0.01121544557167237,0,0,0,0,0,0,south africa,concentration,ZAF,1,1,0.408,0.115,-1,-1,-1,-1,-1,-1,84,2,0,0.728018024898714,0.7345959005799281,4,0,0
1913,African Jgrmg Limited,gravity,3.164557,1,3,2.8333329557698393e-4,0,NA,NA,NA,NA,NA,NA,0,0,0,0,0,0,0,0,0,0,0,0,0.14277371228136565,0.04166666666666666,1,0.29333333333333333,0.32152777777777775,0,0,0,0,0,0,0,canada,concentration,CAN,0,1,0.072,0.61,2,1,1,2,1,1,96,0,1,0.4961724216532594,0.4177028241580394,3,0,1
1908,African Ore Concentration Syndicate Limited,gravity,0.05842258999999999,1,3,Inf,0,NA,NA,NA,NA,NA,NA,0,0,0,0,0,0,0,0,0,0,0,0,0,0,0,0,0,0,0,0,0,0,0,0,united states of america,concentration,USA,0,0,0.117,0.581,1,1,1,1,1,1,98,1,1,0.23543127838663735,0.24968124882869647,3,0,0
1909,African Ore Concentration Syndicate Limited,gravity,0.05842258999999999,1,4,1480.410829771452,0,NA,NA,NA,NA,NA,NA,0,0,0,0,0,0,0,0,0,0,0,0,0,0,0,0,0,0,0,0,0,0,0,0,united states of america,concentration,USA,0,0,0.117,0.581,1,1,1,1,1,1,98,1,1,0.2506939068183431,0.23543127838663735,4,0,0
1910,African Ore Concentration Syndicate Limited,gravity,0.05842258999999999,1,4,1480.410829771452,0,NA,NA,NA,NA,NA,NA,0,0,0,0,0,0,0,0,0,0,0,0,0.04211422049020755,0.0625,1,0.21621621621621623,0.27827380952380965,0,0,0,0,0,0,0,united states of america,concentration,USA,0,0,0.098,0.581,1,2,1,1,2,1,98,3,1,0.299212952764201,0.2506939068183431,4,0,0
1913,African Ore Concentration Syndicate Limited,gravity,0.05842258999999999,1,3,114.02579872678434,0,NA,NA,NA,NA,NA,NA,0,0,0,0,0,0,0,0,0,0,0,0,0,0,0,0,0,0,0,0,0,0,0,0,united states of america,concentration,USA,0,0,0.083,0.581,1,2,1,1,2,1,98,3,1,0.4961724216532594,0.4177028241580394,3,0,0
1913,African Ore Concentration Syndicate Limited,gravity,0.05842258999999999,1,3,0,0,NA,NA,NA,NA,NA,NA,0,0,0,0,0,0,0,0,0,0,0,0,0,0,0,0,0,0,0,0,0,0,0,0,united kingdom,concentration,GBR,1,1,0.028,0.73,2,2,2,2,2,2,98,3,1,0.4961724216532594,0.4177028241580394,3,0,1
1908,Alaska Consolidated Mines Limited,gravity,0.04863812999999999,1,0,Inf,0,NA,NA,NA,NA,NA,NA,0,0,0,0,0,0,0,0,0,0,0,0,0,0,0,0,0,0,0,0,0,0,0,0,united states of america,concentration,USA,0,0,0.117,0.581,1,1,1,1,1,1,98,1,1,0.23543127838663735,0.24968124882869647,0,0,0
1909,Alaska Consolidated Mines Limited,gravity,0.04863812999999999,1,0,4770.512530571085,0,NA,NA,NA,NA,NA,NA,0,0,0,0,0,0,0,0,0,0,0,0,0,0,0,0,0,0,0,0,0,0,0,0,united states of america,concentration,USA,0,0,0.117,0.581,1,1,1,1,1,1,98,1,1,0.2506939068183431,0.23543127838663735,0,0,0
1910,Alaska Consolidated Mines Limited,gravity,0.04863812999999999,1,0,0,0,NA,NA,NA,NA,NA,NA,0,0,0,0,0,0,0,0,0,0,0,0,0,0,0,0,0,0,0,0,0,0,0,0,united states of america,concentration,USA,0,0,0.098,0.581,1,2,1,1,2,1,98,3,1,0.299212952764201,0.2506939068183431,0,0,1
1912,Alaska Consolidated Mines Limited,gravity,0.04863812999999999,1,0,0.0013051630068547,0,NA,NA,NA,NA,NA,NA,0,0,0,0,0,0,0,0,0,0,0,0,0,0,0,0,0,0,0,0,0,0,0,0,united states of america,concentration,USA,0,0,0.098,0.581,1,2,1,1,2,1,98,3,1,0.4177028241580394,0.35310155792980513,0,0,1
1915,Amalgamated Zinc Bavay Limited,flotation,1.428663,1,1,0,0,NA,NA,NA,NA,NA,NA,0,0,0,0,0,0,0,0,0,0,0,0,0,0,0,0,0,0,0,0,0,0,0,0,australia,concentration,AUS,0,1,0.041,0.659,2,3,3,2,3,3,99,3,1,0.612559678351326,0.5584463682805634,1,1,1
1916,Amalgamated Zinc Bavay Limited,flotation,1.428663,1,1,0,0,NA,NA,NA,NA,NA,NA,0,0,0,0,0,0,0,0,0,0,0,0,0,0,0,0,0,0,0,0,0,0,0,0,australia,concentration,AUS,0,1,0.041,0.659,2,3,3,2,3,3,99,3,1,0.6729574267806794,0.612559678351326,1,1,1
1917,Amalgamated Zinc Bavay Limited,flotation,1.428663,1,9,0,6,NA,NA,NA,NA,NA,NA,0,0,0,0,0,0,0,0,0,0,0,0,0.41353829793772334,0.09523809523809525,2,0.4090909090909091,0.40476190476190466,0.00748299319727891,1,0.8333333333333334,5,1,0.3333333333333333,0,australia,concentration,AUS,0,1,0.041,0.659,2,3,3,2,3,3,99,3,1,0.7117941939404383,0.6729574267806794,9,1,1
1919,Amalgamated Zinc Bavay Limited,flotation,1.428663,1,10,0,4,NA,NA,NA,NA,NA,NA,0,0,0,0,0,0,0,0,0,0,0,0,0.43563074223644344,0.07692307692307693,3,0.3979591836734694,0.4529914529914531,0.0184730582308953,0.9355865926324656,0.3181818181818182,7,0.5217391304347826,0.3598484848484848,0.12121212121212122,australia,concentration,AUS,0,1,0.041,0.659,2,3,3,2,3,3,99,3,1,0.728018024898714,0.7345959005799281,10,1,1
1920,Amalgamated Zinc Bavay Limited,flotation,1.038604,1,4,0,3,NA,NA,NA,NA,NA,NA,0,0,0,0,0,0,0,0,0,0,0,0,0.14776499526053688,0.02777777777777777,1,0.3673469387755102,0.402777777777778,0,0.7531312922003147,0.4230769230769231,11,0.5666666666666667,0.4294871794871796,0.07914529914529912,australia,concentration,AUS,0,1,0.041,0.659,2,3,3,2,3,3,99,3,1,0.7141391340795604,0.728018024898714,4,1,1
1922,Amalgamated Zinc Bavay Limited,flotation,1.88357,1,4,0,0,NA,NA,NA,NA,NA,NA,0,0,0,0,0,0,0,0,0,0,0,0,0,0,0,0,0,0,0.41948237096842167,0.125,4,0.46875,0.24739583333333331,0,australia,concentration,AUS,0,1,0.041,0.659,2,3,3,2,3,3,99,3,1,0.688849549299898,0.7024037803464414,4,1,1
1917,American Smelting Refining Co,flotation,15,1,0,0,0,NA,NA,NA,NA,NA,NA,0,0,0,0,0,0,0,0,0,0,0,0,0,0,0,0,0,0,0,0,0,0,0,0,united states of america,concentration,USA,0,0,0.07,0.581,1,2,1,1,2,1,98,3,1,0.7117941939404383,0.6729574267806794,0,1,1
1923,American Trona Corpn,flotation,15,1,0,0,0,NA,NA,NA,NA,NA,NA,0,0,0,0,0,0,0,0,0,0,0,0,0,0,0,0,0,0,0,0,0,0,0,0,united states of america,concentration,USA,0,0,0.096,0.581,1,2,1,1,2,1,98,3,1,0.672542104491856,0.688849549299898,0,1,1
1916,Anaconda Copper Company,flotation,15,1,51,1723.7610890713638,0,NA,NA,NA,NA,NA,NA,0,0,0,0,0,0,0,0,0,0,0,0,0.9856728252421568,0.3,9,0.5084745762711864,0.6083333333333331,0.35631191768268744,0,0,0,0,0,0,united states of america,concentration,USA,0,0,0.07,0.581,1,2,1,1,2,1,98,3,1,0.6729574267806794,0.612559678351326,51,1,0
1919,Anaconda Copper Company,flotation,15,1,7,0,4,NA,NA,NA,NA,NA,NA,0,0,0,0,0,0,0,0,0,0,0,0,0.5403992610419218,0.1282051282051282,5,0.39,0.48119658119658104,0.05335245629530311,0.23209796168264715,0.18181818181818185,4,0.4,0.28939393939393937,0.09090909090909093,united states of america,concentration,USA,0,0,0.07,0.581,1,2,1,1,2,1,98,3,1,0.728018024898714,0.7345959005799281,7,1,1
1920,Anaconda Copper Company,flotation,15,1,57,0,21,NA,NA,NA,NA,NA,NA,0,0,0,0,0,0,0,0,0,0,0,0,0.8239775354426345,0.3333333333333333,12,0.5294117647058824,0.6342592592592591,0.28896529824090705,0.08222219148993794,0.03846153846153846,1,0.3695652173913043,0.26923076923076916,0,united states of america,concentration,USA,0,0,0.078,0.581,1,2,1,1,2,1,98,3,1,0.7141391340795604,0.728018024898714,57,1,1
1921,Anaconda Copper Company,flotation,15,1,6,0.00260587211355286,6,NA,NA,NA,NA,NA,NA,0,0,0,0,0,0,0,0,0,0,0,0,0.4570416162539565,0.16129032258064516,5,0.4133333333333334,0.49462365591397867,0.17738400127194698,1.1427633421965354e-17,0.02941176470588235,1,1,0.02941176470588235,0,united states of america,concentration,USA,0,0,0.095,0.581,1,2,1,1,2,1,98,3,1,0.7024037803464414,0.7141391340795604,6,1,1
1922,Anaconda Copper Company,flotation,15,1,49,0,39,NA,NA,NA,NA,NA,NA,0,0,0,0,0,0,0,0,0,0,0,0,0.9836852541742817,0.275,11,0.5205479452054794,0.5812499999999998,0.24481958683749713,0,0.15625,5,0.6428571428571429,0.203125,0.05040322580645161,united states of america,concentration,USA,0,0,0.094,0.581,1,2,1,1,2,1,98,3,1,0.688849549299898,0.7024037803464414,49,1,1
1914,Andrada Mines Limited,gravity,1.47929,1,4,0,0,NA,NA,NA,NA,NA,NA,0,0,0,0,0,0,0,0,0,0,0,0,0,0,0,0,0,0,0,0,0,0,0,0,united states of america,concentration,USA,0,0,0.079,0.581,1,2,1,1,2,1,98,3,1,0.5584463682805634,0.4961724216532594,4,0,1
1919,Apex Mines Limited,gravity,0.02259849,1,8,2591.0275569905684,0,NA,NA,NA,NA,NA,NA,0,0,0,0,0,0,0,0,0,0,0,0,0.1721039873127919,0.02564102564102564,1,0.31451612903225806,0.3572649572649573,0,0,0,0,0,0,0,bolivia,concentration,BOL,0,0,0.745,0.181,-2,-2,-3,-2,-2,-3,71,1,0,0.728018024898714,0.7345959005799281,8,0,0
1912,Aporoma Goldfields Limited,gravity,2.43309,1,5,6507.772453012492,0,NA,NA,NA,NA,NA,NA,0,0,0,0,0,0,0,0,0,0,0,0,0,0,0,0,0,0,0,0,0,0,0,0,bolivia,concentration,BOL,0,0,0.745,0.181,-2,-2,-3,-2,-2,-3,71,1,0,0.4177028241580394,0.35310155792980513,5,0,0
1913,Aramayo Francke Mines Limited,gravity,2.92113,1,3,6178.018239031577,0,NA,NA,NA,NA,NA,NA,0,0,0,0,0,0,0,0,0,0,0,0,0.20649900807220783,0.125,3,0.38596491228070173,0.4236111111111112,0.10394834633965068,0,0,0,0,0,0,bolivia,concentration,BOL,0,0,0.745,0.181,-2,-2,-3,-2,-2,-3,71,1,0,0.4961724216532594,0.4177028241580394,3,0,0
1914,Aramayo Francke Mines Limited,gravity,2.465483,1,6,6178.018239031577,0,NA,NA,NA,NA,NA,NA,0,0,0,0,0,0,0,0,0,0,0,0,0.12126871622797124,0.12,3,0.3150684931506849,0.3706666666666665,0.10666666666666667,0,0,0,0,0,0,bolivia,concentration,BOL,0,0,0.745,0.181,-2,-2,-3,-2,-2,-3,71,1,0,0.5584463682805634,0.4961724216532594,6,0,0
1914,Aramayo Francke Mines Limited,gravity,2.465483,1,6,95.74891217354292,0,NA,NA,NA,NA,NA,NA,0,0,0,0,0,0,0,0,0,0,0,0,0.12126871622797124,0.12,3,0.3150684931506849,0.3706666666666665,0.10666666666666667,0,0,0,0,0,0,united states of america,concentration,USA,0,0,0.079,0.581,1,2,1,1,2,1,98,3,1,0.5584463682805634,0.4961724216532594,6,0,0
1915,Aramayo Francke Mines Limited,gravity,2.378687,1,3,6178.018239031577,0,NA,NA,NA,NA,NA,NA,0,0,0,0,0,0,0,0,0,0,0,0,0,0,0,0,0,0,0,0,0,0,0,0,bolivia,concentration,BOL,0,0,0.745,0.181,-2,-2,-3,-2,-2,-3,71,1,0,0.612559678351326,0.5584463682805634,3,0,0
1916,Aramayo Francke Mines Limited,gravity,2.383222,1,4,2591.0275569905684,0,NA,NA,NA,NA,NA,NA,0,0,0,0,0,0,0,0,0,0,0,0,0.18453276635374224,0.1,3,0.3448275862068966,0.4177777777777778,0.07172641853676337,0,0,0,0,0,0,bolivia,concentration,BOL,0,0,0.745,0.181,-2,-2,-3,-2,-2,-3,71,1,0,0.6729574267806794,0.612559678351326,4,0,0
1916,Aramayo Francke Mines Limited,gravity,2.383222,1,4,0,0,NA,NA,NA,NA,NA,NA,0,0,0,0,0,0,0,0,0,0,0,0,0.18453276635374224,0.1,3,0.3448275862068966,0.4177777777777778,0.07172641853676337,0,0,0,0,0,0,united kingdom,concentration,GBR,1,1,0.031,0.73,2,2,2,2,2,2,94,3,1,0.6729574267806794,0.612559678351326,4,0,1
1917,Aramayo Francke Mines Limited,gravity,2.382087,1,4,2591.0275569905684,0,NA,NA,NA,NA,NA,NA,0,0,0,0,0,0,0,0,0,0,0,0,0,0,0,0,0,0,0,0,0,0,0,0,bolivia,concentration,BOL,0,0,0.745,0.181,-2,-2,-3,-2,-2,-3,71,1,0,0.7117941939404383,0.6729574267806794,4,0,0
1917,Aramayo Francke Mines Limited,gravity,2.382087,1,4,4885.144684800854,0,NA,NA,NA,NA,NA,NA,0,0,0,0,0,0,0,0,0,0,0,0,0,0,0,0,0,0,0,0,0,0,0,0,argentina,concentration,ARG,0,0,0.222,0.551,1,1,0,1,1,0,92,1,1,0.7117941939404383,0.6729574267806794,4,0,0
1920,Aramayo Francke Mines Limited,gravity,1.832173,1,8,2106.0984205311006,0,NA,NA,NA,NA,NA,NA,0,0,0,0,0,0,0,0,0,0,0,0,0,0,0,0,0,0,0,0,0,0,0,0,bolivia,concentration,BOL,0,0,0.745,0.181,-2,-2,-3,-2,-2,-3,71,1,0,0.7141391340795604,0.728018024898714,8,0,0
1920,Aramayo Francke Mines Limited,gravity,1.832173,1,8,118.69024031462178,0,NA,NA,NA,NA,NA,NA,0,0,0,0,0,0,0,0,0,0,0,0,0,0,0,0,0,0,0,0,0,0,0,0,united kingdom,concentration,GBR,1,1,0.028,0.73,2,2,1,2,2,1,89,3,1,0.7141391340795604,0.728018024898714,8,0,0
1921,Aramayo Francke Mines Limited,gravity,1.924557,1,10,2106.0989421718136,0,NA,NA,NA,NA,NA,NA,0,0,0,0,0,0,0,0,0,0,0,0,0.28467934727922667,0.0967741935483871,3,0.3563218390804598,0.4268817204301077,0.08014175223003743,0,0,0,0,0,0,bolivia,concentration,BOL,0,0,0.745,0.181,-2,-2,-3,-2,-2,-3,71,1,0,0.7024037803464414,0.7141391340795604,10,0,0
1919,Arizona Consolidated Copper Mine Limited,flotation,3.342187,1,7,197.84051842439305,1,NA,NA,NA,NA,NA,NA,0,0,0,0,0,0,0,0,0,0,0,0,0.28512374499893467,0.05128205128205128,2,0.3482142857142857,0.40042735042735056,0.00370533694755627,1.9742264655515382e-17,0.04545454545454545,1,1,0.04545454545454545,0,united states of america,concentration,USA,0,0,0.07,0.581,1,2,1,1,2,1,98,3,1,0.728018024898714,0.7345959005799281,7,1,0
1921,Arizona Consolidated Copper Mine Limited,flotation,3.342187,1,12,0.00267282941223858,4,NA,NA,NA,NA,NA,NA,0,0,0,0,0,0,0,0,0,0,0,0,0.508645029035504,0.0967741935483871,3,0.4025974025974026,0.4596774193548389,0.0203177759799152,-0,0.08823529411764706,3,1,0.02941176470588235,0,united states of america,concentration,USA,0,0,0.095,0.581,1,2,1,1,2,1,98,3,1,0.7024037803464414,0.7141391340795604,12,1,1
1910,Arley Colliery Company,gravity,0.4620623,1,4,6197.30158410292,0,NA,NA,NA,NA,NA,NA,0,0,0,0,0,0,0,0,0,0,0,0,0,0,0,0,0,0,0,0,0,0,0,0,spain,concentration,ESP,0,0,0.49,0.618,0,1,0,0,1,0,100,2,1,0.299212952764201,0.2506939068183431,4,0,0
1913,Arnoya Mining Company,gravity,0.00820437999999999,1,6,1258.7647366527324,0,NA,NA,NA,NA,NA,NA,0,0,0,0,0,0,0,0,0,0,0,0,0.34754504144656745,0.08333333333333333,2,0.38596491228070173,0.4111111111111111,0.00805927164622816,0,0,0,0,0,0,spain,concentration,ESP,0,0,0.49,0.618,0,1,0,0,1,0,100,2,1,0.4961724216532594,0.4177028241580394,6,0,0
1914,Arnoya Mining Company,gravity,1.972387,1,4,1258.7647366527324,0,NA,NA,NA,NA,NA,NA,0,0,0,0,0,0,0,0,0,0,0,0,0.41363714962060055,0.08,2,0.3333333333333333,0.37399999999999983,0.00108225108225108,0,0,0,0,0,0,spain,concentration,ESP,0,0,0.49,0.618,0,1,0,0,1,0,100,2,1,0.5584463682805634,0.4961724216532594,4,0,0
1913,Atwater Dredging Company,gravity,0.07302824000000001,1,0,0,0,NA,NA,NA,NA,NA,NA,0,0,0,0,0,0,0,0,0,0,0,0,0,0,0,0,0,0,0,0,0,0,0,0,united kingdom,concentration,GBR,1,1,0.028,0.73,2,2,2,2,2,2,98,3,1,0.4961724216532594,0.4177028241580394,0,0,1
1919,Aurora West Gold Mining Company,flotation,1.106684,1,11,0,0,NA,NA,NA,NA,NA,NA,0.2408259258610256,0.01886792452830188,1,0.3516483516483517,0.24056603773584911,0,0.2951590726855688,0.04615384615384615,3,0.4924242424242424,0.5128205128205129,0.01135002415685261,0.6593133709635528,0.10256410256410256,4,0.4534883720930232,0.5021367521367518,0.05142399333433564,0,0,0,0,0,0,united kingdom,concentration,GBR,1,1,0.028,0.73,2,2,1,2,2,1,89,3,1,0.728018024898714,0.7345959005799281,11,1,1
1914,Bareanoa Mines Mexico Company,gravity,0.7889546,0,0,1268.552402435824,0,NA,NA,NA,NA,NA,NA,0,0,0,0,0,0,0,0,0,0,0,0,0,0,0,0,0,0,0,0,0,0,0,0,united states of america,concentration,USA,0,0,0.079,0.581,1,2,1,1,2,1,98,3,1,0.5584463682805634,0.4961724216532594,0,0,0
1912,Barranca Mines Mexico Limited,gravity,0.7789679,1,5,1145.3815238163097,0,NA,NA,NA,NA,NA,NA,0,0,0,0,0,0,0,0,0,0,0,0,0,0,0,0,0,0,0,0,0,0,0,0,mexico,concentration,MEX,0,0,0.816,0.561,-2,-2,-3,-2,-2,-3,70,0,0,0.4177028241580394,0.35310155792980513,5,0,0
1919,Barranca Mines Mexico Limited,gravity,0.708278,1,3,551.8868398034101,0,NA,NA,NA,NA,NA,NA,0,0,0,0,0,0,0,0,0,0,0,0,0,0,0,0,0,0,0,0,0,0,0,0,mexico,concentration,MEX,0,0,0.795,0.565,-2,-2,-3,-2,-2,-3,76,0,0,0.728018024898714,0.7345959005799281,3,0,0
1920,Barranca Mines Mexico Limited,gravity,0.5862953000000001,1,4,467.5797441938005,0,NA,NA,NA,NA,NA,NA,0,0,0,0,0,0,0,0,0,0,0,0,0,0,0,0,0,0,0,0,0,0,0,0,mexico,concentration,MEX,0,0,0.795,0.557,-2,-2,-3,-2,-2,-3,76,0,0,0.7141391340795604,0.728018024898714,4,0,0
1921,Barranca Mines Mexico Limited,gravity,0.6158584,1,4,467.57885284687546,1,NA,NA,NA,NA,NA,NA,0,0,0,0,0,0,0,0,0,0,0,0,0,0,0,0,0,0,1.1427633421965354e-17,0.02941176470588235,1,1,0.02941176470588235,0,mexico,concentration,MEX,0,0,0.795,0.557,-1,-2,-2,-1,-2,-2,85,0,0,0.7024037803464414,0.7141391340795604,4,0,0
1922,Barranca Mines Mexico Limited,flotation,0.7085916999999999,1,4,467.57885284687546,0,NA,NA,NA,NA,NA,NA,0,0,0,0,0,0,0,0,0,0,0,0,0,0,0,0,0,0,0,0,0,0,0,0,mexico,concentration,MEX,0,0,0.795,0.557,-1,-2,-2,-1,-2,-2,85,0,0,0.688849549299898,0.7024037803464414,4,1,0
1923,Barranca Mines Mexico Limited,flotation,0.7085916999999999,1,4,0,0,NA,NA,NA,NA,NA,NA,0,0,0,0,0,0,0,0,0,0,0,0,0,0,0,0,0,0,0,0,0,0,0,0,mexico,concentration,MEX,0,0,0.795,0.557,-1,-2,-2,-1,-2,-2,85,0,0,0.672542104491856,0.688849549299898,4,1,1
1919,Boscie Roprie Ary,flotation,1.593625,1,9,4304.231878802032,1,NA,NA,NA,NA,NA,NA,0,0,0,0,0,0,0,0,0,0,0,0,0.5620163999726444,0.10256410256410256,4,0.4148936170212766,0.47948717948717934,0.04030986028317173,3.278326877188422e-17,0.04545454545454545,1,1,0.04545454545454545,0,chile,concentration,CHL,0,0,0.276,0.272,0,1,-1,0,1,-1,97,1,1,0.728018024898714,0.7345959005799281,9,1,0
1903,British Ore Concentration Syndicate Limited,gravity,0.729572,1,4,Inf,0,NA,NA,NA,NA,NA,NA,0,0,0,0,0,0,0,0,0,0,0,0,0,0,0,0,0,0,0,0,0,0,0,0,united states of america,concentration,USA,0,0,0.117,0.581,1,1,1,1,1,1,98,1,1,0.26118272078967675,0.2799278632830224,4,0,0
1908,British Ore Concentration Syndicate Limited,gravity,0.729572,0,3,Inf,0,NA,NA,NA,NA,NA,NA,0,0,0,0,0,0,0,0,0,0,0,0,0,0,0,0,0,0,0,0,0,0,0,0,united kingdom,concentration,GBR,1,1,0.028,0.73,2,2,2,2,2,1,98,3,1,0.23543127838663735,0.24968124882869647,3,0,0
1910,British Ore Concentration Syndicate Limited,gravity,0.004863813,1,3,3303.189440670101,0,NA,NA,NA,NA,NA,NA,0,0,0,0,0,0,0,0,0,0,0,0,0,0,0,0,0,0,0,0,0,0,0,0,united states of america,concentration,USA,0,0,0.098,0.581,1,2,1,1,2,1,98,3,1,0.299212952764201,0.2506939068183431,3,0,0
1911,British Ore Concentration Syndicate Limited,gravity,0.00486144899999999,0,2,5874.123770843947,0,NA,NA,NA,NA,NA,NA,0,0,0,0,0,0,0,0,0,0,0,0,0,0,0,0,0,0,0,0,0,0,0,0,united kingdom,concentration,GBR,1,1,0.028,0.73,2,2,2,2,2,2,98,3,1,0.35310155792980513,0.299212952764201,2,0,0
1912,British Ore Concentration Syndicate Limited,gravity,0.7302824,0,3,0,0,NA,NA,NA,NA,NA,NA,0,0,0,0,0,0,0,0,0,0,0,0,0.04256592120328212,0.05263157894736842,1,0.27941176470588236,0.3271929824561404,0,0,0,0,0,0,0,united kingdom,concentration,GBR,1,1,0.028,0.73,2,2,2,2,2,2,98,3,1,0.4177028241580394,0.35310155792980513,3,0,1
1913,British Ore Concentration Syndicate Limited,gravity,0.7302824,1,3,372.9655540128935,0,NA,NA,NA,NA,NA,NA,0,0,0,0,0,0,0,0,0,0,0,0,1.416627434299888e-18,0.04166666666666666,1,1,0.04166666666666666,0,0,0,0,0,0,0,united kingdom,concentration,GBR,1,1,0.028,0.73,2,2,2,2,2,2,98,3,1,0.4961724216532594,0.4177028241580394,3,0,0
1914,British Ore Concentration Syndicate Limited,gravity,0.7302824,1,2,0,0,NA,NA,NA,NA,NA,NA,0,0,0,0,0,0,0,0,0,0,0,0,0,0,0,0,0,0,0,0,0,0,0,0,united kingdom,concentration,GBR,1,1,0.028,0.73,2,2,2,2,2,2,98,3,1,0.5584463682805634,0.4961724216532594,2,0,1
1915,British Ore Concentration Syndicate Limited,gravity,0.7302824,0,3,0,0,NA,NA,NA,NA,NA,NA,0,0,0,0,0,0,0,0,0,0,0,0,0,0,0,0,0,0,0,0,0,0,0,0,united kingdom,concentration,GBR,1,1,0.028,0.73,2,2,2,2,2,2,98,3,1,0.612559678351326,0.5584463682805634,3,0,1
1916,British Ore Concentration Syndicate Limited,gravity,0.7302824,1,1,0,0,NA,NA,NA,NA,NA,NA,0,0,0,0,0,0,0,0,0,0,0,0,0.01280559106390175,0.03333333333333333,1,0.2127659574468085,0.24753968253968267,0,0,0,0,0,0,0,united states of america,concentration,USA,0,0,0.07,0.581,1,2,1,1,2,1,98,3,1,0.6729574267806794,0.612559678351326,1,0,1
1920,British Ore Concentration Syndicate Limited,gravity,0.7302824,1,1,4.056828286154255e-4,1,NA,NA,NA,NA,NA,NA,0,0,0,0,0,0,0,0,0,0,0,0,0,0,0,0,0,0,0.06103044084234198,0.03846153846153846,1,0.3541666666666667,0.2564102564102564,0,united states of america,concentration,USA,0,0,0.078,0.581,1,2,1,1,2,1,98,3,1,0.7141391340795604,0.728018024898714,1,0,1
1921,British Ore Concentration Syndicate Limited,gravity,0.7302824,0,1,0,0,NA,NA,NA,NA,NA,NA,0,0,0,0,0,0,0,0,0,0,0,0,0,0,0,0,0,0,0,0,0,0,0,0,united kingdom,concentration,GBR,1,1,0.028,0.73,2,2,1,2,2,1,89,3,1,0.7024037803464414,0.7141391340795604,1,0,1
1912,Broken Hill Proprietary Block Limited,gravity,2.43309,1,24,114.55825666735667,1,NA,NA,NA,NA,NA,NA,0,0,0,0,0,0,0,0,0,0,0,0,0.9021985478121088,0.3157894736842105,6,0.4318181818181818,0.5763157894736842,0.14804836164485283,0,0.2,1,1,0.2,0,united states of america,concentration,USA,0,0,0.098,0.581,1,2,1,1,2,1,98,3,1,0.4177028241580394,0.35310155792980513,24,0,0
1913,Broken Hill Proprietary Block Limited,gravity,2.434275,1,7,114.55825666735667,0,NA,NA,NA,NA,NA,NA,0,0,0,0,0,0,0,0,0,0,0,0,0.8222307368034197,0.25,6,0.4888888888888889,0.5381944444444445,0.09817231882449276,0,0,0,0,0,0,united states of america,concentration,USA,0,0,0.083,0.581,1,2,1,1,2,1,98,3,1,0.4961724216532594,0.4177028241580394,7,0,0
1914,Broken Hill Proprietary Block Limited,gravity,2.465483,1,16,114.55825666735667,0,NA,NA,NA,NA,NA,NA,0,0,0,0,0,0,0,0,0,0,0,0,0.7501649684801723,0.2,5,0.4509803921568627,0.5046666666666668,0.14369764168293575,0,0,0,0,0,0,united states of america,concentration,USA,0,0,0.079,0.581,1,2,1,1,2,1,98,3,1,0.5584463682805634,0.4961724216532594,16,0,0
1916,Broken Hill Proprietary Block Limited,gravity,2.465483,1,14,114.55825666735667,0,NA,NA,NA,NA,NA,NA,0,0,0,0,0,0,0,0,0,0,0,0,0.9157845872312874,0.26666666666666666,8,0.4615384615384616,0.5694444444444445,0.2440417418008963,0,0,0,0,0,0,united states of america,concentration,USA,0,0,0.07,0.581,1,2,1,1,2,1,98,3,1,0.6729574267806794,0.612559678351326,14,0,0
1917,Broken Hill Proprietary Block Limited,gravity,4.764173,1,8,114.55825666735667,0,NA,NA,NA,NA,NA,NA,0,0,0,0,0,0,0,0,0,0,0,0,0.9544441750294024,0.3333333333333333,7,0.6,0.5873015873015873,0.2720959067387639,0,0,0,0,0,0,united states of america,concentration,USA,0,0,0.07,0.581,1,2,1,1,2,1,98,3,1,0.7117941939404383,0.6729574267806794,8,0,0
1917,Broken Hill Proprietary Block Limited,flotation,4.764173,1,8,114.55825666735667,0,NA,NA,NA,NA,NA,NA,0,0,0,0,0,0,0,0,0,0,0,0,0.9544441750294024,0.3333333333333333,7,0.6,0.5873015873015873,0.2720959067387639,0,0,0,0,0,0,united states of america,concentration,USA,0,0,0.07,0.581,1,2,1,1,2,1,98,3,1,0.7117941939404383,0.6729574267806794,8,1,0
1919,Broken Hill Proprietary Block Limited,gravity,4.426737,1,23,0,7,NA,NA,NA,NA,NA,NA,0,0,0,0,0,0,0,0,0,0,0,0,0.6400446835200808,0.1282051282051282,5,0.4534883720930232,0.5128205128205126,0.1001897309903902,0.5271224381077075,0.2272727272727273,5,0.5,0.3560606060606061,0.08225108225108224,united states of america,concentration,USA,0,0,0.07,0.581,1,2,1,1,2,1,98,3,1,0.728018024898714,0.7345959005799281,23,0,1
1919,Broken Hill Proprietary Block Limited,flotation,4.426737,1,23,0,7,NA,NA,NA,NA,NA,NA,0,0,0,0,0,0,0,0,0,0,0,0,0.6400446835200808,0.1282051282051282,5,0.4534883720930232,0.5128205128205126,0.1001897309903902,0.5271224381077075,0.2272727272727273,5,0.5,0.3560606060606061,0.08225108225108224,united kingdom,concentration,GBR,1,1,0.028,0.73,2,2,1,2,2,1,89,3,1,0.728018024898714,0.7345959005799281,23,1,1
1919,Broken Hill Proprietary Block Limited,flotation,4.426737,1,23,0,7,NA,NA,NA,NA,NA,NA,0,0,0,0,0,0,0,0,0,0,0,0,0.6400446835200808,0.1282051282051282,5,0.4534883720930232,0.5128205128205126,0.1001897309903902,0.5271224381077075,0.2272727272727273,5,0.5,0.3560606060606061,0.08225108225108224,united states of america,concentration,USA,0,0,0.07,0.581,1,2,1,1,2,1,98,3,1,0.728018024898714,0.7345959005799281,23,1,1
1920,Broken Hill Proprietary Block Limited,gravity,4.426737,1,22,4.533544171846998e-4,12,NA,NA,NA,NA,NA,NA,0,0,0,0,0,0,0,0,0,0,0,0,0.7371529934138867,0.25,9,0.5,0.5856481481481479,0.23587711729277447,1,0.6923076923076923,18,0.7083333333333334,0.5192307692307693,0.2716923076923077,united states of america,concentration,USA,0,0,0.078,0.581,1,2,1,1,2,1,98,3,1,0.7141391340795604,0.728018024898714,22,0,1
1920,Broken Hill Proprietary Block Limited,flotation,4.426737,1,22,8.055251913081974e-5,12,NA,NA,NA,NA,NA,NA,0,0,0,0,0,0,0,0,0,0,0,0,0.7371529934138867,0.25,9,0.5,0.5856481481481479,0.23587711729277447,1,0.6923076923076923,18,0.7083333333333334,0.5192307692307693,0.2716923076923077,united kingdom,concentration,GBR,1,1,0.028,0.73,2,2,1,2,2,1,89,3,1,0.7141391340795604,0.728018024898714,22,1,1
1920,Broken Hill Proprietary Block Limited,flotation,4.426737,1,22,4.533544171846998e-4,12,NA,NA,NA,NA,NA,NA,0,0,0,0,0,0,0,0,0,0,0,0,0.7371529934138867,0.25,9,0.5,0.5856481481481479,0.23587711729277447,1,0.6923076923076923,18,0.7083333333333334,0.5192307692307693,0.2716923076923077,united states of america,concentration,USA,0,0,0.078,0.581,1,2,1,1,2,1,98,3,1,0.7141391340795604,0.728018024898714,22,1,1
1921,Broken Hill Proprietary Block Limited,gravity,3.849115,1,31,0,15,NA,NA,NA,NA,NA,NA,0,0,0,0,0,0,0,0,0,0,0,0,0.7063628018635235,0.1935483870967742,6,0.4492753623188406,0.5322580645161291,0.16649951507336905,1,0.6176470588235294,21,0.875,0.38235294117647056,0.13943213649096,united states of america,concentration,USA,0,0,0.095,0.581,1,2,1,1,2,1,98,3,1,0.7024037803464414,0.7141391340795604,31,0,1
1921,Broken Hill Proprietary Block Limited,flotation,3.849115,1,31,0,15,NA,NA,NA,NA,NA,NA,0,0,0,0,0,0,0,0,0,0,0,0,0.7063628018635235,0.1935483870967742,6,0.4492753623188406,0.5322580645161291,0.16649951507336905,1,0.6176470588235294,21,0.875,0.38235294117647056,0.13943213649096,united kingdom,concentration,GBR,1,1,0.028,0.73,2,2,1,2,2,1,89,3,1,0.7024037803464414,0.7141391340795604,31,1,1
1921,Broken Hill Proprietary Block Limited,flotation,3.849115,1,31,0,15,NA,NA,NA,NA,NA,NA,0,0,0,0,0,0,0,0,0,0,0,0,0.7063628018635235,0.1935483870967742,6,0.4492753623188406,0.5322580645161291,0.16649951507336905,1,0.6176470588235294,21,0.875,0.38235294117647056,0.13943213649096,united states of america,concentration,USA,0,0,0.095,0.581,1,2,1,1,2,1,98,3,1,0.7024037803464414,0.7141391340795604,31,1,1
1922,Broken Hill Proprietary Block Limited,gravity,4.428698,1,37,0,26,NA,NA,NA,NA,NA,NA,0,0,0,0,0,0,0,0,0,0,0,0,0.8546587812435724,0.2,8,0.4691358024691358,0.5249999999999998,0.1266195610659945,1,0.71875,23,0.7894736842105263,0.4166666666666667,0.18822004608294932,united states of america,concentration,USA,0,0,0.094,0.581,1,2,1,1,2,1,98,3,1,0.688849549299898,0.7024037803464414,37,0,1
1922,Broken Hill Proprietary Block Limited,flotation,4.428698,1,37,0,26,NA,NA,NA,NA,NA,NA,0,0,0,0,0,0,0,0,0,0,0,0,0.8546587812435724,0.2,8,0.4691358024691358,0.5249999999999998,0.1266195610659945,1,0.71875,23,0.7894736842105263,0.4166666666666667,0.18822004608294932,united kingdom,concentration,GBR,1,1,0.027,0.73,2,2,1,2,2,1,89,3,1,0.688849549299898,0.7024037803464414,37,1,1
1922,Broken Hill Proprietary Block Limited,flotation,4.428698,1,37,0,26,NA,NA,NA,NA,NA,NA,0,0,0,0,0,0,0,0,0,0,0,0,0.8546587812435724,0.2,8,0.4691358024691358,0.5249999999999998,0.1266195610659945,1,0.71875,23,0.7894736842105263,0.4166666666666667,0.18822004608294932,united states of america,concentration,USA,0,0,0.094,0.581,1,2,1,1,2,1,98,3,1,0.688849549299898,0.7024037803464414,37,1,1
1923,Broken Hill Proprietary Block Limited,gravity,5.489478,1,39,0,20,NA,NA,NA,NA,NA,NA,0,0,0,0,0,0,0,0,0,0,0,0,0.8401043675240512,0.25,9,0.5,0.5856481481481479,0.1618996569773064,1,0.5581395348837209,24,0.6896551724137931,0.38372093023255816,0.17386489479512734,united states of america,concentration,USA,0,0,0.096,0.581,1,2,1,1,2,1,98,3,1,0.672542104491856,0.688849549299898,39,0,1
1923,Broken Hill Proprietary Block Limited,flotation,5.489478,1,39,0,20,NA,NA,NA,NA,NA,NA,0,0,0,0,0,0,0,0,0,0,0,0,0.8401043675240512,0.25,9,0.5,0.5856481481481479,0.1618996569773064,1,0.5581395348837209,24,0.6896551724137931,0.38372093023255816,0.17386489479512734,united kingdom,concentration,GBR,1,1,0.027,0.73,2,2,1,2,2,1,89,3,1,0.672542104491856,0.688849549299898,39,1,1
1923,Broken Hill Proprietary Block Limited,flotation,5.489478,1,39,0,20,NA,NA,NA,NA,NA,NA,0,0,0,0,0,0,0,0,0,0,0,0,0.8401043675240512,0.25,9,0.5,0.5856481481481479,0.1618996569773064,1,0.5581395348837209,24,0.6896551724137931,0.38372093023255816,0.17386489479512734,united states of america,concentration,USA,0,0,0.096,0.581,1,2,1,1,2,1,98,3,1,0.672542104491856,0.688849549299898,39,1,1
1923,Broken Hill Proprietary Block Limited,flotation,5.489478,1,39,0,20,NA,NA,NA,NA,NA,NA,0,0,0,0,0,0,0,0,0,0,0,0,0.8401043675240512,0.25,9,0.5,0.5856481481481479,0.1618996569773064,1,0.5581395348837209,24,0.6896551724137931,0.38372093023255816,0.17386489479512734,australia,concentration,AUS,0,1,0.041,0.659,2,3,3,2,3,3,99,3,1,0.672542104491856,0.688849549299898,39,1,1
1912,Broken Hill South Silver Company,gravity,1.751825,1,10,114.55825666735667,0,NA,NA,NA,NA,NA,NA,0,0,0,0,0,0,0,0,0,0,0,0,0.38453618787296495,0.10526315789473684,2,0.36538461538461536,0.4359649122807016,0.00389863547758284,0,0,0,0,0,0,united states of america,concentration,USA,0,0,0.098,0.581,1,2,1,1,2,1,98,3,1,0.4177028241580394,0.35310155792980513,10,0,0
1919,Broken Hill South Silver Company,gravity,3.54139,1,1,0,0,NA,NA,NA,NA,NA,NA,0,0,0,0,0,0,0,0,0,0,0,0,0.2635267549236514,0.05128205128205128,2,0.3482142857142857,0.40042735042735056,0.00561103049790832,0,0,0,0,0,0,united kingdom,concentration,GBR,1,1,0.028,0.73,2,2,1,2,2,1,89,3,1,0.728018024898714,0.7345959005799281,1,0,1
1920,Broken Hill South Silver Company,gravity,3.54139,1,14,8.055251913081974e-5,6,NA,NA,NA,NA,NA,NA,0,0,0,0,0,0,0,0,0,0,0,0,0.2900803725908545,0.05555555555555555,2,0.4,0.4421296296296298,0.00248666294214948,0.800045333801682,0.5,13,0.6296296296296297,0.4871794871794872,0.11070085470085474,united kingdom,concentration,GBR,1,1,0.028,0.73,2,2,1,2,2,1,89,3,1,0.7141391340795604,0.728018024898714,14,0,1
1920,Broken Hill South Silver Company,flotation,3.54139,1,14,4.533544171846998e-4,6,NA,NA,NA,NA,NA,NA,0,0,0,0,0,0,0,0,0,0,0,0,0.2900803725908545,0.05555555555555555,2,0.4,0.4421296296296298,0.00248666294214948,0.800045333801682,0.5,13,0.6296296296296297,0.4871794871794872,0.11070085470085474,united states of america,concentration,USA,0,0,0.078,0.581,1,2,1,1,2,1,98,3,1,0.7141391340795604,0.728018024898714,14,1,1
1923,Broken Hill South Silver Company,gravity,2.744739,1,5,0,3,NA,NA,NA,NA,NA,NA,0,0,0,0,0,0,0,0,0,0,0,0,0,0,0,0,0,0,0.6404174787268884,0.13953488372093023,6,0.5,0.248062015503876,0.0459579180509413,united kingdom,concentration,GBR,1,1,0.027,0.73,2,2,1,2,2,1,89,3,1,0.672542104491856,0.688849549299898,5,0,1
1915,Burma Corporation Limited London,gravity,3.56803,1,9,880.9640543079666,0,NA,NA,NA,NA,NA,NA,0,0,0,0,0,0,0,0,0,0,0,0,0.06639266250462889,0.03703703703703703,1,0.27472527472527475,0.2962962962962963,0,0,0,0,0,0,0,united states of america,concentration,USA,0,0,0.07,0.581,1,2,1,1,2,1,98,3,1,0.612559678351326,0.5584463682805634,9,0,0
1923,Burma Corporation Limited London,gravity,91.491308,1,10,2492.1878415461965,2,NA,NA,NA,NA,NA,NA,0,0,0,0,0,0,0,0,0,0,0,0,0.3044199352850159,0.08333333333333333,3,0.3673469387755102,0.4291666666666668,0.00987264586379842,0.18492886216341495,0.11627906976744186,5,0.46511627906976744,0.2655038759689923,0.02270210409745293,myanmar,concentration,MMR,0,0,0.33,0.206,NA,NA,NA,NA,NA,NA,NA,0,1,0.672542104491856,0.688849549299898,10,0,0
1921,Burma Mines Limited,gravity,76.982294,1,5,2492.1878415461965,0,NA,NA,NA,NA,NA,NA,0,0,0,0,0,0,0,0,0,0,0,0,0.14168646507708196,0.03225806451612903,1,0.29523809523809524,0.3403225806451611,0,0,0,0,0,0,0,myanmar,concentration,MMR,0,0,0.355,0.206,NA,NA,NA,NA,NA,NA,NA,0,1,0.7024037803464414,0.7141391340795604,5,0,0
1923,Calumet And Arizona Mining Company,flotation,6.5,1,21,0,0,NA,NA,NA,NA,NA,NA,0,0,0,0,0,0,0,0,0,0,0,0,0.46895593285892945,0.1388888888888889,5,0.391304347826087,0.4699074074074075,0.0695903564327763,0,0,0,0,0,0,united states of america,concentration,USA,0,0,0.096,0.581,1,2,1,1,2,1,98,3,1,0.672542104491856,0.688849549299898,21,1,1
1912,Canadian Graphite Proving Syndicate Limited,gravity,3.892944,1,8,2261.3941610357247,0,NA,NA,NA,NA,NA,NA,0,0,0,0,0,0,0,0,0,0,0,0,0.21663692362439677,0.05263157894736842,1,0.35185185185185186,0.400877192982456,0,0,0,0,0,0,0,canada,concentration,CAN,0,1,0.072,0.61,2,1,1,2,1,1,96,0,1,0.4177028241580394,0.35310155792980513,8,0,0
1910,Canadian Northern Exploration Limited,gravity,0.04863812999999999,1,7,2291.8986144723326,0,NA,NA,NA,NA,NA,NA,0,0,0,0,0,0,0,0,0,0,0,0,0,0,0,0,0,0,0,0,0,0,0,0,canada,concentration,CAN,0,1,0.074,0.597,2,1,1,2,1,1,96,0,1,0.299212952764201,0.2506939068183431,7,0,0
1903,Canadian Ore Concentration Limited,gravity,0.729572,1,4,Inf,0,NA,NA,NA,NA,NA,NA,0,0,0,0,0,0,0,0,0,0,0,0,0.9999156369208668,0.3333333333333333,1,1,0.3333333333333333,0,0,0,0,0,0,0,united states of america,concentration,USA,0,0,0.117,0.581,1,1,1,1,1,1,98,1,1,0.26118272078967675,0.2799278632830224,4,0,0
1903,Canadian Ore Concentration Limited,gravity,0.729572,1,4,Inf,0,NA,NA,NA,NA,NA,NA,0,0,0,0,0,0,0,0,0,0,0,0,0.9999156369208668,0.3333333333333333,1,1,0.3333333333333333,0,0,0,0,0,0,0,canada,concentration,CAN,0,1,0.074,0.597,2,1,1,2,1,1,96,0,1,0.26118272078967675,0.2799278632830224,4,0,0
1908,Canadian Ore Concentration Limited,gravity,0.729572,1,5,Inf,0,NA,NA,NA,NA,NA,NA,0,0,0,0,0,0,0,0,0,0,0,0,2.7499983515581493e-16,0.09090909090909093,1,0.6666666666666666,0.13636363636363635,0,0,0,0,0,0,0,united kingdom,concentration,GBR,1,1,0.028,0.73,2,2,2,2,2,1,98,3,1,0.23543127838663735,0.24968124882869647,5,0,0
1908,Canadian Ore Concentration Limited,gravity,0.729572,1,5,Inf,0,NA,NA,NA,NA,NA,NA,0,0,0,0,0,0,0,0,0,0,0,0,2.7499983515581493e-16,0.09090909090909093,1,0.6666666666666666,0.13636363636363635,0,0,0,0,0,0,0,canada,concentration,CAN,0,1,0.074,0.597,2,1,1,2,1,1,96,0,1,0.23543127838663735,0.24968124882869647,5,0,0
1908,Canadian Ore Concentration Limited,gravity,0.729572,1,5,Inf,0,NA,NA,NA,NA,NA,NA,0,0,0,0,0,0,0,0,0,0,0,0,2.7499983515581493e-16,0.09090909090909093,1,0.6666666666666666,0.13636363636363635,0,0,0,0,0,0,0,united states of america,concentration,USA,0,0,0.117,0.581,1,1,1,1,1,1,98,1,1,0.23543127838663735,0.24968124882869647,5,0,0
1911,Canadian Ore Concentration Limited,gravity,0.04861448999999999,1,5,2291.8968137888996,0,NA,NA,NA,NA,NA,NA,0,0,0,0,0,0,0,0,0,0,0,0,0.4781964088662612,0.14285714285714285,2,0.35,0.4452380952380952,0.14285714285714285,0,0,0,0,0,0,canada,concentration,CAN,0,1,0.072,0.61,2,1,1,2,1,1,96,0,1,0.35310155792980513,0.299212952764201,5,0,0
1913,Caucasus Copper Limited,gravity,3.158364,1,5,0,0,NA,NA,NA,NA,NA,NA,0,0,0,0,0,0,0,0,0,0,0,0,0,0,0,0,0,0,0,0,0,0,0,0,russia,concentration,RUS,0,0,0.41,0.358,0,0,-1,0,0,-1,99,2,0,0.4961724216532594,0.4177028241580394,5,0,1
1914,Caucasus Copper Limited,gravity,2.465483,1,3,0,0,NA,NA,NA,NA,NA,NA,0,0,0,0,0,0,0,0,0,0,0,0,0,0,0,0,0,0,0,0,0,0,0,0,russia,concentration,RUS,0,0,0.41,0.358,0,0,-1,0,0,-1,93,2,0,0.5584463682805634,0.4961724216532594,3,0,1
1916,Caucasus Copper Limited,gravity,2.383222,1,3,0,0,NA,NA,NA,NA,NA,NA,0,0,0,0,0,0,0,0,0,0,0,0,0,0,0,0,0,0,0,0,0,0,0,0,russia,concentration,RUS,0,0,0.425,0.299,-1,-1,-1,-1,-1,-1,91,1,0,0.6729574267806794,0.612559678351326,3,0,1
1908,Cebro Muriano Mineb,gravity,0.6082725,1,0,Inf,0,NA,NA,NA,NA,NA,NA,0,0,0,0,0,0,0,0,0,0,0,0,0,0,0,0,0,0,0,0,0,0,0,0,united kingdom,concentration,GBR,1,1,0.028,0.73,2,2,2,2,2,1,98,3,1,0.23543127838663735,0.24968124882869647,0,0,0
1908,Chas Butters And Limited,gravity,0.486618,1,5,Inf,0,NA,NA,NA,NA,NA,NA,0,0,0,0,0,0,0,0,0,0,0,0,0,0,0,0,0,0,0,0,0,0,0,0,united states of america,concentration,USA,0,0,0.117,0.581,1,1,1,1,1,1,98,1,1,0.23543127838663735,0.24968124882869647,5,0,0
1910,Chas Butters And Limited,gravity,0.729572,1,2,1481.1795145681417,0,NA,NA,NA,NA,NA,NA,0,0,0,0,0,0,0,0,0,0,0,0,0.3689406447782509,0.1875,3,0.34782608695652173,0.4572916666666666,0.24583333333333335,0,0,0,0,0,0,united states of america,concentration,USA,0,0,0.098,0.581,1,2,1,1,2,1,98,3,1,0.299212952764201,0.2506939068183431,2,0,0
1911,Chas Butters And Limited,gravity,0.729572,1,5,1481.1796667188753,0,NA,NA,NA,NA,NA,NA,0,0,0,0,0,0,0,0,0,0,0,0,0.5917255301366631,0.21428571428571427,3,0.3684210526315789,0.4928571428571428,0.27472527472527475,0,0,0,0,0,0,united states of america,concentration,USA,0,0,0.098,0.581,1,2,1,1,2,1,98,3,1,0.35310155792980513,0.299212952764201,5,0,0
1912,Chas Butters And Limited,gravity,0.486618,1,7,114.55825666735667,0,NA,NA,NA,NA,NA,NA,0,0,0,0,0,0,0,0,0,0,0,0,0,0,0,0,0,0,0,0,0,0,0,0,united states of america,concentration,USA,0,0,0.098,0.581,1,2,1,1,2,1,98,3,1,0.4177028241580394,0.35310155792980513,7,0,0
1913,Chas Butters And Limited,gravity,0.4868549,1,8,114.55825666735667,0,NA,NA,NA,NA,NA,NA,0,0,0,0,0,0,0,0,0,0,0,0,0.2047713291652019,0.04166666666666666,1,0.3606557377049181,0.3729166666666665,0,0,0,0,0,0,0,united states of america,concentration,USA,0,0,0.083,0.581,1,2,1,1,2,1,98,3,1,0.4961724216532594,0.4177028241580394,8,0,0
1914,Chas Butters And Limited,gravity,0.4930966,1,1,114.55825666735667,0,NA,NA,NA,NA,NA,NA,0,0,0,0,0,0,0,0,0,0,0,0,0,0,0,0,0,0,0,0,0,0,0,0,united states of america,concentration,USA,0,0,0.079,0.581,1,2,1,1,2,1,98,3,1,0.5584463682805634,0.4961724216532594,1,0,0
1909,Consolidated African Copper Trust Limited,flotation,1.094886,1,5,4770.512530571085,0,NA,NA,NA,NA,NA,NA,0,0,0,0,0,0,0,0,0,0,0,0,0.9999380860478276,0.4,2,1,0.4,0.1,0,0,0,0,0,0,united states of america,concentration,USA,0,0,0.117,0.581,1,1,1,1,1,1,98,1,1,0.2506939068183431,0.23543127838663735,5,1,0
1910,Consolidated African Copper Trust Limited,flotation,1.094886,1,14,0,2,NA,NA,NA,NA,NA,NA,0,0,0,0,0,0,0,0,0,0,0,0,1,0.375,6,0.4705882352941176,0.6145833333333335,0.5095238095238094,0,0,0,0,0,0,united states of america,concentration,USA,0,0,0.098,0.581,1,2,1,1,2,1,98,3,1,0.299212952764201,0.2506939068183431,14,1,1
1921,Corocobo United Copper Mines,flotation,2.69438,1,1,2106.0989421718136,0,NA,NA,NA,NA,NA,NA,0,0,0,0,0,0,0,0,0,0,0,0,0.28335970782840986,0.0967741935483871,3,0.34831460674157305,0.4188172043010754,0.068300051203277,0,0,0,0,0,0,bolivia,concentration,BOL,0,0,0.745,0.181,-2,-2,-3,-2,-2,-3,71,1,0,0.7024037803464414,0.7141391340795604,1,1,0
1922,Corocobo United Copper Mines,flotation,3.100089,1,1,0,1,NA,NA,NA,NA,NA,NA,0,0,0,0,0,0,0,0,0,0,0,0,0.1578753118883372,0.075,3,0.34234234234234234,0.3820833333333335,0.0988265440053691,0,0,0,0,0,0,bolivia,concentration,BOL,0,0,0.745,0.181,-2,-2,-3,-2,-2,-3,71,1,0,0.688849549299898,0.7024037803464414,1,1,1
1923,Corocobo United Copper Mines,flotation,3.100089,1,9,0,0,NA,NA,NA,NA,NA,NA,0,0,0,0,0,0,0,0,0,0,0,0,0.06667486804585379,0.02777777777777777,1,0.27692307692307694,0.31249999999999983,0,0,0,0,0,0,0,bolivia,concentration,BOL,0,0,0.745,0.181,-2,-2,-3,-2,-2,-3,71,1,0,0.672542104491856,0.688849549299898,9,1,1
1916,Darymusu West Coast Development Company,gravity,18.827455,1,2,0,0,NA,NA,NA,NA,NA,NA,0,0,0,0,0,0,0,0,0,0,0,0,0,0,0,0,0,0,0,0,0,0,0,0,united kingdom,concentration,GBR,1,1,0.031,0.73,2,2,2,2,2,2,94,3,1,0.6729574267806794,0.612559678351326,2,0,1
1914,Day Dawn Gold Mines Limited,gravity,0.4930966,1,7,0,0,NA,NA,NA,NA,NA,NA,0.0812104268144775,0.01587301587301587,1,0.2843601895734597,0.3076719576719577,0,0.17408969739500027,0.02777777777777777,2,0.41379310344827586,0.4571759259259259,0.00135147414697887,0.3985921153581736,0.12,3,0.36507936507936506,0.42066666666666663,0.08146464646464648,0,0,0,0,0,0,united kingdom,concentration,GBR,1,1,0.028,0.73,2,2,2,2,2,2,98,3,1,0.5584463682805634,0.4961724216532594,7,0,1
1913,Eileen Aid Annah Mining Limited,flotation,0.2656042,1,8,0,0,NA,NA,NA,NA,NA,NA,0,0,0,0,0,0,0,0,0,0,0,0,0.40596158428926393,0.16666666666666666,4,0.43137254901960786,0.4722222222222224,0.15369795261099609,0,0,0,0,0,0,united states of america,concentration,USA,0,0,0.083,0.581,1,2,1,1,2,1,98,3,1,0.4961724216532594,0.4177028241580394,8,1,1
1913,Enterprise Gold Mining Estates Limited,flotation,0.9861933,1,6,0,0,NA,NA,NA,NA,NA,NA,0,0,0,0,0,0,0,0,0,0,0,0,0,0,0,0,0,0,0,0,0,0,0,0,united states of america,concentration,USA,0,0,0.083,0.581,1,2,1,1,2,1,98,3,1,0.4961724216532594,0.4177028241580394,6,1,1
1914,Enterprise Gold Mining Estates Limited,flotation,0.9861933,1,6,0,0,NA,NA,NA,NA,NA,NA,0,0,0,0,0,0,0,0,0,0,0,0,0,0,0,0,0,0,0,0,0,0,0,0,united states of america,concentration,USA,0,0,0.079,0.581,1,2,1,1,2,1,98,3,1,0.5584463682805634,0.4961724216532594,6,1,1
1916,Enterprise Gold Mining Estates Limited,flotation,0.9861933,1,2,0,0,NA,NA,NA,NA,NA,NA,0,0,0,0,0,0,0,0,0,0,0,0,0.5166759843792823,0.1,3,0.35294117647058826,0.4205555555555556,0.00511696214535971,0,0,0,0,0,0,united states of america,concentration,USA,0,0,0.07,0.581,1,2,1,1,2,1,98,3,1,0.6729574267806794,0.612559678351326,2,1,1
1917,Enterprise Gold Mining Estates Limited,flotation,0.9861933,1,2,0,2,NA,NA,NA,NA,NA,NA,0,0,0,0,0,0,0,0,0,0,0,0,0.552016932679521,0.14285714285714285,3,0.45,0.4484126984126984,0.02862884470027326,0,0,0,0,0,0,united states of america,concentration,USA,0,0,0.07,0.581,1,2,1,1,2,1,98,3,1,0.7117941939404383,0.6729574267806794,2,1,1
1919,Enterprise Gold Mining Estates Limited,flotation,0.9861933,1,3,0,2,NA,NA,NA,NA,NA,NA,0,0,0,0,0,0,0,0,0,0,0,0,0.4040529119942173,0.1282051282051282,5,0.4148936170212766,0.48717948717948706,0.1694559472073542,0,0.09090909090909093,2,1,0.09090909090909093,0.00432900432900432,united states of america,concentration,USA,0,0,0.07,0.581,1,2,1,1,2,1,98,3,1,0.728018024898714,0.7345959005799281,3,1,1
1920,Enterprise Gold Mining Estates Limited,flotation,0.9861933,1,3,4.5913793676987665e-4,0,NA,NA,NA,NA,NA,NA,0,0,0,0,0,0,0,0,0,0,0,0,0,0,0,0,0,0,0,0,0,0,0,0,united states of america,concentration,USA,0,0,0.078,0.581,1,2,1,1,2,1,98,3,1,0.7141391340795604,0.728018024898714,3,1,1
1911,Era Mining Properties Development Syndicate,flotation,0.7292173000000001,1,5,5871.576582717342,0,NA,NA,NA,NA,NA,NA,0,0,0,0,0,0,0,0,0,0,0,0,0,0,0,0,0,0,0,0,0,0,0,0,united kingdom,concentration,GBR,1,1,0.028,0.73,2,2,2,2,2,2,98,3,1,0.35310155792980513,0.299212952764201,5,1,0
1919,Fernhill Collieries Limited,flotation,4.426737,1,9,2.8333329557698393e-4,3,NA,NA,NA,NA,NA,NA,0,0,0,0,0,0,0.090708410680397,0.01538461538461538,1,0.34946236559139787,0.39615384615384613,0,0.1829833784128176,0.02564102564102564,1,0.30952380952380953,0.35811965811965807,0,8.541438346048306e-17,0.18181818181818185,4,1,0.09090909090909093,0.00432900432900432,canada,concentration,CAN,0,1,0.067,0.631,2,2,1,2,2,1,98,0,1,0.728018024898714,0.7345959005799281,9,1,1
1922,Ferrelra Delp Limited,flotation,5.465345,1,10,0,5,NA,NA,NA,NA,NA,NA,0.2217745662814833,0.02564102564102564,1,0.31896551724137934,0.3572649572649573,0,0.3232295753231982,0.06521739130434782,3,0.5,0.5235507246376812,0.01630388914682605,0.5401277799762773,0.1,4,0.4175824175824176,0.45208333333333334,0.02704511856004435,0,0.3125,10,0.6428571428571429,0.21354166666666663,0.05241935483870968,canada,concentration,CAN,0,1,0.07,0.631,2,1,1,2,2,1,98,0,1,0.688849549299898,0.7024037803464414,10,1,1
1923,Fraser Chalmers Engineering Work The,gravity,4.574565,1,10,0,0,NA,NA,NA,NA,NA,NA,0.24712713680502343,0.06521739130434782,3,0.39814814814814814,0.4282608695652173,0.25371662674731726,0.43936106914507816,0.1,4,0.5263157894736842,0.55,0.01722396608482581,0.7430247315106366,0.19444444444444445,7,0.45,0.534722222222222,0.05957239569258905,0,0,0,0,0,0,united kingdom,concentration,GBR,1,1,0.027,0.73,2,2,1,2,2,1,89,3,1,0.672542104491856,0.688849549299898,10,0,1
1908,Geduld Deep Limited,flotation,1.946472,1,18,Inf,0,NA,NA,NA,NA,NA,NA,0,0,0,0,0,0,0,0,0,0,0,0,0,0,0,0,0,0,0,0,0,0,0,0,canada,concentration,CAN,0,1,0.074,0.597,2,1,1,2,1,1,96,0,1,0.23543127838663735,0.24968124882869647,18,1,0
1920,Hearreira Delvelopment Oil,flotation,0.5646426999999999,1,7,0,4,NA,NA,NA,NA,NA,NA,0,0,0,0,0,0,0.10587932409349128,0.01639344262295082,1,0.3630952380952381,0.4098360655737705,0,0.14231537733031766,0.02777777777777777,1,0.35294117647058826,0.388888888888889,0,0,0.2692307692307692,7,0.8,0.13461538461538464,0.00738461538461538,canada,concentration,CAN,0,1,0.067,0.631,2,1,1,2,2,1,98,0,1,0.7141391340795604,0.728018024898714,7,1,1
1917,Hollinger Ibre Gold Mines Limited,gravity,3,1,5,731.7743494284382,0,NA,NA,NA,NA,NA,NA,0,0,0,0,0,0,0,0,0,0,0,0,0,0,0,0,0,0,0,0,0,0,0,0,united states of america,concentration,USA,0,0,0.07,0.581,1,2,1,1,2,1,98,3,1,0.7117941939404383,0.6729574267806794,5,0,0
1923,Hollinger Ibre Gold Mines Limited,gravity,3,1,1,944.8492036638748,0,NA,NA,NA,NA,NA,NA,0,0,0,0,0,0,0,0,0,0,0,0,0,0,0,0,0,0,0,0,0,0,0,0,canada,concentration,CAN,0,1,0.07,0.631,2,1,1,2,2,1,98,0,1,0.672542104491856,0.688849549299898,1,0,0
1913,Ida Gold Mining Company,gravity,0.3441577,1,4,0,0,NA,NA,NA,NA,NA,NA,0,0,0,0,0,0,0,0,0,0,0,0,0,0,0,0,0,0,0,0,0,0,0,0,united states of america,concentration,USA,0,0,0.083,0.581,1,2,1,1,2,1,98,3,1,0.4961724216532594,0.4177028241580394,4,0,1
1914,Ida Gold Mining Company,gravity,0.3480769,1,4,0,0,NA,NA,NA,NA,NA,NA,0,0,0,0,0,0,0,0,0,0,0,0,0,0,0,0,0,0,0,0,0,0,0,0,united states of america,concentration,USA,0,0,0.079,0.581,1,2,1,1,2,1,98,3,1,0.5584463682805634,0.4961724216532594,4,0,1
1915,Ida Gold Mining Company,gravity,0.3480769,1,5,0,0,NA,NA,NA,NA,NA,NA,0,0,0,0,0,0,0,0,0,0,0,0,0.21115092839417196,0.03703703703703703,1,0.352112676056338,0.365432098765432,0,0,0,0,0,0,0,united states of america,concentration,USA,0,0,0.07,0.581,1,2,1,1,2,1,98,3,1,0.612559678351326,0.5584463682805634,5,0,1
1916,Ida Gold Mining Company,gravity,0.3480769,1,1,0,0,NA,NA,NA,NA,NA,NA,0,0,0,0,0,0,0,0,0,0,0,0,0,0,0,0,0,0,0,0,0,0,0,0,united states of america,concentration,USA,0,0,0.07,0.581,1,2,1,1,2,1,98,3,1,0.6729574267806794,0.612559678351326,1,0,1
1917,Ida Gold Mining Company,gravity,0.336303,1,1,0,0,NA,NA,NA,NA,NA,NA,0,0,0,0,0,0,0,0,0,0,0,0,0,0,0,0,0,0,0,0,0,0,0,0,united states of america,concentration,USA,0,0,0.07,0.581,1,2,1,1,2,1,98,3,1,0.7117941939404383,0.6729574267806794,1,0,1
1919,Ida Gold Mining Company,gravity,0.354139,1,7,0,0,NA,NA,NA,NA,NA,NA,0,0,0,0,0,0,0,0,0,0,0,0,0.01399754878621566,0.02564102564102564,1,0.23214285714285715,0.2598290598290597,0,0,0,0,0,0,0,united states of america,concentration,USA,0,0,0.07,0.581,1,2,1,1,2,1,98,3,1,0.728018024898714,0.7345959005799281,7,0,1
1920,Ida Gold Mining Company,gravity,0.354139,1,3,2.3055664769700536e-4,0,NA,NA,NA,NA,NA,NA,0,0,0,0,0,0,0,0,0,0,0,0,0,0,0,0,0,0,0,0,0,0,0,0,united states of america,concentration,USA,0,0,0.078,0.581,1,2,1,1,2,1,98,3,1,0.7141391340795604,0.728018024898714,3,0,1
1916,Inspiration Consolidated Copper Company,flotation,0.79594,1,1,1296.74406884454,0,NA,NA,NA,NA,NA,NA,0,0,0,0,0,0,0,0,0,0,0,0,0.5106994457284519,0.1,3,0.35294117647058826,0.4205555555555556,0.00484353825124616,0,0,0,0,0,0,united states of america,concentration,USA,0,0,0.07,0.581,1,2,1,1,2,1,98,3,1,0.6729574267806794,0.612559678351326,1,1,0
1917,Inspiration Consolidated Copper Company,flotation,0.79594,0,1,0,0,NA,NA,NA,NA,NA,NA,0,0,0,0,0,0,0,0,0,0,0,0,0,0,0,0,0,0,0,0,0,0,0,0,united states of america,concentration,USA,0,0,0.07,0.581,1,2,1,1,2,1,98,3,1,0.7117941939404383,0.6729574267806794,1,1,1
1919,Inspiration Consolidated Copper Company,flotation,0.79594,1,1,0,0,NA,NA,NA,NA,NA,NA,0,0,0,0,0,0,0,0,0,0,0,0,0,0,0,0,0,0,0,0,0,0,0,0,united states of america,concentration,USA,0,0,0.07,0.581,1,2,1,1,2,1,98,3,1,0.728018024898714,0.7345959005799281,1,1,1
1920,Inspiration Consolidated Copper Company,flotation,0.79594,1,1,0.00287924218357475,0,NA,NA,NA,NA,NA,NA,0,0,0,0,0,0,0,0,0,0,0,0,0,0,0,0,0,0,0,0,0,0,0,0,united states of america,concentration,USA,0,0,0.078,0.581,1,2,1,1,2,1,98,3,1,0.7141391340795604,0.728018024898714,1,1,1
1922,Inspiration Consolidated Copper Company,flotation,0.79594,0,10,0,3,NA,NA,NA,NA,NA,NA,0,0,0,0,0,0,0,0,0,0,0,0,0.6829300030806527,0.15,6,0.4578313253012048,0.49791666666666634,0.07324264745958871,0,0.09375,3,0.45,0.15104166666666666,0.01612903225806451,united states of america,concentration,USA,0,0,0.094,0.581,1,2,1,1,2,1,98,3,1,0.688849549299898,0.7024037803464414,10,1,1
1923,Inspiration Consolidated Copper Company,flotation,0.79594,0,14,0,10,NA,NA,NA,NA,NA,NA,0,0,0,0,0,0,0,0,0,0,0,0,0.7711732383944865,0.19444444444444445,7,0.4615384615384616,0.5416666666666663,0.06466497309784272,0,0.09302325581395347,4,1,0.06976744186046512,0.00332225913621262,united states of america,concentration,USA,0,0,0.096,0.581,1,2,1,1,2,1,98,3,1,0.672542104491856,0.688849549299898,14,1,1
1917,Irtysh Corporation Limited,gravity,4.573606,1,7,0,0,NA,NA,NA,NA,NA,NA,0,0,0,0,0,0,0,0,0,0,0,0,0,0,0,0,0,0,0,0,0,0,0,0,united kingdom,concentration,GBR,1,1,0.028,0.73,2,2,2,2,2,2,94,3,1,0.7117941939404383,0.6729574267806794,7,0,1
1921,Jumbo Gold Mining Company,flotation,1.099304,1,2,0,1,NA,NA,NA,NA,NA,NA,0,0,0,0,0,0,0,0,0,0,0,0,0,0,0,0,0,0,0.10514471391812036,0.08823529411764706,3,0.56,0.25,0.0445632798573975,united states of america,concentration,USA,0,0,0.095,0.581,1,2,1,1,2,1,98,3,1,0.7024037803464414,0.7141391340795604,2,1,1
1923,Jumbo Gold Mining Company,flotation,1.37237,1,3,0,0,NA,NA,NA,NA,NA,NA,0,0,0,0,0,0,0,0,0,0,0,0,0,0,0,0,0,0,0.14903075952226924,0.04651162790697674,2,0.43478260869565216,0.2306201550387597,0,united states of america,concentration,USA,0,0,0.096,0.581,1,2,1,1,2,1,98,3,1,0.672542104491856,0.688849549299898,3,1,1
1914,Junction North Broken Hill Mine,flotation,1.232742,1,5,261.427925839659,0,NA,NA,NA,NA,NA,NA,0,0,0,0,0,0,0,0,0,0,0,0,0.1638454119910866,0.04,1,0.2911392405063291,0.3263809523809523,0,0,0,0,0,0,0,united kingdom,concentration,GBR,1,1,0.028,0.73,2,2,2,2,2,2,98,3,1,0.5584463682805634,0.4961724216532594,5,1,0
1919,Junction North Broken Hill Mine,flotation,1.660027,1,9,0,0,NA,NA,NA,NA,NA,NA,0,0,0,0,0,0,0,0,0,0,0,0,0,0,0,0,0,0,0,0,0,0,0,0,united states of america,concentration,USA,0,0,0.07,0.581,1,2,1,1,2,1,98,3,1,0.728018024898714,0.7345959005799281,9,1,1
1913,Lahat Mines Limited,gravity,0.5842259000000001,1,5,11354.392648004536,0,NA,NA,NA,NA,NA,NA,0,0,0,0,0,0,0,0,0,0,0,0,0,0,0,0,0,0,0,0,0,0,0,0,australia,concentration,AUS,0,1,0.041,0.659,2,3,2,2,3,2,99,2,1,0.4961724216532594,0.4177028241580394,5,0,0
1923,Laurels Colliery Limited,flotation,0.4071363,1,6,0.0018574801544032,0,NA,NA,NA,NA,NA,NA,0,0,0,0,0,0,0,0,0,0,0,0,0.4166846184083397,0.08333333333333333,3,0.375,0.43287037037037057,0.00393811496752673,0,0,0,0,0,0,canada,concentration,CAN,0,1,0.07,0.631,2,1,1,2,2,1,98,0,1,0.672542104491856,0.688849549299898,6,1,1
1920,Libiola Copper Mining Company,flotation,1.242604,1,9,0,0,NA,NA,NA,NA,NA,NA,0,0,0,0,0,0,0,0,0,0,0,0,0.01645464124493853,0.02777777777777777,1,0.2571428571428571,0.2842592592592591,0,0,0,0,0,0,0,united kingdom,concentration,GBR,1,1,0.028,0.73,2,2,1,2,2,1,89,3,1,0.7141391340795604,0.728018024898714,9,1,1
1913,Lloyd Copper Company,flotation,1.380671,1,5,0,0,NA,NA,NA,NA,NA,NA,0,0,0,0,0,0,0,0,0,0,0,0,0.6585306741966872,0.16666666666666666,4,0.4489795918367347,0.48263888888888906,0.04125019505454288,0,0,0,0,0,0,united states of america,concentration,USA,0,0,0.083,0.581,1,2,1,1,2,1,98,3,1,0.4961724216532594,0.4177028241580394,5,1,1
1914,Lloyd Copper Company,flotation,1.380671,1,8,1828.7942838045735,4,NA,NA,NA,NA,NA,NA,0,0,0,0,0,0,0,0,0,0,0,0,0.6820220245232906,0.16,4,0.4339622641509434,0.47800000000000015,0.09830984211866564,0,0.1,1,1,0.1,0,australia,concentration,AUS,0,1,0.041,0.659,2,3,2,2,3,2,99,2,1,0.5584463682805634,0.4961724216532594,8,1,0
1919,Mebsina Transvaal Development,gravity,0.4869411,1,1,2.8333329557698393e-4,0,NA,NA,NA,NA,NA,NA,0,0,0,0,0,0,0,0,0,0,0,0,0,0,0,0,0,0,0,0,0,0,0,0,canada,concentration,CAN,0,1,0.067,0.631,2,2,1,2,2,1,98,0,1,0.728018024898714,0.7345959005799281,1,0,1
1920,Mebsina Transvaal Development,gravity,0.4030781,0,1,0,0,NA,NA,NA,NA,NA,NA,0,0,0,0,0,0,0,0,0,0,0,0,0,0,0,0,0,0,0,0,0,0,0,0,canada,concentration,CAN,0,1,0.067,0.631,2,1,1,2,2,1,98,0,1,0.7141391340795604,0.728018024898714,1,0,1
1908,Medina Gold Mines Limited,gravity,0.00486618,1,8,Inf,0,NA,NA,NA,NA,NA,NA,0,0,0,0,0,0,0,0,0,0,0,0,2.1591719103060662e-16,0.09090909090909093,1,0.6666666666666666,0.13636363636363635,0,0,0,0,0,0,0,norway,concentration,NOR,0,0,0.025,0.822,2,3,2,2,3,2,100,1,1,0.23543127838663735,0.24968124882869647,8,0,0
1911,Melk Alenj Ite,gravity,0.02430724,1,1,5939.367079409746,0,NA,NA,NA,NA,NA,NA,0,0,0,0,0,0,0,0,0,0,0,0,0,0,0,0,0,0,0,0,0,0,0,0,norway,concentration,NOR,0,0,0.025,0.822,2,3,2,2,3,2,100,1,1,0.35310155792980513,0.299212952764201,1,0,0
1908,Messina Transvaal Development Limited,gravity,0.5360624,1,13,Inf,0,NA,NA,NA,NA,NA,NA,0.16508074760008837,0.01408450704225352,1,0.29957805907172996,0.35023474178403763,0,0,0,0,0,0,0,7.89744994432621e-17,0.09090909090909093,1,1,0.09090909090909093,0,0,0,0,0,0,0,canada,concentration,CAN,0,1,0.074,0.597,2,1,1,2,1,1,96,0,1,0.23543127838663735,0.24968124882869647,13,0,0
1909,Messina Transvaal Development Limited,gravity,0.5360624,1,4,0,0,NA,NA,NA,NA,NA,NA,0,0,0,0,0,0,0,0,0,0,0,0,0.7071067811865475,0.2,1,0.6666666666666666,0.30000000000000004,0,0,0,0,0,0,0,canada,concentration,CAN,0,1,0.074,0.597,2,1,1,2,1,1,96,0,1,0.2506939068183431,0.23543127838663735,4,0,1
1913,Messina Transvaal Development Limited,gravity,0.5360624,1,9,2.8333329557698393e-4,0,NA,NA,NA,NA,NA,NA,0,0,0,0,0,0,0,0,0,0,0,0,0.49483615827268146,0.16666666666666666,4,0.4489795918367347,0.48263888888888906,0.12467627983932328,0,0,0,0,0,0,canada,concentration,CAN,0,1,0.072,0.61,2,1,1,2,1,1,96,0,1,0.4961724216532594,0.4177028241580394,9,0,1
1914,Messina Transvaal Development Limited,gravity,0.5360624,1,6,2.8333329557698393e-4,0,NA,NA,NA,NA,NA,NA,0,0,0,0,0,0,0,0,0,0,0,0,0.115604097910592,0.08,2,0.30666666666666664,0.34399999999999986,0.03333333333333333,0,0,0,0,0,0,canada,concentration,CAN,0,1,0.067,0.61,2,1,1,2,1,1,96,0,1,0.5584463682805634,0.4961724216532594,6,0,1
1915,Messina Transvaal Development Limited,gravity,0.5233111,1,9,2.8333329557698393e-4,0,NA,NA,NA,NA,NA,NA,0,0,0,0,0,0,0,0,0,0,0,0,0.44911730173967734,0.14814814814814814,4,0.423728813559322,0.46296296296296313,0.13954933954933957,0,0,0,0,0,0,canada,concentration,CAN,0,1,0.067,0.61,2,2,1,2,2,1,98,0,1,0.612559678351326,0.5584463682805634,9,0,1
1916,Messina Transvaal Development Limited,gravity,0.5243089000000001,1,6,2.8333329557698393e-4,0,NA,NA,NA,NA,NA,NA,0,0,0,0,0,0,0,0,0,0,0,0,0.04719523667746307,0.06666666666666667,2,0.2803738317757009,0.33222222222222203,0.01387931034482758,0,0,0,0,0,0,canada,concentration,CAN,0,1,0.067,0.61,2,2,1,2,2,1,98,0,1,0.6729574267806794,0.612559678351326,6,0,1
1917,Messina Transvaal Development Limited,gravity,0.5243089000000001,1,9,2.8333329557698393e-4,0,NA,NA,NA,NA,NA,NA,0,0,0,0,0,0,0,0,0,0,0,0,1.107887068439135e-16,0.09523809523809525,2,1,0.09523809523809525,0.00476190476190476,0,0,0,0,0,0,canada,concentration,CAN,0,1,0.067,0.61,2,2,1,2,2,1,98,0,1,0.7117941939404383,0.6729574267806794,9,0,1
1921,Messina Transvaal Development Limited,gravity,0.4234026,1,6,0,0,NA,NA,NA,NA,NA,NA,0,0,0,0,0,0,0,0,0,0,0,0,0.03195262412268683,0.06451612903225806,2,0.248,0.30430107526881706,0.00709839113913816,0,0,0,0,0,0,canada,concentration,CAN,0,1,0.067,0.631,2,1,1,2,2,1,98,0,1,0.7024037803464414,0.7141391340795604,6,0,1
1922,Messina Transvaal Development Limited,gravity,0.4871568,1,7,0,0,NA,NA,NA,NA,NA,NA,0,0,0,0,0,0,0,0,0,0,0,0,0.1407287443575196,0.075,3,0.336283185840708,0.37583333333333346,0.0935897435897436,0,0,0,0,0,0,canada,concentration,CAN,0,1,0.07,0.631,2,1,1,2,2,1,98,0,1,0.688849549299898,0.7024037803464414,7,0,1
1923,Messina Transvaal Development Limited,gravity,0.5032022,1,4,0,0,NA,NA,NA,NA,NA,NA,0,0,0,0,0,0,0,0,0,0,0,0,0.20373409812650065,0.1111111111111111,4,0.4,0.4652777777777779,0.16674049833202148,0,0,0,0,0,0,canada,concentration,CAN,0,1,0.07,0.631,2,1,1,2,2,1,98,0,1,0.672542104491856,0.688849549299898,4,0,1
1908,Mineral Properties Syndicate Limited,gravity,0.0729927,1,2,Inf,0,NA,NA,NA,NA,NA,NA,0,0,0,0,0,0,0,0,0,0,0,0,0,0,0,0,0,0,0,0,0,0,0,0,united states of america,concentration,USA,0,0,0.117,0.581,1,1,1,1,1,1,98,1,1,0.23543127838663735,0.24968124882869647,2,0,0
1920,Mineral Securities Limited,gravity,1.832173,1,0,0,0,NA,NA,NA,NA,NA,NA,0,0,0,0,0,0,0,0,0,0,0,0,0,0,0,0,0,0,0,0,0,0,0,0,australia,concentration,AUS,0,1,0.041,0.659,2,3,3,2,3,3,99,3,1,0.7141391340795604,0.728018024898714,0,0,1
1920,Mineral Securities Limited,flotation,1.832173,1,0,0,0,NA,NA,NA,NA,NA,NA,0,0,0,0,0,0,0,0,0,0,0,0,0,0,0,0,0,0,0,0,0,0,0,0,united kingdom,concentration,GBR,1,1,0.028,0.73,2,2,1,2,2,1,89,3,1,0.7141391340795604,0.728018024898714,0,1,1
1909,Minerals Separation American Syndicate Limited,gravity,0.07309942,1,4,1481.1795145681417,0,NA,NA,NA,NA,NA,NA,0,0,0,0,0,0,0,0,0,0,0,0,0,0,0,0,0,0,0,0,0,0,0,0,united states of america,concentration,USA,0,0,0.117,0.581,1,1,1,1,1,1,98,1,1,0.2506939068183431,0.23543127838663735,4,0,0
1911,Minerals Separation American Syndicate Limited,gravity,0.07292172999999999,1,2,1481.1796667188753,0,NA,NA,NA,NA,NA,NA,0,0,0,0,0,0,0,0,0,0,0,0,0,0,0,0,0,0,0,0,0,0,0,0,united states of america,concentration,USA,0,0,0.098,0.581,1,2,1,1,2,1,98,3,1,0.35310155792980513,0.299212952764201,2,0,0
1912,Minerals Separation American Syndicate Limited,gravity,0.07292172999999999,1,2,114.55825666735667,0,NA,NA,NA,NA,NA,NA,0,0,0,0,0,0,0,0,0,0,0,0,0,0,0,0,0,0,0,0,0,0,0,0,united states of america,concentration,USA,0,0,0.098,0.581,1,2,1,1,2,1,98,3,1,0.4177028241580394,0.35310155792980513,2,0,0
1913,Minerals Separation American Syndicate Limited,gravity,0.07302824000000001,1,11,9954.561274653646,0,NA,NA,NA,NA,NA,NA,0,0,0,0,0,0,0,0,0,0,0,0,0,0,0,0,0,0,0,0,0,0,0,0,australia,concentration,AUS,0,1,0.041,0.659,2,3,2,2,3,2,99,2,1,0.4961724216532594,0.4177028241580394,11,0,0
1913,Minerals Separation American Syndicate Limited,flotation,0.07302824000000001,1,11,9954.561274653646,0,NA,NA,NA,NA,NA,NA,0,0,0,0,0,0,0,0,0,0,0,0,0,0,0,0,0,0,0,0,0,0,0,0,australia,concentration,AUS,0,1,0.041,0.659,2,3,2,2,3,2,99,2,1,0.4961724216532594,0.4177028241580394,11,1,0
1914,Minerals Separation American Syndicate Limited,gravity,0.0739645,1,15,0,2,NA,NA,NA,NA,NA,NA,0,0,0,0,0,0,0,0,0,0,0,0,0.46439202117904493,0.12,3,0.36507936507936506,0.4159999999999999,0.06702669552669555,0,0.2,2,1,0.1,0,australia,concentration,AUS,0,1,0.041,0.659,2,3,2,2,3,2,99,2,1,0.5584463682805634,0.4961724216532594,15,0,1
1914,Minerals Separation American Syndicate Limited,flotation,0.0739645,1,15,0,2,NA,NA,NA,NA,NA,NA,0,0,0,0,0,0,0,0,0,0,0,0,0.46439202117904493,0.12,3,0.36507936507936506,0.4159999999999999,0.06702669552669555,0,0.2,2,1,0.1,0,australia,concentration,AUS,0,1,0.041,0.659,2,3,2,2,3,2,99,2,1,0.5584463682805634,0.4961724216532594,15,1,1
1914,Minerals Separation American Syndicate Limited,flotation,0.0739645,1,15,0,2,NA,NA,NA,NA,NA,NA,0,0,0,0,0,0,0,0,0,0,0,0,0.46439202117904493,0.12,3,0.36507936507936506,0.4159999999999999,0.06702669552669555,0,0.2,2,1,0.1,0,united kingdom,concentration,GBR,1,1,0.028,0.73,2,2,2,2,2,2,98,3,1,0.5584463682805634,0.4961724216532594,15,1,1
1916,Minerals Separation American Syndicate Limited,gravity,0.07149666,1,5,0,2,NA,NA,NA,NA,NA,NA,0,0,0,0,0,0,0,0,0,0,0,0,0,0,0,0,0,0,0,0,0,0,0,0,australia,concentration,AUS,0,1,0.041,0.659,2,3,3,2,3,3,99,3,1,0.6729574267806794,0.612559678351326,5,0,1
1916,Minerals Separation American Syndicate Limited,flotation,0.07149666,1,5,0,2,NA,NA,NA,NA,NA,NA,0,0,0,0,0,0,0,0,0,0,0,0,0,0,0,0,0,0,0,0,0,0,0,0,australia,concentration,AUS,0,1,0.041,0.659,2,3,3,2,3,3,99,3,1,0.6729574267806794,0.612559678351326,5,1,1
1916,Minerals Separation American Syndicate Limited,flotation,0.07149666,1,5,0,2,NA,NA,NA,NA,NA,NA,0,0,0,0,0,0,0,0,0,0,0,0,0,0,0,0,0,0,0,0,0,0,0,0,united kingdom,concentration,GBR,1,1,0.031,0.73,2,2,2,2,2,2,94,3,1,0.6729574267806794,0.612559678351326,5,1,1
1917,Minerals Separation American Syndicate Limited,gravity,0.0714626,1,3,0.00363285253464586,1,NA,NA,NA,NA,NA,NA,0,0,0,0,0,0,0,0,0,0,0,0,0.24451206964278516,0.04761904761904761,1,0.375,0.361111111111111,0,0.44948974278317855,0.3333333333333333,2,1,0.3333333333333333,0,australia,concentration,AUS,0,1,0.041,0.659,2,3,3,2,3,3,99,3,1,0.7117941939404383,0.6729574267806794,3,0,1
1917,Minerals Separation American Syndicate Limited,flotation,0.0714626,1,3,0.00363285253464586,1,NA,NA,NA,NA,NA,NA,0,0,0,0,0,0,0,0,0,0,0,0,0.24451206964278516,0.04761904761904761,1,0.375,0.361111111111111,0,0.44948974278317855,0.3333333333333333,2,1,0.3333333333333333,0,australia,concentration,AUS,0,1,0.041,0.659,2,3,3,2,3,3,99,3,1,0.7117941939404383,0.6729574267806794,3,1,1
1917,Minerals Separation American Syndicate Limited,flotation,0.0714626,1,3,1.0013217677085525e-4,1,NA,NA,NA,NA,NA,NA,0,0,0,0,0,0,0,0,0,0,0,0,0.24451206964278516,0.04761904761904761,1,0.375,0.361111111111111,0,0.44948974278317855,0.3333333333333333,2,1,0.3333333333333333,0,united kingdom,concentration,GBR,1,1,0.028,0.73,2,2,2,2,2,2,94,3,1,0.7117941939404383,0.6729574267806794,3,1,1
1919,Minerals Separation American Syndicate Limited,gravity,0.06640106,1,13,0,5,NA,NA,NA,NA,NA,NA,0,0,0,0,0,0,0,0,0,0,0,0,0.15371900800043467,0.02564102564102564,1,0.291044776119403,0.3354700854700853,0,1,0.3636363636363637,8,0.5714285714285714,0.3863636363636363,0.08658008658008658,australia,concentration,AUS,0,1,0.041,0.659,2,3,3,2,3,3,99,3,1,0.728018024898714,0.7345959005799281,13,0,1
1919,Minerals Separation American Syndicate Limited,flotation,0.06640106,1,13,0,5,NA,NA,NA,NA,NA,NA,0,0,0,0,0,0,0,0,0,0,0,0,0.15371900800043467,0.02564102564102564,1,0.291044776119403,0.3354700854700853,0,1,0.3636363636363637,8,0.5714285714285714,0.3863636363636363,0.08658008658008658,australia,concentration,AUS,0,1,0.041,0.659,2,3,3,2,3,3,99,3,1,0.728018024898714,0.7345959005799281,13,1,1
1919,Minerals Separation American Syndicate Limited,flotation,0.06640106,1,13,0,5,NA,NA,NA,NA,NA,NA,0,0,0,0,0,0,0,0,0,0,0,0,0.15371900800043467,0.02564102564102564,1,0.291044776119403,0.3354700854700853,0,1,0.3636363636363637,8,0.5714285714285714,0.3863636363636363,0.08658008658008658,united kingdom,concentration,GBR,1,1,0.028,0.73,2,2,1,2,2,1,89,3,1,0.728018024898714,0.7345959005799281,13,1,1
1919,Minerals Separation American Syndicate Limited,flotation,0.06640106,1,13,118.31108410075878,5,NA,NA,NA,NA,NA,NA,0,0,0,0,0,0,0,0,0,0,0,0,0.15371900800043467,0.02564102564102564,1,0.291044776119403,0.3354700854700853,0,1,0.3636363636363637,8,0.5714285714285714,0.3863636363636363,0.08658008658008658,united states of america,concentration,USA,0,0,0.07,0.581,1,2,1,1,2,1,98,3,1,0.728018024898714,0.7345959005799281,13,1,0
1920,Minerals Separation American Syndicate Limited,flotation,0.06640106,1,13,0,0,NA,NA,NA,NA,NA,NA,0,0,0,0,0,0,0,0,0,0,0,0,0,0,0,0,0,0,0.5590210372922594,0.2692307692307692,7,0.53125,0.3910256410256411,0.04923076923076923,australia,concentration,AUS,0,1,0.041,0.659,2,3,3,2,3,3,99,3,1,0.7141391340795604,0.728018024898714,13,1,1
1920,Minerals Separation American Syndicate Limited,flotation,0.06640106,1,13,5.53810815761688e-4,0,NA,NA,NA,NA,NA,NA,0,0,0,0,0,0,0,0,0,0,0,0,0,0,0,0,0,0,0.5590210372922594,0.2692307692307692,7,0.53125,0.3910256410256411,0.04923076923076923,united states of america,concentration,USA,0,0,0.078,0.581,1,2,1,1,2,1,98,3,1,0.7141391340795604,0.728018024898714,13,1,1
1921,Minerals Separation American Syndicate Limited,gravity,0.05773672,1,19,0,10,NA,NA,NA,NA,NA,NA,0,0,0,0,0,0,0,0,0,0,0,0,0.8579141558348062,0.2258064516129032,7,0.47692307692307695,0.5618279569892473,0.19157508372279167,0.906984121595866,0.4117647058823529,14,0.5833333333333334,0.2843137254901961,0.00851795263559969,australia,concentration,AUS,0,1,0.041,0.659,2,3,3,2,3,3,99,3,1,0.7024037803464414,0.7141391340795604,19,0,1
1921,Minerals Separation American Syndicate Limited,flotation,0.05773672,1,19,0,10,NA,NA,NA,NA,NA,NA,0,0,0,0,0,0,0,0,0,0,0,0,0.8579141558348062,0.2258064516129032,7,0.47692307692307695,0.5618279569892473,0.19157508372279167,0.906984121595866,0.4117647058823529,14,0.5833333333333334,0.2843137254901961,0.00851795263559969,australia,concentration,AUS,0,1,0.041,0.659,2,3,3,2,3,3,99,3,1,0.7024037803464414,0.7141391340795604,19,1,1
1921,Minerals Separation American Syndicate Limited,flotation,0.05773672,1,19,0,10,NA,NA,NA,NA,NA,NA,0,0,0,0,0,0,0,0,0,0,0,0,0.8579141558348062,0.2258064516129032,7,0.47692307692307695,0.5618279569892473,0.19157508372279167,0.906984121595866,0.4117647058823529,14,0.5833333333333334,0.2843137254901961,0.00851795263559969,united kingdom,concentration,GBR,1,1,0.028,0.73,2,2,1,2,2,1,89,3,1,0.7024037803464414,0.7141391340795604,19,1,1
1922,Minerals Separation American Syndicate Limited,gravity,0.06643047,1,8,0,3,NA,NA,NA,NA,NA,NA,0,0,0,0,0,0,0,0,0,0,0,0,0.18408084258664856,0.05,2,0.31932773109243695,0.35958333333333337,0.0111084721378839,0.36458040817523624,0.09375,3,0.4545454545454546,0.23177083333333331,0,australia,concentration,AUS,0,1,0.041,0.659,2,3,3,2,3,3,99,3,1,0.688849549299898,0.7024037803464414,8,0,1
1922,Minerals Separation American Syndicate Limited,flotation,0.06643047,1,8,0,3,NA,NA,NA,NA,NA,NA,0,0,0,0,0,0,0,0,0,0,0,0,0.18408084258664856,0.05,2,0.31932773109243695,0.35958333333333337,0.0111084721378839,0.36458040817523624,0.09375,3,0.4545454545454546,0.23177083333333331,0,australia,concentration,AUS,0,1,0.041,0.659,2,3,3,2,3,3,99,3,1,0.688849549299898,0.7024037803464414,8,1,1
1922,Minerals Separation American Syndicate Limited,flotation,0.06643047,1,8,0,3,NA,NA,NA,NA,NA,NA,0,0,0,0,0,0,0,0,0,0,0,0,0.18408084258664856,0.05,2,0.31932773109243695,0.35958333333333337,0.0111084721378839,0.36458040817523624,0.09375,3,0.4545454545454546,0.23177083333333331,0,united kingdom,concentration,GBR,1,1,0.027,0.73,2,2,1,2,2,1,89,3,1,0.688849549299898,0.7024037803464414,8,1,1
1922,Minerals Separation American Syndicate Limited,flotation,0.06643047,1,8,0,3,NA,NA,NA,NA,NA,NA,0,0,0,0,0,0,0,0,0,0,0,0,0.18408084258664856,0.05,2,0.31932773109243695,0.35958333333333337,0.0111084721378839,0.36458040817523624,0.09375,3,0.4545454545454546,0.23177083333333331,0,united states of america,concentration,USA,0,0,0.094,0.581,1,2,1,1,2,1,98,3,1,0.688849549299898,0.7024037803464414,8,1,1
1923,Minerals Separation American Syndicate Limited,gravity,0.06861848,1,17,0,13,NA,NA,NA,NA,NA,NA,0,0,0,0,0,0,0,0,0,0,0,0,0.6981791523352286,0.19444444444444445,7,0.45,0.534722222222222,0.06686564038963731,0.27165964832671163,0.06976744186046512,3,0.425531914893617,0.22674418604651167,0,australia,concentration,AUS,0,1,0.041,0.659,2,3,3,2,3,3,99,3,1,0.672542104491856,0.688849549299898,17,0,1
1923,Minerals Separation American Syndicate Limited,flotation,0.06861848,1,17,0,13,NA,NA,NA,NA,NA,NA,0,0,0,0,0,0,0,0,0,0,0,0,0.6981791523352286,0.19444444444444445,7,0.45,0.534722222222222,0.06686564038963731,0.27165964832671163,0.06976744186046512,3,0.425531914893617,0.22674418604651167,0,australia,concentration,AUS,0,1,0.041,0.659,2,3,3,2,3,3,99,3,1,0.672542104491856,0.688849549299898,17,1,1
1923,Minerals Separation American Syndicate Limited,flotation,0.06861848,1,17,0,13,NA,NA,NA,NA,NA,NA,0,0,0,0,0,0,0,0,0,0,0,0,0.6981791523352286,0.19444444444444445,7,0.45,0.534722222222222,0.06686564038963731,0.27165964832671163,0.06976744186046512,3,0.425531914893617,0.22674418604651167,0,united kingdom,concentration,GBR,1,1,0.027,0.73,2,2,1,2,2,1,89,3,1,0.672542104491856,0.688849549299898,17,1,1
1910,Minerals Separation Ltmitedt,gravity,0.0729572,1,2,1481.1795145681417,0,NA,NA,NA,NA,NA,NA,0,0,0,0,0,0,0,0,0,0,0,0,0,0,0,0,0,0,0,0,0,0,0,0,united states of america,concentration,USA,0,0,0.098,0.581,1,2,1,1,2,1,98,3,1,0.299212952764201,0.2506939068183431,2,0,0
1919,Mines Tailings Limited,flotation,1.217137,1,4,1015.7884174685928,0,NA,NA,NA,NA,NA,NA,0,0,0,0,0,0,0,0,0,0,0,0,0,0,0,0,0,0,0,0,0,0,0,0,canada,concentration,CAN,0,1,0.067,0.631,2,2,1,2,2,1,98,0,1,0.728018024898714,0.7345959005799281,4,1,0
1920,Mininag Yea Kennecott Copper,gravity,0.17653,1,0,0,0,NA,NA,NA,NA,NA,NA,0,0,0,0,0,0,0,0,0,0,0,0,0,0,0,0,0,0,0,0,0,0,0,0,united states of america,concentration,USA,0,0,0.078,0.581,1,2,1,1,2,1,98,3,1,0.7141391340795604,0.728018024898714,0,0,1
1920,Mininag Yea Kennecott Copper,flotation,0.17653,1,0,2.3055664769700536e-4,0,NA,NA,NA,NA,NA,NA,0,0,0,0,0,0,0,0,0,0,0,0,0,0,0,0,0,0,0,0,0,0,0,0,united states of america,concentration,USA,0,0,0.078,0.581,1,2,1,1,2,1,98,3,1,0.7141391340795604,0.728018024898714,0,1,1
1920,Mount Elliott Limited,flotation,5.533422,1,8,0,1,NA,NA,NA,NA,NA,NA,0,0,0,0,0,0,0,0,0,0,0,0,0.6044018163153342,0.1388888888888889,5,0.42857142857142855,0.4976851851851852,0.0130982972609594,0,0.03846153846153846,1,1,0.03846153846153846,0,australia,concentration,AUS,0,1,0.041,0.659,2,3,3,2,3,3,99,3,1,0.7141391340795604,0.728018024898714,8,1,1
1920,Mount Elliott Limited,flotation,5.533422,1,8,0,1,NA,NA,NA,NA,NA,NA,0,0,0,0,0,0,0,0,0,0,0,0,0.6044018163153342,0.1388888888888889,5,0.42857142857142855,0.4976851851851852,0.0130982972609594,0,0.03846153846153846,1,1,0.03846153846153846,0,united states of america,concentration,USA,0,0,0.078,0.581,1,2,1,1,2,1,98,3,1,0.7141391340795604,0.728018024898714,8,1,1
1916,Mount Lyell Blocks Copper Mines,flotation,1.882745,1,8,1076.4187007438616,0,NA,NA,NA,NA,NA,NA,0,0,0,0,0,0,0,0,0,0,0,0,0.13045436319353307,0.03333333333333333,1,0.3157894736842105,0.3566666666666665,0,0,0,0,0,0,0,australia,concentration,AUS,0,1,0.041,0.659,2,3,3,2,3,3,99,3,1,0.6729574267806794,0.612559678351326,8,1,0
1917,Mount Lyell Mining Railway Limited,flotation,1.871658,1,6,958.8106068546224,1,NA,NA,NA,NA,NA,NA,0,0,0,0,0,0,0,0,0,0,0,0,0,0,0,0,0,0,2.4816306872446055e-17,0.16666666666666666,1,1,0.16666666666666666,0,australia,concentration,AUS,0,1,0.041,0.659,2,3,3,2,3,3,99,3,1,0.7117941939404383,0.6729574267806794,6,1,0
1917,Mount Lyell Mining Railway Limited,flotation,1.871658,1,6,688.2581821811059,1,NA,NA,NA,NA,NA,NA,0,0,0,0,0,0,0,0,0,0,0,0,0,0,0,0,0,0,2.4816306872446055e-17,0.16666666666666666,1,1,0.16666666666666666,0,united states of america,concentration,USA,0,0,0.07,0.581,1,2,1,1,2,1,98,3,1,0.7117941939404383,0.6729574267806794,6,1,0
1919,Mount Lyell Mining Railway Limited,flotation,3.96193,1,11,0.00294981047255474,4,NA,NA,NA,NA,NA,NA,0,0,0,0,0,0,0,0,0,0,0,0,0,0,0,0,0,0,0.11547912943338812,0.13636363636363635,3,0.35294117647058826,0.2492424242424243,0.00865800865800865,australia,concentration,AUS,0,1,0.041,0.659,2,3,3,2,3,3,99,3,1,0.728018024898714,0.7345959005799281,11,1,1
1919,Mount Lyell Mining Railway Limited,flotation,3.96193,1,11,6.212418103208698e-4,4,NA,NA,NA,NA,NA,NA,0,0,0,0,0,0,0,0,0,0,0,0,0,0,0,0,0,0,0.11547912943338812,0.13636363636363635,3,0.35294117647058826,0.2492424242424243,0.00865800865800865,united states of america,concentration,USA,0,0,0.07,0.581,1,2,1,1,2,1,98,3,1,0.728018024898714,0.7345959005799281,11,1,1
1922,Mount Lyell Mining Railway Limited,flotation,3.96193,1,9,0,4,NA,NA,NA,NA,NA,NA,0,0,0,0,0,0,0,0,0,0,0,0,0.16566650422791865,0.025,1,0.3140495867768595,0.3429166666666667,0,0.4517683470813119,0.15625,5,0.4838709677419355,0.2630208333333333,2.880184331797235e-4,australia,concentration,AUS,0,1,0.041,0.659,2,3,3,2,3,3,99,3,1,0.688849549299898,0.7024037803464414,9,1,1
1923,Mount Lyell Mining Railway Limited,flotation,3.96193,1,11,0,3,NA,NA,NA,NA,NA,NA,0,0,0,0,0,0,0,0,0,0,0,0,0.2805974009883935,0.05555555555555555,2,0.32727272727272727,0.3837962962962963,2.0683020683020685e-4,0.40803107049928167,0.11627906976744186,5,0.5,0.2558139534883721,0.03156146179401993,australia,concentration,AUS,0,1,0.041,0.659,2,3,3,2,3,3,99,3,1,0.672542104491856,0.688849549299898,11,1,1
1919,Mount Read Mining Company,flotation,4.426737,1,6,0.00294981047255474,2,NA,NA,NA,NA,NA,NA,0,0,0,0,0,0,0,0,0,0,0,0,0.18298337841281756,0.02564102564102564,1,0.30952380952380953,0.35811965811965807,0,0.07131785137321973,0.09090909090909093,2,0.2926829268292683,0.20227272727272733,0,australia,concentration,AUS,0,1,0.041,0.659,2,3,3,2,3,3,99,3,1,0.728018024898714,0.7345959005799281,6,1,1
1919,Mount Zeehan Tasmania Silver Lead,gravity,6.640106,1,17,970.4835997856552,2,NA,NA,NA,NA,NA,NA,0,0,0,0,0,0,0,0,0,0,0,0,0.3258229953132268,0.05128205128205128,2,0.3611111111111111,0.41324786324786345,0.00601957647449845,0.22194815612034793,0.09090909090909093,2,0.42857142857142855,0.2803030303030303,0.02597402597402597,united states of america,concentration,USA,0,0,0.07,0.581,1,2,1,1,2,1,98,3,1,0.728018024898714,0.7345959005799281,17,0,0
1915,Mountain Copper Company,gravity,3.664346,1,5,2349.4372713672915,0,NA,NA,NA,NA,NA,NA,0,0,0,0,0,0,0,0,0,0,0,0,0,0.03703703703703703,1,1,0.03703703703703703,0,0,0,0,0,0,0,united states of america,concentration,USA,0,0,0.07,0.581,1,2,1,1,2,1,98,3,1,0.612559678351326,0.5584463682805634,5,0,0
1916,Mountain Copper Company,gravity,3.664346,1,3,2349.4372713672915,0,NA,NA,NA,NA,NA,NA,0,0,0,0,0,0,0,0,0,0,0,0,0,0,0,0,0,0,0,0,0,0,0,0,united states of america,concentration,USA,0,0,0.07,0.581,1,2,1,1,2,1,98,3,1,0.6729574267806794,0.612559678351326,3,0,0
1917,Mountain Copper Company,gravity,3.664346,1,4,1101.7685145079663,0,NA,NA,NA,NA,NA,NA,0,0,0,0,0,0,0,0,0,0,0,0,0,0,0,0,0,0,0,0,0,0,0,0,united states of america,concentration,USA,0,0,0.07,0.581,1,2,1,1,2,1,98,3,1,0.7117941939404383,0.6729574267806794,4,0,0
1920,Mountain Copper Company,gravity,3.664346,1,15,970.4816896505188,0,NA,NA,NA,NA,NA,NA,0,0,0,0,0,0,0,0,0,0,0,0,0.1477649952605369,0.02777777777777777,1,0.3673469387755102,0.402777777777778,0,0,0,0,0,0,0,united states of america,concentration,USA,0,0,0.078,0.581,1,2,1,1,2,1,98,3,1,0.7141391340795604,0.728018024898714,15,0,0
1921,Mountain Copper Company,gravity,3.849115,1,13,970.4816896505188,0,NA,NA,NA,NA,NA,NA,0,0,0,0,0,0,0,0,0,0,0,0,0.3888656557536087,0.06451612903225806,2,0.3924050632911392,0.4381720430107529,0.01060209173961296,0,0,0,0,0,0,united states of america,concentration,USA,0,0,0.095,0.581,1,2,1,1,2,1,98,3,1,0.7024037803464414,0.7141391340795604,13,0,0
1922,Mountain Copper Company,gravity,4.428698,1,6,970.4816896505188,0,NA,NA,NA,NA,NA,NA,0,0,0,0,0,0,0,0,0,0,0,0,0.46844948191657887,0.075,3,0.35514018691588783,0.4045833333333335,0.00444914502291658,0,0,0,0,0,0,united states of america,concentration,USA,0,0,0.094,0.581,1,2,1,1,2,1,98,3,1,0.688849549299898,0.7024037803464414,6,0,0
1923,Mountain Copper Company,gravity,4.428698,1,7,970.4816896505188,0,NA,NA,NA,NA,NA,NA,0,0,0,0,0,0,0,0,0,0,0,0,0.1396730577227971,0.02777777777777777,1,0.32142857142857145,0.3685185185185185,0,0,0,0,0,0,0,united states of america,concentration,USA,0,0,0.096,0.581,1,2,1,1,2,1,98,3,1,0.672542104491856,0.688849549299898,7,0,0
1910,Mozambique Mines Limited,gravity,0.09727626,1,15,5871.576625293921,0,NA,NA,NA,NA,NA,NA,0,0,0,0,0,0,0,0,0,0,0,0,0.6358666530692502,0.25,4,0.3636363636363637,0.5020833333333332,0.18750000000000003,0,0,0,0,0,0,united kingdom,concentration,GBR,1,1,0.028,0.73,2,2,2,2,2,2,98,3,1,0.299212952764201,0.2506939068183431,15,0,0
1920,Mullion United Mines Cornwall Limited,gravity,0.2565042,0,4,0,0,NA,NA,NA,NA,NA,NA,0,0,0,0,0,0,0,0,0,0,0,0,0.14776499526053685,0.02777777777777777,1,0.3673469387755102,0.402777777777778,0,0,0,0,0,0,0,united kingdom,concentration,GBR,1,1,0.028,0.73,2,2,1,2,2,1,89,3,1,0.7141391340795604,0.728018024898714,4,0,1
1911,Mungana Chillagoe Mining Company,flotation,0.4132230999999999,1,6,1410.2182267882783,0,NA,NA,NA,NA,NA,NA,0,0,0,0,0,0,0,0,0,0,0,0,0,0,0,0,0,0,0,0,0,0,0,0,united states of america,concentration,USA,0,0,0.098,0.581,1,2,1,1,2,1,98,3,1,0.35310155792980513,0.299212952764201,6,1,0
1919,Murcia Copper Andwirqq Mines Limited,gravity,0.4426737,0,3,0,0,NA,NA,NA,NA,NA,NA,0,0,0,0,0,0,0,0,0,0,0,0,0,0,0,0,0,0,0,0,0,0,0,0,united kingdom,concentration,GBR,1,1,0.028,0.73,2,2,1,2,2,1,89,3,1,0.728018024898714,0.7345959005799281,3,0,1
1910,Murex Magnetic Company,gravity,0.4377091,0,4,5871.576625293921,0,NA,NA,NA,NA,NA,NA,0,0,0,0,0,0,0,0,0,0,0,0,0,0,0,0,0,0,0,0,0,0,0,0,united kingdom,concentration,GBR,1,1,0.028,0.73,2,2,2,2,2,2,98,3,1,0.299212952764201,0.2506939068183431,4,0,0
1911,Murex Magnetic Company,gravity,0.4374964,1,4,5871.576582717342,0,NA,NA,NA,NA,NA,NA,0,0,0,0,0,0,0.1607782746565248,0.02222222222222222,2,0.4411764705882353,0.47407407407407415,0.00252787565884868,0.5430725968116069,0.14285714285714285,2,0.4375,0.49999999999999983,0.4945054945054945,0,0,0,0,0,0,united kingdom,concentration,GBR,1,1,0.028,0.73,2,2,2,2,2,2,98,3,1,0.35310155792980513,0.299212952764201,4,0,0
1911,Murex Magnetic Company,gravity,0.4374964,1,4,1698.9272540017107,0,NA,NA,NA,NA,NA,NA,0,0,0,0,0,0,0.1607782746565248,0.02222222222222222,2,0.4411764705882353,0.47407407407407415,0.00252787565884868,0.5430725968116069,0.14285714285714285,2,0.4375,0.49999999999999983,0.4945054945054945,0,0,0,0,0,0,canada,concentration,CAN,0,1,0.072,0.61,2,1,1,2,1,1,96,0,1,0.35310155792980513,0.299212952764201,4,0,0
1912,Murex Magnetic Company,gravity,0.4379221,1,6,0,0,NA,NA,NA,NA,NA,NA,0,0,0,0,0,0,0.22645832088580395,0.03614457831325301,3,0.494047619047619,0.5100401606425703,0.00647756617664988,0.5729591215421683,0.15789473684210523,3,0.38,0.4710526315789472,0.01055880441845354,0,0,0,0,0,0,united kingdom,concentration,GBR,1,1,0.028,0.73,2,2,2,2,2,2,98,3,1,0.4177028241580394,0.35310155792980513,6,0,1
1912,Murex Magnetic Company,gravity,0.4379221,1,6,114.55825666735667,0,NA,NA,NA,NA,NA,NA,0,0,0,0,0,0,0.22645832088580395,0.03614457831325301,3,0.494047619047619,0.5100401606425703,0.00647756617664988,0.5729591215421683,0.15789473684210523,3,0.38,0.4710526315789472,0.01055880441845354,0,0,0,0,0,0,united states of america,concentration,USA,0,0,0.098,0.581,1,2,1,1,2,1,98,3,1,0.4177028241580394,0.35310155792980513,6,0,0
1912,Murex Magnetic Company,gravity,0.4379221,1,6,1145.3815238163097,0,NA,NA,NA,NA,NA,NA,0,0,0,0,0,0,0.22645832088580395,0.03614457831325301,3,0.494047619047619,0.5100401606425703,0.00647756617664988,0.5729591215421683,0.15789473684210523,3,0.38,0.4710526315789472,0.01055880441845354,0,0,0,0,0,0,mexico,concentration,MEX,0,0,0.816,0.561,-2,-2,-3,-2,-2,-3,70,0,0,0.4177028241580394,0.35310155792980513,6,0,0
1913,Murex Magnetic Company,gravity,0.4381694,1,4,0,0,NA,NA,NA,NA,NA,NA,0,0,0,0,0,0,0,0,0,0,0,0,0.5157569619153215,0.125,3,0.41509433962264153,0.4444444444444446,0.01498185791664052,0,0,0,0,0,0,united kingdom,concentration,GBR,1,1,0.028,0.73,2,2,2,2,2,2,98,3,1,0.4961724216532594,0.4177028241580394,4,0,1
1919,Nag Rom Syndicate Limited,gravity,0.1106684,1,9,343.91632493565464,0,NA,NA,NA,NA,NA,NA,0,0,0,0,0,0,0,0,0,0,0,0,0.4388427529993697,0.07692307692307693,3,0.375,0.43675213675213687,0.01392597482250107,0,0,0,0,0,0,france,concentration,FRA,0,0,0.132,0.849,2,2,2,2,2,2,97,2,1,0.728018024898714,0.7345959005799281,9,0,0
1912,Namaqua Copper Company,gravity,0.8763389,0,2,343.91640989468846,0,NA,NA,NA,NA,NA,NA,0,0,0,0,0,0,0,0,0,0,0,0,0.09162323347495024,0.10526315789473684,2,0.3064516129032258,0.37631578947368416,0.10526315789473684,0,0,0,0,0,0,france,concentration,FRA,0,0,0.132,0.849,2,2,2,2,2,2,97,2,1,0.4177028241580394,0.35310155792980513,2,0,0
1914,Namaqua Copper Company,gravity,0.8763389,1,3,343.91640989468846,0,NA,NA,NA,NA,NA,NA,0,0,0,0,0,0,0,0,0,0,0,0,5.875079644196288e-17,0.04,1,1,0.04,0,0,0,0,0,0,0,france,concentration,FRA,0,0,0.132,0.849,2,2,2,2,2,2,93,2,1,0.5584463682805634,0.4961724216532594,3,0,0
1915,Namaqua Copper Company,gravity,0.8763389,1,6,343.91640989468846,0,NA,NA,NA,NA,NA,NA,0,0,0,0,0,0,0,0,0,0,0,0,0.3929852275810882,0.14814814814814814,4,0.4098360655737705,0.4580246913580248,0.069884950440506,0,0,0,0,0,0,france,concentration,FRA,0,0,0.132,0.849,2,2,2,2,2,2,93,2,1,0.612559678351326,0.5584463682805634,6,0,0
1916,Namaqua Copper Company,gravity,0.8992469000000001,1,4,0,0,NA,NA,NA,NA,NA,NA,0,0,0,0,0,0,0,0,0,0,0,0,0.11698511022071734,0.06666666666666667,2,0.30927835051546393,0.36611111111111094,0.01175755480655662,0,0,0,0,0,0,united kingdom,concentration,GBR,1,1,0.031,0.73,2,2,2,2,2,2,94,3,1,0.6729574267806794,0.612559678351326,4,0,1
1917,Namaqua Copper Company,gravity,0.8992469000000001,0,2,343.91679861107883,0,NA,NA,NA,NA,NA,NA,0,0,0,0,0,0,0,0,0,0,0,0,0.24451206964278516,0.04761904761904761,1,0.375,0.361111111111111,0,0,0,0,0,0,0,france,concentration,FRA,0,0,0.132,0.86,2,2,2,2,2,2,93,2,1,0.7117941939404383,0.6729574267806794,2,0,0
1920,Namaqua Copper Company,gravity,0.01811653,1,2,0,0,NA,NA,NA,NA,NA,NA,0,0,0,0,0,0,0,0,0,0,0,0,0,0,0,0,0,0,0,0,0,0,0,0,united kingdom,concentration,GBR,1,1,0.028,0.73,2,2,1,2,2,1,89,3,1,0.7141391340795604,0.728018024898714,2,0,1
1921,Namaqua Copper Company,gravity,0.8857396,1,2,0,0,NA,NA,NA,NA,NA,NA,0,0,0,0,0,0,0,0,0,0,0,0,0.189712830742444,0.03225806451612903,1,0.31313131313131315,0.3645161290322579,0,0,0,0,0,0,0,united kingdom,concentration,GBR,1,1,0.028,0.73,2,2,1,2,2,1,89,3,1,0.7024037803464414,0.7141391340795604,2,0,1
1922,Namaqua Copper Company,gravity,0.8857396,0,6,0,1,NA,NA,NA,NA,NA,NA,0,0,0,0,0,0,0,0,0,0,0,0,0,0.025,1,1,0.025,0,0.01605170350892371,0.03125,1,0.36585365853658536,0.18749999999999997,0,united kingdom,concentration,GBR,1,1,0.027,0.73,2,2,1,2,2,1,89,3,1,0.688849549299898,0.7024037803464414,6,0,1
1923,Namaqua Copper Company,gravity,0.8857396,1,4,0,0,NA,NA,NA,NA,NA,NA,0,0,0,0,0,0,0,0,0,0,0,0,0.13967305772279706,0.02777777777777777,1,0.32142857142857145,0.3685185185185185,0,0,0,0,0,0,0,united kingdom,concentration,GBR,1,1,0.027,0.73,2,2,1,2,2,1,89,3,1,0.672542104491856,0.688849549299898,4,0,1
1919,New Albion Transvaal Gold Mines,flotation,0.4426737,1,3,249.0140717833204,0,NA,NA,NA,NA,NA,NA,0,0,0,0,0,0,0,0,0,0,0,0,0,0,0,0,0,0,0,0,0,0,0,0,united states of america,concentration,USA,0,0,0.07,0.581,1,2,1,1,2,1,98,3,1,0.728018024898714,0.7345959005799281,3,1,0
1920,New Albion Transvaal Gold Mines,flotation,0.4426737,1,3,3.770972269469137e-4,3,NA,NA,NA,NA,NA,NA,0,0,0,0,0,0,0,0,0,0,0,0,0,0,0,0,0,0,0.11183980003729,0.1153846153846154,3,0.4722222222222222,0.35256410256410264,0.0953846153846154,united states of america,concentration,USA,0,0,0.078,0.581,1,2,1,1,2,1,98,3,1,0.7141391340795604,0.728018024898714,3,1,1
1914,New Dunderland Company,gravity,1.549358,1,4,1131.052891411691,0,NA,NA,NA,NA,NA,NA,0,0,0,0,0,0,0,0,0,0,0,0,0,0,0,0,0,0,0,0,0,0,0,0,norway,concentration,NOR,0,0,0.025,0.822,2,3,2,2,3,2,100,1,1,0.5584463682805634,0.4961724216532594,4,0,0
1912,New Einasleigh Mines Limited,gravity,0.973236,1,0,11062.805571513043,0,NA,NA,NA,NA,NA,NA,0,0,0,0,0,0,0,0,0,0,0,0,0,0,0,0,0,0,0,0,0,0,0,0,australia,concentration,AUS,0,1,0.041,0.659,2,3,2,2,3,2,99,2,1,0.4177028241580394,0.35310155792980513,0,0,0
1910,New Elnasleigh Copper,gravity,0.9727626,1,2,11062.805000061877,0,NA,NA,NA,NA,NA,NA,0,0,0,0,0,0,0,0,0,0,0,0,0.45210038974660766,0.1875,3,0.380952380952381,0.4812499999999999,0.2571428571428572,0,0,0,0,0,0,australia,concentration,AUS,0,1,0.041,0.659,2,3,2,2,3,2,99,2,1,0.299212952764201,0.2506939068183431,2,0,0
1912,Nigerian Tanln Ari Estxl,flotation,0.486618,1,5,4745.862843562616,0,NA,NA,NA,NA,NA,NA,0,0,0,0,0,0,0,0,0,0,0,0,0,0,0,0,0,0,0,0,0,0,0,0,russia,concentration,RUS,0,0,0.41,0.358,0,0,0,0,0,0,99,2,0,0.4177028241580394,0.35310155792980513,5,1,0
1920,North Anantapur Gold Mines Limited,flotation,0.7328692,1,11,8.055251913081974e-5,1,NA,NA,NA,NA,NA,NA,0.03486471210586938,0.01851851851851851,1,0.2660098522167488,0.3089506172839506,0,0.30987748764142636,0.04918032786885246,3,0.4236111111111111,0.4726775956284153,0.00475636264360763,0.4132181462434945,0.1111111111111111,4,0.4186046511627907,0.47916666666666674,0.03581174184781271,0.10917378197063264,0.03846153846153846,1,0.425,0.3012820512820512,0,united kingdom,concentration,GBR,1,1,0.028,0.73,2,2,1,2,2,1,89,3,1,0.7141391340795604,0.728018024898714,11,1,1
1911,Northern Copper Company,flotation,0.4861449000000001,1,1,1814.8668346218217,0,NA,NA,NA,NA,NA,NA,0,0,0,0,0,0,0,0,0,0,0,0,0,0,0,0,0,0,0,0,0,0,0,0,united states of america,concentration,USA,0,0,0.098,0.581,1,2,1,1,2,1,98,3,1,0.35310155792980513,0.299212952764201,1,1,0
1912,Northern Copper Company,flotation,0.486618,1,1,0,0,NA,NA,NA,NA,NA,NA,0,0,0,0,0,0,0,0,0,0,0,0,0,0,0,0,0,0,1.9626155733547183e-17,0.2,1,1,0.2,0,united states of america,concentration,USA,0,0,0.098,0.581,1,2,1,1,2,1,98,3,1,0.4177028241580394,0.35310155792980513,1,1,1
1913,Northern Copper Company,flotation,0.486618,1,5,0,1,NA,NA,NA,NA,NA,NA,0,0,0,0,0,0,0,0,0,0,0,0,0.55150917479125,0.16666666666666666,4,0.41509433962264153,0.4666666666666668,0.03580698689394342,0.7071067811865476,0.5,1,0.6666666666666666,0.75,0,united states of america,concentration,USA,0,0,0.083,0.581,1,2,1,1,2,1,98,3,1,0.4961724216532594,0.4177028241580394,5,1,1
1914,Northern Copper Company,flotation,0.4930966,1,4,0,1,NA,NA,NA,NA,NA,NA,0,0,0,0,0,0,0,0,0,0,0,0,0.6405030560429822,0.16,4,0.3770491803278688,0.44733333333333336,0.05105597996774468,0.7848854055406456,0.3,3,1,0.30000000000000004,0.0074074074074074,united states of america,concentration,USA,0,0,0.079,0.581,1,2,1,1,2,1,98,3,1,0.5584463682805634,0.4961724216532594,4,1,1
1916,Olga Exploration Limited,flotation,0.009733079,1,2,5933.3405582826335,0,NA,NA,NA,NA,NA,NA,0,0,0,0,0,0,0,0,0,0,0,0,0,0,0,0,0,0,0,0,0,0,0,0,india,concentration,IND,1,1,0.032,0.509,NA,NA,NA,NA,NA,NA,NA,2,1,0.6729574267806794,0.612559678351326,2,1,0
1917,Olga Exploration Limited,flotation,0.007932349,1,1,7.011744621949612e-5,1,NA,NA,NA,NA,NA,NA,0,0,0,0,0,0,0,0,0,0,0,0,0,0,0,0,0,0,0,0,0,0,0,0,india,concentration,IND,1,1,0.032,0.509,NA,NA,NA,NA,NA,NA,NA,2,1,0.7117941939404383,0.6729574267806794,1,1,1
1922,Orconera Iron Ore Company,gravity,0.8857396,1,9,0,3,NA,NA,NA,NA,NA,NA,0,0,0,0,0,0,0,0,0,0,0,0,0.00445522499481551,0.025,1,0.20765027322404372,0.22482142857142856,0,0,0.09375,3,1,0.0625,0.00201612903225806,united kingdom,concentration,GBR,1,1,0.027,0.73,2,2,1,2,2,1,89,3,1,0.688849549299898,0.7024037803464414,9,0,1
1922,Orconera Iron Ore Company,flotation,0.8857396,1,9,0,3,NA,NA,NA,NA,NA,NA,0,0,0,0,0,0,0,0,0,0,0,0,0.00445522499481551,0.025,1,0.20765027322404372,0.22482142857142856,0,0,0.09375,3,1,0.0625,0.00201612903225806,united kingdom,concentration,GBR,1,1,0.027,0.73,2,2,1,2,2,1,89,3,1,0.688849549299898,0.7024037803464414,9,1,1
1903,Ore Concentration Syndicate Limited,gravity,1.215362,1,3,Inf,0,NA,NA,NA,NA,NA,NA,0,0,0,0,0,0,0,0,0,0,0,0,1,0.3333333333333333,1,1,0.3333333333333333,0,0,0,0,0,0,0,united kingdom,concentration,GBR,1,1,0.028,0.73,2,2,1,2,2,1,98,3,1,0.26118272078967675,0.2799278632830224,3,0,0
1903,Ore Concentration Syndicate Limited,gravity,1.215362,1,3,Inf,0,NA,NA,NA,NA,NA,NA,0,0,0,0,0,0,0,0,0,0,0,0,1,0.3333333333333333,1,1,0.3333333333333333,0,0,0,0,0,0,0,canada,concentration,CAN,0,1,0.074,0.597,2,1,1,2,1,1,96,0,1,0.26118272078967675,0.2799278632830224,3,0,0
1911,Ore Concentration Syndicate Limited,gravity,1.215362,1,5,5871.576582717342,0,NA,NA,NA,NA,NA,NA,0,0,0,0,0,0,0,0,0,0,0,0,0.40121823086355657,0.07142857142857142,1,0.3333333333333333,0.3976190476190476,0,0,0,0,0,0,0,united kingdom,concentration,GBR,1,1,0.028,0.73,2,2,2,2,2,2,98,3,1,0.35310155792980513,0.299212952764201,5,0,0
1911,Ore Concentration Syndicate Limited,gravity,1.215362,1,5,11889.762539395466,0,NA,NA,NA,NA,NA,NA,0,0,0,0,0,0,0,0,0,0,0,0,0.40121823086355657,0.07142857142857142,1,0.3333333333333333,0.3976190476190476,0,0,0,0,0,0,0,australia,concentration,AUS,0,1,0.041,0.659,2,3,2,2,3,2,99,2,1,0.35310155792980513,0.299212952764201,5,0,0
1911,Ore Concentration Syndicate Limited,gravity,1.215362,1,5,5874.063588080945,0,NA,NA,NA,NA,NA,NA,0,0,0,0,0,0,0,0,0,0,0,0,0.40121823086355657,0.07142857142857142,1,0.3333333333333333,0.3976190476190476,0,0,0,0,0,0,0,united kingdom,concentration,GBR,1,1,0.028,0.73,2,2,2,2,2,2,98,3,1,0.35310155792980513,0.299212952764201,5,0,0
1913,Ore Concentration Syndicate Limited,gravity,1.217137,0,2,0,0,NA,NA,NA,NA,NA,NA,0,0,0,0,0,0,0,0,0,0,0,0,0,0,0,0,0,0,0,0,0,0,0,0,united kingdom,concentration,GBR,1,1,0.028,0.73,2,2,2,2,2,2,98,3,1,0.4961724216532594,0.4177028241580394,2,0,1
1914,Ore Concentration Syndicate Limited,gravity,1.217137,1,5,0,0,NA,NA,NA,NA,NA,NA,0,0,0,0,0,0,0,0,0,0,0,0,0,0,0,0,0,0,0,0,0,0,0,0,united states of america,concentration,USA,0,0,0.079,0.581,1,2,1,1,2,1,98,3,1,0.5584463682805634,0.4961724216532594,5,0,1
1915,Ore Concentration Syndicate Limited,gravity,1.217137,1,5,0,0,NA,NA,NA,NA,NA,NA,0,0,0,0,0,0,0,0,0,0,0,0,0,0,0,0,0,0,0,0,0,0,0,0,united states of america,concentration,USA,0,0,0.07,0.581,1,2,1,1,2,1,98,3,1,0.612559678351326,0.5584463682805634,5,0,1
1915,Ore Concentration Syndicate Limited,gravity,1.217137,1,5,0,0,NA,NA,NA,NA,NA,NA,0,0,0,0,0,0,0,0,0,0,0,0,0,0,0,0,0,0,0,0,0,0,0,0,united kingdom,concentration,GBR,1,1,0.028,0.73,2,2,2,2,2,2,98,3,1,0.612559678351326,0.5584463682805634,5,0,1
1916,Ore Concentration Syndicate Limited,gravity,1.217137,1,5,0,0,NA,NA,NA,NA,NA,NA,0,0,0,0,0,0,0,0,0,0,0,0,0,0,0,0,0,0,0,0,0,0,0,0,united states of america,concentration,USA,0,0,0.07,0.581,1,2,1,1,2,1,98,3,1,0.6729574267806794,0.612559678351326,5,0,1
1917,Ore Concentration Syndicate Limited,gravity,0.6669843000000001,1,3,4.056828286154255e-4,0,NA,NA,NA,NA,NA,NA,0,0,0,0,0,0,0,0,0,0,0,0,0.13075378687321007,0.04761904761904761,1,0.32142857142857145,0.31904761904761897,0,0,0,0,0,0,0,united states of america,concentration,USA,0,0,0.07,0.581,1,2,1,1,2,1,98,3,1,0.7117941939404383,0.6729574267806794,3,0,1
1917,Ore Concentration Syndicate Limited,gravity,0.6669843000000001,1,3,1.0013217677085525e-4,0,NA,NA,NA,NA,NA,NA,0,0,0,0,0,0,0,0,0,0,0,0,0.13075378687321007,0.04761904761904761,1,0.32142857142857145,0.31904761904761897,0,0,0,0,0,0,0,united kingdom,concentration,GBR,1,1,0.028,0.73,2,2,2,2,2,2,94,3,1,0.7117941939404383,0.6729574267806794,3,0,1
1919,Ore Concentration Syndicate Limited,gravity,1.106684,1,3,0,0,NA,NA,NA,NA,NA,NA,0,0,0,0,0,0,0,0,0,0,0,0,0,0,0,0,0,0,0,0,0,0,0,0,united states of america,concentration,USA,0,0,0.07,0.581,1,2,1,1,2,1,98,3,1,0.728018024898714,0.7345959005799281,3,0,1
1919,Ore Concentration Syndicate Limited,gravity,1.106684,1,3,0,0,NA,NA,NA,NA,NA,NA,0,0,0,0,0,0,0,0,0,0,0,0,0,0,0,0,0,0,0,0,0,0,0,0,united kingdom,concentration,GBR,1,1,0.028,0.73,2,2,1,2,2,1,89,3,1,0.728018024898714,0.7345959005799281,3,0,1
1919,Ore Concentration Syndicate Limited,flotation,1.106684,1,3,0,0,NA,NA,NA,NA,NA,NA,0,0,0,0,0,0,0,0,0,0,0,0,0,0,0,0,0,0,0,0,0,0,0,0,united kingdom,concentration,GBR,1,1,0.028,0.73,2,2,1,2,2,1,89,3,1,0.728018024898714,0.7345959005799281,3,1,1
1920,Ore Concentration Syndicate Limited,gravity,1.106684,1,9,4.056828286154255e-4,2,NA,NA,NA,NA,NA,NA,0,0,0,0,0,0,0.2120506100751314,0.03278688524590164,2,0.4295774647887324,0.4699453551912568,0.00348634413893732,0.26413469198876965,0.05555555555555555,2,0.3673469387755102,0.4143518518518521,6.803551561109756e-4,0.08734397483908679,0.03846153846153846,1,0.3953488372093023,0.28846153846153844,0,united states of america,concentration,USA,0,0,0.078,0.581,1,2,1,1,2,1,98,3,1,0.7141391340795604,0.728018024898714,9,0,1
1920,Ore Concentration Syndicate Limited,gravity,1.106684,1,9,0,2,NA,NA,NA,NA,NA,NA,0,0,0,0,0,0,0.2120506100751314,0.03278688524590164,2,0.4295774647887324,0.4699453551912568,0.00348634413893732,0.26413469198876965,0.05555555555555555,2,0.3673469387755102,0.4143518518518521,6.803551561109756e-4,0.08734397483908679,0.03846153846153846,1,0.3953488372093023,0.28846153846153844,0,united kingdom,concentration,GBR,1,1,0.028,0.73,2,2,1,2,2,1,89,3,1,0.7141391340795604,0.728018024898714,9,0,1
1920,Ore Concentration Syndicate Limited,flotation,1.106684,1,9,0,2,NA,NA,NA,NA,NA,NA,0,0,0,0,0,0,0.2120506100751314,0.03278688524590164,2,0.4295774647887324,0.4699453551912568,0.00348634413893732,0.26413469198876965,0.05555555555555555,2,0.3673469387755102,0.4143518518518521,6.803551561109756e-4,0.08734397483908679,0.03846153846153846,1,0.3953488372093023,0.28846153846153844,0,united kingdom,concentration,GBR,1,1,0.028,0.73,2,2,1,2,2,1,89,3,1,0.7141391340795604,0.728018024898714,9,1,1
1921,Ore Concentration Syndicate Limited,gravity,0.4234026,1,4,4.056828286154255e-4,1,NA,NA,NA,NA,NA,NA,0,0,0,0,0,0,0,0,0,0,0,0,0,0,0,0,0,0,0,0,0,0,0,0,united states of america,concentration,USA,0,0,0.095,0.581,1,2,1,1,2,1,98,3,1,0.7024037803464414,0.7141391340795604,4,0,1
1921,Ore Concentration Syndicate Limited,gravity,0.4234026,1,4,0,1,NA,NA,NA,NA,NA,NA,0,0,0,0,0,0,0,0,0,0,0,0,0,0,0,0,0,0,0,0,0,0,0,0,united kingdom,concentration,GBR,1,1,0.028,0.73,2,2,1,2,2,1,89,3,1,0.7024037803464414,0.7141391340795604,4,0,1
1921,Ore Concentration Syndicate Limited,flotation,0.4234026,1,4,0,1,NA,NA,NA,NA,NA,NA,0,0,0,0,0,0,0,0,0,0,0,0,0,0,0,0,0,0,0,0,0,0,0,0,united kingdom,concentration,GBR,1,1,0.028,0.73,2,2,1,2,2,1,89,3,1,0.7024037803464414,0.7141391340795604,4,1,1
1923,Ore Concentration Syndicate Limited,gravity,0.4234026,1,5,4.056828286154255e-4,3,NA,NA,NA,NA,NA,NA,0,0,0,0,0,0,0,0,0,0,0,0,0.13608721741994645,0.02777777777777777,1,0.34615384615384615,0.3819444444444446,0,0.06712402669041742,0.09302325581395347,4,0.4,0.21899224806201548,0.02491694352159468,united states of america,concentration,USA,0,0,0.096,0.581,1,2,1,1,2,1,98,3,1,0.672542104491856,0.688849549299898,5,0,1
1915,Oroville Dredging Company,flotation,0.07136061,1,1,3744.4296878552777,0,NA,NA,NA,NA,NA,NA,0,0,0,0,0,0,0,0,0,0,0,0,0,0,0,0,0,0,0,0,0,0,0,0,colombia,concentration,COL,0,0,0.57,0.189,-1,-1,-2,-1,-1,-2,78,0,0,0.612559678351326,0.5584463682805634,1,1,0
1916,Oroville Dredging Company,flotation,0.07149666,1,1,0,0,NA,NA,NA,NA,NA,NA,0,0,0,0,0,0,0,0,0,0,0,0,0,0,0,0,0,0,0,0,0,0,0,0,colombia,concentration,COL,0,0,0.57,0.189,-1,-1,-2,-1,-1,-2,78,0,0,0.6729574267806794,0.612559678351326,1,1,1
1923,Oroville Dredging Limited,gravity,0.02859103,1,2,572.1082046119778,0,NA,NA,NA,NA,NA,NA,0,0,0,0,0,0,0,0,0,0,0,0,0.00449632516209987,0.02777777777777777,1,0.2278481012658228,0.2564814814814814,0,0,0,0,0,0,0,united states of america,concentration,USA,0,0,0.096,0.581,1,2,1,1,2,1,98,3,1,0.672542104491856,0.688849549299898,2,0,0
1915,Peabe And Partners Limited,flotation,1.427212,1,12,477.73758594865114,0,NA,NA,NA,NA,NA,NA,0,0,0,0,0,0,0,0,0,0,0,0,0,0,0,0,0,0,0,0,0,0,0,0,united states of america,concentration,USA,0,0,0.07,0.581,1,2,1,1,2,1,98,3,1,0.612559678351326,0.5584463682805634,12,1,0
1922,Pre Tea Block Limited,gravity,5.093003,0,6,0,0,NA,NA,NA,NA,NA,NA,0.08416037303991451,0.02564102564102564,1,0.29838709677419356,0.32008547008547,0,0.1096064946589494,0.0217391304347826,1,0.35384615384615387,0.4021739130434782,0,0.1534200868935217,0.05,2,0.33043478260869563,0.3591666666666668,0.00651885169767675,0,0,0,0,0,0,united kingdom,concentration,GBR,1,1,0.027,0.73,2,2,1,2,2,1,89,3,1,0.688849549299898,0.7024037803464414,6,0,1
1921,Premier Transvaal Ltd,gravity,3.271747,1,6,0,1,NA,NA,NA,NA,NA,NA,0.10943026981965946,0.0425531914893617,2,0.30201342281879195,0.33581560283687945,0.00433240826395313,0.30690425914907893,0.0588235294117647,3,0.425,0.4771241830065359,0.00604333176921053,0.49005135339849143,0.16129032258064516,5,0.3924050632911392,0.4860215053763442,0.14057156702317994,-0,0.1176470588235294,4,1,0.1176470588235294,0.0106951871657754,united kingdom,concentration,GBR,1,1,0.028,0.73,2,2,1,2,2,1,89,3,1,0.7024037803464414,0.7141391340795604,6,0,1
1917,Prestea Abossa Gold And Product States,gravity,4.049547,1,1,1.0013217677085525e-4,0,NA,NA,NA,NA,NA,NA,0,0,0,0,0,0,0,0,0,0,0,0,0,0,0,0,0,0,0,0,0,0,0,0,united kingdom,concentration,GBR,1,1,0.028,0.73,2,2,2,2,2,2,94,3,1,0.7117941939404383,0.6729574267806794,1,0,1
1910,Prestea Block Limited,gravity,3.996101,0,6,5871.576625293921,0,NA,NA,NA,NA,NA,NA,0,0,0,0,0,0,0,0,0,0,0,0,0.05160682556117171,0.0625,1,0.22857142857142856,0.2870535714285715,0,0,0,0,0,0,0,united kingdom,concentration,GBR,1,1,0.028,0.73,2,2,2,2,2,2,98,3,1,0.299212952764201,0.2506939068183431,6,0,0
1911,Prestea Block Limited,gravity,4.132231,0,8,5871.576582717342,0,NA,NA,NA,NA,NA,NA,0,0,0,0,0,0,0,0,0,0,0,0,0.1690707030743741,0.14285714285714285,2,0.2916666666666667,0.3904761904761906,0.14285714285714285,0,0,0,0,0,0,united kingdom,concentration,GBR,1,1,0.028,0.73,2,2,2,2,2,2,98,3,1,0.35310155792980513,0.299212952764201,8,0,0
1912,Prestea Block Limited,gravity,4.136253,0,8,0,0,NA,NA,NA,NA,NA,NA,0,0,0,0,0,0,0,0,0,0,0,0,0,0,0,0,0,0,0,0,0,0,0,0,united kingdom,concentration,GBR,1,1,0.028,0.73,2,2,2,2,2,2,98,3,1,0.4177028241580394,0.35310155792980513,8,0,1
1913,Prestea Block Limited,gravity,4.138267,1,9,0,0,NA,NA,NA,NA,NA,NA,0.02024087199307011,0.01724137931034482,1,0.24431818181818185,0.20574712643678153,0,0,0,0,0,0,0,0.03069497338350747,0.04166666666666666,1,0.25882352941176473,0.27916666666666673,0,0,0,0,0,0,0,united kingdom,concentration,GBR,1,1,0.028,0.73,2,2,2,2,2,2,98,3,1,0.4961724216532594,0.4177028241580394,9,0,1
1915,Prestea Block Limited,gravity,4.138267,0,6,0,1,NA,NA,NA,NA,NA,NA,0.12817078495912437,0.03225806451612903,2,0.3176470588235294,0.3204301075268818,0.02129123300461216,0.22356014175627056,0.03658536585365853,3,0.44086021505376344,0.47967479674796754,0.00697481455747734,0.7070062480664685,0.18518518518518515,5,0.43859649122807015,0.4876543209876545,0.06446743162429437,0.8194407983995684,0.5,4,1,0.5,0.04166666666666666,united kingdom,concentration,GBR,1,1,0.028,0.73,2,2,2,2,2,2,98,3,1,0.612559678351326,0.5584463682805634,6,0,1
1916,Prestea Block Limited,gravity,4.051478,0,6,0,0,NA,NA,NA,NA,NA,NA,0,0,0,0,0,0,0,0,0,0,0,0,0,0,0,0,0,0,0,0,0,0,0,0,united kingdom,concentration,GBR,1,1,0.031,0.73,2,2,2,2,2,2,94,3,1,0.6729574267806794,0.612559678351326,6,0,1
1919,Prestea Block Limited,gravity,5.090748,1,1,0,0,NA,NA,NA,NA,NA,NA,0,0,0,0,0,0,0,0,0,0,0,0,0,0,0,0,0,0,0,0,0,0,0,0,united kingdom,concentration,GBR,1,1,0.028,0.73,2,2,1,2,2,1,89,3,1,0.728018024898714,0.7345959005799281,1,0,1
1920,Prestea Block Limited,gravity,5.090748,1,1,0,0,NA,NA,NA,NA,NA,NA,0,0,0,0,0,0,0,0,0,0,0,0,0,0,0,0,0,0,0,0,0,0,0,0,united kingdom,concentration,GBR,1,1,0.028,0.73,2,2,1,2,2,1,89,3,1,0.7141391340795604,0.728018024898714,1,0,1
1923,Prestea Block Limited,gravity,3.888381,1,4,0,1,NA,NA,NA,NA,NA,NA,0.0937326683201682,0.04347826086956521,2,0.2721518987341772,0.3188664596273291,0.01208862036728155,0.43936106914507816,0.1,4,0.5263157894736842,0.55,0.01722396608482581,0.6156579784711277,0.16666666666666666,6,0.45,0.5231481481481479,0.0638720261755199,0,0.09302325581395347,4,0.4375,0.1782945736434108,0.01015134736064968,united kingdom,concentration,GBR,1,1,0.027,0.73,2,2,1,2,2,1,89,3,1,0.672542104491856,0.688849549299898,4,0,1
1922,Rand Election Corporation Limited,flotation,0.2734721,1,9,118.69045519281042,1,NA,NA,NA,NA,NA,NA,0,0,0,0,0,0,0,0,0,0,0,0,0.4868638202753089,0.1,4,0.3619047619047619,0.4212500000000001,0.040409761204121,5.9754056962572004e-18,0.03125,1,1,0.03125,0,united kingdom,concentration,GBR,1,1,0.027,0.73,2,2,1,2,2,1,89,3,1,0.688849549299898,0.7024037803464414,9,1,0
1920,Rand Selection Corporation Limited,flotation,0.05066789,1,7,737.5911595843587,0,NA,NA,NA,NA,NA,NA,0,0,0,0,0,0,0,0,0,0,0,0,0.5117473790534732,0.1388888888888889,5,0.42857142857142855,0.4976851851851852,0.02646025042782601,0,0,0,0,0,0,germany,concentration,DEU,0,0,0.084,0.674,1,1,1,1,1,1,89,1,1,0.7141391340795604,0.728018024898714,7,1,0
1923,Rand Selection Corporation Limited,flotation,0.05066789,1,8,0,5,NA,NA,NA,NA,NA,NA,0,0,0,0,0,0,0,0,0,0,0,0,0.7116646285014252,0.19444444444444445,7,0.4615384615384616,0.5416666666666663,0.06854890618146961,0,0.09302325581395347,4,1,0.02325581395348837,0,united kingdom,concentration,GBR,1,1,0.027,0.73,2,2,1,2,2,1,89,3,1,0.672542104491856,0.688849549299898,8,1,1
1913,Rhodesia Chamber Of Mines,flotation,2.677702,1,4,0,0,NA,NA,NA,NA,NA,NA,0,0,0,0,0,0,0,0,0,0,0,0,0,0,0,0,0,0,0,0,0,0,0,0,united states of america,concentration,USA,0,0,0.083,0.581,1,2,1,1,2,1,98,3,1,0.4961724216532594,0.4177028241580394,4,1,1
1912,Rhodesia Consolidated Limited,flotation,2.712032,1,13,717.1155651211134,1,NA,NA,NA,NA,NA,NA,0,0,0,0,0,0,0,0,0,0,0,0,0.770660488101248,0.2631578947368421,5,0.4130434782608696,0.5412280701754386,0.126982439263141,0,0.2,1,1,0.2,0,united states of america,concentration,USA,0,0,0.098,0.581,1,2,1,1,2,1,98,3,1,0.4177028241580394,0.35310155792980513,13,1,0
1912,Rhodesia Exploration Development Limited,flotation,1.459854,0,9,0,0,NA,NA,NA,NA,NA,NA,0,0,0,0,0,0,0,0,0,0,0,0,0,0,0,0,0,0,0,0,0,0,0,0,united states of america,concentration,USA,0,0,0.098,0.581,1,2,1,1,2,1,98,3,1,0.4177028241580394,0.35310155792980513,9,1,1
1923,Russo Asiatic Consolidated Limited,gravity,2.809318,1,6,611.6695249084507,0,NA,NA,NA,NA,NA,NA,0,0,0,0,0,0,0,0,0,0,0,0,0,0,0,0,0,0,0,0,0,0,0,0,france,concentration,FRA,0,0,0.132,0.849,2,2,2,2,2,2,97,2,1,0.672542104491856,0.688849549299898,6,0,0
1923,Sheba Gold Mining Company,flotation,5.144423,1,4,0,0,NA,NA,NA,NA,NA,NA,0,0,0,0,0,0,0,0,0,0,0,0,0,0,0,0,0,0,0,0,0,0,0,0,canada,concentration,CAN,0,1,0.07,0.631,2,1,1,2,2,1,98,0,1,0.672542104491856,0.688849549299898,4,1,1
1912,Thelma Syndicate Limited,gravity,0.03406326,1,0,1131.052891411691,0,NA,NA,NA,NA,NA,NA,0,0,0,0,0,0,0,0,0,0,0,0,0,0,0,0,0,0,0,0,0,0,0,0,norway,concentration,NOR,0,0,0.025,0.822,2,3,2,2,3,2,100,1,1,0.4177028241580394,0.35310155792980513,0,0,0
1919,Tomboy Gold Mines Company,flotation,1.549358,1,7,4885.144684800854,0,NA,NA,NA,NA,NA,NA,4.1103904540928206e-17,0.01886792452830188,1,1,0.01886792452830188,0,0.11021245718263524,0.01538461538461538,1,0.3611111111111111,0.4076923076923077,0,0.1557209901922951,0.05128205128205128,2,0.325,0.3747863247863248,0.05128205128205128,0,0,0,0,0,0,argentina,concentration,ARG,0,0,0.222,0.551,1,1,0,1,1,0,92,1,1,0.728018024898714,0.7345959005799281,7,1,0
1920,Tomboy Gold Mines Company,flotation,1.099304,1,1,3.7604060509083704e-4,1,NA,NA,NA,NA,NA,NA,0,0,0,0,0,0,0,0,0,0,0,0,0,0,0,0,0,0,0,0,0,0,0,0,argentina,concentration,ARG,0,0,0.222,0.551,1,1,0,1,1,0,92,1,1,0.7141391340795604,0.728018024898714,1,1,1
1921,Tomboy Gold Mines Company,flotation,1.154734,1,6,0,0,NA,NA,NA,NA,NA,NA,0,0,0,0,0,0,0,0,0,0,0,0,0.4894535436406916,0.0967741935483871,3,0.4133333333333334,0.4677419354838712,0.029290726879861,0,0,0,0,0,0,argentina,concentration,ARG,0,0,0.222,0.551,1,1,0,1,1,0,92,1,1,0.7024037803464414,0.7141391340795604,6,1,1
1922,Tomboy Gold Mines Company,flotation,1.328609,1,6,0,2,NA,NA,NA,NA,NA,NA,0,0,0,0,0,0,0,0,0,0,0,0,0,0,0,0,0,0,0,0,0,0,0,0,argentina,concentration,ARG,0,0,0.216,0.551,1,1,0,1,1,0,92,1,1,0.688849549299898,0.7024037803464414,6,1,1
1923,Tomboy Gold Mines Company,flotation,1.37237,1,2,0,1,NA,NA,NA,NA,NA,NA,0,0,0,0,0,0,0,0,0,0,0,0,0.13608721741994642,0.02777777777777777,1,0.34615384615384615,0.3819444444444446,0,0,0,0,0,0,0,argentina,concentration,ARG,0,0,0.216,0.551,1,1,0,1,1,0,92,1,1,0.672542104491856,0.688849549299898,2,1,1
1908,Utah Apex Mining Company,gravity,0.008486056,1,9,Inf,0,NA,NA,NA,NA,NA,NA,0,0,0,0,0,0,0,0,0,0,0,0,1,0.3636363636363637,4,0.6666666666666666,0.4393939393939394,0.21818181818181817,0,0,0,0,0,0,united states of america,concentration,USA,0,0,0.117,0.581,1,1,1,1,1,1,98,1,1,0.23543127838663735,0.24968124882869647,9,0,0
1909,Utah Apex Mining Company,gravity,0.008486056,1,6,833.3887258571552,0,NA,NA,NA,NA,NA,NA,0,0,0,0,0,0,0,0,0,0,0,0,0,0,0,0,0,0,0,0,0,0,0,0,united states of america,concentration,USA,0,0,0.117,0.581,1,1,1,1,1,1,98,1,1,0.2506939068183431,0.23543127838663735,6,0,0
1910,Utah Apex Mining Company,gravity,0.008486056,0,6,833.3887258571552,0,NA,NA,NA,NA,NA,NA,0,0,0,0,0,0,0,0,0,0,0,0,0.21079461083972287,0.125,2,0.2962962962962963,0.38958333333333334,0.125,0,0,0,0,0,0,united states of america,concentration,USA,0,0,0.098,0.581,1,2,1,1,2,1,98,3,1,0.299212952764201,0.2506939068183431,6,0,0
1912,Utah Apex Mining Company,gravity,0.008486056,1,4,2429.036120559446,0,NA,NA,NA,NA,NA,NA,0,0,0,0,0,0,0,0,0,0,0,0,0,0,0,0,0,0,0,0,0,0,0,0,united states of america,concentration,USA,0,0,0.098,0.581,1,2,1,1,2,1,98,3,1,0.4177028241580394,0.35310155792980513,4,0,0
1916,Utah Apex Mining Company,gravity,0.008486056,0,1,2429.036120559446,0,NA,NA,NA,NA,NA,NA,0,0,0,0,0,0,0,0,0,0,0,0,0.3558303288893155,0.06666666666666667,2,0.3448275862068966,0.3983333333333334,0.00175948122195586,0,0,0,0,0,0,united states of america,concentration,USA,0,0,0.07,0.581,1,2,1,1,2,1,98,3,1,0.6729574267806794,0.612559678351326,1,0,0
1919,Utah Apex Mining Company,gravity,0.008486056,1,7,0,0,NA,NA,NA,NA,NA,NA,0,0,0,0,0,0,0,0,0,0,0,0,0.3367023864132523,0.05128205128205128,2,0.34210526315789475,0.40427350427350434,0.00521343959067226,0,0,0,0,0,0,united kingdom,concentration,GBR,1,1,0.028,0.73,2,2,1,2,2,1,89,3,1,0.728018024898714,0.7345959005799281,7,0,1
1920,Utah Apex Mining Company,gravity,0.007024551,1,6,0,0,NA,NA,NA,NA,NA,NA,0,0,0,0,0,0,0,0,0,0,0,0,0,0,0,0,0,0,0,0,0,0,0,0,united kingdom,concentration,GBR,1,1,0.028,0.73,2,2,1,2,2,1,89,3,1,0.7141391340795604,0.728018024898714,6,0,1
1921,Utah Apex Mining Company,gravity,0.007382602,1,4,0,0,NA,NA,NA,NA,NA,NA,0,0,0,0,0,0,0,0,0,0,0,0,0,0,0,0,0,0,0,0,0,0,0,0,united kingdom,concentration,GBR,1,1,0.028,0.73,2,2,1,2,2,1,89,3,1,0.7024037803464414,0.7141391340795604,4,0,1
1922,Utah Apex Mining Company,gravity,0.008494243,1,5,0,0,NA,NA,NA,NA,NA,NA,0,0,0,0,0,0,0,0,0,0,0,0,0.29867053786385744,0.05,2,0.37623762376237624,0.4000000000000002,0.00967764347312057,0,0,0,0,0,0,united kingdom,concentration,GBR,1,1,0.027,0.73,2,2,1,2,2,1,89,3,1,0.688849549299898,0.7024037803464414,5,0,1
1919,Van Rydn Deep Limited,flotation,3.555134,1,4,2.8333329557698393e-4,0,NA,NA,NA,NA,NA,NA,0,0,0,0,0,0,0,0,0,0,0,0,0,0,0,0,0,0,0,0,0,0,0,0,canada,concentration,CAN,0,1,0.067,0.631,2,2,1,2,2,1,98,0,1,0.728018024898714,0.7345959005799281,4,1,1
1920,Van Rydn Deep Limited,flotation,3.555134,1,4,0,1,NA,NA,NA,NA,NA,NA,0,0,0,0,0,0,0,0,0,0,0,0,0.4960054981383324,0.1111111111111111,4,0.42857142857142855,0.4861111111111111,0.01337719318764565,0,0.1153846153846154,3,0.8,0.13461538461538464,0.00184615384615384,canada,concentration,CAN,0,1,0.067,0.631,2,1,1,2,2,1,98,0,1,0.7141391340795604,0.728018024898714,4,1,1
1921,Van Rydn Deep Limited,flotation,3.555134,1,4,0,3,NA,NA,NA,NA,NA,NA,0,0,0,0,0,0,0,0,0,0,0,0,0.6311400087177732,0.12903225806451613,4,0.43661971830985913,0.4973118279569894,0.05524024299915641,9.142106737572284e-17,0.2058823529411765,7,1,0.1176470588235294,0.0106951871657754,canada,concentration,CAN,0,1,0.067,0.631,2,1,1,2,2,1,98,0,1,0.7024037803464414,0.7141391340795604,4,1,1
1922,Van Rydn Deep Limited,flotation,3.555134,1,4,0,0,NA,NA,NA,NA,NA,NA,0,0,0,0,0,0,0,0,0,0,0,0,0,0,0,0,0,0,0,0.03125,1,0.4090909090909091,0.1328125,0,canada,concentration,CAN,0,1,0.07,0.631,2,1,1,2,2,1,98,0,1,0.688849549299898,0.7024037803464414,4,1,1
1923,Van Rydn Deep Limited,flotation,3.555134,1,7,0,3,NA,NA,NA,NA,NA,NA,0,0,0,0,0,0,0,0,0,0,0,0,0.5686362541468926,0.1388888888888889,5,0.42857142857142855,0.4976851851851852,0.06955728677698589,0,0.11627906976744186,5,0.4666666666666667,0.19379844961240308,0.05094130675526024,canada,concentration,CAN,0,1,0.07,0.631,2,1,1,2,2,1,98,0,1,0.672542104491856,0.688849549299898,7,1,1
1923,Vutah Apex Mining,gravity,0.00878615799999999,1,6,0,0,NA,NA,NA,NA,NA,NA,0,0,0,0,0,0,0,0,0,0,0,0,0,0,0,0,0,0,0,0,0,0,0,0,united kingdom,concentration,GBR,1,1,0.027,0.73,2,2,1,2,2,1,89,3,1,0.672542104491856,0.688849549299898,6,0,1
1911,Abbassi Wassau Gold Mines Limited,cyanid,2.436647,1,8,1.0013217677085525e-4,2,1,1,1,0,0,0,0.01842319793111552,0.0131578947368421,1,0.25524475524475526,0.26688596491228067,0,0.2253126058546354,0.03333333333333333,3,0.4455445544554455,0.4814814814814815,0.00392534871340006,0.21532179121364536,0.03361344537815126,4,0.39403973509933776,0.44047619047619074,0.00364403799914443,0.01889963043948928,0.02290076335877862,6,0.2903225806451613,0.2712468193384234,0.00144880302521925,united kingdom,extraction,GBR,1,1,0.028,0.73,2,2,2,2,2,2,98,3,1,0.9090477242361656,0.900247987322166,8,1,1
1921,Abbontiakoon Wassau Mines Limited,cyanid,3.079292,0,8,0,4,3,2,2,0,0,0,0.19321583983762564,0.06382978723404255,3,0.3435114503816794,0.39255319148936174,0.03582255597274371,0.38782139164565665,0.0784313725490196,4,0.5204081632653061,0.5392156862745098,0.03255060918718952,0.4335752263390292,0.10294117647058824,7,0.4722222222222222,0.5183823529411766,0.051310303669243,0.04912418423460726,0.03504043126684636,13,0.33055555555555555,0.3536388140161706,0.02885342790218844,united kingdom,extraction,GBR,1,1,0.028,0.73,2,2,1,2,2,1,89,3,1,0.8977238173556666,0.8827313706089669,8,1,1
1908,African And General Exploration Limited,amalgama,7.29927,1,3,99.01792617439946,0,0,0,0,0,0,0,0,0,0,0,0,0,0,0,0,0,0,0,0,0,0,0,0,0,0,0,0,0,0,0,united states of america,extraction,USA,0,0,0.117,0.581,1,1,1,1,1,1,98,1,1,0.9055704681028238,0.9101864858593508,3,0,0
1895,African Gold Recovery Company,cyanid,0.5974927,1,5,0,0,0,0,0,0,0,0,0,0,0,0,0,0,0,0,0,0,0,0,0,0,0,0,0,0,0,0,0,0,0,0,south africa,extraction,ZAF,1,1,NA,NA,NA,NA,NA,NA,NA,NA,NA,NA,NA,0.7078988530850715,0.6957655151230822,5,1,1
1910,African Gold Recovery Company,cyanid,1.215953,1,5,0,1,0,0,0,0,0,0,0,0,0,0,0,0,0,0,0,0,0,0,0,0,0,0,0,0,0.01787399357444579,0.02369668246445497,5,0.2998324958123953,0.2944482058226141,0.00201519031109346,south africa,extraction,ZAF,1,1,0.408,0.115,-1,-2,-3,-1,-2,-3,82,-2,0,0.900247987322166,0.8929159482487512,5,1,1
1921,Akoko Main Reef Limited,cyanid,0.1539646,0,4,0,3,1,2,1,0,1,0,0.3400624786602788,0.10638297872340426,5,0.42857142857142855,0.4734042553191488,0.16851947517997468,0.38782139164565665,0.0784313725490196,4,0.5204081632653061,0.5392156862745098,0.03255060918718952,0.4887675833712358,0.1323529411764706,9,0.4927536231884058,0.5416666666666669,0.13537852221985386,0.03015206246091397,0.0431266846361186,16,0.3472762645914397,0.3696316262353975,0.0569283889750958,united kingdom,extraction,GBR,1,1,0.028,0.73,2,2,1,2,2,1,89,3,1,0.8977238173556666,0.8827313706089669,4,1,1
1923,Akoko Main Reef Limited,cyanid,0.1829826,0,2,0,2,0,0,0,0,0,0,0,0,0,0,0,0,0,0,0,0,0,0,0,0,0,0,0,0,0.04301499112986229,0.05291005291005291,20,0.3796004206098843,0.40480599647266263,0.02486741721573486,united states of america,extraction,USA,0,0,0.096,0.581,1,2,1,1,2,1,98,3,1,0.9260468773507357,0.9128783852142348,2,1,1
1919,Akoko Math Reef,cyanid,0.1770695,0,0,0,0,0,0,0,0,0,0,0,0,0,0,0,0,0,0,0,0,0,0,0,0,0,0,0,0,0,0,0,0,0,0,united kingdom,extraction,GBR,1,1,0.028,0.73,2,2,1,2,2,1,89,3,1,0.8666171596554353,0.8554794889536566,0,1,1
1914,Alaska Mecha Mining Company,cyanid,4.930966,1,4,0,3,1,3,1,0,0,0,0.1871438015854502,0.01587301587301587,1,0.32786885245901637,0.3542328042328043,0,0.15380338697736776,0.02777777777777777,2,0.4,0.4467592592592592,0.00268741042308405,0.195887269882537,0.03296703296703297,3,0.3991228070175439,0.44322344322344354,0.00450162587391412,2.8327523367466215e-17,0.01666666666666666,6,0.8,0.00972222222222222,7.737542556484061e-6,united states of america,extraction,USA,0,0,0.079,0.581,1,2,1,1,2,1,98,3,1,0.908179444741422,0.9228291504899564,4,1,1
1913,Alaska Mexican Gold Mining Company,cyanid,4.868549,1,5,2352.3449498783734,0,0,0,0,1,2,1,0.19784087033191036,0.01724137931034482,1,0.3706896551724138,0.30890804597701155,0,0.14456994114526653,0.02531645569620253,2,0.3910891089108911,0.43881856540084385,0.00931161148051426,0.20555911238612676,0.03061224489795918,3,0.40611353711790393,0.4268707482993199,0.00891896538135739,0,0,0,0,0,0,united states of america,extraction,USA,0,0,0.083,0.581,1,2,1,1,2,1,98,3,1,0.9228291504899564,0.9179453344387052,5,1,0
1915,Alaska Mexican Gold Mining Company,cyanid,4.868549,1,5,0,4,1,3,1,0,0,0,0.17900057808161823,0.01612903225806451,1,0.3375,0.331989247311828,0,0.23537769416631812,0.03658536585365853,3,0.4659090909090909,0.49491869918699194,0.00845046727080643,0.2715052276892144,0.04081632653061224,4,0.44036697247706424,0.46768707482993216,0.00631739842476831,6.538462839339685e-17,0.0284090909090909,10,1,0.01136363636363636,1.780626780626781e-5,united states of america,extraction,USA,0,0,0.07,0.581,1,2,1,1,2,1,98,3,1,0.8901492706922215,0.908179444741422,5,1,1
1916,Alaska Mexican Gold Mining Company,cyanid,4.868549,1,3,0,2,0,1,0,0,1,0,0,0,0,0,0,0,0.3417293921372805,0.05172413793103448,3,0.46774193548387094,0.5014367816091954,0.02928582851316676,0.34924396483431247,0.04,3,0.4166666666666667,0.4577777777777776,0.01664616703080194,0,0.02114803625377643,7,1,0.00906344410876133,9.154994049253868e-6,united states of america,extraction,USA,0,0,0.07,0.581,1,2,1,1,2,1,98,3,1,0.8715313750908763,0.8901492706922215,3,1,1
1917,Alaska Mexican Gold Mining Company,cyanid,4.868549,1,6,0,6,1,3,1,0,0,0,0.2202748666579428,0.02777777777777777,1,0.3018867924528302,0.323611111111111,0,0.3372650638768489,0.06521739130434782,3,0.4509803921568627,0.4963768115942029,0.01788638011771543,0.398887629266151,0.06557377049180328,4,0.41216216216216217,0.465846994535519,0.0165356180071131,4.154954170631315e-7,0.04166666666666666,14,0.1747945205479452,0.17997685185185114,0.01689765458422175,united states of america,extraction,USA,0,0,0.07,0.581,1,2,1,1,2,1,98,3,1,0.8562317952059528,0.8715313750908763,6,1,1
1921,Alaska Mexican Gold Mining Company,cyanid,4.868549,1,2,0.0013051630068547,2,0,1,0,0,0,0,0,0,0,0,0,0,0.08091713249657767,0.0196078431372549,1,0.34459459459459457,0.392156862745098,0,0.07800183961556491,0.01470588235294117,1,0.3300970873786408,0.3693627450980392,0,8.411136791759638e-5,0.01617250673854447,6,0.2061200923787529,0.2093056090360691,0,united states of america,extraction,USA,0,0,0.095,0.581,1,2,1,1,2,1,98,3,1,0.8977238173556666,0.8827313706089669,2,1,1
1922,Alaska Mexican Gold Mining Company,cyanid,4.868549,1,5,0,4,1,3,1,0,0,0,0.22177456628148337,0.02564102564102564,1,0.31896551724137934,0.3572649572649573,0,0.24230599175818893,0.04347826086956521,2,0.4693877551020408,0.4981884057971014,0.00818308947599565,0.29450223855179913,0.04838709677419355,3,0.43356643356643354,0.4717741935483869,0.0090627349791395,5.4841827041104805e-18,0.04395604395604396,16,1,0.01373626373626373,1.1730693548875369e-4,united states of america,extraction,USA,0,0,0.094,0.581,1,2,1,1,2,1,98,3,1,0.9128783852142348,0.8977238173556666,5,1,1
1923,Alaska Mexican Gold Mining Company,cyanid,4.868549,1,5,0,4,1,2,1,0,0,0,0.20087660032654653,0.0217391304347826,1,0.3359375,0.3644927536231885,0,0.2408804085189506,0.05,2,0.46511627906976744,0.4979166666666666,0.00449564868682515,0.3036925924974237,0.05357142857142857,3,0.4087591240875912,0.4574404761904759,0.00335319552897256,2.0381274866350743e-4,0.04497354497354497,17,0.2327530625402966,0.24006676744772093,8.062835834684624e-4,united states of america,extraction,USA,0,0,0.096,0.581,1,2,1,1,2,1,98,3,1,0.9260468773507357,0.9128783852142348,5,1,1
1913,Alaska Treadwell Gold Mining Company,cyanid,24.342746000000002,1,11,2352.3449498783734,1,0,1,0,1,4,1,0.19784087033191036,0.01724137931034482,1,0.3706896551724138,0.30890804597701155,0,0.2599970085588286,0.0379746835443038,3,0.4759036144578313,0.5010548523206751,0.02576266020800553,0.31417039517742024,0.04081632653061224,4,0.4492753623188406,0.45918367346938793,0.0185476278214469,0,0.00943396226415094,3,1,0.00943396226415094,5.95202666507946e-5,united states of america,extraction,USA,0,0,0.083,0.581,1,2,1,1,2,1,98,3,1,0.9228291504899564,0.9179453344387052,11,1,0
1914,Alaska Treadwell Gold Mining Company,cyanid,24.654832,1,5,6.956691389791695,2,1,2,1,0,1,0,0.1871438015854502,0.01587301587301587,1,0.32786885245901637,0.3542328042328043,0,0.1538033869773678,0.02777777777777777,2,0.4,0.4467592592592592,0.00268741042308405,0.19588726988253705,0.03296703296703297,3,0.3991228070175439,0.44322344322344354,0.00450162587391412,2.2849758498513567e-17,0.01944444444444444,7,1,0.01111111111111111,1.4185494686887442e-5,united states of america,extraction,USA,0,0,0.079,0.581,1,2,1,1,2,1,98,3,1,0.908179444741422,0.9228291504899564,5,1,1
1915,Alaska Treadwell Gold Mining Company,cyanid,24.654832,1,3,0,2,0,1,0,0,0,0,0,0,0,0,0,0,0.17501729054130138,0.02439024390243902,2,0.43617021276595747,0.47154471544715454,0.00347988074351149,0.16408931304250474,0.02040816326530612,2,0.41025641025641024,0.4387755102040819,0.00205987102120933,5.1985123055300125e-17,0.01988636363636363,7,0.8,0.00994318181818181,0,united states of america,extraction,USA,0,0,0.07,0.581,1,2,1,1,2,1,98,3,1,0.8901492706922215,0.908179444741422,3,1,1
1916,Alaska Treadwell Gold Mining Company,cyanid,24.654832,1,3,0,0,0,0,0,0,0,0,0,0,0,0,0,0,0,0,0,0,0,0,0,0,0,0,0,0,5.034632649693515e-18,0.0120845921450151,4,0.75,0.00755287009063444,0,united states of america,extraction,USA,0,0,0.07,0.581,1,2,1,1,2,1,98,3,1,0.8715313750908763,0.8901492706922215,3,1,1
1917,Alaska Treadwell Gold Mining Company,cyanid,24.654832,1,3,0,0,0,0,0,0,0,0,0,0,0,0,0,0,0,0,0,0,0,0,0,0,0,0,0,0,4.789198725451507e-6,0.01488095238095238,5,0.2108393919365499,0.2154336734693893,0.02238805970149253,united states of america,extraction,USA,0,0,0.07,0.581,1,2,1,1,2,1,98,3,1,0.8562317952059528,0.8715313750908763,3,1,1
1919,Alaska Treadwell Gold Mining Company,cyanid,24.654832,1,3,0,0,0,0,0,0,0,0,0,0,0,0,0,0,0,0,0,0,0,0,0,0,0,0,0,0,5.911507704850775e-4,0.01123595505617977,4,0.21755725190839695,0.2198903156768341,0,united states of america,extraction,USA,0,0,0.07,0.581,1,2,1,1,2,1,98,3,1,0.8666171596554353,0.8554794889536566,3,1,1
1920,Alaska Treadwell Gold Mining Company,cyanid,24.654832,1,8,0,5,1,4,1,0,0,0,0.18350210651708024,0.01851851851851851,1,0.33540372670807456,0.38765432098765434,0,0.3227985099646964,0.04918032786885246,3,0.4765625,0.505464480874317,0.00901434259787971,0.3732625176182161,0.05128205128205128,4,0.4406779661016949,0.480769230769231,0.00864997615872829,0,0.04427083333333333,17,1,0.01302083333333333,6.121319661626451e-5,united states of america,extraction,USA,0,0,0.078,0.581,1,2,1,1,2,1,98,3,1,0.8827313706089669,0.8666171596554353,8,1,1
1921,Alaska Treadwell Gold Mining Company,cyanid,24.654832,1,1,0.0013051630068547,1,0,1,0,0,0,0,0,0,0,0,0,0,0.08091713249657766,0.0196078431372549,1,0.34459459459459457,0.392156862745098,0,0.07800183961556491,0.01470588235294117,1,0.3300970873786408,0.3693627450980392,0,0.0010423871464429,0.0215633423180593,8,0.2590711175616836,0.2667115902964964,0.0154731550957966,united states of america,extraction,USA,0,0,0.095,0.581,1,2,1,1,2,1,98,3,1,0.8977238173556666,0.8827313706089669,1,1,1
1922,Alaska Treadwell Gold Mining Company,cyanid,24.654832,1,2,0,2,0,1,0,0,0,0,0,0,0,0,0,0,0.10960649465894942,0.0217391304347826,1,0.35384615384615387,0.4021739130434782,0,0.10037965332984287,0.01612903225806451,1,0.33513513513513515,0.3755376344086021,0,0,0.02747252747252747,10,0.7142857142857143,0.01098901098901099,3.7840946931856023e-6,united states of america,extraction,USA,0,0,0.094,0.581,1,2,1,1,2,1,98,3,1,0.9128783852142348,0.8977238173556666,2,1,1
1923,Alaska Treadwell Gold Mining Company,cyanid,24.654832,1,3,0,3,1,1,1,0,0,0,0.20087660032654645,0.0217391304347826,1,0.3359375,0.3644927536231885,0,0.12873463546897113,0.025,1,0.4,0.44375,0,0.2090306813366905,0.03571428571428571,2,0.380952380952381,0.42767857142857113,7.523250598802401e-4,5.410421784350119e-4,0.03968253968253968,15,0.2680029695619896,0.27879188712522096,0.00906102520181904,united states of america,extraction,USA,0,0,0.096,0.581,1,2,1,1,2,1,98,3,1,0.9260468773507357,0.9128783852142348,3,1,1
1913,Alaska United Gold Mining Company,cyanid,4.426737,1,3,2352.3449498783734,0,0,0,0,1,1,1,0.19784087033191036,0.01724137931034482,1,0.3706896551724138,0.30890804597701155,0,0.0546317435510724,0.01265822784810126,1,0.32113821138211385,0.36392405063291133,0,0.12222234433354282,0.02040816326530612,2,0.35094339622641507,0.3778911564625849,0.00238525724998908,0,0,0,0,0,0,united states of america,extraction,USA,0,0,0.083,0.581,1,2,1,1,2,1,98,3,1,0.9228291504899564,0.9179453344387052,3,1,0
1915,Alaska United Gold Mining Company,cyanid,4.426737,1,5,0,3,1,3,1,0,0,0,0.17900057808161826,0.01612903225806451,1,0.3375,0.331989247311828,0,0.23537769416631815,0.03658536585365853,3,0.4659090909090909,0.49491869918699194,0.00845046727080643,0.27150522768921453,0.04081632653061224,4,0.44036697247706424,0.46768707482993216,0.00631739842476831,6.375299133507687e-17,0.02556818181818182,9,1,0.01136363636363636,1.4568764568764569e-5,united states of america,extraction,USA,0,0,0.07,0.581,1,2,1,1,2,1,98,3,1,0.8901492706922215,0.908179444741422,5,1,1
1916,Alaska United Gold Mining Company,cyanid,4.426737,1,3,0,2,0,1,0,0,1,0,0,0,0,0,0,0,0.34172939213728026,0.05172413793103448,3,0.46774193548387094,0.5014367816091954,0.02928582851316676,0.3492439648343125,0.04,3,0.4166666666666667,0.4577777777777776,0.01664616703080194,0,0.02114803625377643,7,1,0.00906344410876133,9.154994049253868e-6,united states of america,extraction,USA,0,0,0.07,0.581,1,2,1,1,2,1,98,3,1,0.8715313750908763,0.8901492706922215,3,1,1
1917,Alaska United Gold Mining Company,cyanid,4.426737,1,1,0,1,0,0,0,0,0,0,0,0,0,0,0,0,0,0,0,0,0,0,0,0,0,0,0,0,5.29485631089676e-8,0.01785714285714285,6,0.14885674288380774,0.14914375472411273,0,united states of america,extraction,USA,0,0,0.07,0.581,1,2,1,1,2,1,98,3,1,0.8562317952059528,0.8715313750908763,1,1,1
1919,Alaska United Gold Mining Company,cyanid,4.426737,1,5,0,3,0,3,0,0,1,0,0,0,0,0,0,0,0.29515907268556874,0.04615384615384615,3,0.4924242424242424,0.5128205128205129,0.01135002415685261,0.2843066493116238,0.0375,3,0.449438202247191,0.47812500000000047,0.00722843059385889,0.00882175189445045,0.02528089887640449,9,0.2773722627737226,0.286142322097379,0.02668117318141056,united states of america,extraction,USA,0,0,0.07,0.581,1,2,1,1,2,1,98,3,1,0.8666171596554353,0.8554794889536566,5,1,1
1921,Alaska United Gold Mining Company,cyanid,4.426737,1,4,0.0013051630068547,3,0,2,0,0,0,0,0,0,0,0,0,0,0.20511551436857708,0.0392156862745098,2,0.4396551724137931,0.4787581699346405,0.006187411184205,0.1901441271023127,0.02941176470588235,2,0.3953488372093023,0.4362745098039213,0.00280252660922997,1.5159604503899382e-4,0.02425876010781671,9,0.2061200923787529,0.2093056090360691,0,united states of america,extraction,USA,0,0,0.095,0.581,1,2,1,1,2,1,98,3,1,0.8977238173556666,0.8827313706089669,4,1,1
1923,Alaska United Gold Mining Company,cyanid,4.426737,1,2,0,1,0,1,0,0,0,0,0,0,0,0,0,0,0.24088040851895068,0.05,2,0.46511627906976744,0.4979166666666666,0.00449564868682515,0.20721061169088503,0.03571428571428571,2,0.3971631205673759,0.4410714285714283,0.00177130320222539,0.00103249822755499,0.03174603174603174,12,0.2925445705024311,0.3033068783068786,0.01304902899711503,united states of america,extraction,USA,0,0,0.096,0.581,1,2,1,1,2,1,98,3,1,0.9260468773507357,0.9128783852142348,2,1,1
1921,Albion Mining Limited Ibb,cyanid,0.2886836,1,1,0,1,0,0,0,0,0,0,0,0,0,0,0,0,0,0,0,0,0,0,0,0,0,0,0,0,0.0062123561511644,0.01617250673854447,6,0.28154574132492116,0.29469901168014445,0.01144478795394562,chile,extraction,CHL,0,0,0.184,0.272,0,1,-1,0,1,-1,97,1,1,0.8977238173556666,0.8827313706089669,1,1,1
1914,Andrada Mines Limited,cyanid,1.47929,1,4,0,2,0,0,0,0,0,0,0,0,0,0,0,0,0,0,0,0,0,0,0,0,0,0,0,0,1.933306040560452e-17,0.01111111111111111,4,0.8333333333333334,0.0125,1.392757660167131e-4,united states of america,extraction,USA,0,0,0.079,0.581,1,2,1,1,2,1,98,3,1,0.908179444741422,0.9228291504899564,4,1,1
1908,Angelo Gold Mtr Rltmitedt,cyanid,1.459854,1,7,0,1,0,1,0,0,0,0,0,0,0,0,0,0,0.13605608259257587,0.02531645569620253,2,0.395,0.4419831223628692,0.00156482668663987,0.129705105106471,0.01851851851851851,2,0.3540983606557377,0.3992283950617283,6.912369113965371e-4,0,0.0131578947368421,1,1,0.0131578947368421,0,canada,extraction,CAN,0,1,0.074,0.597,2,1,1,2,1,1,96,0,1,0.9055704681028238,0.9101864858593508,7,1,1
1909,Angelo Gold Mtr Rltmitedt,cyanid,1.461988,1,7,0,0,0,0,0,0,0,0,0,0,0,0,0,0,0,0,0,0,0,0,0,0,0,0,0,0,0.24950761430351528,0.05056179775280899,9,0.3357487922705314,0.3087613697164265,2.7389174838248636e-4,canada,extraction,CAN,0,1,0.074,0.597,2,1,1,2,1,1,96,0,1,0.8929159482487512,0.9055704681028238,7,1,1
1913,Anglo French Etmram Nhsmvala Navigation,cyanid,0.5355404,1,11,0,5,0,1,0,0,0,0,0,0,0,0,0,0,0.05463174355107239,0.01265822784810126,1,0.32113821138211385,0.36392405063291133,0,0.056817652655754,0.01020408163265306,1,0.31313131313131315,0.3340136054421768,0,0.07590188363695444,0.05031446540880503,16,0.23515052888527255,0.2712439203005249,0.0202615846319208,united states of america,extraction,USA,0,0,0.083,0.581,1,2,1,1,2,1,98,3,1,0.9228291504899564,0.9179453344387052,11,1,1
1914,Anglo French Matabeleland Limited,cyanid,4.426737,1,8,0,5,1,1,0,0,0,0,0.18714380158545033,0.01587301587301587,1,0.32786885245901637,0.3542328042328043,0,0.07154364381956921,0.01388888888888888,1,0.3333333333333333,0.37847222222222215,0,0.11900133453751544,0.02197802197802198,2,0.3473282442748092,0.3945054945054944,0.00129337581626556,0.24334664758202512,0.07777777777777778,28,0.32941176470588235,0.3464847883597871,0.02704740603753672,united states of america,extraction,USA,0,0,0.079,0.581,1,2,1,1,2,1,98,3,1,0.908179444741422,0.9228291504899564,8,1,1
1915,Anglo French Matabeleland Limited,cyanid,4.426737,1,12,0,7,1,3,1,0,0,0,0.11743236916464043,0.01612903225806451,1,0.3,0.29811827956989256,0,0.23642283724887295,0.03658536585365853,3,0.4767441860465117,0.5010162601626017,0.01174044238482851,0.2510071602602062,0.04081632653061224,4,0.45714285714285713,0.4778911564625852,0.01165867494498094,0.4294108812434823,0.14488636363636365,51,0.3574610244988864,0.40479572510822354,0.01396393848818367,united states of america,extraction,USA,0,0,0.07,0.581,1,2,1,1,2,1,98,3,1,0.8901492706922215,0.908179444741422,12,1,1
1909,Anglo French Pacific Syndicate Limited,amalgama,0.4863813,1,1,1801.1012724973068,0,0,0,0,0,0,0,0,0,0,0,0,0,0,0,0,0,0,0,0,0,0,0,0,0,0,0,0,0,0,0,ecuador,extraction,ECU,0,0,0.697,0.52,-1,-1,-2,-1,-1,-2,93,0,0,0.8929159482487512,0.9055704681028238,1,0,0
1910,Anglo French Pacific Syndicate Limited,amalgama,0.4863813,1,13,1801.1012724973068,0,0,0,0,1,1,0,0.1610192990752473,0.0175438596491228,1,0.3630573248407643,0.4035087719298244,0,0.07231477657753628,0.01515151515151515,1,0.3473684210526316,0.3939393939393939,0,0.13121893803345827,0.02272727272727272,2,0.3651452282157676,0.40909090909090895,0.0011864091064351,0,0,0,0,0,0,ecuador,extraction,ECU,0,0,0.697,0.52,-1,-1,-2,-1,-1,-2,93,0,0,0.900247987322166,0.8929159482487512,13,0,0
1910,Anglo French Pacific Syndicate Limited,amalgama,0.4863813,1,13,0,0,0,0,0,1,1,0,0.1610192990752473,0.0175438596491228,1,0.3630573248407643,0.4035087719298244,0,0.07231477657753628,0.01515151515151515,1,0.3473684210526316,0.3939393939393939,0,0.13121893803345827,0.02272727272727272,2,0.3651452282157676,0.40909090909090895,0.0011864091064351,0,0,0,0,0,0,united kingdom,extraction,GBR,1,1,0.028,0.73,2,2,2,2,2,2,98,3,1,0.900247987322166,0.8929159482487512,13,0,1
1887,Anita Mines Limited,amalgama,0.09704027,1,5,0,0,0,0,0,0,0,0,0,0.25,1,1,0.25,0,0,0,0,0,0,0,3.330639994995279e-16,0.1111111111111111,1,1,0.1111111111111111,0,0,0,0,0,0,0,peru,extraction,PER,0,0,0.676,0.343,-1,-1,NA,-1,-1,NA,98,1,0,0.10122114063590426,0.08285608077809953,5,0,1
1909,Antenior Matabele Gold Mines Limited,cyanid,0.09746589,1,2,0,0,0,0,0,0,0,0,0,0,0,0,0,0,0,0,0,0,0,0,0,0,0,0,0,0,0,0,0,0,0,0,united states of america,extraction,USA,0,0,0.117,0.581,1,1,1,1,1,1,98,1,1,0.8929159482487512,0.9055704681028238,2,1,1
1910,Antewiob Matabele Oold,cyanid,0.09727626,0,0,0,0,0,0,0,0,0,0,0,0,0,0,0,0,0,0,0,0,0,0,0,0,0,0,0,0,0,0,0,0,0,0,united states of america,extraction,USA,0,0,0.098,0.581,1,2,1,1,2,1,98,3,1,0.900247987322166,0.8929159482487512,0,1,1
1913,Antjes Consolidated Dmines Limited,cyanid,1.437196,1,1,0,1,0,0,0,0,0,0,0,0,0,0,0,0,0,0,0,0,0,0,0,0,0,0,0,0,0.0055281983910344,0.00314465408805031,1,0.21234386480529024,0.22041283314868224,0,united states of america,extraction,USA,0,0,0.083,0.581,1,2,1,1,2,1,98,3,1,0.9228291504899564,0.9179453344387052,1,1,1
1913,Antrim Irdon Ore Company,amalgama,0.3320053,1,7,0,0,0,0,0,0,0,0,0,0,0,0,0,0,0,0,0,0,0,0,0,0,0,0,0,0,0,0,0,0,0,0,united kingdom,extraction,GBR,1,1,0.028,0.73,2,2,2,2,2,2,98,3,1,0.9228291504899564,0.9179453344387052,7,0,1
1908,Antseeno Mndatabele Oold,cyanid,0.0973236,1,0,382.0578442854707,0,0,0,0,0,0,0,0,0,0,0,0,0,0,0,0,0,0,0,0,0,0,0,0,0,0,0,0,0,0,0,united states of america,extraction,USA,0,0,0.117,0.581,1,1,1,1,1,1,98,1,1,0.9055704681028238,0.9101864858593508,0,1,0
1912,Aporoma Goldfields Limited,amalgama,2.43309,1,5,0,0,0,0,0,0,0,0,0,0,0,0,0,0,0,0,0,0,0,0,0,0,0,0,0,0,0,0,0,0,0,0,united kingdom,extraction,GBR,1,1,0.028,0.73,2,2,2,2,2,2,98,3,1,0.9179453344387052,0.9090477242361656,5,0,1
1922,Aporoma Goldfields Limited,amalgama,2.43309,1,7,0,0,0,0,0,0,1,0,0,0,0,0,0,0,0.1326994970992395,0.0217391304347826,1,0.38333333333333336,0.4293478260869565,0,0.12077349902726048,0.01612903225806451,1,0.3583815028901734,0.3978494623655912,0,0,0,0,0,0,0,united kingdom,extraction,GBR,1,1,0.027,0.73,2,2,1,2,2,1,89,3,1,0.9128783852142348,0.8977238173556666,7,0,1
1909,Arfius Printing And Publishing Limited,cyanid,2.241715,1,9,0,5,2,1,0,0,0,0,0.1659654313801735,0.02985074626865671,2,0.3439153439153439,0.3810945273631839,0.01744210862256995,0.06924109956665805,0.0131578947368421,1,0.336283185840708,0.38157894736842096,0,0.11628978054922282,0.03092783505154639,3,0.37254901960784315,0.4115120274914089,0.00438461829320907,0.3778104402792654,0.10112359550561796,18,0.33902439024390246,0.3282437132156241,0.01724050991794499,south africa,extraction,ZAF,1,1,0.408,0.115,NA,NA,NA,NA,NA,NA,NA,-2,0,0.8929159482487512,0.9055704681028238,9,1,1
1914,Asgard Mining Company,cyanid,0.09861933,0,1,0,0,0,0,0,0,0,0,0,0,0,0,0,0,0,0,0,0,0,0,0,0,0,0,0,0,0,0,0,0,0,0,united kingdom,extraction,GBR,1,1,0.028,0.73,2,2,2,2,2,2,98,3,1,0.908179444741422,0.9228291504899564,1,1,1
1910,Ashanti Gold Coast Acquisitions Limited,cyanid,9.727626e-4,1,7,0,2,0,0,0,0,0,0,0,0,0,0,0,0,0,0,0,0,0,0,0,0,0,0,0,0,2.5472554735496765e-19,0.00947867298578199,2,1,0.00473933649289099,0,united kingdom,extraction,GBR,1,1,0.028,0.73,2,2,2,2,2,2,98,3,1,0.900247987322166,0.8929159482487512,7,1,1
1909,Ashanti Goldfields Corporation Limited,cyanid,0.7553605999999999,0,5,0,0,0,0,0,1,1,1,0.01556597557980914,0.01492537313432835,1,0.22968197879858657,0.24790334044065376,0,0.09757762654544924,0.0131578947368421,1,0.37623762376237624,0.4210526315789473,0,0.092395890428088,0.02061855670103092,2,0.37254901960784315,0.4072164948453608,0.00385162443688195,0,0,0,0,0,0,united kingdom,extraction,GBR,1,1,0.028,0.73,2,2,2,2,2,1,98,3,1,0.8929159482487512,0.9055704681028238,5,1,1
1912,Ashanti Goldfields Corporation Limited,cyanid,1.042788,1,13,57.71896607381524,2,1,1,1,1,1,0,0.00846545413410997,0.02898550724637681,2,0.22259136212624583,0.24420289855072455,0.02813299232736572,0.16133421715555293,0.02409638554216867,2,0.415,0.45682730923694786,6.102861837270865e-4,0.15627228019946057,0.03636363636363636,4,0.38162544169611307,0.42348484848484874,0.02581833352638946,1.3323271321158084e-5,0.00319488817891373,1,0.18050314465408804,0.1848592745557608,0,united kingdom,extraction,GBR,1,1,0.028,0.73,2,2,2,2,2,2,98,3,1,0.9179453344387052,0.9090477242361656,13,1,1
1913,Ashanti Goldfields Corporation Limited,cyanid,1.043296,1,8,0,4,2,3,2,1,1,1,0.2166489995113383,0.05172413793103448,3,0.4215686274509804,0.3534482758620689,0.15970961887477314,0.19889486051727143,0.02531645569620253,2,0.383495145631068,0.4324894514767932,0.00251262876863247,0.27089509670581374,0.05102040816326531,5,0.40611353711790393,0.4365646258503403,0.02259175869488379,2.6685330556434454e-18,0.00314465408805031,1,1,0.00314465408805031,0,united kingdom,extraction,GBR,1,1,0.028,0.73,2,2,2,2,2,2,98,3,1,0.9228291504899564,0.9179453344387052,8,1,1
1914,Ashanti Goldfields Corporation Limited,cyanid,1.056672,1,6,0,2,0,0,0,0,0,0,0,0,0,0,0,0,0,0,0,0,0,0,0,0,0,0,0,0,8.81730453886113e-18,0.00555555555555555,2,1,0.00555555555555555,1.5475085112968123e-5,united kingdom,extraction,GBR,1,1,0.028,0.73,2,2,2,2,2,2,98,3,1,0.908179444741422,0.9228291504899564,6,1,1
1912,Asp Gold Mining Company,cyanid,0.9737098,1,4,0,0,0,0,0,0,0,0,0,0,0,0,0,0,0,0,0,0,0,0,0,0,0,0,0,0,0,0,0,0,0,0,united states of america,extraction,USA,0,0,0.098,0.581,1,2,1,1,2,1,98,3,1,0.9179453344387052,0.9090477242361656,4,1,1
1913,Asp Gold Mining Company,cyanid,0.9737098,1,4,0,2,0,0,0,0,0,0,0,0,0,0,0,0,0,0,0,0,0,0,0,0,0,0,0,0,0.00103514821377206,0.00943396226415094,3,0.1905075807514832,0.2028311224065949,5.338815719544733e-4,united kingdom,extraction,GBR,1,1,0.028,0.73,2,2,2,2,2,2,98,3,1,0.9228291504899564,0.9179453344387052,4,1,1
1914,Asp Gold Mining Company,cyanid,0.9737098,1,5,0,1,0,1,0,0,0,0,0,0,0,0,0,0,0.18467034871425372,0.02777777777777777,2,0.42857142857142855,0.46759259259259256,0.00218284454000589,0.17260941511730182,0.02197802197802198,2,0.3922413793103448,0.4331501831501834,0.00113905801607464,0.03044003816974137,0.02222222222222222,8,0.2668977469670711,0.26961750440917215,0.01145141859820791,united states of america,extraction,USA,0,0,0.079,0.581,1,2,1,1,2,1,98,3,1,0.908179444741422,0.9228291504899564,5,1,1
1910,Atjboba West United,cyanid,1.215953,1,3,0,0,0,0,0,0,0,0,0,0,0,0,0,0,0,0,0,0,0,0,0,0,0,0,0,0,0,0,0,0,0,0,united states of america,extraction,USA,0,0,0.098,0.581,1,2,1,1,2,1,98,3,1,0.900247987322166,0.8929159482487512,3,1,1
1903,Atlin Lake And Omlnelca Syndicate,amalgama,0.09727626,1,7,1127.0143120761295,0,0,0,0,0,1,0,0,0,0,0,0,0,0.27687114213508013,0.0625,1,0.380952380952381,0.43749999999999994,0,0.2563472878893359,0.04166666666666666,1,0.35294117647058826,0.3958333333333331,0,0,0,0,0,0,0,canada,extraction,CAN,0,1,0.074,0.597,2,1,1,2,1,1,96,0,1,0.684490744492304,0.620634442833931,7,0,0
1909,Auboba West United,cyanid,0.6822611999999999,0,0,0,0,0,0,0,0,0,0,0,0,0,0,0,0,0,0,0,0,0,0,0,0,0,0,0,0,0,0,0,0,0,0,united kingdom,extraction,GBR,1,1,0.028,0.73,2,2,2,2,2,1,98,3,1,0.8929159482487512,0.9055704681028238,0,1,1
1913,Aurora United Gold Mining Limited,cyanid,1.217137,1,3,0,3,0,0,0,0,0,0,0,0,0,0,0,0,0,0,0,0,0,0,0,0,0,0,0,0,0.05063300577657675,0.05345911949685535,17,0.25284339457567806,0.28809160790292965,0.0273419216359333,south africa,extraction,ZAF,1,1,0.408,0.115,-1,-1,-1,-1,-1,-1,84,2,0,0.9228291504899564,0.9179453344387052,3,1,1
1908,Aurora West Gold Mining Company,cyanid,0.6812651999999999,1,7,0,1,0,0,0,1,0,0,0.16508074760008834,0.01408450704225352,1,0.29957805907172996,0.35023474178403763,0,0,0,0,0,0,0,0.04755504350907907,0.00925925925925925,1,0.2849604221635884,0.31975308641975314,0,3.65052334908744e-4,0.02631578947368421,2,0.21071428571428572,0.20238095238095205,0.00385566188197767,south africa,extraction,ZAF,1,1,0.408,0.115,NA,NA,NA,NA,NA,NA,NA,-2,0,0.9055704681028238,0.9101864858593508,7,1,1
1911,Aurora West Gold Mining Company,cyanid,1.215362,1,3,5.797111121967143e-4,2,1,0,0,0,0,0,0.14862332532911188,0.0131578947368421,1,0.35096153846153844,0.37719298245614014,0,0,0,0,0,0,0,0.05436797624831661,0.00840336134453781,1,0.30512820512820515,0.33949579831932764,0,0.05105538513860424,0.07633587786259542,20,0.3157894736842105,0.30388040712468306,4.767905675442692e-4,south africa,extraction,ZAF,1,1,0.408,0.115,-1,-1,-1,-1,-1,-2,84,2,0,0.9090477242361656,0.900247987322166,3,1,1
1912,Aurora West Gold Mining Company,cyanid,1.216545,1,3,0,3,1,0,0,0,0,0,0.16976206802917146,0.0144927536231884,1,0.33004926108374383,0.36038647342995167,0,0,0,0,0,0,0,0.0429945241563746,0.00909090909090909,1,0.2975206611570248,0.3222727272727272,0,0.06818823335977482,0.07028753993610223,22,0.28786359077231694,0.33614153861757645,0.00153255511644176,south africa,extraction,ZAF,1,1,0.408,0.115,-1,-1,-1,-1,-1,-2,84,2,0,0.9179453344387052,0.9090477242361656,3,1,1
1914,Aurora West Gold Mining Company,cyanid,1.034567,1,3,0,1,0,1,0,0,0,0,0,0,0,0,0,0,0.2563494405527988,0.04166666666666666,3,0.4556962025316456,0.4907407407407408,0.00508570303067487,0.24045546763233033,0.03296703296703297,3,0.4099099099099099,0.45146520146520186,0.00265941265303459,0.00845226123158316,0.04166666666666666,15,0.26437768240343346,0.27024801587301694,0.03740565045558882,south africa,extraction,ZAF,1,1,0.408,0.115,-1,-1,-1,-1,-1,-1,84,2,0,0.908179444741422,0.9228291504899564,3,1,1
1915,Aurora West Gold Mining Company,cyanid,1.189343,1,3,0,2,1,1,1,0,0,0,0.17900057808161823,0.01612903225806451,1,0.3375,0.331989247311828,0,0.17501729054130144,0.02439024390243902,2,0.43617021276595747,0.47154471544715454,0.00347988074351149,0.21419112888926264,0.03061224489795918,3,0.4247787610619469,0.45323129251700706,0.00347718378630928,0.07061086201699247,0.05681818181818181,20,0.33753943217665616,0.352583874458873,0.05141452087907687,south africa,extraction,ZAF,1,1,0.408,0.115,-1,-1,-1,-1,-1,-1,84,2,0,0.8901492706922215,0.908179444741422,3,1,1
1916,Aurora West Gold Mining Company,cyanid,1.189343,1,3,0,0,0,0,0,0,0,0,0,0,0,0,0,0,0,0,0,0,0,0,0,0,0,0,0,0,0.00220136729212106,0.01510574018126888,5,0.25158227848101267,0.2655085599194367,0.01418033475515385,south africa,extraction,ZAF,1,1,0.408,0.115,-1,-1,-1,-1,-1,-1,84,2,0,0.8715313750908763,0.8901492706922215,3,1,1
1917,Aurora West Gold Mining Company,cyanid,0.8289662,1,4,0,4,0,1,0,0,0,0,0,0,0,0,0,0,0.11767304954076098,0.0217391304347826,1,0.3333333333333333,0.3804347826086956,0,0.11373305240735236,0.01639344262295082,1,0.31443298969072164,0.3549180327868854,0,0.03883184733178806,0.1130952380952381,38,0.32920536635706915,0.35927579365079254,0.06653889123227359,canada,extraction,CAN,0,1,0.067,0.61,2,2,1,2,2,1,98,0,1,0.8562317952059528,0.8715313750908763,4,1,1
1919,Aurora West Gold Mining Company,cyanid,1.106684,1,11,0,4,1,2,1,0,1,0,0.2408259258610256,0.01886792452830188,1,0.3516483516483517,0.24056603773584911,0,0.2951590726855688,0.04615384615384615,3,0.4924242424242424,0.5128205128205129,0.01135002415685261,0.33041876096427814,0.05,4,0.4545454545454546,0.48645833333333377,0.00978298251638782,0.2542905651159514,0.10112359550561796,36,0.342,0.3729868913857654,0.0276234745703215,canada,extraction,CAN,0,1,0.067,0.631,2,2,1,2,2,1,98,0,1,0.8666171596554353,0.8554794889536566,11,1,1
1921,Aurora West Gold Mining Company,cyanid,0.9622787,1,6,0,4,1,1,1,1,0,0,0.2852203022215309,0.0425531914893617,2,0.37815126050420167,0.41205673758865247,0.01937436539384627,0.2051155143685772,0.0392156862745098,2,0.4396551724137931,0.4787581699346405,0.006187411184205,0.2910722548056171,0.0588235294117647,4,0.43037974683544306,0.4742647058823527,0.01398248228545251,0.6890531565043477,0.1105121293800539,41,0.35664335664335667,0.38755615453728426,0.02323363011267238,canada,extraction,CAN,0,1,0.067,0.631,2,1,1,2,2,1,98,0,1,0.8977238173556666,0.8827313706089669,6,1,1
1922,Aurora West Gold Mining Company,cyanid,1.107174,1,6,0,0,0,0,0,0,0,0,0,0,0,0,0,0,0,0,0,0,0,0,0,0,0,0,0,0,0.02322406152939764,0.00824175824175824,3,0.3158371040723982,0.3299254317111455,0.00398505956328866,canada,extraction,CAN,0,1,0.07,0.631,2,1,1,2,2,1,98,0,1,0.9128783852142348,0.8977238173556666,6,1,1
1923,Aurora West Gold Mining Company,cyanid,1.143641,1,6,0,5,1,2,1,0,0,0,0.20087660032654645,0.0217391304347826,1,0.3359375,0.3644927536231885,0,0.3402733768325013,0.075,3,0.5128205128205128,0.5333333333333333,0.01082020235640145,0.38891834355743016,0.07142857142857142,4,0.4409448818897638,0.48511904761904734,0.00681260804696538,0.2753988532307155,0.12433862433862432,47,0.3447946513849093,0.3699735449735427,0.00422999544040181,canada,extraction,CAN,0,1,0.07,0.631,2,1,1,2,2,1,98,0,1,0.9260468773507357,0.9128783852142348,6,1,1
1911,Aus Fral Asian Company,cyanid,0.699859,1,4,1.0013217677085525e-4,2,0,1,0,0,0,0,0,0,0,0,0,0,0.06819736592065102,0.01111111111111111,1,0.32608695652173914,0.36944444444444446,0,0.06069462997705976,0.00840336134453781,1,0.31151832460732987,0.3478991596638655,0,0,0.01145038167938931,3,0.42857142857142855,0.01304071246819338,1.4623731391301805e-4,united kingdom,extraction,GBR,1,1,0.028,0.73,2,2,2,2,2,2,98,3,1,0.9090477242361656,0.900247987322166,4,1,1
1893,Australian Gold Recovery Company,cyanid,0.002360704,1,7,0,0,0,0,0,0,0,0,0,0,0,0,0,0,0,0,0,0,0,0,0,0,0,0,0,0,0,0,0,0,0,0,united kingdom,extraction,GBR,1,1,0.028,0.73,2,2,NA,2,2,NA,98,3,1,0.6304463154435564,0.5391385682272447,7,1,1
1894,Australian Gold Recovery Company,cyanid,0.002360704,1,17,8.055251913081974e-5,3,0,0,0,0,3,0,0,0,0,0,0,0,0.6685119065585546,0.3076923076923077,4,0.5909090909090909,0.6538461538461539,0.05334060317091991,0.624212695042477,0.2222222222222222,4,0.47368421052631576,0.5601851851851852,0.02783676352955726,0,0,0,0,0,0,united kingdom,extraction,GBR,1,1,0.028,0.73,2,2,NA,2,2,NA,98,3,1,0.6957655151230822,0.6304463154435564,17,1,1
1895,Australian Gold Recovery Company,cyanid,0.002360704,1,15,0,9,0,2,0,1,2,1,2.141952019114114e-17,0.03125,1,1,0.03125,0,0.480611785603248,0.125,4,0.5333333333333333,0.5625,0.05004509214098976,0.45678825165186393,0.1111111111111111,5,0.45,0.5055555555555553,0.06868464442163223,3.680766315491532e-17,0.05714285714285714,2,0.625,0.1,0.01008403361344537,united kingdom,extraction,GBR,1,1,0.028,0.73,2,2,NA,2,2,NA,98,3,1,0.7078988530850715,0.6957655151230822,15,1,1
1909,Australian Shale Syndicate Limited Australasian,cyanid,0.4873294,1,11,0,3,1,1,1,0,0,0,0.2583129084163227,0.02985074626865671,2,0.37572254335260113,0.4109452736318406,0.01004320913626062,0.3104971299725253,0.05263157894736842,4,0.5135135135135135,0.5263157894736842,0.01279419879328662,0.3622074917655475,0.06185567010309278,6,0.472636815920398,0.4939862542955329,0.01165574177681464,3.668949325216768e-4,0.01685393258426966,3,0.2188976377952756,0.19089530943463523,9.521995810321844e-5,australia,extraction,AUS,0,1,0.041,0.659,2,2,2,2,2,2,99,2,1,0.8929159482487512,0.9055704681028238,11,1,1
1910,Australian Smelting Corporation Limited,cyanid,0.4377432,1,10,0,2,0,0,0,0,0,0,0,0,0,0,0,0,0,0,0,0,0,0,0,0,0,0,0,0,3.96521969238685e-6,0.00947867298578199,2,0.187434554973822,0.17323403294967296,0.00803430376890092,australia,extraction,AUS,0,1,0.041,0.659,2,3,2,2,3,2,99,2,1,0.900247987322166,0.8929159482487512,10,1,1
1913,Ayacucho Cqpvper Syndicate Limited,cyanid,0.009737098,1,12,0,1,0,0,0,1,1,0,0.1978408703319103,0.01724137931034482,1,0.3706896551724138,0.30890804597701155,0,0.11542706741356212,0.01265822784810126,1,0.34347826086956523,0.3892405063291139,0,0.17401597446908212,0.02040816326530612,2,0.3675889328063241,0.3931972789115646,0.00186981712586689,6.573553112549346e-7,0.00943396226415094,3,0.14486215538847116,0.14959999818490455,0.07664226335733984,nicaragua,extraction,NIC,0,0,0.887,0.34,-3,-3,-4,-3,-3,-4,75,-1,0,0.9228291504899564,0.9179453344387052,12,1,1
1908,Ayrshire Gold Mine Limited,cyanid,0.7797271,1,1,0,0,0,0,0,1,1,1,0.29729785805718406,0.04225352112676056,3,0.3604060913705584,0.4180751173708918,0.03153242297608493,0.2391738695647697,0.0379746835443038,3,0.4817073170731707,0.5042194092827005,0.00531693610450937,0.3030120375966485,0.05555555555555555,6,0.4481327800829876,0.48765432098765454,0.01482579872036492,0,0,0,0,0,0,united states of america,extraction,USA,0,0,0.117,0.581,1,1,1,1,1,1,98,1,1,0.9055704681028238,0.9101864858593508,1,1,1
1909,Ayrshire Gold Mine Limited,cyanid,0.7797271,1,1,0,0,0,0,0,0,0,0,0,0,0,0,0,0,0,0,0,0,0,0,0,0,0,0,0,0,1.6965979754387007e-5,0.00561797752808988,1,0.1836195508586526,0.15501382200820404,0,united states of america,extraction,USA,0,0,0.117,0.581,1,1,1,1,1,1,98,1,1,0.8929159482487512,0.9055704681028238,1,1,1
1914,Babilon Old Tmiies Limited,cyanid,0.9861933,1,0,0,0,0,0,0,0,0,0,0,0,0,0,0,0,0,0,0,0,0,0,0,0,0,0,0,0,0,0,0,0,0,0,nicaragua,extraction,NIC,0,0,0.886,0.34,-3,-3,-4,-3,-3,-4,72,-1,0,0.908179444741422,0.9228291504899564,0,1,1
1915,Babilonia Gold Mines Limited,cyanid,0.7136061,1,3,0,2,0,1,0,0,1,0,0,0,0,0,0,0,0.1750172905413014,0.02439024390243902,2,0.43617021276595747,0.47154471544715454,0.00347988074351149,0.16408931304250465,0.02040816326530612,2,0.41025641025641024,0.4387755102040819,0.00205987102120933,2.0935001993293623e-6,0.01136363636363636,4,0.18915733647613436,0.18948863636363697,0.0206067081067081,nicaragua,extraction,NIC,0,0,0.886,0.34,-3,-3,-4,-3,-3,-4,72,-1,0,0.8901492706922215,0.908179444741422,3,1,1
1916,Babilonia Gold Mines Limited,cyanid,0.7149666,1,3,0,0,0,0,0,0,0,0,0,0,0,0,0,0,0,0,0,0,0,0,0,0,0,0,0,0,0,0,0,0,0,0,nicaragua,extraction,NIC,0,0,0.886,0.34,-3,-3,-4,-3,-3,-4,72,-1,0,0.8715313750908763,0.8901492706922215,3,1,1
1917,Babilonia Gold Mines Limited,cyanid,0.714626,1,3,0,2,0,0,0,0,0,0,0,0,0,0,0,0,0,0,0,0,0,0,0,0,0,0,0,0,4.676890439807613e-6,0.01488095238095238,5,0.1939209726443769,0.20176091269841256,0.01690653873489694,nicaragua,extraction,NIC,0,0,0.886,0.349,-3,-3,-4,-3,-3,-4,72,-1,0,0.8562317952059528,0.8715313750908763,3,1,1
1919,Babilonia Gold Mines Limited,cyanid,0.6640106,1,3,0,0,0,0,0,0,0,0,0,0,0,0,0,0,0,0,0,0,0,0,0,0,0,0,0,0,0.00979361301811379,0.00280898876404494,1,0.28885135135135137,0.2983614232209745,0,nicaragua,extraction,NIC,0,0,0.886,0.349,-3,-3,-4,-3,-3,-4,72,-1,0,0.8666171596554353,0.8554794889536566,3,1,1
1920,Babilonia Gold Mines Limited,cyanid,0.5496519,1,2,0,1,0,1,0,0,0,0,0,0,0,0,0,0,0.110747899889565,0.01639344262295082,1,0.34269662921348315,0.3893442622950819,0,0.09963946481104712,0.01282051282051282,1,0.3291139240506329,0.3685897435897434,0,0.002729092429099,0.00520833333333333,2,0.26709863210943124,0.2786086309523818,0.00126840125518693,nicaragua,extraction,NIC,0,0,0.886,0.349,-3,-3,-4,-3,-3,-4,72,-1,0,0.8827313706089669,0.8666171596554353,2,1,1
1908,Bacis Gold And Silver Mines,cyanid,0.2434275,1,9,768.2426822061218,0,0,0,0,1,7,0,0.10615531790833084,0.01408450704225352,1,0.2874493927125506,0.31830985915492965,0,0.3037857536678945,0.05063291139240506,4,0.512987012987013,0.5253164556962026,0.00997812905098481,0.3076251817096523,0.04629629629629629,5,0.44081632653061226,0.4791666666666669,0.01002687389427897,0,0,0,0,0,0,united states of america,extraction,USA,0,0,0.117,0.581,1,1,1,1,1,1,98,1,1,0.9055704681028238,0.9101864858593508,9,1,0
1910,Bacis Gold And Silver Mines,cyanid,0.2434275,1,3,0,2,0,1,0,0,0,0,0,0,0,0,0,0,0.07569663544377364,0.01515151515151515,1,0.33,0.375,0,0.06662769375219538,0.01136363636363636,1,0.3176895306859206,0.3545454545454544,0,0,0,0,0,0,0,united states of america,extraction,USA,0,0,0.098,0.581,1,2,1,1,2,1,98,3,1,0.900247987322166,0.8929159482487512,3,1,1
1911,Bacis Gold And Silver Mines,cyanid,0.2434275,1,2,0.00295336889707065,2,0,1,0,0,0,0,0,0,0,0,0,0,0.06519284687234889,0.01111111111111111,1,0.32608695652173914,0.36944444444444446,0,0.05920920951062067,0.00840336134453781,1,0.31151832460732987,0.3478991596638655,0,0,0,0,0,0,0,united states of america,extraction,USA,0,0,0.098,0.581,1,2,1,1,2,1,98,3,1,0.9090477242361656,0.900247987322166,2,1,1
1912,Bacis Gold And Silver Mines,cyanid,0.2434275,1,6,0,6,0,5,0,0,0,0,0,0,0,0,0,0,0.283479381877677,0.04819277108433735,4,0.5123456790123457,0.5240963855421688,0.01047248478140069,0.2702644527425669,0.03636363636363636,4,0.43373493975903615,0.4621212121212124,0.00550968878966686,1.8574932791608403e-9,0.01597444089456869,5,0.12648743940061702,0.13530230862499285,0.00585729499467518,united states of america,extraction,USA,0,0,0.098,0.581,1,2,1,1,2,1,98,3,1,0.9179453344387052,0.9090477242361656,6,1,1
1913,Bacis Gold And Silver Mines,cyanid,0.2434275,1,1,0,1,0,1,0,0,0,0,0,0,0,0,0,0,0.08346779310370922,0.01265822784810126,1,0.3134920634920635,0.35443037974683544,0,0.081629965408985,0.01020408163265306,1,0.3089700996677741,0.32772108843537406,0,0,0.00314465408805031,1,0.6666666666666666,0.00471698113207547,0,mexico,extraction,MEX,0,0,0.774,0.561,-3,-3,-3,-3,-3,-3,70,0,0,0.9228291504899564,0.9179453344387052,1,1,1
1914,Bacis Gold And Silver Mines,cyanid,0.2465483,1,6,0,4,0,3,0,0,0,0,0,0,0,0,0,0,0.327893084372368,0.05555555555555555,4,0.5142857142857142,0.5277777777777778,0.01456393743411243,0.3113373084096133,0.04395604395604396,4,0.44607843137254904,0.4807692307692311,0.00762273423143039,2.1226068255157767e-17,0.01666666666666666,6,1,0.01666666666666666,2.166511915815537e-4,united states of america,extraction,USA,0,0,0.079,0.581,1,2,1,1,2,1,98,3,1,0.908179444741422,0.9228291504899564,6,1,1
1915,Bacis Gold And Silver Mines,cyanid,0.2465483,1,5,0,5,0,4,0,0,0,0,0,0,0,0,0,0,0.29678324087388963,0.04878048780487805,4,0.5125,0.524390243902439,0.01950432892448287,0.27832295899739873,0.04081632653061224,4,0.46601941747572817,0.48299319727891177,0.01061279773539885,2.611178827927077e-17,0.01136363636363636,4,0.75,0.01420454545454545,1.043195487639932e-5,united states of america,extraction,USA,0,0,0.07,0.581,1,2,1,1,2,1,98,3,1,0.8901492706922215,0.908179444741422,5,1,1
1916,Bacis Gold And Silver Mines,cyanid,0.23102,1,3,0,0,0,0,0,0,0,0,0,0,0,0,0,0,0,0,0,0,0,0,0,0,0,0,0,0,0,0,0,0,0,0,united states of america,extraction,USA,0,0,0.07,0.581,1,2,1,1,2,1,98,3,1,0.8715313750908763,0.8901492706922215,3,1,1
1917,Bacis Gold And Silver Mines,cyanid,0.23091,1,3,0,0,0,0,0,0,0,0,0,0,0,0,0,0,0,0,0,0,0,0,0,0,0,0,0,0,2.2760629284208732e-5,0.00892857142857142,3,0.1918220084185207,0.19314295162509473,0,united states of america,extraction,USA,0,0,0.07,0.581,1,2,1,1,2,1,98,3,1,0.8562317952059528,0.8715313750908763,3,1,1
1919,Bacis Gold And Silver Mines,cyanid,0.2213369,1,1,0,0,0,0,0,0,0,0,0,0,0,0,0,0,0,0,0,0,0,0,0,0,0,0,0,0,0,0,0,0,0,0,united states of america,extraction,USA,0,0,0.07,0.581,1,2,1,1,2,1,98,3,1,0.8666171596554353,0.8554794889536566,1,1,1
1920,Bacis Gold And Silver Mines,cyanid,0.2213369,1,1,0,0,0,0,0,0,0,0,0,0,0,0,0,0,0,0,0,0,0,0,0,0,0,0,0,0,1.811277210602755e-9,0.00260416666666666,1,0.15075172694026817,0.1523716517857155,0,united states of america,extraction,USA,0,0,0.078,0.581,1,2,1,1,2,1,98,3,1,0.8827313706089669,0.8666171596554353,1,1,1
1921,Bacis Gold And Silver Mines,cyanid,0.2213369,1,1,0,0,0,0,0,0,0,0,0,0,0,0,0,0,0,0,0,0,0,0,0,0,0,0,0,0,4.0332079041905206e-18,0.00269541778975741,1,0.6666666666666666,0.00404312668463611,0,united states of america,extraction,USA,0,0,0.095,0.581,1,2,1,1,2,1,98,3,1,0.8977238173556666,0.8827313706089669,1,1,1
1922,Bacis Gold And Silver Mines,cyanid,0.01062887999999999,1,1,0,1,0,0,0,0,0,0,0,0,0,0,0,0,0,0,0,0,0,0,0,0,0,0,0,0,5.659808537376383e-19,0.00274725274725274,1,1,0.00274725274725274,0,united states of america,extraction,USA,0,0,0.094,0.581,1,2,1,1,2,1,98,3,1,0.9128783852142348,0.8977238173556666,1,1,1
1923,Bacis Gold And Silver Mines,cyanid,0.01097896,1,1,0,1,0,0,0,0,0,0,0,0,0,0,0,0,0,0,0,0,0,0,0,0,0,0,0,0,2.306019105873464e-4,0.00529100529100529,2,0.2305236270753512,0.2318468127991948,0,united states of america,extraction,USA,0,0,0.096,0.581,1,2,1,1,2,1,98,3,1,0.9260468773507357,0.9128783852142348,1,1,1
1903,Balaghat Gold Mines Limited,cyanid,1.245136,1,5,0,1,0,0,0,1,1,1,0,0.07142857142857142,1,0.6,0.14285714285714285,0,0.27687114213508013,0.0625,1,0.380952380952381,0.43749999999999994,0,0.2831773466122287,0.08333333333333333,2,0.3870967741935484,0.4444444444444445,0.13580917874396134,0.4082482904638632,0.1,1,0.6,0.2,0,united states of america,extraction,USA,0,0,0.117,0.581,1,1,1,1,1,1,98,1,1,0.684490744492304,0.620634442833931,5,1,1
1908,Balaghat Gold Mines Limited,cyanid,1.216545,1,14,0,4,1,2,1,2,4,2,0.2738412202634084,0.02816901408450704,2,0.3756613756613757,0.4246478873239435,0.02603270416147678,0.3037857536678945,0.05063291139240506,4,0.512987012987013,0.5253164556962026,0.00997812905098481,0.35428999876086836,0.05555555555555555,6,0.4675324675324675,0.4992283950617286,0.02028582981280731,4.4352038070829103e-16,0.09210526315789472,7,1,0.05263157894736842,0.00122807017543859,india,extraction,IND,1,1,0.032,0.509,NA,NA,NA,NA,NA,NA,NA,2,1,0.9055704681028238,0.9101864858593508,14,1,1
1909,Balaghat Gold Mines Limited,cyanid,1.218324,1,9,0,4,0,2,0,1,1,1,0.09455650501715564,0.01492537313432835,1,0.2719665271966527,0.2988983653162758,0,0.3104971299725254,0.05263157894736842,4,0.5135135135135135,0.5263157894736842,0.01279419879328662,0.30124981041296794,0.05154639175257732,5,0.4589371980676328,0.4819587628865982,0.01013723554678411,0,0.0449438202247191,8,0.8333333333333334,0.02528089887640449,8.252396368945596e-5,india,extraction,IND,1,1,0.032,0.509,NA,NA,NA,NA,NA,NA,NA,2,1,0.8929159482487512,0.9055704681028238,9,1,1
1910,Balaghat Gold Mines Limited,cyanid,1.215953,1,13,0,8,1,3,1,0,0,0,0.03857331171412988,0.0175438596491228,1,0.2602739726027397,0.2868421052631578,0,0.33284397811175237,0.06060606060606061,4,0.515625,0.5303030303030303,0.01672811650116574,0.31789375040993684,0.05681818181818181,5,0.43781094527363185,0.4801136363636367,0.01100627923323039,0,0.05213270142180094,11,0.8,0.03317535545023697,1.5910629654705485e-4,india,extraction,IND,1,1,0.032,0.509,NA,NA,NA,NA,NA,NA,NA,2,1,0.900247987322166,0.8929159482487512,13,1,1
1911,Balaghat Gold Mines Limited,cyanid,2.430724,1,9,7.011744621949612e-5,4,0,1,0,0,1,0,0,0,0,0,0,0,0.2259711215288737,0.03333333333333333,3,0.4838709677419355,0.5037037037037038,0.00736217531994011,0.20541245023013707,0.02521008403361344,3,0.4131944444444444,0.45168067226890785,0.00369128647137225,1.4605517722172896e-4,0.05343511450381679,14,0.2213114754098361,0.21165485278080728,0.00278642587719688,india,extraction,IND,1,1,0.032,0.509,NA,NA,NA,NA,NA,NA,NA,2,1,0.9090477242361656,0.900247987322166,9,1,1
1913,Balaghat Gold Mines Limited,cyanid,2.434275,1,4,0,3,0,2,0,0,0,0,0,0,0,0,0,0,0.34346480166253784,0.05063291139240506,4,0.512987012987013,0.5253164556962026,0.0481352017792844,0.3303956689086163,0.04081632653061224,4,0.4626865671641791,0.4668367346938777,0.02360300845572695,9.76859613747335e-4,0.0660377358490566,21,0.18585209003215433,0.21554954479482807,0.00419013553125121,india,extraction,IND,1,1,0.032,0.509,NA,NA,NA,NA,NA,NA,NA,2,1,0.9228291504899564,0.9179453344387052,4,1,1
1914,Balaghat Gold Mines Limited,cyanid,2.465483,1,7,0,4,1,2,1,0,0,0,0.1871438015854503,0.01587301587301587,1,0.32786885245901637,0.3542328042328043,0,0.17408969739500024,0.02777777777777777,2,0.41379310344827586,0.4571759259259259,0.00135147414697887,0.2116890260475412,0.03296703296703297,3,0.41743119266055045,0.45695970695970733,0.00467839908879648,6.473571283240348e-4,0.04444444444444444,16,0.22899628252788104,0.23750771604938356,0.016663418651845,india,extraction,IND,1,1,0.032,0.509,NA,NA,NA,NA,NA,NA,NA,2,1,0.908179444741422,0.9228291504899564,7,1,1
1915,Balaghat Gold Mines Limited,cyanid,2.378687,1,4,0,3,0,1,0,0,0,0,0,0,0,0,0,0,0.07322309911761911,0.01219512195121951,1,0.33884297520661155,0.3841463414634146,0,0.06986209179358625,0.01020408163265306,1,0.3333333333333333,0.3656462585034011,0,1.783245552192045e-4,0.01988636363636363,7,0.2297780959198282,0.2357559974747483,5.492192992192993e-5,united states of america,extraction,USA,0,0,0.07,0.581,1,2,1,1,2,1,98,3,1,0.8901492706922215,0.908179444741422,4,1,1
1916,Balaghat Gold Mines Limited,cyanid,2.383222,1,4,0,2,1,1,1,0,1,0,0,0.0238095238095238,1,0.5714285714285714,0.05952380952380952,0,0.3365974386988722,0.05172413793103448,3,0.4461538461538462,0.48850574712643674,0.02131900301685645,0.34141478531233604,0.05333333333333334,4,0.4076086956521739,0.45822222222222214,0.02465235972105488,1.4270878750667765e-5,0.01812688821752266,6,0.22083333333333333,0.2387642065889817,0.01791674573876764,india,extraction,IND,1,1,0.032,0.509,NA,NA,NA,NA,NA,NA,NA,2,1,0.8715313750908763,0.8901492706922215,4,1,1
1917,Balaghat Gold Mines Limited,amalgama,2.382087,1,2,0,2,1,1,1,0,0,0,0.00692257088673286,0.02777777777777777,1,0.20253164556962025,0.22037037037037055,0,0.3826272781048881,0.06521739130434782,3,0.4423076923076923,0.4909420289855072,0.00889188567126558,0.3787370589994805,0.06557377049180328,4,0.3961038961038961,0.4554644808743168,0.02820753757394856,2.0911134350336344e-5,0.01488095238095238,5,0.21984838042729152,0.23174957482993352,0.02802061122956645,united kingdom,extraction,GBR,1,1,0.028,0.73,2,2,2,2,2,2,94,3,1,0.8562317952059528,0.8715313750908763,2,0,1
1917,Balaghat Gold Mines Limited,cyanid,2.382087,1,2,0,2,1,1,1,0,0,0,0.00692257088673286,0.02777777777777777,1,0.20253164556962025,0.22037037037037055,0,0.3826272781048881,0.06521739130434782,3,0.4423076923076923,0.4909420289855072,0.00889188567126558,0.3787370589994805,0.06557377049180328,4,0.3961038961038961,0.4554644808743168,0.02820753757394856,2.0911134350336344e-5,0.01488095238095238,5,0.21984838042729152,0.23174957482993352,0.02802061122956645,india,extraction,IND,1,1,0.032,0.509,NA,NA,NA,NA,NA,NA,NA,2,1,0.8562317952059528,0.8715313750908763,2,1,1
1919,Balaghat Gold Mines Limited,cyanid,14.657384,1,10,0,8,1,2,1,0,0,0,0.02526433799717421,0.01886792452830188,1,0.24806201550387597,0.17861635220125777,0,0.2861739381863526,0.04615384615384615,3,0.43333333333333335,0.4782051282051282,0.00507965705901417,0.28608676916494424,0.05,4,0.4166666666666667,0.4614583333333334,0.00864052865693971,0.05087424728572228,0.11797752808988764,42,0.35514018691588783,0.3951310861423195,0.08805941275165603,india,extraction,IND,1,1,0.032,0.509,NA,NA,NA,NA,NA,NA,NA,2,1,0.8666171596554353,0.8554794889536566,10,1,1
1920,Balaghat Gold Mines Limited,cyanid,14.657384,1,12,0,7,1,2,1,0,0,0,0.02665822991634811,0.01851851851851851,1,0.25116279069767444,0.2864197530864196,0,0.3098774876414264,0.04918032786885246,3,0.4236111111111111,0.4726775956284153,0.00475636264360763,0.3057881568536827,0.05128205128205128,4,0.3880597014925373,0.4423076923076921,0.00455316609904823,0.01478237006064549,0.11979166666666669,46,0.36019417475728155,0.4032552083333321,0.09513020761673947,india,extraction,IND,1,1,0.032,0.509,NA,NA,NA,NA,NA,NA,NA,2,1,0.8827313706089669,0.8666171596554353,12,1,1
1921,Balaghat Gold Mines Limited,cyanid,15.396459,1,8,0,3,0,1,0,1,0,0,0.2014347322035645,0.02127659574468085,1,0.3435114503816794,0.37127659574468097,0,0.30690425914907893,0.0588235294117647,3,0.425,0.4771241830065359,0.00604333176921053,0.3517433160056817,0.0588235294117647,4,0.3953488372093023,0.45196078431372527,0.00548898919814142,0.06018180340050327,0.07277628032345014,27,0.3591549295774648,0.39487870619945886,0.0599805706237245,india,extraction,IND,1,1,0.032,0.509,NA,NA,NA,NA,NA,NA,NA,2,1,0.8977238173556666,0.8827313706089669,8,1,1
1922,Balaghat Gold Mines Limited,cyanid,17.714792,1,9,0,3,1,0,0,0,2,0,0.08416037303991447,0.02564102564102564,1,0.29838709677419356,0.32008547008547,0,0.21774798320251457,0.04347826086956521,2,0.41818181818181815,0.4655797101449275,0.00343718997238487,0.23977412436478385,0.04838709677419355,3,0.39490445859872614,0.443548387096774,0.0043996314487247,0.0569221332021891,0.06318681318681318,23,0.3624091381100727,0.3941195709052831,0.04420666525814303,india,extraction,IND,1,1,0.032,0.509,NA,NA,NA,NA,NA,NA,NA,2,1,0.9128783852142348,0.8977238173556666,9,1,1
1923,Balaghat Gold Mines Limited,cyanid,18.298262,1,17,0,11,2,1,1,0,0,0,0.05867554624000479,0.04347826086956521,2,0.2529411764705882,0.2966097308488611,0.04057971014492753,0.1984806606261276,0.05,2,0.37735849056603776,0.43541666666666673,0.00108241952359599,0.199676195270254,0.07142857142857142,4,0.37583892617449666,0.4380952380952378,0.04219449304700427,0.0377429267400156,0.05291005291005291,20,0.386096256684492,0.4076719576719576,0.02708869235412273,india,extraction,IND,1,1,0.032,0.509,NA,NA,NA,NA,NA,NA,NA,2,1,0.9260468773507357,0.9128783852142348,17,1,1
1916,Bantjes Consolidated Mines Limited,cyanid,2.073403,1,8,0,7,1,0,0,1,1,1,0.02831946944806924,0.04761904761904761,2,0.2727272727272727,0.2551587301587301,0.00699842163256797,0.08545124764289418,0.01724137931034482,1,0.31521739130434784,0.3577586206896552,0,0.1190614401608958,0.04,3,0.3177966101694915,0.3675555555555554,0.01380976823011862,0.5970206590366213,0.29003021148036257,96,0.38498789346246975,0.48527549992806784,0.09011652742779834,united states of america,extraction,USA,0,0,0.07,0.581,1,2,1,1,2,1,98,3,1,0.8715313750908763,0.8901492706922215,8,1,1
1917,Bantjes Consolidated Mines Limited,cyanid,2.072415,1,3,0,3,1,0,0,0,0,0,0.05424052492220537,0.02777777777777777,1,0.2711864406779661,0.28194444444444433,0,0,0,0,0,0,0,0.02005307876471584,0.01639344262295082,1,0.2675438596491228,0.29180327868852457,0,0.5551533938432934,0.2470238095238095,83,0.39627329192546584,0.4676091269841272,0.02142082618177782,united states of america,extraction,USA,0,0,0.07,0.581,1,2,1,1,2,1,98,3,1,0.8562317952059528,0.8715313750908763,3,1,1
1911,Bantjes Consolidated Mines Limited Elf,cyanid,1.4351,1,8,940.0577755801736,4,1,1,0,1,1,1,0.22372577056562684,0.02631578947368421,2,0.4010989010989011,0.4254385964912279,0.01073127892732146,0.15711523993398435,0.02222222222222222,2,0.4128440366972478,0.4546296296296297,0.00148674662290827,0.22283793160255047,0.03361344537815126,4,0.4160839160839161,0.4572829131652664,0.00795060203830308,0.29608037220469763,0.1068702290076336,28,0.36180904522613067,0.3619320247182835,0.00102013866033034,united states of america,extraction,USA,0,0,0.098,0.581,1,2,1,1,2,1,98,3,1,0.9090477242361656,0.900247987322166,8,1,0
1912,Bantjes Consolidated Mines Limited Elf,cyanid,1.436496,1,13,0,3,1,0,0,0,0,0,0.03910037886917818,0.0144927536231884,1,0.24907063197026025,0.27960662525879926,0,0,0,0,0,0,0,0.0112984935369561,0.00909090909090909,1,0.26535626535626533,0.27969696969696967,0,0.4815352552498281,0.14376996805111822,45,0.32687927107061504,0.3951670977230072,0.00409827430990173,united states of america,extraction,USA,0,0,0.098,0.581,1,2,1,1,2,1,98,3,1,0.9179453344387052,0.9090477242361656,13,1,1
1915,Bantjes Consolidated Mines Limited Elf,cyanid,2.069458,1,11,0,4,0,0,0,0,1,0,0,0,0,0,0,0,0.10179419142368236,0.01219512195121951,1,0.36936936936936937,0.41463414634146345,0,0.0942272212489184,0.01020408163265306,1,0.35555555555555557,0.3897959183673468,0,0.3259573207502247,0.09375,33,0.3519736842105263,0.38505140692640505,0.00911596411248827,united states of america,extraction,USA,0,0,0.07,0.581,1,2,1,1,2,1,98,3,1,0.8901492706922215,0.908179444741422,11,1,1
1920,Bantjes Consolidated Mines Limited Elf,cyanid,3.664346,1,5,0,4,0,0,0,0,0,0,0,0,0,0,0,0,0,0,0,0,0,0,0,0,0,0,0,0,0.14888244476851556,0.06510416666666667,25,0.37436932391523714,0.40768229166666625,0.00313413894869642,united states of america,extraction,USA,0,0,0.078,0.581,1,2,1,1,2,1,98,3,1,0.8827313706089669,0.8666171596554353,5,1,1
1921,Bantjes Consolidated Mines Limited Elf,cyanid,3.664346,1,7,4.4973449085983143e-4,6,1,1,1,0,0,0,0.2014347322035646,0.02127659574468085,1,0.3435114503816794,0.37127659574468097,0,0.2185144871632167,0.0392156862745098,2,0.3923076923076923,0.4444444444444443,0.00186141129151509,0.2732978486536822,0.04411764705882353,3,0.37777777777777777,0.431127450980392,0.0024254092487505,0.3034598540853815,0.07816711590296496,29,0.3830472103004292,0.41006289308176064,0.0083614817455221,united states of america,extraction,USA,0,0,0.095,0.581,1,2,1,1,2,1,98,3,1,0.8977238173556666,0.8827313706089669,7,1,1
1908,Bantjes Consolldateilmines Limited,cyanid,1.455621,1,4,382.0578442854707,0,0,0,0,0,1,0,0,0,0,0,0,0,0.16772967107531866,0.02531645569620253,2,0.42473118279569894,0.46413502109704646,0.00113949478575515,0.15394318629224277,0.01851851851851851,2,0.3737024221453287,0.41666666666666696,5.814739524188651e-4,0,0,0,0,0,0,united states of america,extraction,USA,0,0,0.117,0.581,1,1,1,1,1,1,98,1,1,0.9055704681028238,0.9101864858593508,4,1,0
1914,Bantjes Consolldateilmines Limited,cyanid,1.455621,1,9,0,4,1,0,0,0,0,0,0.08121042681447753,0.01587301587301587,1,0.2843601895734597,0.3076719576719577,0,0,0,0,0,0,0,0.03138945016009029,0.01098901098901099,1,0.2774390243902439,0.30311355311355315,0,0.6188846313535443,0.14722222222222223,53,0.3619271445358402,0.3852777777777758,0.02623954717483494,united states of america,extraction,USA,0,0,0.079,0.581,1,2,1,1,2,1,98,3,1,0.908179444741422,0.9228291504899564,9,1,1
1922,Bantjes Dconsolidated Mines Limited,cyanid,1.926484,1,0,0,0,0,0,0,0,0,0,0,0,0,0,0,0,0,0,0,0,0,0,0,0,0,0,0,0,0,0,0,0,0,0,united states of america,extraction,USA,0,0,0.094,0.581,1,2,1,1,2,1,98,3,1,0.9128783852142348,0.8977238173556666,0,1,1
1919,Bantjies Consolidated Mines,cyanid,2.656042,1,8,0,6,0,0,0,0,0,0,0,0,0,0,0,0,0,0,0,0,0,0,0,0,0,0,0,0,0.4507002020389943,0.16573033707865167,59,0.3795782463928968,0.4382490636704115,0.02515601012727331,united states of america,extraction,USA,0,0,0.07,0.581,1,2,1,1,2,1,98,3,1,0.8666171596554353,0.8554794889536566,8,1,1
1911,Baptist End Colliery Company,cyanid,0.04375304,1,2,0.00163634572172229,0,0,0,0,0,0,0,0,0,0,0,0,0,0,0,0,0,0,0,0,0,0,0,0,0,0,0,0,0,0,0,mexico,extraction,MEX,0,0,0.821,0.556,-2,-2,-3,-2,-2,-3,70,0,0,0.9090477242361656,0.900247987322166,2,1,1
1910,Barberton Transvaal Terms Subscription Per,cyanid,3.404669,1,15,0,5,0,0,0,1,1,1,0.1610192990752473,0.0175438596491228,1,0.3630573248407643,0.4035087719298244,0,0.2605292015342158,0.04545454545454545,3,0.4342105263157895,0.47853535353535354,0.00377263685148659,0.29698701961043183,0.04545454545454545,4,0.4131455399061033,0.4583333333333337,0.00466882018801909,0.2604816769317676,0.11374407582938388,24,0.3416030534351145,0.3735161363123451,0.005373163713097,united states of america,extraction,USA,0,0,0.098,0.581,1,2,1,1,2,1,98,3,1,0.900247987322166,0.8929159482487512,15,1,1
1910,Barberton Transvaal Terms Subscription Per,cyanid,3.404669,1,15,0,5,0,0,0,1,1,1,0.1610192990752473,0.0175438596491228,1,0.3630573248407643,0.4035087719298244,0,0.2605292015342158,0.04545454545454545,3,0.4342105263157895,0.47853535353535354,0.00377263685148659,0.29698701961043183,0.04545454545454545,4,0.4131455399061033,0.4583333333333337,0.00466882018801909,0.2604816769317676,0.11374407582938388,24,0.3416030534351145,0.3735161363123451,0.005373163713097,canada,extraction,CAN,0,1,0.074,0.597,2,1,1,2,1,1,96,0,1,0.900247987322166,0.8929159482487512,15,1,1
1914,Bareanoa Mines Mexico Company,cyanid,0.7889546,0,0,0,0,0,0,0,0,0,0,0,0,0,0,0,0,0,0,0,0,0,0,0,0,0,0,0,0,0,0,0,0,0,0,united states of america,extraction,USA,0,0,0.079,0.581,1,2,1,1,2,1,98,3,1,0.908179444741422,0.9228291504899564,0,1,1
1919,Barramia Mining And Exploration Limited,cyanid,0.15205839999999998,1,5,0,3,0,2,0,0,0,0,0,0,0,0,0,0,0.2861739381863527,0.04615384615384615,3,0.43333333333333335,0.4782051282051282,0.00507965705901417,0.27038812035664006,0.0375,3,0.40816326530612246,0.45,0.00351550915648789,0.01610692646161599,0.06460674157303371,23,0.28691275167785235,0.31964285714285784,0.00513321998422622,united kingdom,extraction,GBR,1,1,0.028,0.73,2,2,1,2,2,1,89,3,1,0.8666171596554353,0.8554794889536566,5,1,1
1910,Barranca Mines Mexico Limited,cyanid,0.04377432,1,9,0,0,0,0,0,0,1,0,0,0,0,0,0,0,0.07231477657753627,0.01515151515151515,1,0.3473684210526316,0.3939393939393939,0,0.06760396440907664,0.01136363636363636,1,0.3295880149812734,0.36874999999999986,0,0,0,0,0,0,0,mexico,extraction,MEX,0,0,0.853,0.556,-2,-2,-3,-2,-2,-3,82,0,0,0.900247987322166,0.8929159482487512,9,1,1
1912,Barranca Mines Mexico Limited,cyanid,0.7789679,1,5,0,1,0,0,0,0,0,0,0,0,0,0,0,0,0,0,0,0,0,0,0,0,0,0,0,0,0,0.00319488817891373,1,1,0.00319488817891373,0,mexico,extraction,MEX,0,0,0.816,0.561,-2,-2,-3,-2,-2,-3,70,0,0,0.9179453344387052,0.9090477242361656,5,1,1
1913,Barranca Mines Mexico Limited,cyanid,0.7789679,1,5,118.91524721905114,0,0,0,0,0,0,0,0,0,0,0,0,0,0,0,0,0,0,0,0,0,0,0,0,0,0,0,0,0,0,0,united states of america,extraction,USA,0,0,0.083,0.581,1,2,1,1,2,1,98,3,1,0.9228291504899564,0.9179453344387052,5,1,0
1915,Barranca Mines Mexico Limited,cyanid,0.7611798000000001,1,2,65.67919587635431,0,0,0,0,0,0,0,0,0,0,0,0,0,0,0,0,0,0,0,0,0,0,0,0,0,0,0,0,0,0,0,mexico,extraction,MEX,0,0,0.774,0.561,-3,-3,-3,-3,-3,-3,70,0,0,0.8901492706922215,0.908179444741422,2,1,0
1916,Barranca Mines Mexico Limited,cyanid,0.7626311,1,3,0,1,0,0,0,0,0,0,0,0,0,0,0,0,0,0,0,0,0,0,0,0,0,0,0,0,3.306958856543556e-5,0.00302114803625377,1,0.2134228187919463,0.21848654869803033,0,mexico,extraction,MEX,0,0,0.774,0.561,-2,-2,-3,-2,-2,-3,76,0,0,0.8715313750908763,0.8901492706922215,3,1,1
1917,Barranca Mines Mexico Limited,cyanid,0.7622677,1,2,0,1,0,0,0,0,0,0,0,0,0,0,0,0,0,0,0,0,0,0,0,0,0,0,0,0,3.138313919130626e-5,0.00595238095238095,2,0.2087696335078534,0.21329365079365165,3.207811090665728e-4,mexico,extraction,MEX,0,0,0.79,0.54,-2,-2,-3,-2,-2,-3,76,0,0,0.8562317952059528,0.8715313750908763,2,1,1
1919,Barranca Mines Mexico Limited,cyanid,0.708278,1,3,0,2,0,0,0,0,0,0,0,0,0,0,0,0,0,0,0,0,0,0,0,0,0,0,0,0,2.320808995121927e-4,0.00842696629213483,3,0.21482412060301503,0.2204153290529711,1.050045421697906e-4,mexico,extraction,MEX,0,0,0.795,0.565,-2,-2,-3,-2,-2,-3,76,0,0,0.8666171596554353,0.8554794889536566,3,1,1
1920,Barranca Mines Mexico Limited,cyanid,0.5862953000000001,1,4,0,2,0,0,0,0,0,0,0,0,0,0,0,0,0,0,0,0,0,0,0,0,0,0,0,0,2.15849764760584e-4,0.01822916666666666,7,0.27645305514157975,0.2899739583333339,0.0046823491845962,mexico,extraction,MEX,0,0,0.795,0.557,-2,-2,-3,-2,-2,-3,76,0,0,0.8827313706089669,0.8666171596554353,4,1,1
1921,Barranca Mines Mexico Limited,cyanid,0.6158584,1,4,0.00189331193840316,4,0,0,0,0,0,0,0,0,0,0,0,0,0,0,0,0,0,0,0,0,0,0,0,0,0.00292648484212036,0.01886792452830188,7,0.2916666666666667,0.3039083557951487,0.00402849522121622,mexico,extraction,MEX,0,0,0.795,0.557,-1,-2,-2,-1,-2,-2,85,0,0,0.8977238173556666,0.8827313706089669,4,1,1
1922,Barranca Mines Mexico Limited,cyanid,0.7085916999999999,1,4,0,0,0,0,0,0,0,0,0,0,0,0,0,0,0,0,0,0,0,0,0,0,0,0,0,0,0,0,0,0,0,0,mexico,extraction,MEX,0,0,0.795,0.557,-1,-2,-2,-1,-2,-2,85,0,0,0.9128783852142348,0.8977238173556666,4,1,1
1923,Barranca Mines Mexico Limited,cyanid,0.7085916999999999,1,4,0,0,0,0,0,0,0,0,0,0,0,0,0,0,0,0,0,0,0,0,0,0,0,0,0,0,0.00167478857334154,0.01058201058201058,4,0.2981007431874484,0.3064373897707232,2.5852356280548777e-5,mexico,extraction,MEX,0,0,0.795,0.557,-1,-2,-2,-1,-2,-2,85,0,0,0.9260468773507357,0.9128783852142348,4,1,1
1913,Barrett Bietfon Tein,cyanid,1.217137,1,0,0,0,0,0,0,0,0,0,0,0,0,0,0,0,0,0,0,0,0,0,0,0,0,0,0,0,0,0,0,0,0,0,united states of america,extraction,USA,0,0,0.083,0.581,1,2,1,1,2,1,98,3,1,0.9228291504899564,0.9179453344387052,0,1,1
1894,Barrett Gold Mining Company,cyanid,1.144737,1,3,602.1632138322101,0,0,0,0,0,0,0,0,0,0,0,0,0,0,0,0,0,0,0,0,0,0,0,0,0,0,0,0,0,0,0,canada,extraction,CAN,0,1,0.074,0.597,2,1,NA,2,1,NA,96,0,1,0.6957655151230822,0.6304463154435564,3,1,0
1895,Barrett Gold Mining Company,cyanid,1.144737,1,6,0,6,0,0,0,0,0,0,0,0,0,0,0,0,0,0,0,0,0,0,0,0,0,0,0,0,0,0,0,0,0,0,canada,extraction,CAN,0,1,0.074,0.597,2,1,NA,2,1,NA,96,0,1,0.7078988530850715,0.6957655151230822,6,1,1
1912,Barrett Gold Mining Company,cyanid,1.144737,1,1,0,1,0,0,0,0,0,0,0,0,0,0,0,0,0,0,0,0,0,0,0,0,0,0,0,0,0,0.00319488817891373,1,1,0.00319488817891373,0,canada,extraction,CAN,0,1,0.072,0.61,2,1,1,2,1,1,96,0,1,0.9179453344387052,0.9090477242361656,1,1,1
1913,Barrett Gold Mining Company,cyanid,1.144737,1,8,0,3,0,0,0,0,0,0,0,0,0,0,0,0,0,0,0,0,0,0,0,0,0,0,0,0,0.3536249300828322,0.07547169811320754,24,0.2964102564102564,0.34993182045068766,0.03001948489757352,united states of america,extraction,USA,0,0,0.083,0.581,1,2,1,1,2,1,98,3,1,0.9228291504899564,0.9179453344387052,8,1,1
1914,Barrett Gold Mining Company,cyanid,0.591716,1,4,0,0,0,0,0,1,0,0,0.1871438015854502,0.01587301587301587,1,0.32786885245901637,0.3542328042328043,0,0,0,0,0,0,0,0.04811949376023235,0.01098901098901099,1,0.2993421052631579,0.3335164835164835,0,0.0318672608454246,0.00833333333333333,3,0.2862453531598513,0.27500000000000085,3.0214364656723275e-4,united states of america,extraction,USA,0,0,0.079,0.581,1,2,1,1,2,1,98,3,1,0.908179444741422,0.9228291504899564,4,1,1
1917,Barrett Gold Mining Company,cyanid,0.591716,1,4,0,3,0,0,0,0,0,0,0,0,0,0,0,0,0,0,0,0,0,0,0,0,0,0,0,0,0.01480703527468135,0.0119047619047619,4,0.3209255533199195,0.34563492063491996,0.00731348842547732,canada,extraction,CAN,0,1,0.067,0.61,2,2,1,2,2,1,98,0,1,0.8562317952059528,0.8715313750908763,4,1,1
1919,Barrett Gold Mining Limited,cyanid,0.5312085,1,2,0,1,0,0,0,0,0,0,0,0,0,0,0,0,0,0,0,0,0,0,0,0,0,0,0,0,9.009952730331012e-20,0.00280898876404494,1,1,0.00280898876404494,0,united states of america,extraction,USA,0,0,0.07,0.581,1,2,1,1,2,1,98,3,1,0.8666171596554353,0.8554794889536566,2,1,1
1909,Battlefields Rhodesia Limited,cyanid,1.232742,1,6,0,2,0,1,0,0,1,0,0,0,0,0,0,0,0.2363410450040908,0.03947368421052631,3,0.4578313253012048,0.4912280701754386,0.00519496040188331,0.2118008158630621,0.03092783505154639,3,0.4148471615720524,0.4450171821305845,0.0020733756876939,7.506673800382308e-5,0.02247191011235955,4,0.20057720057720055,0.17846664883181731,0.0226835100192556,chile,extraction,CHL,0,0,0.276,0.272,0,1,-1,0,1,-1,97,1,1,0.8929159482487512,0.9055704681028238,6,1,1
1911,Battlefields Rhodesia Limited,cyanid,1.232742,1,7,3.44950923903073e-4,4,0,2,0,0,1,0,0,0,0,0,0,0,0.29416848744952473,0.04444444444444444,4,0.5113636363636364,0.5222222222222223,0.01216282940606033,0.26610708020719676,0.03361344537815126,4,0.42805755395683454,0.46568627450980415,0.00598127254207997,0.02002657210438855,0.05343511450381679,14,0.2958904109589041,0.2876317702653592,0.05514772599668929,chile,extraction,CHL,0,0,0.276,0.272,0,1,-1,0,1,-1,97,1,1,0.9090477242361656,0.900247987322166,7,1,1
1912,Battlefields Rhodesia Limited,cyanid,1.232742,1,5,0,3,0,2,0,0,0,0,0,0,0,0,0,0,0.2264583208858041,0.03614457831325301,3,0.494047619047619,0.5100401606425703,0.00647756617664988,0.2159803211211372,0.02727272727272727,3,0.4235294117647059,0.4515151515151518,0.0035222254515045,5.656273018757102e-4,0.02875399361022364,9,0.22386895475819032,0.2375337122940964,0.02522279751714614,chile,extraction,CHL,0,0,0.276,0.272,0,1,-1,0,1,-1,97,1,1,0.9179453344387052,0.9090477242361656,5,1,1
1914,Battlefields Rhodesia Limited,cyanid,1.232742,1,4,0,0,0,0,0,0,1,0,0,0,0,0,0,0,0.10241060555645518,0.01388888888888888,1,0.375,0.4201388888888888,0,0.0957234797722802,0.01098901098901099,1,0.35,0.39267399267399256,0,0.00109001525505907,0.00277777777777777,1,0.22448979591836735,0.20990189594356357,0,united states of america,extraction,USA,0,0,0.079,0.581,1,2,1,1,2,1,98,3,1,0.908179444741422,0.9228291504899564,4,1,1
1895,Bear Creek Alluvial Gold Company,amalgama,0.02932551,0,5,416.6950076351206,1,0,0,0,0,0,0,0,0,0,0,0,0,0,0,0,0,0,0,0,0,0,0,0,0,0.00150896049910891,0.02857142857142857,1,0.2336448598130841,0.20574829931972796,0,united kingdom,extraction,GBR,1,1,0.028,0.73,2,2,NA,2,2,NA,98,3,1,0.7078988530850715,0.6957655151230822,5,0,0
1913,Bebbida Nigebi Tin Ields,cyanid,1.460565,1,0,0,0,0,0,0,0,0,0,0,0,0,0,0,0,0,0,0,0,0,0,0,0,0,0,0,0,0,0,0,0,0,0,united kingdom,extraction,GBR,1,1,0.028,0.73,2,2,2,2,2,2,98,3,1,0.9228291504899564,0.9179453344387052,0,1,1
1912,Benoni Consolidated Gold Mines Limited,cyanid,1.703163,1,5,0,0,0,0,0,0,0,0,0,0,0,0,0,0,0,0,0,0,0,0,0,0,0,0,0,0,0,0,0,0,0,0,canada,extraction,CAN,0,1,0.072,0.61,2,1,1,2,1,1,96,0,1,0.9179453344387052,0.9090477242361656,5,1,1
1914,Benoni Consolidated Gold Mines Limited,cyanid,1.725838,1,5,0,4,1,1,1,0,0,0,0.03647789394764548,0.01587301587301587,1,0.26666666666666666,0.28439153439153436,0,0.17408969739500024,0.02777777777777777,2,0.41379310344827586,0.4571759259259259,0.00135147414697887,0.181496334307135,0.03296703296703297,3,0.3888888888888889,0.4349816849816851,0.00302759061588787,0.27149888932779503,0.11666666666666668,42,0.34108527131782945,0.3694014550264533,0.02552172283448838,canada,extraction,CAN,0,1,0.067,0.61,2,1,1,2,1,1,96,0,1,0.908179444741422,0.9228291504899564,5,1,1
1913,Benoni Gold Mining Company,cyanid,1.703992,1,8,0,3,1,1,0,1,0,0,0.2383226143180505,0.05172413793103448,3,0.43,0.3577586206896551,0.092760637225247,0.05463174355107239,0.01265822784810126,1,0.32113821138211385,0.36392405063291133,0,0.14225721047543477,0.04081632653061224,4,0.3734939759036144,0.40680272108843535,0.02674997020477745,0.00221033638646243,0.01257861635220125,4,0.1959322033898305,0.21049184917109487,0.00123514199739273,canada,extraction,CAN,0,1,0.072,0.61,2,1,1,2,1,1,96,0,1,0.9228291504899564,0.9179453344387052,8,1,1
1909,Beret United Deep Leads,cyanid,0.004873294,1,3,0,0,0,0,0,0,1,0,0,0,0,0,0,0,0.23634104500409076,0.03947368421052631,3,0.4578313253012048,0.4912280701754386,0.00519496040188331,0.2118008158630621,0.03092783505154639,3,0.4148471615720524,0.4450171821305845,0.0020733756876939,0,0,0,0,0,0,united states of america,extraction,USA,0,0,0.117,0.581,1,1,1,1,1,1,98,1,1,0.8929159482487512,0.9055704681028238,3,1,1
1903,Besini Syndicate Limited,amalgama,0.5836576,1,7,0,0,0,0,0,2,2,2,0.3111078174659817,0.07142857142857142,1,0.35294117647058826,0.1904761904761905,0,0.5985129399158763,0.1875,3,0.5333333333333333,0.5833333333333334,0.1930555555555555,0.6314581080443127,0.16666666666666666,4,0.4444444444444444,0.5208333333333335,0.1368530020703934,0,0,0,0,0,0,united states of america,extraction,USA,0,0,0.117,0.581,1,1,1,1,1,1,98,1,1,0.684490744492304,0.620634442833931,7,0,1
1908,Bibiant Gold Fields Limited,cyanid,0.973236,0,3,0,0,0,0,0,0,0,0,0,0,0,0,0,0,0,0,0,0,0,0,0,0,0,0,0,0,0,0,0,0,0,0,united states of america,extraction,USA,0,0,0.117,0.581,1,1,1,1,1,1,98,1,1,0.9055704681028238,0.9101864858593508,3,1,1
1908,Black Flag Proprietary Company,cyanid,0.00486618,1,3,0,0,0,0,0,0,0,0,0,0,0,0,0,0,0,0,0,0,0,0,0,0,0,0,0,0,0,0,0,0,0,0,united states of america,extraction,USA,0,0,0.117,0.581,1,1,1,1,1,1,98,1,1,0.9055704681028238,0.9101864858593508,3,1,1
1910,Black Flag Proprietary Company,cyanid,0.004863813,1,3,0,0,0,0,0,0,0,0,0,0,0,0,0,0,0,0,0,0,0,0,0,0,0,0,0,0,0,0,0,0,0,0,united states of america,extraction,USA,0,0,0.098,0.581,1,2,1,1,2,1,98,3,1,0.900247987322166,0.8929159482487512,3,1,1
1911,Blackwater Mines Limited,cyanid,1.106684,1,4,0,0,0,0,0,0,0,0,0,0,0,0,0,0,0,0,0,0,0,0,0,0,0,0,0,0,0,0,0,0,0,0,new zealand,extraction,NA,0,0,NA,NA,NA,NA,NA,NA,NA,NA,NA,NA,NA,0.9090477242361656,0.900247987322166,4,1,1
1919,Blackwater Mines Limited,cyanid,1.106684,1,5,0,4,1,0,0,0,0,0,1.1835516117879616e-16,0.01886792452830188,1,0.42857142857142855,0.08333333333333334,0,0,0,0,0,0,0,0.01321489282972308,0.0125,1,0.2564102564102564,0.2743749999999999,0,0.0726887904452833,0.05337078651685393,19,0.3500511770726714,0.37359550561797494,0.00596093157806133,new zealand,extraction,NA,0,0,NA,NA,NA,NA,NA,NA,NA,NA,NA,NA,NA,0.8666171596554353,0.8554794889536566,5,1,1
1887,Bonnie Dundee Gold Mines Limited,amalgama,0.09704027,1,5,0,0,0,0,0,0,0,0,0,0,0,0,0,0,7.163546842744722e-16,0.25,1,1,0.25,0,3.330639994995279e-16,0.1111111111111111,1,1,0.1111111111111111,0,0,0,0,0,0,0,united states of america,extraction,USA,0,0,0.147,0.415,1,1,NA,1,1,NA,90,1,1,0.10122114063590426,0.08285608077809953,5,0,1
1912,Bonnie Dundee Gold Mines Limited,cyanid,0.350365,1,10,6.217023955339669e-4,5,0,1,0,1,1,1,0.16976206802917138,0.0144927536231884,1,0.33004926108374383,0.36038647342995167,0,0.12214516472212396,0.02409638554216867,2,0.41089108910891087,0.4538152610441768,0.00231038340313626,0.1608180304976635,0.02727272727272727,3,0.3898916967509025,0.4275757575757579,0.0031018021029477,7.393311620616258e-5,0.02875399361022364,9,0.18444730077120824,0.1996508461364699,0.02343552304992265,australia,extraction,AUS,0,1,0.041,0.659,2,3,2,2,3,2,99,2,1,0.9179453344387052,0.9090477242361656,10,1,1
1908,Bonsor Gold Mining Company,cyanid,0.486618,1,3,0,0,0,0,0,0,1,0,0,0,0,0,0,0,0.075392156040686,0.01265822784810126,1,0.34649122807017546,0.3924050632911392,0,0.06861240043009194,0.00925925925925925,1,0.32432432432432434,0.3629629629629628,0,0,0,0,0,0,0,united kingdom,extraction,GBR,1,1,0.028,0.73,2,2,2,2,2,1,98,3,1,0.9055704681028238,0.9101864858593508,3,1,1
1909,Bonsor Gold Mining Company,cyanid,0.4873294,0,3,0,0,0,0,0,0,0,0,0,0,0,0,0,0,0,0,0,0,0,0,0,0,0,0,0,0,8.685514810837906e-4,0.00561797752808988,1,0.2332214765100671,0.19656233279828764,0,united kingdom,extraction,GBR,1,1,0.028,0.73,2,2,2,2,2,1,98,3,1,0.8929159482487512,0.9055704681028238,3,1,1
1913,Bower Randfontein Limited,cyanid,3.651412,1,11,0,1,0,0,0,0,1,0,0,0,0,0,0,0,0.08346779310370925,0.01265822784810126,1,0.3134920634920635,0.35443037974683544,0,0.081629965408985,0.01020408163265306,1,0.3089700996677741,0.32772108843537406,0,0.07788955281252795,0.01572327044025157,5,0.2584973166368515,0.28506958624883266,7.109770994273821e-4,canada,extraction,CAN,0,1,0.072,0.61,2,1,1,2,1,1,96,0,1,0.9228291504899564,0.9179453344387052,11,1,1
1914,Bower Randfontein Limited,cyanid,3.254438,1,10,0,3,0,0,0,0,0,0,0,0,0,0,0,0,0,0,0,0,0,0,0,0,0,0,0,0,0.0416348789929173,0.01944444444444444,7,0.28,0.27514219576719656,2.982470346621275e-4,canada,extraction,CAN,0,1,0.067,0.61,2,1,1,2,1,1,96,0,1,0.908179444741422,0.9228291504899564,10,1,1
1919,Braden Copper Company,cyanid,57.170081,1,17,0,6,0,1,0,1,5,1,0.24082592586102564,0.01886792452830188,1,0.3516483516483517,0.24056603773584911,0,0.26666989168411437,0.04615384615384615,3,0.4452054794520548,0.4858974358974359,0.00868999237213587,0.30064238558378836,0.05,4,0.425531914893617,0.46916666666666695,0.00796294742852803,0.08748539801559183,0.04213483146067415,15,0.31637372802960223,0.3371722846441942,0.00638152252085316,canada,extraction,CAN,0,1,0.067,0.631,2,2,1,2,2,1,98,0,1,0.8666171596554353,0.8554794889536566,17,1,1
1911,Brakpan Mines Limited,cyanid,3.208556,1,11,2.8333329557698393e-4,5,2,2,2,1,0,0,0.06792487350718042,0.02631578947368421,2,0.2874015748031496,0.3168859649122807,0.00196110994268888,0.1607782746565248,0.02222222222222222,2,0.4411764705882353,0.47407407407407415,0.00252787565884868,0.17863213732506877,0.03361344537815126,4,0.40202702702702703,0.4467787114845941,0.00624503318872974,0.25318787917734653,0.12213740458015268,32,0.3898916967509025,0.38664122137404466,0.00621498535625821,canada,extraction,CAN,0,1,0.072,0.61,2,1,1,2,1,1,96,0,1,0.9090477242361656,0.900247987322166,11,1,1
1912,Brakpan Mines Limited,cyanid,3.211679,1,10,0,5,3,2,2,0,0,0,0.10340222206203883,0.02898550724637681,2,0.2875536480686695,0.3292270531400967,0.01845085860431129,0.15780814078082067,0.02409638554216867,2,0.4715909090909091,0.4929718875502009,0.00353035756494714,0.1797979918650501,0.03636363636363636,4,0.43373493975903615,0.4621212121212124,0.01147327309487552,0.3746800451786596,0.16613418530351437,52,0.31573157315731576,0.40251534053450905,0.01033015638929574,canada,extraction,CAN,0,1,0.072,0.61,2,1,1,2,1,1,96,0,1,0.9179453344387052,0.9090477242361656,10,1,1
1915,Brakpan Mines Limited,cyanid,3.211679,1,9,0,3,0,1,0,0,0,0,0,0,0,0,0,0,0.0614055467075716,0.01219512195121951,1,0.3178294573643411,0.3597560975609756,0,0.0569195471549421,0.01020408163265306,1,0.3096774193548387,0.34115646258503396,0,0.0662826414855971,0.03693181818181818,13,0.3255578093306288,0.3510923971861465,6.552098357430236e-4,canada,extraction,CAN,0,1,0.067,0.61,2,2,1,2,2,1,98,0,1,0.8901492706922215,0.908179444741422,9,1,1
1916,Brakpan Mines Limited,cyanid,0.01003337,1,7,0,5,2,2,2,0,1,0,0.36739730463993825,0.07142857142857142,3,0.4074074074074074,0.3690476190476191,0.04225430009402134,0.1991681043058544,0.03448275862068965,2,0.37662337662337664,0.4295977011494253,0.00727259008571342,0.39181132630954046,0.06666666666666667,5,0.3865979381443299,0.4455555555555555,0.03950630712531142,0.1640903562247494,0.0634441087613293,21,0.348302300109529,0.3825276938569972,0.04677210099473226,canada,extraction,CAN,0,1,0.067,0.61,2,2,1,2,2,1,98,0,1,0.8715313750908763,0.8901492706922215,7,1,1
1920,Brakpan Mines Limited,cyanid,0.007713448,1,6,0,5,1,0,0,0,0,0,0.03486471210586935,0.01851851851851851,1,0.2660098522167488,0.3089506172839506,0,0,0,0,0,0,0,0.01886210190269384,0.01282051282051282,1,0.2775800711743772,0.30256410256410254,0,0.1235663814881656,0.10416666666666669,40,0.39384288747346075,0.44053819444444586,0.0331809202108845,united kingdom,extraction,GBR,1,1,0.028,0.73,2,2,1,2,2,1,89,3,1,0.8827313706089669,0.8666171596554353,6,1,1
1921,Brakpan Mines Limited,cyanid,0.008102386,1,9,0,7,2,1,1,0,1,0,0.2852203022215309,0.0425531914893617,2,0.37815126050420167,0.41205673758865247,0.01937436539384627,0.306904259149079,0.0588235294117647,3,0.425,0.4771241830065359,0.00604333176921053,0.37772638597092095,0.07352941176470588,5,0.4146341463414634,0.4727941176470587,0.01818552580990868,0.3571587506543942,0.10512129380053908,39,0.4033898305084746,0.4394429469901181,0.02840884964048629,united kingdom,extraction,GBR,1,1,0.028,0.73,2,2,1,2,2,1,89,3,1,0.8977238173556666,0.8827313706089669,9,1,1
1922,Brakpan Mines Limited,cyanid,0.009322409,1,11,0,8,3,3,2,0,0,0,0.3707350040436979,0.07692307692307693,3,0.4111111111111111,0.4444444444444445,0.09639483323693852,0.2986715667675239,0.06521739130434782,3,0.4339622641509434,0.48550724637681153,0.00800039330079712,0.408776129815148,0.0967741935483871,6,0.43356643356643354,0.4919354838709676,0.02308776157221166,0.42509957886999605,0.10989010989010987,40,0.3777056277056277,0.40760073260073154,0.00964709427546566,united kingdom,extraction,GBR,1,1,0.027,0.73,2,2,1,2,2,1,89,3,1,0.9128783852142348,0.8977238173556666,11,1,1
1923,Brakpan Mines Limited,cyanid,0.00962946,1,11,0,9,2,2,1,0,0,0,0.25718450562781275,0.04347826086956521,2,0.3771929824561403,0.4090579710144928,0.03890958007511623,0.310626433676107,0.075,3,0.425531914893617,0.48333333333333334,0.00471263028729092,0.38829074694182875,0.08928571428571429,5,0.42105263157894735,0.4812499999999998,0.01894357731235169,0.2135611989397226,0.1058201058201058,40,0.3980154355016538,0.4261904761904771,0.01617633935953106,canada,extraction,CAN,0,1,0.07,0.631,2,1,1,2,2,1,98,0,1,0.9260468773507357,0.9128783852142348,11,1,1
1913,Branstone Gold Mining Company,cyanid,1.217137,1,6,0,1,0,1,0,0,0,0,0,0,0,0,0,0,0.2888330581114654,0.0379746835443038,3,0.4114583333333333,0.4599156118143459,0.00663263007643864,0.2735780162528623,0.03061224489795918,3,0.38589211618257263,0.4127551020408165,0.00386310814110619,1.4747969442628166e-11,0.00628930817610062,2,0.09337641357027464,0.09671338444923308,0.00571394559847628,new zealand,extraction,NA,0,0,NA,NA,NA,NA,NA,NA,NA,NA,NA,NA,NA,0.9228291504899564,0.9179453344387052,6,1,1
1913,Branstone Gold Mining Company,cyanid,1.217137,1,6,323.2367398923139,1,0,1,0,0,0,0,0,0,0,0,0,0,0.2888330581114654,0.0379746835443038,3,0.4114583333333333,0.4599156118143459,0.00663263007643864,0.2735780162528623,0.03061224489795918,3,0.38589211618257263,0.4127551020408165,0.00386310814110619,1.4747969442628166e-11,0.00628930817610062,2,0.09337641357027464,0.09671338444923308,0.00571394559847628,united states of america,extraction,USA,0,0,0.083,0.581,1,2,1,1,2,1,98,3,1,0.9228291504899564,0.9179453344387052,6,1,0
1914,Brazilian Iron And Gold Limited,cyanid,0.7889546,1,0,0,0,0,0,0,0,0,0,0,0,0,0,0,0,0,0,0,0,0,0,0,0,0,0,0,0,0,0,0,0,0,0,brazil,extraction,BRA,0,0,0.78,0.63,-2,-1,-2,-2,-1,-2,92,1,0,0.908179444741422,0.9228291504899564,0,1,1
1913,Brazllian Miner And Industries Limited,cyanid,0.7789679,1,14,4.4256579293183354e-4,2,0,0,0,0,0,0,0,0,0,0,0,0,0,0,0,0,0,0,0,0,0,0,0,0,4.433988796308996e-4,0.03459119496855346,11,0.18766233766233767,0.2139472686642502,0.00832682880145323,brazil,extraction,BRA,0,0,0.78,0.63,-2,-1,-2,-2,-1,-2,92,1,0,0.9228291504899564,0.9179453344387052,14,1,1
1908,Brilliant Central Gold Mining Company,cyanid,0.486618,1,18,1661.876604165504,0,0,0,0,1,4,1,0.21491579057165092,0.02816901408450704,2,0.3271889400921659,0.3753521126760562,0.00709996241183364,0.3037857536678945,0.05063291139240506,4,0.512987012987013,0.5253164556962026,0.00997812905098481,0.3307118455627279,0.05555555555555555,6,0.463519313304721,0.4969135802469138,0.0212245125146994,0,0,0,0,0,0,australia,extraction,AUS,0,1,0.041,0.659,2,2,2,2,2,2,99,2,1,0.9055704681028238,0.9101864858593508,18,1,0
1908,Brilliant Central Gold Mining Company,cyanid,0.486618,1,18,1164.5322086442577,0,0,0,0,1,4,1,0.21491579057165092,0.02816901408450704,2,0.3271889400921659,0.3753521126760562,0.00709996241183364,0.3037857536678945,0.05063291139240506,4,0.512987012987013,0.5253164556962026,0.00997812905098481,0.3307118455627279,0.05555555555555555,6,0.463519313304721,0.4969135802469138,0.0212245125146994,0,0,0,0,0,0,australia,extraction,AUS,0,1,0.041,0.659,2,2,2,2,2,2,99,2,1,0.9055704681028238,0.9101864858593508,18,1,0
1909,Brilliant Central Gold Mining Company,cyanid,0.486618,1,10,0,4,1,3,1,0,1,0,0.2591789670736738,0.02985074626865671,2,0.3403141361256545,0.3808457711442784,0.00437036720795943,0.3104971299725253,0.05263157894736842,4,0.5135135135135135,0.5263157894736842,0.01279419879328662,0.3473891765859065,0.06185567010309278,6,0.4773869346733669,0.49656357388316175,0.01359510585753006,3.3068418640180895e-4,0.03370786516853932,6,0.21221374045801528,0.1905675940788301,0.02602678854821304,australia,extraction,AUS,0,1,0.041,0.659,2,2,2,2,2,2,99,2,1,0.8929159482487512,0.9055704681028238,10,1,1
1910,Brilliant Central Gold Mining Company,cyanid,0.4863813,1,10,0,6,0,1,0,0,1,0,0,0,0,0,0,0,0.26052920153421605,0.04545454545454545,3,0.4342105263157895,0.47853535353535354,0.00377263685148659,0.2333720459860505,0.03409090909090909,3,0.3876651982378855,0.4337121212121212,0.00171633844890328,4.296846450339186e-4,0.04265402843601896,9,0.20504009163802975,0.20025389302640476,0.04136282817424992,australia,extraction,AUS,0,1,0.041,0.659,2,3,2,2,3,2,99,2,1,0.900247987322166,0.8929159482487512,10,1,1
1909,Brilliant Extended Gold Mining Limited,cyanid,2.564103,1,7,0,3,0,1,0,0,0,0,0,0,0,0,0,0,0.0741560849684345,0.0131578947368421,1,0.34234234234234234,0.3881578947368421,0,0.06762361635260217,0.01030927835051546,1,0.3310104529616725,0.3628865979381442,0,4.454353338487833e-5,0.01685393258426966,3,0.17528373266078184,0.1501451108192682,0,australia,extraction,AUS,0,1,0.041,0.659,2,2,2,2,2,2,99,2,1,0.8929159482487512,0.9055704681028238,7,1,1
1912,Brilliant Extended Gold Mining Limited,cyanid,2.564103,1,14,6.217023955339669e-4,7,1,3,1,0,0,0,0.1297156293868671,0.02898550724637681,2,0.3175355450236967,0.36014492753623184,0.02717277512673931,0.283479381877677,0.04819277108433735,4,0.5123456790123457,0.5240963855421688,0.01047248478140069,0.3055951397905442,0.05454545454545454,6,0.47577092511013214,0.4946969696969699,0.03253545859743894,1.423836009746932e-4,0.04153354632587859,13,0.183974358974359,0.1956572359128277,7.626541723292157e-4,australia,extraction,AUS,0,1,0.041,0.659,2,3,2,2,3,2,99,2,1,0.9179453344387052,0.9090477242361656,14,1,1
1912,Brilliant Extended Gold Mining Limited,cyanid,2.564103,1,14,0,7,1,3,1,0,0,0,0.1297156293868671,0.02898550724637681,2,0.3175355450236967,0.36014492753623184,0.02717277512673931,0.283479381877677,0.04819277108433735,4,0.5123456790123457,0.5240963855421688,0.01047248478140069,0.3055951397905442,0.05454545454545454,6,0.47577092511013214,0.4946969696969699,0.03253545859743894,1.423836009746932e-4,0.04153354632587859,13,0.183974358974359,0.1956572359128277,7.626541723292157e-4,australia,extraction,AUS,0,1,0.041,0.659,2,3,2,2,3,2,99,2,1,0.9179453344387052,0.9090477242361656,14,1,1
1914,Brilliant Extended Gold Mining Limited,cyanid,2.564103,1,5,0,1,0,0,0,0,0,0,0,0,0,0,0,0,0,0,0,0,0,0,0,0,0,0,0,0,1.4372004588433346e-4,0.00555555555555555,2,0.1903584672435105,0.17658068783068795,0.04164345403899721,united kingdom,extraction,GBR,1,1,0.028,0.73,2,2,2,2,2,2,98,3,1,0.908179444741422,0.9228291504899564,5,1,1
1914,Brilliant Extended Gold Mining Limited,cyanid,2.564103,1,5,0,1,0,0,0,0,0,0,0,0,0,0,0,0,0,0,0,0,0,0,0,0,0,0,0,0,1.4372004588433346e-4,0.00555555555555555,2,0.1903584672435105,0.17658068783068795,0.04164345403899721,australia,extraction,AUS,0,1,0.041,0.659,2,3,2,2,3,2,99,2,1,0.908179444741422,0.9228291504899564,5,1,1
1915,Brilliant Extended Gold Mining Limited,cyanid,2.564103,1,13,0,7,0,1,0,0,0,0,0,0,0,0,0,0,0.16319973813125394,0.02439024390243902,2,0.405940594059406,0.4502032520325203,0.00222022715110416,0.1511467684038606,0.02040816326530612,2,0.384,0.4195578231292519,0.00120809926803674,9.914311910280592e-6,0.03977272727272727,14,0.1811512415349887,0.1855327831890335,0.02445124320124319,australia,extraction,AUS,0,1,0.041,0.659,2,3,3,2,3,3,99,3,1,0.8901492706922215,0.908179444741422,13,1,1
1916,Brilliant Extended Gold Mining Limited,cyanid,0.4766444,1,14,0,6,0,1,0,0,1,0,0,0,0,0,0,0,0.2280125354743201,0.03448275862068965,2,0.42028985507246375,0.4640804597701149,0.01445575239328244,0.2271720006555206,0.02666666666666667,2,0.3826530612244898,0.42711111111111094,0.00784003234546121,0.02269776255628595,0.03323262839879154,11,0.29887218045112784,0.323464249748238,0.04730548042450899,australia,extraction,AUS,0,1,0.041,0.659,2,3,3,2,3,3,99,3,1,0.8715313750908763,0.8901492706922215,14,1,1
1916,Brilliant Extended Gold Mining Limited,cyanid,0.4766444,1,14,0,6,0,1,0,0,1,0,0,0,0,0,0,0,0.2280125354743201,0.03448275862068965,2,0.42028985507246375,0.4640804597701149,0.01445575239328244,0.2271720006555206,0.02666666666666667,2,0.3826530612244898,0.42711111111111094,0.00784003234546121,0.02269776255628595,0.03323262839879154,11,0.29887218045112784,0.323464249748238,0.04730548042450899,united kingdom,extraction,GBR,1,1,0.031,0.73,2,2,2,2,2,2,94,3,1,0.8715313750908763,0.8901492706922215,14,1,1
1911,Brilliant Gold Mining Company,cyanid,0.4861449000000001,1,29,0,15,2,5,2,1,1,0,0.15153362872521872,0.05263157894736842,4,0.3613861386138614,0.407236842105263,0.0438717960152129,0.29416848744952473,0.04444444444444444,4,0.5113636363636364,0.5222222222222223,0.01216282940606033,0.32983104179789086,0.06722689075630252,8,0.4722222222222222,0.5070028011204484,0.03418124663240754,0.0113757662247046,0.0916030534351145,24,0.288,0.27408215194474833,0.03001958258570522,australia,extraction,AUS,0,1,0.041,0.659,2,3,2,2,3,2,99,2,1,0.9090477242361656,0.900247987322166,29,1,1
1911,Brilliant Gold Mining Company,cyanid,0.4861449000000001,1,29,0.00416814512984564,15,2,5,2,1,1,0,0.15153362872521872,0.05263157894736842,4,0.3613861386138614,0.407236842105263,0.0438717960152129,0.29416848744952473,0.04444444444444444,4,0.5113636363636364,0.5222222222222223,0.01216282940606033,0.32983104179789086,0.06722689075630252,8,0.4722222222222222,0.5070028011204484,0.03418124663240754,0.0113757662247046,0.0916030534351145,24,0.288,0.27408215194474833,0.03001958258570522,australia,extraction,AUS,0,1,0.041,0.659,2,3,2,2,3,2,99,2,1,0.9090477242361656,0.900247987322166,29,1,1
1913,Brilliant Gold Mining Company,cyanid,0.4868549,1,25,0,5,0,1,0,1,1,1,0.21808174232498043,0.03448275862068965,2,0.39814814814814814,0.3333333333333333,0.04073401895543455,0.28883305811146553,0.0379746835443038,3,0.4114583333333333,0.4599156118143459,0.00663263007643864,0.3483489359664186,0.05102040816326531,5,0.4246575342465753,0.44931972789115665,0.02455138284092732,2.2846800283307618e-5,0.02830188679245283,9,0.16383219954648526,0.1765895268253759,0.0395611372338948,australia,extraction,AUS,0,1,0.041,0.659,2,3,2,2,3,2,99,2,1,0.9228291504899564,0.9179453344387052,25,1,1
1913,Brilliant Gold Mining Company,cyanid,0.4868549,1,25,0,5,0,1,0,1,1,1,0.21808174232498043,0.03448275862068965,2,0.39814814814814814,0.3333333333333333,0.04073401895543455,0.28883305811146553,0.0379746835443038,3,0.4114583333333333,0.4599156118143459,0.00663263007643864,0.3483489359664186,0.05102040816326531,5,0.4246575342465753,0.44931972789115665,0.02455138284092732,2.2846800283307618e-5,0.02830188679245283,9,0.16383219954648526,0.1765895268253759,0.0395611372338948,australia,extraction,AUS,0,1,0.041,0.659,2,3,2,2,3,2,99,2,1,0.9228291504899564,0.9179453344387052,25,1,1
1915,Brilliant Gold Mining Company,cyanid,0.4868549,1,3,0,1,0,0,0,0,0,0,0,0,0,0,0,0,0,0,0,0,0,0,0,0,0,0,0,0,1.0963371108644614e-6,0.01420454545454545,5,0.1534416826003824,0.15054829955398233,0,australia,extraction,AUS,0,1,0.041,0.659,2,3,3,2,3,3,99,3,1,0.8901492706922215,0.908179444741422,3,1,1
1917,Brilliant Gold Mining Company,cyanid,0.4764173,1,8,0,6,0,2,0,0,0,0,0,0,0,0,0,0,0.219592014336088,0.04347826086956521,2,0.40350877192982454,0.45471014492753614,0.00470308369285351,0.21843289207777705,0.03278688524590164,2,0.3674698795180723,0.4153005464480873,0.00252269038915297,0.0074450447053985,0.02976190476190476,10,0.2879061371841155,0.31271967120181465,0.01027469865207995,australia,extraction,AUS,0,1,0.041,0.659,2,3,3,2,3,3,99,3,1,0.8562317952059528,0.8715313750908763,8,1,1
1917,Brilliant Gold Mining Company,cyanid,0.4764173,1,8,0,6,0,2,0,0,0,0,0,0,0,0,0,0,0.219592014336088,0.04347826086956521,2,0.40350877192982454,0.45471014492753614,0.00470308369285351,0.21843289207777705,0.03278688524590164,2,0.3674698795180723,0.4153005464480873,0.00252269038915297,0.0074450447053985,0.02976190476190476,10,0.2879061371841155,0.31271967120181465,0.01027469865207995,united kingdom,extraction,GBR,1,1,0.028,0.73,2,2,2,2,2,2,94,3,1,0.8562317952059528,0.8715313750908763,8,1,1
1910,Brilliant North Gold Mines Limited,cyanid,3.889159,1,13,0,8,0,1,0,0,0,0,0,0,0,0,0,0,0.0723147765775363,0.01515151515151515,1,0.3473684210526316,0.3939393939393939,0,0.06760396440907664,0.01136363636363636,1,0.3295880149812734,0.36874999999999986,0,0.00268013981708453,0.05213270142180094,11,0.24621733149931224,0.24000225682690168,0.06155760102017223,australia,extraction,AUS,0,1,0.041,0.659,2,3,2,2,3,2,99,2,1,0.900247987322166,0.8929159482487512,13,1,1
1920,British Colonial Investments Limited,cyanid,0.2931477,1,3,0,2,0,0,0,0,0,0,0,0,0,0,0,0,0,0,0,0,0,0,0,0,0,0,0,0,8.05631820128674e-5,0.01041666666666666,4,0.23510773130544993,0.2430865575396836,0.00516452167888199,united kingdom,extraction,GBR,1,1,0.028,0.73,2,2,1,2,2,1,89,3,1,0.8827313706089669,0.8666171596554353,3,1,1
1920,British Colonial Investments Limited,cyanid,0.2931477,1,3,0,2,0,0,0,0,0,0,0,0,0,0,0,0,0,0,0,0,0,0,0,0,0,0,0,0,8.05631820128674e-5,0.01041666666666666,4,0.23510773130544993,0.2430865575396836,0.00516452167888199,united states of america,extraction,USA,0,0,0.078,0.581,1,2,1,1,2,1,98,3,1,0.8827313706089669,0.8666171596554353,3,1,1
1908,British Cyanides Company,cyanid,0.354139,0,4,0,0,0,0,0,1,0,0,0.10615531790833088,0.01408450704225352,1,0.2874493927125506,0.31830985915492965,0,0,0,0,0,0,0,0.02397689031093848,0.00925925925925925,1,0.27621483375959077,0.2979938271604939,0,0,0,0,0,0,0,united kingdom,extraction,GBR,1,1,0.028,0.73,2,2,2,2,2,1,98,3,1,0.9055704681028238,0.9101864858593508,4,1,1
1910,British Cyanides Company,cyanid,0.354139,0,4,0,2,1,0,0,0,0,0,0.05854674560899824,0.0175438596491228,1,0.2893401015228426,0.3239766081871345,0,0,0,0,0,0,0,0.0263159864488767,0.01136363636363636,1,0.277602523659306,0.30170454545454545,0,0,0,0,0,0,0,united kingdom,extraction,GBR,1,1,0.028,0.73,2,2,2,2,2,2,98,3,1,0.900247987322166,0.8929159482487512,4,1,1
1917,British Cyanides Company,cyanid,0.354139,1,2,0,2,0,0,0,0,0,0,0,0,0,0,0,0,0,0,0,0,0,0,0,0,0,0,0,0,1.4314808412184916e-6,0.00595238095238095,2,0.183228029867892,0.1854792611489036,0.0056503198294243,united kingdom,extraction,GBR,1,1,0.028,0.73,2,2,2,2,2,2,94,3,1,0.8562317952059528,0.8715313750908763,2,1,1
1919,British Cyanides Company,cyanid,0.354139,1,3,0,1,0,0,0,0,0,0,0,0,0,0,0,0,0,0,0,0,0,0,0,0,0,0,0,0,0,0,0,0,0,0,united kingdom,extraction,GBR,1,1,0.028,0.73,2,2,1,2,2,1,89,3,1,0.8666171596554353,0.8554794889536566,3,1,1
1921,British Cyanides Company,cyanid,0.3079292,1,3,0,2,0,0,0,0,0,0,0,0,0,0,0,0,0,0,0,0,0,0,0,0,0,0,0,0,0.01563783783902377,0.02425876010781671,9,0.315929203539823,0.3303683737645995,0.00326450752410454,united kingdom,extraction,GBR,1,1,0.028,0.73,2,2,1,2,2,1,89,3,1,0.8977238173556666,0.8827313706089669,3,1,1
1922,British Cyanides Company,cyanid,0.3542958,1,4,0,1,0,0,0,0,0,0,0,0,0,0,0,0,0,0,0,0,0,0,0,0,0,0,0,0,0,0,0,0,0,0,united kingdom,extraction,GBR,1,1,0.027,0.73,2,2,1,2,2,1,89,3,1,0.9128783852142348,0.8977238173556666,4,1,1
1922,British Cyanides Company,cyanid,0.3542958,1,4,339.9087634049695,1,0,0,0,0,0,0,0,0,0,0,0,0,0,0,0,0,0,0,0,0,0,0,0,0,0,0,0,0,0,0,canada,extraction,CAN,0,1,0.07,0.631,2,1,1,2,2,1,98,0,1,0.9128783852142348,0.8977238173556666,4,1,0
1923,British Cyanides Company,cyanid,0.3659652,1,5,0,4,0,0,0,0,0,0,0,0,0,0,0,0,0,0,0,0,0,0,0,0,0,0,0,0,0.00128363301293221,0.00529100529100529,2,0.28560126582278483,0.29047619047619105,0.00505241884552229,united kingdom,extraction,GBR,1,1,0.027,0.73,2,2,1,2,2,1,89,3,1,0.9260468773507357,0.9128783852142348,5,1,1
1903,British Gold Mines Mexico Limited,cyanid,0.4863813,1,4,1524.068532432487,0,0,0,0,1,0,0,0.4516059629557765,0.07142857142857142,1,0.4,0.20833333333333337,0,0,0,0,0,0,0,0.07610002205936128,0.04166666666666666,1,0.2608695652173913,0.30416666666666675,0,0,0,0,0,0,0,mexico,extraction,MEX,0,0,0.853,0.556,-2,-2,-2,-2,-2,-2,96,1,0,0.684490744492304,0.620634442833931,4,1,0
1911,British South Africa Company,cyanid,41.342412,1,3,1.0013217677085525e-4,0,0,0,0,0,0,0,0,0,0,0,0,0,0,0,0,0,0,0,0,0,0,0,0,0,0,0,0,0,0,0,united kingdom,extraction,GBR,1,1,0.028,0.73,2,2,2,2,2,2,98,3,1,0.9090477242361656,0.900247987322166,3,1,1
1913,British South Africa Company,cyanid,24.3309,1,10,0,2,0,1,0,0,0,0,0,0,0,0,0,0,0.05463174355107243,0.01265822784810126,1,0.32113821138211385,0.36392405063291133,0,0.05681765265575398,0.01020408163265306,1,0.31313131313131315,0.3340136054421768,0,0.01415680347868094,0.00628930817610062,2,0.2295472597299444,0.2353711190975349,0.03678274889496104,united kingdom,extraction,GBR,1,1,0.028,0.73,2,2,2,2,2,2,98,3,1,0.9228291504899564,0.9179453344387052,10,1,1
1908,British Tropical Africa Company,cyanid,0.3214599,1,3,0,0,0,0,0,0,1,0,0,0,0,0,0,0,0.09233751503463264,0.01265822784810126,1,0.3798076923076923,0.4240506329113924,0,0.08533078586215087,0.00925925925925925,1,0.3450479233226837,0.38611111111111096,0,0,0,0,0,0,0,united kingdom,extraction,GBR,1,1,0.028,0.73,2,2,2,2,2,1,98,3,1,0.9055704681028238,0.9101864858593508,3,1,1
1914,Brynafan Colliery Company,cyanid,1.627219,1,9,0,1,1,1,1,0,2,0,0.18714380158545027,0.01587301587301587,1,0.32786885245901637,0.3542328042328043,0,0.327893084372368,0.05555555555555555,4,0.5142857142857142,0.5277777777777778,0.01456393743411243,0.3594568021698459,0.05494505494505494,5,0.4690721649484536,0.4990842490842494,0.01453338216587626,0.00880379208686339,0.01666666666666666,6,0.2641509433962264,0.25739528218694974,0.00171175100332646,canada,extraction,CAN,0,1,0.067,0.61,2,1,1,2,1,1,96,0,1,0.908179444741422,0.9228291504899564,9,1,1
1913,Bubbank Main Lodll,cyanid,0.3894839000000001,1,2,0,1,0,0,0,0,0,0,0,0,0,0,0,0,0,0,0,0,0,0,0,0,0,0,0,0,6.005232848086882e-8,0.00314465408805031,1,0.1236099230111206,0.1230569277600358,0,united states of america,extraction,USA,0,0,0.083,0.581,1,2,1,1,2,1,98,3,1,0.9228291504899564,0.9179453344387052,2,1,1
1895,Buffelsdoorn Estate And Gold Mining,cyanid,1.221896,1,4,0.3897089972915591,0,0,0,0,0,0,0,0,0,0,0,0,0,0,0,0,0,0,0,0,0,0,0,0,0,0,0,0,0,0,0,united states of america,extraction,USA,0,0,0.147,0.478,1,1,NA,1,1,NA,95,1,1,0.7078988530850715,0.6957655151230822,4,1,1
1895,Buffelsdoorn Gold Mining Limited,cyanid,1.221896,1,4,0.3897089972915591,0,0,0,0,0,0,0,0,0,0,0,0,0,0,0,0,0,0,0,0,0,0,0,0,0,0,0,0,0,0,0,united states of america,extraction,USA,0,0,0.147,0.478,1,1,NA,1,1,NA,95,1,1,0.7078988530850715,0.6957655151230822,4,1,1
1909,Burbank Birthday Gold Mines Limited,cyanid,0.85796,1,3,0,1,0,0,0,0,0,0,0,0,0,0,0,0,0,0,0,0,0,0,0,0,0,0,0,0,0,0.00561797752808988,1,1,0.00561797752808988,0,united states of america,extraction,USA,0,0,0.117,0.581,1,1,1,1,1,1,98,1,1,0.8929159482487512,0.9055704681028238,3,1,1
1910,Burbank Birthday Gold Mines Limited,cyanid,0.85796,1,3,0,0,0,0,0,0,0,0,0,0,0,0,0,0,0,0,0,0,0,0,0,0,0,0,0,0,0,0,0,0,0,0,united states of america,extraction,USA,0,0,0.098,0.581,1,2,1,1,2,1,98,3,1,0.900247987322166,0.8929159482487512,3,1,1
1911,Burbank Birthday Gold Mines Limited,cyanid,0.85796,1,3,2.3055664769700536e-4,0,0,0,0,0,0,0,0,0,0,0,0,0,0,0,0,0,0,0,0,0,0,0,0,0,0,0,0,0,0,0,united states of america,extraction,USA,0,0,0.098,0.581,1,2,1,1,2,1,98,3,1,0.9090477242361656,0.900247987322166,3,1,1
1912,Burbank Birthday Gold Mines Limited,cyanid,0.85796,1,4,0,3,0,1,0,1,1,1,0.02876946302685086,0.0144927536231884,1,0.23183391003460208,0.2530365769496204,0,0.21482920177269335,0.03614457831325301,3,0.5,0.5130522088353414,0.00690006232154246,0.2159948944184678,0.03636363636363636,4,0.4302788844621514,0.4598484848484851,0.00595536805855187,0.00523049851256151,0.0255591054313099,8,0.24784110535405873,0.27805565928569204,0.03060976080502622,united states of america,extraction,USA,0,0,0.098,0.581,1,2,1,1,2,1,98,3,1,0.9179453344387052,0.9090477242361656,4,1,1
1916,Burbank Birthday Gold Mines Limited,cyanid,0.85796,1,3,0,2,0,0,0,0,0,0,0,0,0,0,0,0,0,0,0,0,0,0,0,0,0,0,0,0,5.883868289416004e-4,0.01812688821752266,6,0.25562700964630225,0.26937131348007554,0.01793796335653479,united states of america,extraction,USA,0,0,0.07,0.581,1,2,1,1,2,1,98,3,1,0.8715313750908763,0.8901492706922215,3,1,1
1917,Burbank Birthday Gold Mines Limited,cyanid,0.85796,1,2,0,1,0,1,0,0,0,0,0,0,0,0,0,0,0.08660622639904678,0.0217391304347826,1,0.3333333333333333,0.3804347826086956,0,0.09335250799859138,0.01639344262295082,1,0.3177083333333333,0.35710382513661215,0,9.881094383856318e-5,0.00595238095238095,2,0.23284671532846715,0.23625283446712117,0.0056503198294243,united states of america,extraction,USA,0,0,0.07,0.581,1,2,1,1,2,1,98,3,1,0.8562317952059528,0.8715313750908763,2,1,1
1908,Burbank Main Lode Limited,cyanid,3.574833,1,5,0,0,0,0,0,0,0,0,0,0,0,0,0,0,0,0,0,0,0,0,0,0,0,0,0,0,0,0,0,0,0,0,united states of america,extraction,USA,0,0,0.117,0.581,1,1,1,1,1,1,98,1,1,0.9055704681028238,0.9101864858593508,5,1,1
1911,Burbank Main Lode Limited,cyanid,3.574833,1,4,2.3055664769700536e-4,1,0,0,0,0,1,0,0,0,0,0,0,0,0.06885588159488938,0.01111111111111111,1,0.3435114503816794,0.3888888888888889,0,0.06282619088360404,0.00840336134453781,1,0.3216216216216216,0.36148459383753495,0,0,0.00381679389312977,1,1,0.00381679389312977,0,united states of america,extraction,USA,0,0,0.098,0.581,1,2,1,1,2,1,98,3,1,0.9090477242361656,0.900247987322166,4,1,1
1912,Burbank Main Lode Limited,cyanid,3.574833,1,10,0,5,0,1,0,0,0,0,0,0,0,0,0,0,0.06512410373025117,0.01204819277108433,1,0.3487394957983193,0.39457831325301207,0,0.06353937471985922,0.00909090909090909,1,0.32238805970149254,0.35833333333333334,0,0.01292933349738449,0.02875399361022364,9,0.2720379146919431,0.30447687740020063,0.05148510033317646,united states of america,extraction,USA,0,0,0.098,0.581,1,2,1,1,2,1,98,3,1,0.9179453344387052,0.9090477242361656,10,1,1
1915,Burbank Main Lode Limited,cyanid,3.574833,1,3,0,1,0,0,0,0,0,0,0,0,0,0,0,0,0,0,0,0,0,0,0,0,0,0,0,0,5.463256686996095e-18,0.00284090909090909,1,1,0.00284090909090909,0,united states of america,extraction,USA,0,0,0.07,0.581,1,2,1,1,2,1,98,3,1,0.8901492706922215,0.908179444741422,3,1,1
1911,Butters Filter Results Not Promises,cyanid,4.634419,1,9,2.8333329557698393e-4,4,1,1,1,0,0,0,0.14862332532911185,0.0131578947368421,1,0.35096153846153844,0.37719298245614014,0,0.22897564057717587,0.03333333333333333,3,0.47368421052631576,0.4981481481481482,0.00602757070094527,0.2612658469448928,0.03361344537815126,4,0.4311594202898551,0.46778711484593866,0.0062291260311301,0.0943173889742432,0.07251908396946564,19,0.36,0.3551526717557245,0.01904168081842438,canada,extraction,CAN,0,1,0.072,0.61,2,1,1,2,1,1,96,0,1,0.9090477242361656,0.900247987322166,9,1,1
1911,Butters Filter Results Not Promises,cyanid,4.634419,1,9,1.0013217677085525e-4,4,1,1,1,0,0,0,0.14862332532911185,0.0131578947368421,1,0.35096153846153844,0.37719298245614014,0,0.22897564057717587,0.03333333333333333,3,0.47368421052631576,0.4981481481481482,0.00602757070094527,0.2612658469448928,0.03361344537815126,4,0.4311594202898551,0.46778711484593866,0.0062291260311301,0.0943173889742432,0.07251908396946564,19,0.36,0.3551526717557245,0.01904168081842438,united kingdom,extraction,GBR,1,1,0.028,0.73,2,2,2,2,2,2,98,3,1,0.9090477242361656,0.900247987322166,9,1,1
1911,Californian General Mining Limited,cyanid,1.020904,1,3,0.00289445922164401,0,0,0,0,0,0,0,0,0,0,0,0,0,0,0,0,0,0,0,0,0,0,0,0,0,0,0,0,0,0,0,united states of america,extraction,USA,0,0,0.098,0.581,1,2,1,1,2,1,98,3,1,0.9090477242361656,0.900247987322166,3,1,1
1915,Cambrian Mineral And Metal Limited,cyanid,5.233111,1,12,306.06996462656065,4,2,1,1,0,1,0,0.11743236916464052,0.01612903225806451,1,0.3,0.29811827956989256,0,0.17501729054130144,0.02439024390243902,2,0.43617021276595747,0.47154471544715454,0.00347988074351149,0.194087613105264,0.03061224489795918,3,0.4247787610619469,0.45323129251700706,0.00547350804503472,0.00338294730648392,0.01988636363636363,7,0.2889288928892889,0.2924512987012989,0.01600260349043436,mexico,extraction,MEX,0,0,0.774,0.561,-3,-3,-3,-3,-3,-3,70,0,0,0.8901492706922215,0.908179444741422,12,1,0
1910,Cambrian Trust Limited,cyanid,0.5836576,1,11,0,2,0,0,0,2,2,2,0.06995267704761901,0.03508771929824561,2,0.30158730158730157,0.3488304093567251,0.01888209399819307,0.17560824736709937,0.0303030303030303,2,0.44,0.476010101010101,0.00317351560778607,0.19436951645591272,0.04545454545454545,4,0.4055299539170507,0.4526515151515154,0.01046069534512389,9.80295162827038e-4,0.01421800947867298,3,0.23368146214099217,0.22405589407959112,0.01602347099977431,united states of america,extraction,USA,0,0,0.098,0.581,1,2,1,1,2,1,98,3,1,0.900247987322166,0.8929159482487512,11,1,1
1913,Cambrian Trust Limited,cyanid,0.5842259000000001,1,10,0,1,0,0,0,1,1,1,0.19784087033191028,0.01724137931034482,1,0.3706896551724138,0.30890804597701155,0,0.17340599069790338,0.02531645569620253,2,0.35909090909090907,0.410337552742616,0.00200062732960572,0.23037142513935788,0.03061224489795918,3,0.3734939759036144,0.4025510204081632,0.00420861341488228,3.1671436871461074e-5,0.00314465408805031,1,0.14927685950413222,0.15048437324380784,0,united states of america,extraction,USA,0,0,0.083,0.581,1,2,1,1,2,1,98,3,1,0.9228291504899564,0.9179453344387052,10,1,1
1909,Camp Bird Limited Bakqiimmp,cyanid,5.243089,1,1,71.13573678701887,1,0,0,0,0,0,0,0,0,0,0,0,0,0,0,0,0,0,0,0,0,0,0,0,0,0,0.00561797752808988,1,1,0.00561797752808988,0,united states of america,extraction,USA,0,0,0.117,0.581,1,1,1,1,1,1,98,1,1,0.8929159482487512,0.9055704681028238,1,1,0
1912,Camp Bird Limited Bakqiimmp,cyanid,5.243089,1,6,0.00280310289305825,1,0,0,0,2,1,1,0.20886244689834968,0.02898550724637681,2,0.3621621621621622,0.3990338164251206,0.0301248619324443,0.13377428383523474,0.02409638554216867,2,0.4278350515463918,0.4658634538152611,0.00233692242797564,0.18316081643708348,0.03636363636363636,4,0.4235294117647059,0.45530303030303054,0.01299835030140575,0.00118941243873786,0.00638977635782747,2,0.2212798766383963,0.2332904582105864,3.3280085197018105e-4,united states of america,extraction,USA,0,0,0.098,0.581,1,2,1,1,2,1,98,3,1,0.9179453344387052,0.9090477242361656,6,1,1
1914,Camp Bird Limited Bakqiimmp,cyanid,5.243089,1,8,0,2,1,0,0,0,1,0,0.08121042681447754,0.01587301587301587,1,0.2843601895734597,0.3076719576719577,0,0.25634944055279896,0.04166666666666666,3,0.4556962025316456,0.4907407407407408,0.00508570303067487,0.2718449177924206,0.04395604395604396,4,0.4212962962962963,0.46428571428571463,0.00703486564955,0,0,0,0,0,0,united states of america,extraction,USA,0,0,0.079,0.581,1,2,1,1,2,1,98,3,1,0.908179444741422,0.9228291504899564,8,1,1
1916,Camp Bird Limited Bakqiimmp,cyanid,5.243089,1,17,0,8,3,2,1,1,1,0,0.4913449956744111,0.09523809523809525,4,0.4520547945205479,0.4027777777777778,0.0892968819798088,0.3365974386988722,0.05172413793103448,3,0.4461538461538462,0.48850574712643674,0.02131900301685645,0.5575636215881786,0.09333333333333334,7,0.4411764705882353,0.49822222222222257,0.063214860103989,0.00250419033495983,0.05740181268882175,19,0.2969187675070028,0.3252841317796004,0.04272858054712659,united states of america,extraction,USA,0,0,0.07,0.581,1,2,1,1,2,1,98,3,1,0.8715313750908763,0.8901492706922215,17,1,1
1917,Camp Bird Limited Bakqiimmp,cyanid,5.240591,1,5,0,3,1,0,0,0,0,0,0.18857710109560263,0.02777777777777777,1,0.2909090909090909,0.3097222222222221,0,0,0,0,0,0,0,0.05071787498253811,0.01639344262295082,1,0.2772727272727273,0.30819672131147535,0,4.454484810179851e-4,0.01488095238095238,5,0.2442572741194487,0.25005668934240416,0.00712506226132825,mexico,extraction,MEX,0,0,0.79,0.54,-2,-2,-3,-2,-2,-3,76,0,0,0.8562317952059528,0.8715313750908763,5,1,1
1919,Camp Bird Limited Bakqiimmp,cyanid,4.869411,1,5,0,0,0,0,0,1,2,1,1.0321671033034548e-16,0.01886792452830188,1,0.42857142857142855,0.08333333333333334,0,0.3768823488667497,0.06153846153846154,4,0.5158730158730159,0.5307692307692308,0.01899609558977301,0.3732421904546108,0.0625,5,0.47619047619047616,0.5041666666666671,0.0280285706026405,0.01017075032607551,0.00842696629213483,3,0.29559204840103714,0.3090823970037459,0.00248191861572911,mexico,extraction,MEX,0,0,0.795,0.565,-2,-2,-3,-2,-2,-3,76,0,0,0.8666171596554353,0.8554794889536566,5,1,1
1920,Camp Bird Limited Bakqiimmp,cyanid,4.030781,1,2,1.4518070576071714e-4,1,0,0,0,0,0,0,0,0,0,0,0,0,0,0,0,0,0,0,0,0,0,0,0,0,0.00170126103766384,0.015625,6,0.32515337423312884,0.338585069444443,0.00782302002357994,mexico,extraction,MEX,0,0,0.795,0.557,-2,-2,-3,-2,-2,-3,76,0,0,0.8827313706089669,0.8666171596554353,2,1,1
1921,Camp Bird Limited Bakqiimmp,cyanid,4.234026,1,4,0,2,1,1,1,0,0,0,0.02531660943717439,0.02127659574468085,1,0.24861878453038672,0.2673758865248225,0,0.306904259149079,0.0588235294117647,3,0.425,0.4771241830065359,0.00604333176921053,0.29636633457037337,0.0588235294117647,4,0.3863636363636363,0.4446078431372547,0.00763310739045766,0.01416889012183515,0.01886792452830188,7,0.31343283582089554,0.32735849056603733,0.001768349867222,mexico,extraction,MEX,0,0,0.795,0.557,-1,-2,-2,-1,-2,-2,85,0,0,0.8977238173556666,0.8827313706089669,4,1,1
1922,Camp Bird Limited Bakqiimmp,cyanid,4.871568,1,11,0,3,1,0,0,1,1,1,0.3059349393213979,0.05128205128205128,2,0.4021739130434782,0.42735042735042744,0.07923655292076343,0.13269949709923953,0.0217391304347826,1,0.38333333333333336,0.4293478260869565,0,0.23538708901212504,0.04838709677419355,3,0.39490445859872614,0.443548387096774,0.00618852524395731,0.02539443601156351,0.03846153846153846,14,0.3418217433888345,0.3616758241758223,0.01335129167066537,mexico,extraction,MEX,0,0,0.795,0.557,-1,-2,-2,-1,-2,-2,85,0,0,0.9128783852142348,0.8977238173556666,11,1,1
1923,Camp Bird Limited Bakqiimmp,cyanid,5.032022,1,5,0,2,1,1,1,0,0,0,0.01268913231852064,0.0217391304347826,1,0.2471264367816092,0.2668737060041406,0,0.310626433676107,0.075,3,0.425531914893617,0.48333333333333334,0.00471263028729092,0.2832880462376985,0.07142857142857142,4,0.38620689655172413,0.44702380952380927,0.00727788570345132,0.0055540291219685,0.0079365079365079309,3,0.32493249324932494,0.33367346938775405,6.752246047109781e-4,mexico,extraction,MEX,0,0,0.795,0.557,-1,-2,-2,-1,-2,-2,85,0,0,0.9260468773507357,0.9128783852142348,5,1,1
1913,Casey Claims Limited,cyanid,1.168452,1,4,0,2,0,0,0,0,0,0,0,0,0,0,0,0,0,0,0,0,0,0,0,0,0,0,0,0,0,0.00628930817610062,2,1,0.00314465408805031,0,united states of america,extraction,USA,0,0,0.083,0.581,1,2,1,1,2,1,98,3,1,0.9228291504899564,0.9179453344387052,4,1,1
1921,Cass Cyanide Limited,cyanid,0.7698229,1,0,0,0,0,0,0,0,0,0,0,0,0,0,0,0,0,0,0,0,0,0,0,0,0,0,0,0,0,0,0,0,0,0,united kingdom,extraction,GBR,1,1,0.028,0.73,2,2,1,2,2,1,89,3,1,0.8977238173556666,0.8827313706089669,0,1,1
1908,Cassel Cyanide Company,cyanid,1.167883,1,1,0,0,0,0,0,0,0,0,0,0,0,0,0,0,0,0,0,0,0,0,0,0,0,0,0,0,0,0,0,0,0,0,united kingdom,extraction,GBR,1,1,0.028,0.73,2,2,2,2,2,1,98,3,1,0.9055704681028238,0.9101864858593508,1,1,1
1908,Cassel Cyanide Company,cyanid,1.167883,1,1,0,0,0,0,0,0,0,0,0,0,0,0,0,0,0,0,0,0,0,0,0,0,0,0,0,0,0,0,0,0,0,0,united states of america,extraction,USA,0,0,0.117,0.581,1,1,1,1,1,1,98,1,1,0.9055704681028238,0.9101864858593508,1,1,1
1908,Cassel Cyanide Company,cyanid,1.167883,1,1,861.2968787462673,0,0,0,0,0,0,0,0,0,0,0,0,0,0,0,0,0,0,0,0,0,0,0,0,0,0,0,0,0,0,0,united states of america,extraction,USA,0,0,0.117,0.581,1,1,1,1,1,1,98,1,1,0.9055704681028238,0.9101864858593508,1,1,0
1909,Cassel Cyanide Company,cyanid,1.169591,1,6,0,3,0,0,0,0,0,0,0,0,0,0,0,0,0,0,0,0,0,0,0,0,0,0,0,0,0.01193240879440078,0.01685393258426966,3,0.27634194831013914,0.24966113786338504,0.01499123669668793,united kingdom,extraction,GBR,1,1,0.028,0.73,2,2,2,2,2,1,98,3,1,0.8929159482487512,0.9055704681028238,6,1,1
1909,Cassel Cyanide Company,cyanid,1.169591,1,6,0,3,0,0,0,0,0,0,0,0,0,0,0,0,0,0,0,0,0,0,0,0,0,0,0,0,0.01193240879440078,0.01685393258426966,3,0.27634194831013914,0.24966113786338504,0.01499123669668793,united states of america,extraction,USA,0,0,0.117,0.581,1,1,1,1,1,1,98,1,1,0.8929159482487512,0.9055704681028238,6,1,1
1910,Cassel Cyanide Company,cyanid,1.167315,1,1,0,1,0,0,0,0,0,0,0,0,0,0,0,0,0,0,0,0,0,0,0,0,0,0,0,0,0,0,0,0,0,0,united states of america,extraction,USA,0,0,0.098,0.581,1,2,1,1,2,1,98,3,1,0.900247987322166,0.8929159482487512,1,1,1
1910,Cassel Cyanide Company,cyanid,1.167315,1,1,0,1,0,0,0,0,0,0,0,0,0,0,0,0,0,0,0,0,0,0,0,0,0,0,0,0,0,0,0,0,0,0,united kingdom,extraction,GBR,1,1,0.028,0.73,2,2,2,2,2,2,98,3,1,0.900247987322166,0.8929159482487512,1,1,1
1911,Cassel Cyanide Company,cyanid,1.166748,1,6,3.340180752269781e-4,3,0,1,0,0,0,0,0,0,0,0,0,0,0.06885588159488941,0.01111111111111111,1,0.3435114503816794,0.3888888888888889,0,0.06282619088360407,0.00840336134453781,1,0.3216216216216216,0.36148459383753495,0,0,0.00763358778625954,2,1,0.00381679389312977,0,united kingdom,extraction,GBR,1,1,0.028,0.73,2,2,2,2,2,2,98,3,1,0.9090477242361656,0.900247987322166,6,1,1
1911,Cassel Cyanide Company,cyanid,1.166748,1,6,8.890637069082159e-5,3,0,1,0,0,0,0,0,0,0,0,0,0,0.06885588159488941,0.01111111111111111,1,0.3435114503816794,0.3888888888888889,0,0.06282619088360407,0.00840336134453781,1,0.3216216216216216,0.36148459383753495,0,0,0.00763358778625954,2,1,0.00381679389312977,0,united states of america,extraction,USA,0,0,0.098,0.581,1,2,1,1,2,1,98,3,1,0.9090477242361656,0.900247987322166,6,1,1
1912,Cassel Cyanide Company,cyanid,1.167883,1,1,0,1,0,0,0,0,0,0,0,0,0,0,0,0,0,0,0,0,0,0,0,0,0,0,0,0,0,0,0,0,0,0,united kingdom,extraction,GBR,1,1,0.028,0.73,2,2,2,2,2,2,98,3,1,0.9179453344387052,0.9090477242361656,1,1,1
1912,Cassel Cyanide Company,cyanid,1.167883,1,1,0,1,0,0,0,0,0,0,0,0,0,0,0,0,0,0,0,0,0,0,0,0,0,0,0,0,0,0,0,0,0,0,united states of america,extraction,USA,0,0,0.098,0.581,1,2,1,1,2,1,98,3,1,0.9179453344387052,0.9090477242361656,1,1,1
1915,Cassel Cyanide Company,cyanid,1.167883,1,6,0,3,0,0,0,0,2,0,0,0,0,0,0,0,0.1346286458251907,0.02439024390243902,2,0.422680412371134,0.4623983739837399,0.00604033449021285,0.12678163894852837,0.02040816326530612,2,0.4,0.43112244897959207,0.00345362180472001,1.418165675325696e-17,0.00568181818181818,2,1,0.00568181818181818,1.618751618751619e-5,united kingdom,extraction,GBR,1,1,0.028,0.73,2,2,2,2,2,2,98,3,1,0.8901492706922215,0.908179444741422,6,1,1
1915,Cassel Cyanide Company,cyanid,1.167883,1,6,0,3,0,0,0,0,2,0,0,0,0,0,0,0,0.1346286458251907,0.02439024390243902,2,0.422680412371134,0.4623983739837399,0.00604033449021285,0.12678163894852837,0.02040816326530612,2,0.4,0.43112244897959207,0.00345362180472001,1.418165675325696e-17,0.00568181818181818,2,1,0.00568181818181818,1.618751618751619e-5,mexico,extraction,MEX,0,0,0.774,0.561,-3,-3,-3,-3,-3,-3,70,0,0,0.8901492706922215,0.908179444741422,6,1,1
1916,Cassel Cyanide Company,cyanid,0.09532888,1,1,0,1,0,1,0,0,0,0,0,0,0,0,0,0,0.08545124764289423,0.01724137931034482,1,0.31521739130434784,0.3577586206896552,0,0.0996521091552302,0.01333333333333333,1,0.3073770491803279,0.34311111111111126,0,0,0,0,0,0,0,united kingdom,extraction,GBR,1,1,0.031,0.73,2,2,2,2,2,2,94,3,1,0.8715313750908763,0.8901492706922215,1,1,1
1916,Cassel Cyanide Company,cyanid,0.09532888,1,1,0,1,0,1,0,0,0,0,0,0,0,0,0,0,0.08545124764289423,0.01724137931034482,1,0.31521739130434784,0.3577586206896552,0,0.0996521091552302,0.01333333333333333,1,0.3073770491803279,0.34311111111111126,0,0,0,0,0,0,0,australia,extraction,AUS,0,1,0.041,0.659,2,3,3,2,3,3,99,3,1,0.8715313750908763,0.8901492706922215,1,1,1
1916,Cassel Cyanide Company,cyanid,0.09532888,1,1,0,1,0,1,0,0,0,0,0,0,0,0,0,0,0.08545124764289423,0.01724137931034482,1,0.31521739130434784,0.3577586206896552,0,0.0996521091552302,0.01333333333333333,1,0.3073770491803279,0.34311111111111126,0,0,0,0,0,0,0,mexico,extraction,MEX,0,0,0.774,0.561,-2,-2,-3,-2,-2,-3,76,0,0,0.8715313750908763,0.8901492706922215,1,1,1
1917,Cassel Cyanide Company,cyanid,0.09528347,1,3,0,3,0,0,0,0,0,0,0,0,0,0,0,0,0,0,0,0,0,0,0,0,0,0,0,0,1.191744854642464e-17,0.0119047619047619,4,1,0.00892857142857142,5.3304904051172706e-5,united kingdom,extraction,GBR,1,1,0.028,0.73,2,2,2,2,2,2,94,3,1,0.8562317952059528,0.8715313750908763,3,1,1
1914,Cassel Cyanide Limited,cyanid,1.183432,1,3,0,1,0,1,0,0,0,0,0,0,0,0,0,0,0.07154364381956922,0.01388888888888888,1,0.3333333333333333,0.37847222222222215,0,0.07088184077728316,0.01098901098901099,1,0.3137931034482759,0.3558608058608057,0,8.803022284060665e-18,0.00555555555555555,2,1,0.00555555555555555,1.5475085112968123e-5,united kingdom,extraction,GBR,1,1,0.028,0.73,2,2,2,2,2,2,98,3,1,0.908179444741422,0.9228291504899564,3,1,1
1914,Cassel Cyanide Limited,cyanid,1.183432,1,3,0,1,0,1,0,0,0,0,0,0,0,0,0,0,0.07154364381956922,0.01388888888888888,1,0.3333333333333333,0.37847222222222215,0,0.07088184077728316,0.01098901098901099,1,0.3137931034482759,0.3558608058608057,0,8.803022284060665e-18,0.00555555555555555,2,1,0.00555555555555555,1.5475085112968123e-5,united states of america,extraction,USA,0,0,0.079,0.581,1,2,1,1,2,1,98,3,1,0.908179444741422,0.9228291504899564,3,1,1
1920,Cassel Cyanide Limited,cyanid,1.183432,1,5,0,3,0,1,0,0,1,0,0,0,0,0,0,0,0.2166272239830563,0.03278688524590164,2,0.4357142857142857,0.4740437158469945,0.00403140674664748,0.20081115550073228,0.02564102564102564,2,0.3919597989949749,0.43482905982905967,0.00167409210972538,0,0.01041666666666666,4,1,0.00520833333333333,1.3598781549173194e-5,united kingdom,extraction,GBR,1,1,0.028,0.73,2,2,1,2,2,1,89,3,1,0.8827313706089669,0.8666171596554353,5,1,1
1920,Cassel Cyanide Limited,cyanid,1.183432,1,5,0,3,0,1,0,0,1,0,0,0,0,0,0,0,0.2166272239830563,0.03278688524590164,2,0.4357142857142857,0.4740437158469945,0.00403140674664748,0.20081115550073228,0.02564102564102564,2,0.3919597989949749,0.43482905982905967,0.00167409210972538,0,0.01041666666666666,4,1,0.00520833333333333,1.3598781549173194e-5,mexico,extraction,MEX,0,0,0.795,0.557,-2,-2,-3,-2,-2,-3,76,0,0,0.8827313706089669,0.8666171596554353,5,1,1
1922,Cassel Cyanide Limited,cyanid,0.8857396,1,5,0,0,0,0,0,0,0,0,0,0,0,0,0,0,0,0,0,0,0,0,0,0,0,0,0,0,0,0,0,0,0,0,united kingdom,extraction,GBR,1,1,0.027,0.73,2,2,1,2,2,1,89,3,1,0.9128783852142348,0.8977238173556666,5,1,1
1922,Cassel Cyanide Limited,cyanid,0.8857396,1,5,0,0,0,0,0,0,0,0,0,0,0,0,0,0,0,0,0,0,0,0,0,0,0,0,0,0,0,0,0,0,0,0,south africa,extraction,ZAF,1,1,0.408,0.115,-1,-1,-1,-1,-1,-1,84,2,0,0.9128783852142348,0.8977238173556666,5,1,1
1922,Cassel Cyanide Limited,cyanid,0.8857396,1,5,0,0,0,0,0,0,0,0,0,0,0,0,0,0,0,0,0,0,0,0,0,0,0,0,0,0,0,0,0,0,0,0,canada,extraction,CAN,0,1,0.07,0.631,2,1,1,2,2,1,98,0,1,0.9128783852142348,0.8977238173556666,5,1,1
1923,Cassel Cyanide Limited,cyanid,0.9149131,1,7,0,5,0,2,0,1,1,1,0.20087660032654645,0.0217391304347826,1,0.3359375,0.3644927536231885,0,0.3399681008315275,0.075,3,0.5,0.5270833333333333,0.00981699289165352,0.3864965047997204,0.07142857142857142,4,0.43410852713178294,0.4806547619047616,0.0064937387109788,1.6008765121650123e-18,0.01587301587301587,6,1,0.0079365079365079309,4.210349037935245e-5,united kingdom,extraction,GBR,1,1,0.027,0.73,2,2,1,2,2,1,89,3,1,0.9260468773507357,0.9128783852142348,7,1,1
1894,Cassel Gold Extracting Company,cyanid,0.4195122,1,9,1648.7320010707338,0,0,0,0,0,1,0,0,0,0,0,0,0,0.12439264005604862,0.07692307692307693,1,0.3611111111111111,0.42307692307692313,0,0.1154278446214018,0.05555555555555555,1,0.3333333333333333,0.386111111111111,0,0,0,0,0,0,0,united states of america,extraction,USA,0,0,0.147,0.478,1,1,NA,1,1,NA,95,1,1,0.6957655151230822,0.6304463154435564,9,1,0
1895,Cassel Gold Extracting Company,cyanid,0.4154448,1,8,0,5,0,0,0,0,1,0,0,0,0,0,0,0,0.08960231452650917,0.03125,1,0.3333333333333333,0.3828125,0,0.08684389427578086,0.02222222222222222,1,0.3125,0.35407407407407415,0,0,0.05714285714285714,2,0.5,0.09047619047619047,0.00672268907563025,united kingdom,extraction,GBR,1,1,0.028,0.73,2,2,NA,2,2,NA,98,3,1,0.7078988530850715,0.6957655151230822,8,1,1
1895,Cassel Gold Extracting Company,cyanid,0.4154448,1,8,0,5,0,0,0,0,1,0,0,0,0,0,0,0,0.08960231452650917,0.03125,1,0.3333333333333333,0.3828125,0,0.08684389427578086,0.02222222222222222,1,0.3125,0.35407407407407415,0,0,0.05714285714285714,2,0.5,0.09047619047619047,0.00672268907563025,united states of america,extraction,USA,0,0,0.147,0.478,1,1,NA,1,1,NA,95,1,1,0.7078988530850715,0.6957655151230822,8,1,1
1903,Cassel Gold Extracting Company,cyanid,0.4154448,1,4,1791.8898290586435,2,0,2,0,1,1,1,0.45160596295577593,0.07142857142857142,1,0.4,0.20833333333333337,0,0.3601806402082769,0.125,2,0.4444444444444444,0.5104166666666666,0.06736111111111112,0.4010987140466892,0.125,3,0.41379310344827586,0.48263888888888906,0.0963811249137336,1.2387867919299206e-16,0.1,1,1,0.1,0,canada,extraction,CAN,0,1,0.074,0.597,2,1,1,2,1,1,96,0,1,0.684490744492304,0.620634442833931,4,1,0
1903,Cassel Gold Extracting Company,cyanid,0.4154448,1,4,2622.600101333197,2,0,2,0,1,1,1,0.45160596295577593,0.07142857142857142,1,0.4,0.20833333333333337,0,0.3601806402082769,0.125,2,0.4444444444444444,0.5104166666666666,0.06736111111111112,0.4010987140466892,0.125,3,0.41379310344827586,0.48263888888888906,0.0963811249137336,1.2387867919299206e-16,0.1,1,1,0.1,0,nicaragua,extraction,NIC,0,0,0.885,0.34,-2,-2,-3,-2,-2,-3,73,-1,0,0.684490744492304,0.620634442833931,4,1,0
1917,Ceana Development Limited,cyanid,0.8575512,1,0,0,0,0,0,0,0,0,0,0,0,0,0,0,0,0,0,0,0,0,0,0,0,0,0,0,0,0,0,0,0,0,0,mexico,extraction,MEX,0,0,0.79,0.54,-2,-2,-3,-2,-2,-3,76,0,0,0.8562317952059528,0.8715313750908763,0,1,1
1917,Celampion Reee Gold,cyanid,0.09528347,1,0,0,0,0,0,0,0,0,0,0,0,0,0,0,0,0,0,0,0,0,0,0,0,0,0,0,0,0,0,0,0,0,0,india,extraction,IND,1,1,0.032,0.509,NA,NA,NA,NA,NA,NA,NA,2,1,0.8562317952059528,0.8715313750908763,0,1,1
1913,Celtic Granite Company,cyanid,0.3651412,1,5,0,1,0,0,0,0,0,0,0,0,0,0,0,0,0,0,0,0,0,0,0,0,0,0,0,0,2.371733444079939e-18,0.00314465408805031,1,1,0.00314465408805031,0,united states of america,extraction,USA,0,0,0.083,0.581,1,2,1,1,2,1,98,3,1,0.9228291504899564,0.9179453344387052,5,1,1
1912,Ceniza Gold Mines Limited,cyanid,0.3698225,1,6,65.43105232258932,3,0,0,0,0,0,0,0,0,0,0,0,0,0,0,0,0,0,0,0,0,0,0,0,0,3.2802214995784673e-4,0.01597444089456869,5,0.21546546546546547,0.22778296428456213,0.0084072770149752,united states of america,extraction,USA,0,0,0.098,0.581,1,2,1,1,2,1,98,3,1,0.9179453344387052,0.9090477242361656,6,1,0
1914,Ceniza Gold Mines Limited,cyanid,0.3698225,1,3,0,2,0,0,0,0,0,0,0,0,0,0,0,0,0,0,0,0,0,0,0,0,0,0,0,0,4.272633218030901e-18,0.00277777777777777,1,1,0.00277777777777777,0,united states of america,extraction,USA,0,0,0.079,0.581,1,2,1,1,2,1,98,3,1,0.908179444741422,0.9228291504899564,3,1,1
1914,Central American Exploration Syndicate Limited,cyanid,0.739645,1,0,0,0,0,0,0,0,0,0,0,0,0,0,0,0,0,0,0,0,0,0,0,0,0,0,0,0,0,0,0,0,0,0,nicaragua,extraction,NIC,0,0,0.886,0.34,-3,-3,-4,-3,-3,-4,72,-1,0,0.908179444741422,0.9228291504899564,0,1,1
1894,Central Gold Mining Company,cyanid,1.219512,0,5,9203.479385939552,0,0,0,0,0,0,0,0,0,0,0,0,0,0,0,0,0,0,0,0,0,0,0,0,0,0,0,0,0,0,0,south africa,extraction,ZAF,1,1,NA,NA,NA,NA,NA,NA,NA,NA,NA,NA,NA,0.6957655151230822,0.6304463154435564,5,1,0
1908,Central Gold Mining Company,cyanid,1.128847,1,20,0,5,2,2,2,1,3,0,0.19488219108471483,0.02816901408450704,2,0.31004366812227074,0.3701877934272299,0.0104918337866024,0.30378575366789456,0.05063291139240506,4,0.512987012987013,0.5253164556962026,0.00997812905098481,0.34577120490523916,0.05555555555555555,6,0.44081632653061226,0.4830246913580249,0.01094117627443855,1,0.14473684210526316,11,0.2935323383084577,0.2924498746867169,0.04677806274627934,canada,extraction,CAN,0,1,0.074,0.597,2,1,1,2,1,1,96,0,1,0.9055704681028238,0.9101864858593508,20,1,1
1910,Central Gold Mining Company,cyanid,1.128847,1,5,0,4,1,0,0,0,0,0,0.16101929907524737,0.0175438596491228,1,0.3630573248407643,0.4035087719298244,0,0,0,0,0,0,0,0.06361497362438166,0.01136363636363636,1,0.3176895306859206,0.3532196969696968,0,0.26501500123569727,0.18009478672985782,38,0.3675564681724846,0.4000564206725341,0.07163777300356707,south africa,extraction,ZAF,1,1,0.408,0.115,-1,-2,-3,-1,-2,-3,82,-2,0,0.900247987322166,0.8929159482487512,5,1,1
1911,Central West Street Pine Saville,cyanid,4.570277,1,9,5.797111121967143e-4,8,0,1,0,0,0,0,0,0,0,0,0,0,0.06519284687234893,0.01111111111111111,1,0.32608695652173914,0.36944444444444446,0,0.05920920951062068,0.00840336134453781,1,0.31151832460732987,0.3478991596638655,0,0.937210911170401,0.42748091603053434,112,0.4462809917355372,0.46660305343511355,0.05433192254627916,south africa,extraction,ZAF,1,1,0.408,0.115,-1,-1,-1,-1,-1,-2,84,2,0,0.9090477242361656,0.900247987322166,9,1,1
1903,Cervantes Zinc Syndicate Limited,cyanid,1.945039,1,20,0,1,0,0,0,1,2,1,0,0.07142857142857142,1,0.5,0.13095238095238093,0,0.5152034418426801,0.125,2,0.4705882352941176,0.5260416666666666,0.03888888888888889,0.5483799009530469,0.125,3,0.41379310344827586,0.48263888888888906,0.05801414768806073,0.40824829046386313,0.1,1,0.6,0.2,0,united states of america,extraction,USA,0,0,0.117,0.581,1,1,1,1,1,1,98,1,1,0.684490744492304,0.620634442833931,20,1,1
1895,Champ Deep Level Gold Mining,cyanid,0.9775171,1,22,0,2,0,0,0,2,4,2,0.03648249433312278,0.03125,1,0.23853211009174313,0.22812500000000008,0,0.26124444536053143,0.0625,2,0.41025641025641024,0.46614583333333337,0.00470674486803519,0.25692550392666075,0.06666666666666667,3,0.375,0.4340740740740741,0.01283885969441881,0.093851782091867,0.02857142857142857,1,0.3125,0.26142857142857134,0,united kingdom,extraction,GBR,1,1,0.028,0.73,2,2,NA,2,2,NA,98,3,1,0.7078988530850715,0.6957655151230822,22,1,1
1910,Champion Reef Gold,cyanid,1.215953,1,0,0,0,0,0,0,0,0,0,0,0,0,0,0,0,0,0,0,0,0,0,0,0,0,0,0,0,0,0,0,0,0,0,united states of america,extraction,USA,0,0,0.098,0.581,1,2,1,1,2,1,98,3,1,0.900247987322166,0.8929159482487512,0,1,1
1909,Champion Reef Gold Mining Company,cyanid,1.218324,1,2,0,0,0,0,0,0,0,0,0,0,0,0,0,0,0,0,0,0,0,0,0,0,0,0,0,0,0,0,0,0,0,0,united states of america,extraction,USA,0,0,0.117,0.581,1,1,1,1,1,1,98,1,1,0.8929159482487512,0.9055704681028238,2,1,1
1912,Champion Reef Gold Mining Company,cyanid,1.150852,1,6,0,1,0,1,0,0,1,0,0,0,0,0,0,0,0.161334217155553,0.02409638554216867,2,0.415,0.45682730923694786,6.102861837270865e-4,0.15244094640127784,0.01818181818181818,2,0.3763066202090593,0.41136363636363665,2.9325822660648446e-4,2.90366540696247e-5,0.00638977635782747,2,0.1762899262899263,0.18221334930600125,2.560006553616777e-6,united states of america,extraction,USA,0,0,0.098,0.581,1,2,1,1,2,1,98,3,1,0.9179453344387052,0.9090477242361656,6,1,1
1914,Champion Reef Gold Mining Company,cyanid,1.166174,1,4,0,2,0,2,0,0,0,0,0,0,0,0,0,0,0.1740896973950002,0.02777777777777777,2,0.41379310344827586,0.4571759259259259,0.00135147414697887,0.1635695322873088,0.02197802197802198,2,0.38235294117647056,0.4249084249084249,7.756810423699662e-4,1.0895700688590264e-4,0.01388888888888888,5,0.2006514657980456,0.19559964726631457,0,united states of america,extraction,USA,0,0,0.079,0.581,1,2,1,1,2,1,98,3,1,0.908179444741422,0.9228291504899564,4,1,1
1915,Champion Reef Gold Mining Company,cyanid,1.166174,1,4,0,3,0,1,0,0,0,0,0,0,0,0,0,0,0.10179419142368232,0.01219512195121951,1,0.36936936936936937,0.41463414634146345,0,0.0942272212489184,0.01020408163265306,1,0.35555555555555557,0.3897959183673468,0,4.98471535067339e-6,0.01136363636363636,4,0.18849089841456257,0.19036683802308815,0.02052577052577052,united states of america,extraction,USA,0,0,0.07,0.581,1,2,1,1,2,1,98,3,1,0.8901492706922215,0.908179444741422,4,1,1
1916,Champion Reef Gold Mining Company,cyanid,1.166174,1,5,0,5,0,2,0,0,0,0,0,0,0,0,0,0,0.222880582035912,0.03448275862068965,2,0.38666666666666666,0.4382183908045977,0.00736656345580558,0.20535581240347847,0.02666666666666667,2,0.35377358490566035,0.4035555555555554,0.00396014203408891,5.67688984053955e-5,0.06646525679758308,22,0.22812051649928264,0.2582506114228183,0.03568056893746735,united states of america,extraction,USA,0,0,0.07,0.581,1,2,1,1,2,1,98,3,1,0.8715313750908763,0.8901492706922215,5,1,1
1920,Champion Reef Gold Mining Company,cyanid,0.07328691999999999,1,2,0,0,0,0,0,0,0,0,0,0,0,0,0,0,0,0,0,0,0,0,0,0,0,0,0,0,4.594337165171236e-4,0.01302083333333333,5,0.26748377793799566,0.2830605158730165,0,united states of america,extraction,USA,0,0,0.078,0.581,1,2,1,1,2,1,98,3,1,0.8827313706089669,0.8666171596554353,2,1,1
1921,Champion Reef Gold Mining Company,cyanid,0.07698229,1,4,0,3,0,2,0,0,0,0,0,0,0,0,0,0,0.30690425914907904,0.0588235294117647,3,0.425,0.4771241830065359,0.00604333176921053,0.27679825826761667,0.04411764705882353,3,0.37777777777777777,0.431127450980392,0.00239061785560311,0.03958658479960778,0.07277628032345014,27,0.3120629370629371,0.3411949685534586,0.01198880283421481,united states of america,extraction,USA,0,0,0.095,0.581,1,2,1,1,2,1,98,3,1,0.8977238173556666,0.8827313706089669,4,1,1
1911,Champion Reef Mining Company,cyanid,1.150219,1,5,2.3055664769700536e-4,1,0,0,0,0,1,0,0,0,0,0,0,0,0.15711523993398427,0.02222222222222222,2,0.4128440366972478,0.4546296296296297,0.00148674662290827,0.14258625934653302,0.01680672268907563,2,0.371875,0.4145658263305325,7.82100353044346e-4,2.0496443943924928e-5,0.01908396946564885,5,0.18243243243243243,0.17267054404458973,2.6588602529639645e-6,united states of america,extraction,USA,0,0,0.098,0.581,1,2,1,1,2,1,98,3,1,0.9090477242361656,0.900247987322166,5,1,1
1913,Champion Reef Mining Company,cyanid,1.151412,1,5,0,2,0,1,0,0,0,0,0,0,0,0,0,0,0.1154270674135621,0.01265822784810126,1,0.34347826086956523,0.3892405063291139,0,0.1086112827912932,0.01020408163265306,1,0.3333333333333333,0.35578231292517,0,5.401266243519697e-4,0.0220125786163522,7,0.18431122448979592,0.2000883288619143,3.62404066600872e-4,united states of america,extraction,USA,0,0,0.083,0.581,1,2,1,1,2,1,98,3,1,0.9228291504899564,0.9179453344387052,5,1,1
1919,Champiqn Gold Mining India Limited,cyanid,0.08853475,1,3,0,0,0,0,0,0,0,0,0,0,0,0,0,0,0,0,0,0,0,0,0,0,0,0,0,0,0,0,0,0,0,0,united states of america,extraction,USA,0,0,0.07,0.581,1,2,1,1,2,1,98,3,1,0.8666171596554353,0.8554794889536566,3,1,1
1909,Charlton And Meyer Gold Mining,cyanid,0.8528265,1,9,0,6,1,0,0,1,1,1,0.2583129084163227,0.02985074626865671,2,0.37572254335260113,0.4109452736318406,0.01004320913626062,0.17173371151388378,0.02631578947368421,2,0.4367816091954023,0.47258771929824567,0.00241327609439064,0.2380451562033747,0.04123711340206185,4,0.4337899543378995,0.46219931271477693,0.00466848484707481,0.11603238162389774,0.09550561797752807,17,0.34405940594059403,0.3327915997859826,0.01534119672252,united kingdom,extraction,GBR,1,1,0.028,0.73,2,2,2,2,2,1,98,3,1,0.8929159482487512,0.9055704681028238,9,1,1
1909,Charlton And Meyer Gold Mining,cyanid,0.8528265,1,9,0,6,1,0,0,1,1,1,0.2583129084163227,0.02985074626865671,2,0.37572254335260113,0.4109452736318406,0.01004320913626062,0.17173371151388378,0.02631578947368421,2,0.4367816091954023,0.47258771929824567,0.00241327609439064,0.2380451562033747,0.04123711340206185,4,0.4337899543378995,0.46219931271477693,0.00466848484707481,0.11603238162389774,0.09550561797752807,17,0.34405940594059403,0.3327915997859826,0.01534119672252,south africa,extraction,ZAF,1,1,0.408,0.115,NA,NA,NA,NA,NA,NA,NA,-2,0,0.8929159482487512,0.9055704681028238,9,1,1
1910,Charlton And Meyer Gold Mining,cyanid,0.8528265,1,2,0,1,0,0,0,0,0,0,0,0,0,0,0,0,0,0,0,0,0,0,0,0,0,0,0,0,0.08925817616985776,0.04739336492890995,10,0.342911877394636,0.35037237643872793,0.01505031271287679,canada,extraction,CAN,0,1,0.074,0.597,2,1,1,2,1,1,96,0,1,0.900247987322166,0.8929159482487512,2,1,1
1911,Charlton And Meyer Gold Mining,cyanid,0.8507535,1,13,2.8333329557698393e-4,10,3,1,1,0,0,0,0.20315053429097463,0.02631578947368421,2,0.3882978723404255,0.4155701754385963,0.01065034282495655,0.16077827465652483,0.02222222222222222,2,0.4411764705882353,0.47407407407407415,0.00252787565884868,0.22552824145797812,0.03361344537815126,4,0.42805755395683454,0.46568627450980415,0.00731322113419771,0.22128204529745055,0.1870229007633588,49,0.3782837127845885,0.38237913486005015,0.02945471468020661,canada,extraction,CAN,0,1,0.072,0.61,2,1,1,2,1,1,96,0,1,0.9090477242361656,0.900247987322166,13,1,1
1911,Charlton And Meyer Gold Mining,cyanid,0.8507535,1,13,5.797111121967143e-4,10,3,1,1,0,0,0,0.20315053429097463,0.02631578947368421,2,0.3882978723404255,0.4155701754385963,0.01065034282495655,0.16077827465652483,0.02222222222222222,2,0.4411764705882353,0.47407407407407415,0.00252787565884868,0.22552824145797812,0.03361344537815126,4,0.42805755395683454,0.46568627450980415,0.00731322113419771,0.22128204529745055,0.1870229007633588,49,0.3782837127845885,0.38237913486005015,0.02945471468020661,south africa,extraction,ZAF,1,1,0.408,0.115,-1,-1,-1,-1,-1,-2,84,2,0,0.9090477242361656,0.900247987322166,13,1,1
1913,Charlton And Meyer Gold Mining,cyanid,0.8507535,1,13,0,0,0,0,0,0,0,0,0,0,0,0,0,0,0,0,0,0,0,0,0,0,0,0,0,0,0.00808596540936696,0.00943396226415094,3,0.21218795888399417,0.22321848312414355,0,canada,extraction,CAN,0,1,0.072,0.61,2,1,1,2,1,1,96,0,1,0.9228291504899564,0.9179453344387052,13,1,1
1915,Charlton And Meyer Gold Mining,cyanid,0.5708849,1,13,0,0,0,0,0,0,0,0,0,0,0,0,0,0,0,0,0,0,0,0,0,0,0,0,0,0,0.06325301317569527,0.03693181818181818,13,0.32755102040816325,0.3371956168831159,0.00275896586230919,canada,extraction,CAN,0,1,0.067,0.61,2,2,1,2,2,1,98,0,1,0.8901492706922215,0.908179444741422,13,1,1
1916,Charlton And Meyer Gold Mining,cyanid,0.5708849,1,2,0,1,1,0,0,0,0,0,0.1187721023562167,0.0238095238095238,1,0.28695652173913044,0.2642857142857141,0,0,0,0,0,0,0,0.05307758199371541,0.01333333333333333,1,0.26785714285714285,0.2915555555555555,0,0.01828303619119271,0.0120845921450151,4,0.2969187675070028,0.32188174363401,0.00220814716334264,canada,extraction,CAN,0,1,0.067,0.61,2,2,1,2,2,1,98,0,1,0.8715313750908763,0.8901492706922215,2,1,1
1920,Charlton And Meyer Gold Mining,cyanid,0.2665936,1,4,0,3,0,1,0,0,0,0,0,0,0,0,0,0,0.110747899889565,0.01639344262295082,1,0.34269662921348315,0.3893442622950819,0,0.09963946481104716,0.01282051282051282,1,0.3291139240506329,0.3685897435897434,0,0.05315107575656366,0.05729166666666666,22,0.34288354898336415,0.3757378472222197,0.00466098370492709,canada,extraction,CAN,0,1,0.067,0.631,2,1,1,2,2,1,98,0,1,0.8827313706089669,0.8666171596554353,4,1,1
1921,Charlton And Meyer Gold Mining,cyanid,1.5,1,13,0,5,0,1,0,1,1,0,0.2119105869215704,0.0425531914893617,2,0.36,0.39609929078014194,0.07517456061560104,0.16930690448243998,0.0392156862745098,2,0.4322033898305085,0.4738562091503267,0.00994929583054638,0.23930902127943607,0.0588235294117647,4,0.425,0.4705882352941174,0.02975041206092094,0.6163707639995265,0.09433962264150944,35,0.34064885496183206,0.36868823000898227,0.00322498766019604,canada,extraction,CAN,0,1,0.067,0.631,2,1,1,2,2,1,98,0,1,0.8977238173556666,0.8827313706089669,13,1,1
1917,Charter And Agency Limited,amalgama,3.57313,0,0,0,0,0,0,0,0,0,0,0,0,0,0,0,0,0,0,0,0,0,0,0,0,0,0,0,0,0,0,0,0,0,0,united kingdom,extraction,GBR,1,1,0.028,0.73,2,2,2,2,2,2,94,3,1,0.8562317952059528,0.8715313750908763,0,0,1
1914,Charter Trust Agency Limited,cyanid,3.698225,1,5,0,5,0,1,0,0,0,0,0,0,0,0,0,0,0.07167909183854504,0.01388888888888888,1,0.32432432432432434,0.3680555555555554,0,0.06784605251502854,0.01098901098901099,1,0.3159722222222222,0.3529304029304028,0,0.01942172606544788,0.04722222222222222,17,0.28651162790697676,0.28778108465608515,0.03034229267300573,united states of america,extraction,USA,0,0,0.079,0.581,1,2,1,1,2,1,98,3,1,0.908179444741422,0.9228291504899564,5,1,1
1908,Cherokee Goldfields Limited,cyanid,0.02131873,1,7,31.84598410244657,0,0,0,0,0,0,0,0,0,0,0,0,0,0,0,0,0,0,0,0,0,0,0,0,0,0,0,0,0,0,0,united states of america,extraction,USA,0,0,0.117,0.581,1,1,1,1,1,1,98,1,1,0.9055704681028238,0.9101864858593508,7,1,1
1911,Chillagoe Company,cyanid,1.705653,1,7,2.3055664769700536e-4,4,1,2,1,0,0,0,0.24449397179916144,0.06578947368421052,5,0.4244186046511628,0.45833333333333326,0.08471710468662502,0.2941684874495247,0.04444444444444444,4,0.5113636363636364,0.5222222222222223,0.01216282940606033,0.3578569450554256,0.07563025210084033,9,0.48770491803278687,0.5189075630252102,0.05717200368947532,0.00191390247512419,0.02671755725190839,7,0.23658269441401972,0.223214285714286,0.01287352996040636,united states of america,extraction,USA,0,0,0.098,0.581,1,2,1,1,2,1,98,3,1,0.9090477242361656,0.900247987322166,7,1,1
1912,Cinderella Consolidated Gold Mines Limited,cyanid,6.861848,1,6,0,4,0,0,0,0,0,0,0,0,0,0,0,0,0,0,0,0,0,0,0,0,0,0,0,0,0.23823484339666148,0.14057507987220447,44,0.31607929515418504,0.38934910492418384,0.02299551743590234,south africa,extraction,ZAF,1,1,0.408,0.115,-1,-1,-1,-1,-1,-2,84,2,0,0.9179453344387052,0.9090477242361656,6,1,1
1913,Cinderella Consolidated Gold Mines Limited,cyanid,6.861848,1,1,0,0,0,0,0,0,0,0,0,0,0,0,0,0,0,0,0,0,0,0,0,0,0,0,0,0,0.1870209356412145,0.01886792452830188,6,0.26201269265639165,0.2905165763656341,0.00209103385763911,united states of america,extraction,USA,0,0,0.083,0.581,1,2,1,1,2,1,98,3,1,0.9228291504899564,0.9179453344387052,1,1,1
1914,Cinderella Consolidated Gold Mines Limited,cyanid,6.861848,1,6,0,3,1,1,0,0,0,0,0.18714380158545044,0.01587301587301587,1,0.32786885245901637,0.3542328042328043,0,0.08225974315779858,0.01388888888888888,1,0.3364485981308411,0.3819444444444443,0,0.12500542910525383,0.02197802197802198,2,0.364,0.4097069597069596,0.00171455407175377,0.07749271138460517,0.05,18,0.323189926547744,0.3275925925925915,0.03325766581886973,canada,extraction,CAN,0,1,0.067,0.61,2,1,1,2,1,1,96,0,1,0.908179444741422,0.9228291504899564,6,1,1
1915,Cinderella Consolidated Gold Mines Limited,cyanid,6.861848,1,8,0,8,1,2,1,0,0,0,0.17900057808161818,0.01612903225806451,1,0.3375,0.331989247311828,0,0.23537769416631812,0.03658536585365853,3,0.4659090909090909,0.49491869918699194,0.00845046727080643,0.27150522768921465,0.04081632653061224,4,0.44036697247706424,0.46768707482993216,0.00631739842476831,0.2736660435290976,0.2272727272727273,80,0.3803317535545024,0.4282467532467524,0.05442799835064089,united states of america,extraction,USA,0,0,0.07,0.581,1,2,1,1,2,1,98,3,1,0.8901492706922215,0.908179444741422,8,1,1
1916,Cinderella Consolidated Gold Mines Limited,cyanid,6.861848,1,8,0,0,0,0,0,0,0,0,0,0,0,0,0,0,0,0,0,0,0,0,0,0,0,0,0,0,0.00578275691893768,0.02114803625377643,7,0.260655737704918,0.2808444828082303,0.0054336447963761,united states of america,extraction,USA,0,0,0.07,0.581,1,2,1,1,2,1,98,3,1,0.8715313750908763,0.8901492706922215,8,1,1
1917,Cinderella Consolidated Gold Mines Limited,cyanid,6.861848,1,8,0,6,0,1,0,1,1,1,0.18857710109560244,0.02777777777777777,1,0.2909090909090909,0.3097222222222221,0,0.20427927593980777,0.04347826086956521,2,0.42592592592592593,0.4710144927536231,0.01062109719398722,0.2578034353884817,0.04918032786885246,3,0.4066666666666667,0.4549180327868851,0.01392993950621657,0.1347344269338016,0.25595238095238093,86,0.3608597285067873,0.43268849206348975,0.07377831649449426,united states of america,extraction,USA,0,0,0.07,0.581,1,2,1,1,2,1,98,3,1,0.8562317952059528,0.8715313750908763,8,1,1
1919,Cinderella Consolidated Gold Mines Limited,cyanid,6.861848,1,7,0,6,1,2,1,0,0,0,0.2408259258610257,0.01886792452830188,1,0.3516483516483517,0.24056603773584911,0,0.29515907268556896,0.04615384615384615,3,0.4924242424242424,0.5128205128205129,0.01135002415685261,0.3304187609642782,0.05,4,0.4545454545454546,0.48645833333333377,0.00978298251638782,0.4430591400401045,0.13764044943820225,49,0.3705308775731311,0.4071161048689121,0.02524968624441191,united states of america,extraction,USA,0,0,0.07,0.581,1,2,1,1,2,1,98,3,1,0.8666171596554353,0.8554794889536566,7,1,1
1921,Cinderella Consolidated Gold Mines Limited,cyanid,6.861848,1,5,0,5,1,1,1,0,0,0,0.20143473220356448,0.02127659574468085,1,0.3435114503816794,0.37127659574468097,0,0.2051155143685772,0.0392156862745098,2,0.4396551724137931,0.4787581699346405,0.006187411184205,0.2650891848403778,0.04411764705882353,3,0.4146341463414634,0.45710784313725467,0.00546563471678652,1,0.2398921832884097,89,0.3884657236126224,0.45332434860736853,0.06765334092397145,united states of america,extraction,USA,0,0,0.095,0.581,1,2,1,1,2,1,98,3,1,0.8977238173556666,0.8827313706089669,5,1,1
1923,Cinderella Consolidated Gold Mines Limited,cyanid,6.861848,1,5,2529.9666463288927,4,1,1,1,0,0,0,0.20087660032654645,0.0217391304347826,1,0.3359375,0.3644927536231885,0,0.22812760378252184,0.05,2,0.4545454545454546,0.49166666666666664,0.00408041473426088,0.29425643239669685,0.05357142857142857,3,0.4148148148148148,0.4598214285714282,0.003246496809847,0.4310848287082762,0.1931216931216931,73,0.41589861751152074,0.4544091710758402,0.02741324604569425,democratic republic of the congo,extraction,COD,0,0,0.241,0.013,NA,NA,NA,NA,NA,NA,NA,-1,0,0.9260468773507357,0.9128783852142348,5,1,0
1919,Cinnamon Bippoqqomeany Limited,cyanid,6.020363,1,8,0,5,1,1,0,0,0,0,0.0252643379971742,0.01886792452830188,1,0.24806201550387597,0.17861635220125777,0,0.090708410680397,0.01538461538461538,1,0.34946236559139787,0.39615384615384613,0,0.10533782607655226,0.025,2,0.3508771929824561,0.3977083333333331,0.00263566594936052,0.2565994664056598,0.09550561797752807,34,0.3779005524861878,0.4134831460674145,0.01410099294397328,south africa,extraction,ZAF,1,1,0.408,0.115,-1,-1,-1,-1,-1,-1,84,2,0,0.8666171596554353,0.8554794889536566,8,1,1
1895,Citizen Gold Mining Company,cyanid,0.2443793,1,26,0,8,2,6,2,0,0,0,0.2721002917988813,0.03125,1,0.3466666666666667,0.32031249999999994,0,0.35084675988704045,0.09375,3,0.5,0.5338541666666666,0.03513064892097149,0.4077518449422996,0.08888888888888889,4,0.4411764705882353,0.4933333333333331,0.02718366969657879,0.7547736809749134,0.17142857142857143,6,0.3472222222222222,0.30666666666666664,0,united kingdom,extraction,GBR,1,1,0.028,0.73,2,2,NA,2,2,NA,98,3,1,0.7078988530850715,0.6957655151230822,26,1,1
1909,City And Suburban Gold Mining,cyanid,0.02975146,1,1,0,0,0,0,0,0,0,0,0,0,0,0,0,0,0,0,0,0,0,0,0,0,0,0,0,0,0,0,0,0,0,0,canada,extraction,CAN,0,1,0.074,0.597,2,1,1,2,1,1,96,0,1,0.8929159482487512,0.9055704681028238,1,1,1
1910,City And Suburban Gold Mining,cyanid,0.02969358,1,1,0,0,0,0,0,0,0,0,0,0,0,0,0,0,0,0,0,0,0,0,0,0,0,0,0,0,0,0,0,0,0,0,canada,extraction,CAN,0,1,0.074,0.597,2,1,1,2,1,1,96,0,1,0.900247987322166,0.8929159482487512,1,1,1
1911,City And Suburban Gold Mining,cyanid,0.02967914,1,10,1.0013217677085525e-4,8,1,4,1,0,0,0,0.16342680358061712,0.02631578947368421,2,0.365,0.3958333333333331,0.01222164212598995,0.2941684874495247,0.04444444444444444,4,0.5113636363636364,0.5222222222222223,0.01216282940606033,0.330120707856773,0.05042016806722689,6,0.4576923076923077,0.4915966386554624,0.01455725619762619,0.38237875740443905,0.20610687022900764,54,0.40831758034026466,0.40947837150127103,0.04055607266346203,united kingdom,extraction,GBR,1,1,0.028,0.73,2,2,2,2,2,2,98,3,1,0.9090477242361656,0.900247987322166,10,1,1
1912,City And Suburban Gold Mining,cyanid,2.92113,1,10,0,0,0,0,0,0,0,0,0,0,0,0,0,0,0,0,0,0,0,0,0,0,0,0,0,0,0.1348087668189511,0.0511182108626198,16,0.2980269989615784,0.3476431360616657,0.00219103764892588,canada,extraction,CAN,0,1,0.072,0.61,2,1,1,2,1,1,96,0,1,0.9179453344387052,0.9090477242361656,10,1,1
1913,City And Suburban Gold Mining,cyanid,2.92113,1,13,0,7,0,0,0,1,2,1,0.19784087033191036,0.01724137931034482,1,0.3706896551724138,0.30890804597701155,0,0.25999700855882857,0.0379746835443038,3,0.4759036144578313,0.5010548523206751,0.02576266020800553,0.3141703951774204,0.04081632653061224,4,0.4492753623188406,0.45918367346938793,0.0185476278214469,0.5955746324343466,0.2138364779874214,68,0.3404004711425206,0.4283731293165234,0.2282173894205596,canada,extraction,CAN,0,1,0.072,0.61,2,1,1,2,1,1,96,0,1,0.9228291504899564,0.9179453344387052,13,1,1
1914,City And Suburban Gold Mining,cyanid,6.706114,1,5,0,1,0,0,0,0,0,0,0,0,0,0,0,0,0,0,0,0,0,0,0,0,0,0,0,0,0.19081210995150616,0.05,18,0.3181818181818182,0.3346792328042323,0.01054546885689401,south africa,extraction,ZAF,1,1,0.408,0.115,-1,-1,-1,-1,-1,-1,84,2,0,0.908179444741422,0.9228291504899564,5,1,1
1915,City And Suburban Gold Mining,cyanid,6.706114,1,4,0,2,1,1,1,0,0,0,0.2213769147118635,0.03225806451612903,2,0.35064935064935066,0.3508064516129032,0.00910775281478612,0.16215459504869895,0.02439024390243902,2,0.39805825242718446,0.44410569105691056,0.00196128739401376,0.21308839242317648,0.04081632653061224,4,0.396694214876033,0.4382653061224492,0.0046482172281993896,0.1888578437536629,0.07954545454545454,28,0.3515881708652793,0.37986336580086383,0.00835028582915567,south africa,extraction,ZAF,1,1,0.408,0.115,-1,-1,-1,-1,-1,-1,84,2,0,0.8901492706922215,0.908179444741422,4,1,1
1916,City And Suburban Gold Mining,cyanid,1.054428,1,1,0,1,1,0,0,0,0,0,0.01558957795606701,0.0238095238095238,1,0.25190839694656486,0.22619047619047605,0,0,0,0,0,0,0,0.01004836465353245,0.01333333333333333,1,0.24509803921568624,0.2643492063492064,0,0.17763251283218912,0.03323262839879154,11,0.3274974253347065,0.3629405840886196,4.7414040059795976e-4,south africa,extraction,ZAF,1,1,0.408,0.115,-1,-1,-1,-1,-1,-1,84,2,0,0.8715313750908763,0.8901492706922215,1,1,1
1917,City And Suburban Gold Mining,cyanid,1.053926,1,1,0,1,0,0,0,0,0,0,0,0,0,0,0,0,0,0,0,0,0,0,0,0,0,0,0,0,0.14515018127495705,0.04166666666666666,14,0.3298862461220269,0.3666099773242618,0.0033688524787327,south africa,extraction,ZAF,1,1,0.408,0.115,-1,-1,-1,-1,-1,-1,84,2,0,0.8562317952059528,0.8715313750908763,1,1,1
1920,City And Suburban Gold Mining,cyanid,1.053926,1,11,0,8,1,2,1,0,0,0,0.1835021065170802,0.01851851851851851,1,0.33540372670807456,0.38765432098765434,0,0.2166272239830563,0.03278688524590164,2,0.4357142857142857,0.4740437158469945,0.00403140674664748,0.2777430133625818,0.03846153846153846,3,0.41711229946524064,0.4594017094017093,0.00473155866519642,0.1863230727348704,0.1875,72,0.3897058823529412,0.455065724206351,0.06645321920877836,south africa,extraction,ZAF,1,1,0.408,0.115,-1,-1,-1,-1,-1,-1,84,2,0,0.8827313706089669,0.8666171596554353,11,1,1
1921,City Deep Limited,cyanid,2.609538,1,8,0,2,0,0,0,0,0,0,0,0,0,0,0,0,0,0,0,0,0,0,0,0,0,0,0,0,0.16628066433397182,0.1078167115902965,40,0.3814102564102564,0.4281221922731357,0.06237271277720564,canada,extraction,CAN,0,1,0.067,0.631,2,1,1,2,2,1,98,0,1,0.8977238173556666,0.8827313706089669,8,1,1
1909,City Hobart Limited Mtn Ethltmtte,cyanid,0.9746589,1,10,0,3,0,0,0,1,1,1,0.24582201947487117,0.02985074626865671,2,0.32338308457711445,0.36218905472636814,0.00276616047786931,0.1670999454374327,0.02631578947368421,2,0.3958333333333333,0.4429824561403508,9.783201030579434e-4,0.2085186433331973,0.04123711340206185,4,0.407725321888412,0.4441580756013749,0.0046440819981432,0,0.01685393258426966,3,1,0.00561797752808988,0,united states of america,extraction,USA,0,0,0.117,0.581,1,1,1,1,1,1,98,1,1,0.8929159482487512,0.9055704681028238,10,1,1
1909,City Hobart Limited Mtn Ethltmtte,cyanid,0.9746589,1,10,0,3,0,0,0,1,1,1,0.24582201947487117,0.02985074626865671,2,0.32338308457711445,0.36218905472636814,0.00276616047786931,0.1670999454374327,0.02631578947368421,2,0.3958333333333333,0.4429824561403508,9.783201030579434e-4,0.2085186433331973,0.04123711340206185,4,0.407725321888412,0.4441580756013749,0.0046440819981432,0,0.01685393258426966,3,1,0.00561797752808988,0,united kingdom,extraction,GBR,1,1,0.028,0.73,2,2,2,2,2,1,98,3,1,0.8929159482487512,0.9055704681028238,10,1,1
1908,Claremont Mines Rhodesia Limited,cyanid,0.01946472,1,10,0,0,0,0,0,0,0,0,0,0,0,0,0,0,0,0,0,0,0,0,0,0,0,0,0,0,0,0,0,0,0,0,united states of america,extraction,USA,0,0,0.117,0.581,1,1,1,1,1,1,98,1,1,0.9055704681028238,0.9101864858593508,10,1,1
1910,Claremont Mines Rhodesia Limited,cyanid,1.874391,1,4,0,0,0,0,0,1,1,1,0.2981567910207012,0.08771929824561403,5,0.42857142857142855,0.48538011695906413,0.10197908039018164,0.33284397811175215,0.06060606060606061,4,0.515625,0.5303030303030303,0.01672811650116574,0.4154271539982371,0.10227272727272728,9,0.4916201117318435,0.5303030303030305,0.07763618090598626,0,0,0,0,0,0,united states of america,extraction,USA,0,0,0.098,0.581,1,2,1,1,2,1,98,3,1,0.900247987322166,0.8929159482487512,4,1,1
1909,Clogau Gold Mines Limited,cyanid,0.04861448999999999,1,3,185.3726646860123,0,0,0,0,0,0,0,0,0,0,0,0,0,0,0,0,0,0,0,0,0,0,0,0,0,0,0,0,0,0,0,united states of america,extraction,USA,0,0,0.117,0.581,1,1,1,1,1,1,98,1,1,0.8929159482487512,0.9055704681028238,3,1,0
1911,Clogau Gold Mines Limited,cyanid,0.04861448999999999,1,3,333.20627995704444,0,0,0,0,0,0,0,0,0,0,0,0,0,0,0,0,0,0,0,0,0,0,0,0,0,5.095850188505707e-4,0.00381679389312977,1,0.21973550356052896,0.1944520174482008,0,russia,extraction,RUS,0,0,0.41,0.358,0,0,0,0,0,0,99,2,0,0.9090477242361656,0.900247987322166,3,1,0
1921,Cock Pioneer Gold Tin Mines,cyanid,0.5773672,1,9,0,3,2,0,0,1,1,1,0.31166475472913796,0.06382978723404255,3,0.38461538461538464,0.42624113475177294,0.0378405122596231,0.09431610529121724,0.0196078431372549,1,0.3269230769230769,0.37254901960784315,0,0.19574701321119672,0.0588235294117647,4,0.3695652173913043,0.42990196078431353,0.01264793803323137,0.0102940889569718,0.03234501347708895,12,0.3112467306015693,0.32479784366576775,0.00373616954931363,united states of america,extraction,USA,0,0,0.095,0.581,1,2,1,1,2,1,98,3,1,0.8977238173556666,0.8827313706089669,9,1,1
1894,Coetzeestroom Estate Gold Mining Limited,cyanid,0.8292683000000001,1,2,602.1632138322101,1,0,0,0,0,0,0,0,0,0,0,0,0,0,0,0,0,0,0,0,0,0,0,0,0,0,0.16666666666666666,1,0.6666666666666666,0.25,0,canada,extraction,CAN,0,1,0.074,0.597,2,1,NA,2,1,NA,96,0,1,0.6957655151230822,0.6304463154435564,2,1,0
1911,Coetzeestroom Estate Gold Mining Limited,cyanid,0.8292683000000001,1,1,2.8333329557698393e-4,0,0,0,0,0,0,0,0,0,0,0,0,0,0,0,0,0,0,0,0,0,0,0,0,0,0,0,0,0,0,0,canada,extraction,CAN,0,1,0.072,0.61,2,1,1,2,1,1,96,0,1,0.9090477242361656,0.900247987322166,1,1,1
1913,Coetzeestroom Estate Gold Mining Limited,cyanid,0.8292683000000001,1,3,0,1,0,0,0,0,1,0,0,0,0,0,0,0,0.08993819759419412,0.01265822784810126,1,0.3134920634920635,0.35443037974683544,0,0.083336768052584,0.01020408163265306,1,0.3069306930693069,0.32636054421768695,0,0.03621221458612277,0.00628930817610062,2,0.2288202692003167,0.24104401014778415,0,united states of america,extraction,USA,0,0,0.083,0.581,1,2,1,1,2,1,98,3,1,0.9228291504899564,0.9179453344387052,3,1,1
1911,Colombian Mines Corporation Limited,cyanid,0.03403014,1,5,1510.009931942592,0,0,0,0,0,0,0,0,0,0,0,0,0,0,0,0,0,0,0,0,0,0,0,0,0,0,0,0,0,0,0,colombia,extraction,COL,0,0,0.57,0.189,-1,-1,-2,-1,-1,-2,78,0,0,0.9090477242361656,0.900247987322166,5,1,0
1914,Colombian Mines Corporation Limited,cyanid,0.04168639,1,6,0,2,0,1,0,0,0,0,0,0,0,0,0,0,0.25634944055279885,0.04166666666666666,3,0.4556962025316456,0.4907407407407408,0.00508570303067487,0.2404554676323303,0.03296703296703297,3,0.4099099099099099,0.45146520146520186,0.00265941265303459,1.4393120339661856e-4,0.00833333333333333,3,0.18712029161603888,0.17417328042328048,0.00948622717424945,colombia,extraction,COL,0,0,0.57,0.189,-1,-1,-2,-1,-1,-2,78,0,0,0.908179444741422,0.9228291504899564,6,1,1
1915,Colombian Mining And Exploration Limited,cyanid,0.7564225,1,6,0,1,0,1,0,0,1,0,0,0,0,0,0,0,0.22356014175627045,0.03658536585365853,3,0.44086021505376344,0.47967479674796754,0.00697481455747734,0.20846086720381243,0.03061224489795918,3,0.41025641025641024,0.44421768707483017,0.00355602596292059,3.2346318523655217e-6,0.00852272727272727,3,0.17953020134228187,0.1776255862193364,0.01034382284382284,colombia,extraction,COL,0,0,0.57,0.189,-1,-1,-2,-1,-1,-2,78,0,0,0.8901492706922215,0.908179444741422,6,1,1
1919,Colombian Mining And Exploration Limited,cyanid,0.7564225,1,9,0,2,0,0,0,0,1,0,0,0,0,0,0,0,0.090708410680397,0.01538461538461538,1,0.34946236559139787,0.39615384615384613,0,0.08963917726824792,0.0125,1,0.3389830508474576,0.3799999999999998,0,4.162508751181293e-4,0.01685393258426966,6,0.2554144884241972,0.2664125200642058,0.00696390237642708,colombia,extraction,COL,0,0,0.57,0.189,-1,-1,-2,-1,-1,-2,78,0,0,0.8666171596554353,0.8554794889536566,9,1,1
1921,Colombian Mining And Exploration Limited,cyanid,3.849115,0,1,3.329034022831035e-4,0,0,0,0,1,1,1,0.08755567140973868,0.0425531914893617,2,0.30201342281879195,0.33581560283687945,0.04070305272895467,0.08091713249657766,0.0196078431372549,1,0.34459459459459457,0.392156862745098,0,0.11752216956736893,0.04411764705882353,3,0.3655913978494624,0.4166666666666664,0.032607950226355,0.01752730333197838,0.01078167115902965,4,0.30512820512820515,0.31837376460017974,0,colombia,extraction,COL,0,0,0.57,0.189,-1,-1,-2,-1,-1,-2,78,0,0,0.8977238173556666,0.8827313706089669,1,1,1
1922,Colombian Proprietary Gold Mines Limited,cyanid,0.3821036,1,17,0,8,2,0,0,1,2,1,0.0933422563148967,0.07692307692307693,3,0.30833333333333335,0.35427350427350424,0.09581646423751689,0.24230599175818884,0.04347826086956521,2,0.4693877551020408,0.4981884057971014,0.00818308947599565,0.27030306588593167,0.08064516129032258,5,0.42758620689655175,0.4811827956989245,0.07082242288296617,0.07058113768073834,0.10714285714285714,39,0.3658280922431866,0.39890109890109704,0.03315189189617989,united states of america,extraction,USA,0,0,0.094,0.581,1,2,1,1,2,1,98,3,1,0.9128783852142348,0.8977238173556666,17,1,1
1922,Colombian Proprietary Gold Mines Limited,cyanid,0.3821036,1,17,0,8,2,0,0,1,2,1,0.0933422563148967,0.07692307692307693,3,0.30833333333333335,0.35427350427350424,0.09581646423751689,0.24230599175818884,0.04347826086956521,2,0.4693877551020408,0.4981884057971014,0.00818308947599565,0.27030306588593167,0.08064516129032258,5,0.42758620689655175,0.4811827956989245,0.07082242288296617,0.07058113768073834,0.10714285714285714,39,0.3658280922431866,0.39890109890109704,0.03315189189617989,colombia,extraction,COL,0,0,0.57,0.189,-1,-1,-2,-1,-1,-2,78,0,0,0.9128783852142348,0.8977238173556666,17,1,1
1923,Colombian Proprietary Gold Mines Limited,cyanid,0.9149131,1,12,0,6,1,2,1,0,0,0,0.06261276274901573,0.04347826086956521,2,0.2621951219512195,0.2944099378881986,0.03952008822852812,0.1287346354689711,0.025,1,0.4,0.44375,0,0.14522906590782267,0.05357142857142857,3,0.380952380952381,0.43511904761904735,0.01208184537191711,0.02105194146303438,0.0291005291005291,11,0.37840670859538783,0.3958112874779534,0.00784084788952224,colombia,extraction,COL,0,0,0.57,0.189,-1,-1,-2,-1,-1,-2,78,0,0,0.9260468773507357,0.9128783852142348,12,1,1
1916,Coniagas Mines Limited,cyanid,4,0,2,0,0,0,0,0,0,0,0,0,0,0,0,0,0,0,0,0,0,0,0,0,0,0,0,0,0,0,0,0,0,0,0,canada,extraction,CAN,0,1,0.067,0.61,2,2,1,2,2,1,98,0,1,0.8715313750908763,0.8901492706922215,2,1,1
1917,Coniagas Mines Limited,cyanid,4,1,2,0,0,0,0,0,0,0,0,0,0,0,0,0,0,0,0,0,0,0,0,0,0,0,0,0,0,0,0,0,0,0,0,canada,extraction,CAN,0,1,0.067,0.61,2,2,1,2,2,1,98,0,1,0.8562317952059528,0.8715313750908763,2,1,1
1919,Coniagas Mines Limited,cyanid,4,1,5,0,1,0,0,0,0,1,0,0,0,0,0,0,0,0.09070841068039698,0.01538461538461538,1,0.34946236559139787,0.39615384615384613,0,0.08963917726824783,0.0125,1,0.3389830508474576,0.3799999999999998,0,0,0,0,0,0,0,canada,extraction,CAN,0,1,0.067,0.631,2,2,1,2,2,1,98,0,1,0.8666171596554353,0.8554794889536566,5,1,1
1921,Coniagas Mines Limited,cyanid,4,1,7,6.22427119220738e-4,5,0,1,0,1,0,0,0.02531660943717438,0.02127659574468085,1,0.24861878453038672,0.2673758865248225,0,0.08091713249657764,0.0196078431372549,1,0.34459459459459457,0.392156862745098,0,0.09756991591832176,0.02941176470588235,2,0.33663366336633666,0.38284313725490177,0.00205583793117109,0,0,0,0,0,0,canada,extraction,CAN,0,1,0.067,0.631,2,1,1,2,2,1,98,0,1,0.8977238173556666,0.8827313706089669,7,1,1
1922,Coniagas Mines Limited,cyanid,4,1,4,0,2,0,1,0,0,0,0,0,0,0,0,0,0,0.10960649465894934,0.0217391304347826,1,0.35384615384615387,0.4021739130434782,0,0.10037965332984282,0.01612903225806451,1,0.33513513513513515,0.3755376344086021,0,0,0,0,0,0,0,canada,extraction,CAN,0,1,0.07,0.631,2,1,1,2,2,1,98,0,1,0.9128783852142348,0.8977238173556666,4,1,1
1923,Coniagas Mines Limited,cyanid,4,1,6,0,5,1,1,0,0,0,0,0.01268913231852064,0.0217391304347826,1,0.2471264367816092,0.2668737060041406,0,0.12873463546897115,0.025,1,0.4,0.44375,0,0.13314517224481362,0.03571428571428571,2,0.380952380952381,0.42767857142857113,0.00396408530446396,0,0,0,0,0,0,canada,extraction,CAN,0,1,0.07,0.631,2,1,1,2,2,1,98,0,1,0.9260468773507357,0.9128783852142348,6,1,1
1912,Consolidated African Copper Trust Limited,cyanid,1.094886,0,14,0,0,0,0,0,0,0,0,0,0,0,0,0,0,0,0,0,0,0,0,0,0,0,0,0,0,0,0,0,0,0,0,new zealand,extraction,NA,0,0,NA,NA,NA,NA,NA,NA,NA,NA,NA,NA,NA,0.9179453344387052,0.9090477242361656,14,1,1
1915,Consolidated Elzt Main Reef Mines,cyanid,0.8326594,1,12,0,9,1,2,1,0,0,0,0.2964329472462587,0.03225806451612903,2,0.3857142857142858,0.379032258064516,0.01117379741123792,0.1346286458251907,0.02439024390243902,2,0.422680412371134,0.4623983739837399,0.00604033449021285,0.2068817548580457,0.04081632653061224,4,0.43636363636363634,0.4651360544217689,0.00907338584959891,0.5949516014438501,0.2272727272727273,80,0.38768115942028986,0.44281655844155843,0.01767286908126061,united states of america,extraction,USA,0,0,0.07,0.581,1,2,1,1,2,1,98,3,1,0.8901492706922215,0.908179444741422,12,1,1
1915,Consolidated Gold Fields Limited,cyanid,1.070409,1,19,0,9,2,1,1,0,1,0,0.21820335027273216,0.03225806451612903,2,0.38028169014084506,0.3749999999999999,0.03557036711452363,0.1631997381312539,0.02439024390243902,2,0.405940594059406,0.4502032520325203,0.00222022715110416,0.2180109494685883,0.04081632653061224,4,0.40336134453781514,0.4433673469387757,0.00530600686346227,0.03270992513632753,0.06534090909090909,23,0.3333333333333333,0.35763663419913266,0.03146510206810993,new zealand,extraction,NA,0,0,NA,NA,NA,NA,NA,NA,NA,NA,NA,NA,NA,0.8901492706922215,0.908179444741422,19,1,1
1910,Consolidated Gold Fields South Africa,cyanid,1.094358,0,10,0,0,0,0,0,0,0,0,0,0,0,0,0,0,0,0,0,0,0,0,0,0,0,0,0,0,0,0,0,0,0,0,new zealand,extraction,NA,0,0,NA,NA,NA,NA,NA,NA,NA,NA,NA,NA,NA,0.900247987322166,0.8929159482487512,10,1,1
1916,Consolidated Gold Fields South Africa,cyanid,1.07245,1,10,0,7,1,1,1,0,0,0,0,0.0238095238095238,1,0.5714285714285714,0.05952380952380952,0,0.08545124764289419,0.01724137931034482,1,0.31521739130434784,0.3577586206896552,0,0.11363911788529615,0.02666666666666667,2,0.3177966101694915,0.36199999999999993,0.00639353773206217,0.03218290392116649,0.06646525679758308,22,0.3202416918429003,0.3594231045892669,0.04890353697454436,new zealand,extraction,NA,0,0,NA,NA,NA,NA,NA,NA,NA,NA,NA,NA,NA,0.8715313750908763,0.8901492706922215,10,1,1
1919,Consolidated Gold Fields South Africa,cyanid,1.328021,1,17,0,12,0,1,0,0,1,0,0,0,0,0,0,0,0.1849466155029335,0.03076923076923077,2,0.40625,0.45256410256410257,0.00281067655155207,0.17880962561787012,0.025,2,0.38461538461538464,0.4274999999999999,0.00195658704765118,0.2841210840097605,0.16292134831460675,58,0.4110576923076923,0.4507490636704132,0.08125798047618486,new zealand,extraction,NA,0,0,NA,NA,NA,NA,NA,NA,NA,NA,NA,NA,NA,0.8666171596554353,0.8554794889536566,17,1,1
1911,Consolidated Gold Limited New Zealand,cyanid,1.093821,1,6,0.00246619026458951,2,0,1,0,0,0,0,0,0,0,0,0,0,0.06885588159488938,0.01111111111111111,1,0.3435114503816794,0.3888888888888889,0,0.06282619088360406,0.00840336134453781,1,0.3216216216216216,0.36148459383753495,0,0.00598312311659063,0.01526717557251908,4,0.2787096774193548,0.25754271174118587,0.00636385654397451,new zealand,extraction,NA,0,0,NA,NA,NA,NA,NA,NA,NA,NA,NA,NA,NA,0.9090477242361656,0.900247987322166,6,1,1
1922,Consolidated Gold Limited New Zealand,cyanid,0.996457,1,1,0,1,0,0,0,0,0,0,0,0,0,0,0,0,0,0,0,0,0,0,0,0,0,0,0,0,0.00299972889581458,0.01923076923076923,7,0.2832792207792208,0.3015371533228684,0.00655062740765199,new zealand,extraction,NA,0,0,NA,NA,NA,NA,NA,NA,NA,NA,NA,NA,NA,0.9128783852142348,0.8977238173556666,1,1,1
1923,Consolidated Gold Limited New Zealand,cyanid,1.029277,1,3,0,2,0,0,0,0,0,0,0,0,0,0,0,0,0,0,0,0,0,0,0,0,0,0,0,0,0.01262322090375522,0.03439153439153439,13,0.34218009478672984,0.35850970017636474,3.5480501928898597e-4,new zealand,extraction,NA,0,0,NA,NA,NA,NA,NA,NA,NA,NA,NA,NA,NA,0.9260468773507357,0.9128783852142348,3,1,1
1912,Consolidated Lahlglaagtje Mines Limited,cyanid,9.615572,1,6,0,5,0,0,0,0,0,0,0,0,0,0,0,0,0,0,0,0,0,0,0,0,0,0,0,0,0.12024728556455996,0.07987220447284345,25,0.30052356020942406,0.36040874283685703,0.00553025013786525,south africa,extraction,ZAF,1,1,0.408,0.115,-1,-1,-1,-1,-1,-2,84,2,0,0.9179453344387052,0.9090477242361656,6,1,1
1911,Consolidated Langlaagte Mines Limited,cyanid,5.226057,1,20,5.797111121967143e-4,11,1,2,1,1,1,1,0.07295040689297826,0.02631578947368421,2,0.29918032786885246,0.33026315789473687,0.00662905781338984,0.22897564057717587,0.03333333333333333,3,0.47368421052631576,0.4981481481481482,0.00602757070094527,0.24389579707677367,0.04201680672268908,5,0.4219858156028369,0.46498599439775934,0.0091368126511068,0.5676509828438355,0.3053435114503817,80,0.4277227722772277,0.439058524173027,0.0479070128544323,south africa,extraction,ZAF,1,1,0.408,0.115,-1,-1,-1,-1,-1,-2,84,2,0,0.9090477242361656,0.900247987322166,20,1,1
1911,Consolidated Langlaagte Mines Limited,cyanid,5.226057,1,20,2.3055664769700536e-4,11,1,2,1,1,1,1,0.07295040689297826,0.02631578947368421,2,0.29918032786885246,0.33026315789473687,0.00662905781338984,0.22897564057717587,0.03333333333333333,3,0.47368421052631576,0.4981481481481482,0.00602757070094527,0.24389579707677367,0.04201680672268908,5,0.4219858156028369,0.46498599439775934,0.0091368126511068,0.5676509828438355,0.3053435114503817,80,0.4277227722772277,0.439058524173027,0.0479070128544323,united states of america,extraction,USA,0,0,0.098,0.581,1,2,1,1,2,1,98,3,1,0.9090477242361656,0.900247987322166,20,1,1
1913,Consolidated Langlaagte Mines Limited,cyanid,9.620253,1,6,0,4,0,1,0,0,0,0,0,0,0,0,0,0,0.08993819759419414,0.01265822784810126,1,0.3134920634920635,0.35443037974683544,0,0.08333676805258397,0.01020408163265306,1,0.3069306930693069,0.32636054421768695,0,1,0.20754716981132076,66,0.3258173618940248,0.413401422127836,0.1176111689642894,south africa,extraction,ZAF,1,1,0.408,0.115,-1,-1,-1,-1,-1,-1,84,2,0,0.9228291504899564,0.9179453344387052,6,1,1
1914,Consolidated Langlaagte Mines Limited,cyanid,9.620253,1,6,0,0,0,0,0,0,0,0,0,0,0,0,0,0,0,0,0,0,0,0,0,0,0,0,0,0,0.2850618683942039,0.05555555555555555,20,0.34413407821229053,0.34870370370370274,0.01207773957571713,south africa,extraction,ZAF,1,1,0.408,0.115,-1,-1,-1,-1,-1,-1,84,2,0,0.908179444741422,0.9228291504899564,6,1,1
1915,Consolidated Langlaagte Mines Limited,cyanid,4.684418,1,7,0,4,0,0,0,1,1,1,0.03920277219111379,0.01612903225806451,1,0.27,0.26693548387096777,0,0.06140554670757158,0.01219512195121951,1,0.3178294573643411,0.3597560975609756,0,0.07368191237291193,0.02040816326530612,2,0.3137254901960784,0.3505102040816326,3.539388886752193e-4,0.5019490935380377,0.2414772727272727,85,0.38768115942028986,0.4403747294372293,0.03623451889608042,south africa,extraction,ZAF,1,1,0.408,0.115,-1,-1,-1,-1,-1,-1,84,2,0,0.8901492706922215,0.908179444741422,7,1,1
1917,Consolidated Langlaagte Mines Limited,cyanid,1.071939,1,21,0,9,0,0,0,1,0,0,0.00692257088673282,0.02777777777777777,1,0.20253164556962025,0.22037037037037055,0,0,0,0,0,0,0,0.01606741325359115,0.01639344262295082,1,0.2479674796747967,0.2704918032786885,0,0.24597559548070896,0.25,84,0.37796208530805686,0.453422619047618,0.10535790595172598,new zealand,extraction,NA,0,0,NA,NA,NA,NA,NA,NA,NA,NA,NA,NA,NA,0.8562317952059528,0.8715313750908763,21,1,1
1917,Consolidated Langlaagte Mines Limited,cyanid,1.071939,1,21,0,9,0,0,0,1,0,0,0.00692257088673282,0.02777777777777777,1,0.20253164556962025,0.22037037037037055,0,0,0,0,0,0,0,0.01606741325359115,0.01639344262295082,1,0.2479674796747967,0.2704918032786885,0,0.24597559548070896,0.25,84,0.37796208530805686,0.453422619047618,0.10535790595172598,south africa,extraction,ZAF,1,1,0.408,0.115,-1,-1,-1,-1,-1,-1,84,2,0,0.8562317952059528,0.8715313750908763,21,1,1
1921,Consolidated Langlaagte Mines Limited,cyanid,10.39261,1,14,0,6,0,1,0,1,1,1,0.08378557001796628,0.02127659574468085,1,0.2631578947368421,0.2950354609929076,0,0.08091713249657766,0.0196078431372549,1,0.34459459459459457,0.392156862745098,0,0.10398490958080432,0.02941176470588235,2,0.3469387755102041,0.3938725490196076,0.00322507327031828,0.4224614621316437,0.14824797843665768,55,0.4316807738814994,0.4668014375561573,0.06804256676354781,new zealand,extraction,NA,0,0,NA,NA,NA,NA,NA,NA,NA,NA,NA,NA,NA,0.8977238173556666,0.8827313706089669,14,1,1
1921,Consolidated Langlaagte Mines Limited,cyanid,10.39261,1,14,0,6,0,1,0,1,1,1,0.08378557001796628,0.02127659574468085,1,0.2631578947368421,0.2950354609929076,0,0.08091713249657766,0.0196078431372549,1,0.34459459459459457,0.392156862745098,0,0.10398490958080432,0.02941176470588235,2,0.3469387755102041,0.3938725490196076,0.00322507327031828,0.4224614621316437,0.14824797843665768,55,0.4316807738814994,0.4668014375561573,0.06804256676354781,canada,extraction,CAN,0,1,0.067,0.631,2,1,1,2,2,1,98,0,1,0.8977238173556666,0.8827313706089669,14,1,1
1922,Consolidated Langlaagte Mines Limited,cyanid,10.39261,1,10,0,9,1,2,1,0,0,0,0.0841603730399145,0.02564102564102564,1,0.29838709677419356,0.32008547008547,0,0.4082780614264733,0.08695652173913043,4,0.5227272727272727,0.5434782608695652,0.02534242711755218,0.4143536820752185,0.08064516129032258,5,0.4460431654676259,0.4932795698924729,0.01762299183044217,0.8460596143462702,0.3021978021978022,110,0.4144893111638955,0.4746336996337021,0.09359261384585464,south africa,extraction,ZAF,1,1,0.408,0.115,-1,-1,-1,-1,-1,-1,84,2,0,0.9128783852142348,0.8977238173556666,10,1,1
1923,Consolidated Langlaagte Mines Limited,cyanid,9.034767,1,12,0,11,1,1,1,1,0,0,0.0681149557072518,0.04347826086956521,2,0.25903614457831325,0.3074792960662524,0.01751207729468599,0.2278223277815481,0.05,2,0.46511627906976744,0.4979166666666666,0.00393527237644884,0.23254665438420008,0.07142857142857142,4,0.43410852713178294,0.4806547619047616,0.0382180578304311,0.5648479632860832,0.3439153439153439,130,0.4540880503144654,0.518121693121696,0.13322734989172308,south africa,extraction,ZAF,1,1,0.408,0.115,-1,-1,-1,-1,-1,-1,84,2,0,0.9260468773507357,0.9128783852142348,12,1,1
1921,Consolidated Mine Cornwall Limited,cyanid,3.656659,1,8,0,5,1,1,1,0,0,0,0.2014347322035645,0.02127659574468085,1,0.3435114503816794,0.37127659574468097,0,0.29350528635443934,0.0588235294117647,3,0.4811320754716981,0.511437908496732,0.01846779928867744,0.34353465219237755,0.0588235294117647,4,0.4358974358974359,0.477941176470588,0.01214300231494749,0.36899552224267046,0.12668463611859837,47,0.3984375,0.4424079065588512,0.02226007490479116,united states of america,extraction,USA,0,0,0.095,0.581,1,2,1,1,2,1,98,3,1,0.8977238173556666,0.8827313706089669,8,1,1
1921,Consolidated Mine Cornwall Limited,cyanid,3.656659,1,8,0,5,1,1,1,0,0,0,0.2014347322035645,0.02127659574468085,1,0.3435114503816794,0.37127659574468097,0,0.29350528635443934,0.0588235294117647,3,0.4811320754716981,0.511437908496732,0.01846779928867744,0.34353465219237755,0.0588235294117647,4,0.4358974358974359,0.477941176470588,0.01214300231494749,0.36899552224267046,0.12668463611859837,47,0.3984375,0.4424079065588512,0.02226007490479116,united kingdom,extraction,GBR,1,1,0.028,0.73,2,2,1,2,2,1,89,3,1,0.8977238173556666,0.8827313706089669,8,1,1
1909,Consolidated Mines Selection Limited,cyanid,4.62962963,1,28,0,8,2,1,1,2,2,2,0.6010615377085191,0.1044776119402985,7,0.4676258992805755,0.5054726368159204,0.1823583024960951,0.2412560304058671,0.03947368421052631,3,0.4634146341463415,0.49451754385964913,0.00519714926705838,0.3835951045448276,0.10309278350515463,10,0.482233502538071,0.516323024054983,0.04193033517638576,0.3909455088669439,0.1797752808988764,32,0.4028985507246377,0.3969703049759232,0.06955732754364867,south africa,extraction,ZAF,1,1,0.408,0.115,NA,NA,NA,NA,NA,NA,NA,-2,0,0.8929159482487512,0.9055704681028238,28,1,1
1912,Consolidated Mines Selection Limited,cyanid,2.919708029,1,19,0,6,3,3,3,0,1,0,0.30193375311806114,0.05797101449275362,4,0.391812865497076,0.4364734299516907,0.13052389413905882,0.2148292017726934,0.03614457831325301,3,0.5,0.5130522088353414,0.00690006232154246,0.2881355133426492,0.06363636363636363,7,0.47161572052401746,0.4962121212121214,0.02759928637408344,0.25171455243859503,0.08945686900958466,28,0.3150384193194292,0.3799381307368521,0.03668653127162119,united states of america,extraction,USA,0,0,0.098,0.581,1,2,1,1,2,1,98,3,1,0.9179453344387052,0.9090477242361656,19,1,1
1916,Consolidated Mines Selection Limited,cyanid,5.842259,1,26,0,12,1,3,1,1,3,1,0.3220999599280952,0.07142857142857142,3,0.39759036144578314,0.36309523809523814,0.05153624927144092,0.2794873985103404,0.05172413793103448,3,0.4328358208955224,0.4798850574712643,0.03873980003207857,0.4565969185452644,0.08,6,0.4166666666666667,0.47444444444444434,0.05610546660562555,1,0.4108761329305136,136,0.41842105263157897,0.5096676737160141,0.16764168867445614,south africa,extraction,ZAF,1,1,0.408,0.115,-1,-1,-1,-1,-1,-1,84,2,0,0.8715313750908763,0.8901492706922215,26,1,1
1916,Consolidated Mines Selection Limited,cyanid,5.842259,1,26,0,12,1,3,1,1,3,1,0.3220999599280952,0.07142857142857142,3,0.39759036144578314,0.36309523809523814,0.05153624927144092,0.2794873985103404,0.05172413793103448,3,0.4328358208955224,0.4798850574712643,0.03873980003207857,0.4565969185452644,0.08,6,0.4166666666666667,0.47444444444444434,0.05610546660562555,1,0.4108761329305136,136,0.41842105263157897,0.5096676737160141,0.16764168867445614,united states of america,extraction,USA,0,0,0.07,0.581,1,2,1,1,2,1,98,3,1,0.8715313750908763,0.8901492706922215,26,1,1
1922,Consolidated Mines Selection Limited,cyanid,1.765726,1,22,0,15,4,5,4,0,1,0,0.5154647149243018,0.1282051282051282,5,0.47435897435897434,0.5042735042735041,0.25623031938821406,0.4082780614264733,0.08695652173913043,4,0.5227272727272727,0.5434782608695652,0.02534242711755218,0.5516296501930135,0.14516129032258066,9,0.512396694214876,0.556451612903226,0.08742931328410859,0.8715055037948062,0.28296703296703296,103,0.45740498034076016,0.5129120879120908,0.1925106518632753,united states of america,extraction,USA,0,0,0.094,0.581,1,2,1,1,2,1,98,3,1,0.9128783852142348,0.8977238173556666,22,1,1
1923,Consolidated Mines Selection Limited,cyanid,4.345837,1,17,0,15,3,4,3,1,1,1,0.290745909787769,0.06521739130434782,3,0.38392857142857145,0.42355072463768106,0.06651554873857404,0.43936106914507794,0.1,4,0.5263157894736842,0.55,0.01722396608482581,0.5155254251027226,0.125,7,0.47863247863247865,0.5297619047619045,0.04857503845274854,0.8598014353836755,0.2671957671957672,101,0.4523809523809524,0.4984567901234596,0.0949476336004495,united states of america,extraction,USA,0,0,0.096,0.581,1,2,1,1,2,1,98,3,1,0.9260468773507357,0.9128783852142348,17,1,1
1919,Consolidated Mining Smelting Canada Limited,cyanid,4.205401,1,33,0,19,3,2,2,1,1,0,0.43560121473418417,0.07547169811320754,4,0.4155844155844156,0.29716981132075476,0.05510401548137399,0.2951590726855688,0.04615384615384615,3,0.4924242424242424,0.5128205128205129,0.01135002415685261,0.3711429792500212,0.0875,7,0.4705882352941176,0.5114583333333337,0.03491294891549088,0.9856893462547536,0.300561797752809,107,0.4206642066420664,0.5010299625468193,0.0860138503809407,south africa,extraction,ZAF,1,1,0.408,0.115,-1,-1,-1,-1,-1,-1,84,2,0,0.8666171596554353,0.8554794889536566,33,1,1
1919,Consolidated Mining Smelting Canada Limited,cyanid,4.205401,1,33,0,19,3,2,2,1,1,0,0.43560121473418417,0.07547169811320754,4,0.4155844155844156,0.29716981132075476,0.05510401548137399,0.2951590726855688,0.04615384615384615,3,0.4924242424242424,0.5128205128205129,0.01135002415685261,0.3711429792500212,0.0875,7,0.4705882352941176,0.5114583333333337,0.03491294891549088,0.9856893462547536,0.300561797752809,107,0.4206642066420664,0.5010299625468193,0.0860138503809407,united states of america,extraction,USA,0,0,0.07,0.581,1,2,1,1,2,1,98,3,1,0.8666171596554353,0.8554794889536566,33,1,1
1920,Consolidated Mining Smelting Canada Limited,cyanid,3.481129,1,23,0,18,2,2,2,0,0,0,0.22509414339341224,0.03703703703703703,2,0.3724137931034483,0.4228395061728394,0.01616703527080886,0.3227985099646964,0.04918032786885246,3,0.4765625,0.505464480874317,0.00901434259787971,0.40262685359471706,0.0641025641025641,5,0.4457142857142858,0.4893162393162395,0.01188462477156696,1,0.4348958333333333,167,0.4359576968272621,0.5258246527777803,0.1401348960806776,south africa,extraction,ZAF,1,1,0.408,0.115,-1,-1,-1,-1,-1,-1,84,2,0,0.8827313706089669,0.8666171596554353,23,1,1
1920,Consolidated Mining Smelting Canada Limited,cyanid,3.481129,1,23,0,18,2,2,2,0,0,0,0.22509414339341224,0.03703703703703703,2,0.3724137931034483,0.4228395061728394,0.01616703527080886,0.3227985099646964,0.04918032786885246,3,0.4765625,0.505464480874317,0.00901434259787971,0.40262685359471706,0.0641025641025641,5,0.4457142857142858,0.4893162393162395,0.01188462477156696,1,0.4348958333333333,167,0.4359576968272621,0.5258246527777803,0.1401348960806776,united states of america,extraction,USA,0,0,0.078,0.581,1,2,1,1,2,1,98,3,1,0.8827313706089669,0.8666171596554353,23,1,1
1914,Consolidated Mining Smelting Company,cyanid,4.684418,1,6,0,4,0,1,0,1,1,1,0.2236216955330957,0.03174603174603174,2,0.3680981595092024,0.39682539682539664,0.04550874113086092,0.14322273565811433,0.02777777777777777,2,0.4090909090909091,0.45370370370370366,0.00301031547034727,0.20477418907237008,0.04395604395604396,4,0.4099099099099099,0.4560439560439564,0.00800897481183084,0.5940455452647686,0.1361111111111111,49,0.35939323220536756,0.3834259259259238,0.01500653971983587,united states of america,extraction,USA,0,0,0.079,0.581,1,2,1,1,2,1,98,3,1,0.908179444741422,0.9228291504899564,6,1,1
1917,Consolidated Mining Smelting Company,cyanid,4.684418,1,19,0,14,1,3,1,1,2,1,0.5179183792124559,0.08333333333333333,3,0.4,0.4166666666666667,0.05636054421768708,0.4692335045039351,0.08695652173913043,4,0.5227272727272727,0.5434782608695652,0.04024041889106904,0.6085094500346565,0.11475409836065574,7,0.4841269841269842,0.5314207650273223,0.05978734267220536,1,0.4851190476190476,163,0.4074074074074074,0.4972222222222238,0.11014765159615436,united states of america,extraction,USA,0,0,0.07,0.581,1,2,1,1,2,1,98,3,1,0.8562317952059528,0.8715313750908763,19,1,1
1911,Consolidated Selectton Limited,amalgama,1.458435,1,15,2.8333329557698393e-4,5,3,3,3,0,1,0,0.22505450881781552,0.05263157894736842,4,0.4010989010989011,0.4364035087719297,0.05015458713945866,0.22897564057717584,0.03333333333333333,3,0.47368421052631576,0.4981481481481482,0.00602757070094527,0.29910611252788577,0.0588235294117647,7,0.45075757575757575,0.4908963585434176,0.02183539020359173,0.02042338023111529,0.01908396946564885,5,0.28125,0.2595147219193029,0.01306884854088457,canada,extraction,CAN,0,1,0.072,0.61,2,1,1,2,1,1,96,0,1,0.9090477242361656,0.900247987322166,15,0,1
1914,Consolidated Tamar Mines Limited,cyanid,1.47929,1,14,0,5,2,2,1,1,1,1,0.2997328602445272,0.04761904761904761,3,0.40816326530612246,0.4388888888888887,0.08261343964108941,0.14322273565811425,0.02777777777777777,2,0.4090909090909091,0.45370370370370366,0.00301031547034727,0.23804595203322468,0.05494505494505494,5,0.42924528301886794,0.4743589743589746,0.01261606449972608,0.02675382204612249,0.04444444444444444,16,0.29615384615384616,0.2935218253968256,0.01649657702385157,new zealand,extraction,NA,0,0,NA,NA,NA,NA,NA,NA,NA,NA,NA,NA,NA,0.908179444741422,0.9228291504899564,14,1,1
1913,Consolidated Welsh Mines Limited,cyanid,1.095419,1,7,0,3,0,1,0,1,1,1,0.1978408703319103,0.01724137931034482,1,0.3706896551724138,0.30890804597701155,0,0.1380995366547816,0.02531645569620253,2,0.4114583333333333,0.4546413502109704,0.01785928547304065,0.20385230974252783,0.03061224489795918,3,0.4025974025974026,0.4243197278911567,0.01210801152444493,0.03373077414516874,0.02830188679245283,9,0.25130434782608696,0.2807527552810579,0.0178439665960764,new zealand,extraction,NA,0,0,NA,NA,NA,NA,NA,NA,NA,NA,NA,NA,NA,0.9228291504899564,0.9179453344387052,7,1,1
1909,Coolgardie Mines Issuing Syndicate,cyanid,0.2436647,1,8,175.51748536803723,2,0,0,0,0,0,0,0,0,0,0,0,0,0,0,0,0,0,0,0,0,0,0,0,0,0,0.01123595505617977,2,1,0.00561797752808988,0,united states of america,extraction,USA,0,0,0.117,0.581,1,1,1,1,1,1,98,1,1,0.8929159482487512,0.9055704681028238,8,1,0
1910,Courtenay Kalb Foster Bain Head,cyanid,4.377432,1,9,233.1591445976595,3,0,0,0,0,1,0,0,0,0,0,0,0,0.0723147765775363,0.01515151515151515,1,0.3473684210526316,0.3939393939393939,0,0.06760396440907661,0.01136363636363636,1,0.3295880149812734,0.36874999999999986,0,0,0.01421800947867298,3,1,0.00947867298578199,4.513653802753329e-5,united states of america,extraction,USA,0,0,0.098,0.581,1,2,1,1,2,1,98,3,1,0.900247987322166,0.8929159482487512,9,1,0
1910,Courtenay Kalb Foster Bain Head,cyanid,4.377432,1,9,0,3,0,0,0,0,1,0,0,0,0,0,0,0,0.0723147765775363,0.01515151515151515,1,0.3473684210526316,0.3939393939393939,0,0.06760396440907661,0.01136363636363636,1,0.3295880149812734,0.36874999999999986,0,0,0.01421800947867298,3,1,0.00947867298578199,4.513653802753329e-5,mexico,extraction,MEX,0,0,0.853,0.556,-2,-2,-3,-2,-2,-3,82,0,0,0.900247987322166,0.8929159482487512,9,1,1
1909,Craiggiemore Proprietary Limited,cyanid,0.07309942,1,0,0,0,0,0,0,0,0,0,0,0,0,0,0,0,0,0,0,0,0,0,0,0,0,0,0,0,0,0,0,0,0,0,united states of america,extraction,USA,0,0,0.117,0.581,1,1,1,1,1,1,98,1,1,0.8929159482487512,0.9055704681028238,0,1,1
1909,Crcesus Soutli Qqlq Mines Limited,cyanid,0.001315789,1,3,0,0,0,0,0,0,0,0,0,0,0,0,0,0,0,0,0,0,0,0,0,0,0,0,0,0,0,0,0,0,0,0,australia,extraction,AUS,0,1,0.041,0.659,2,2,2,2,2,2,99,2,1,0.8929159482487512,0.9055704681028238,3,1,1
1911,Crcesus Soutli Qqlq Mines Limited,cyanid,0.001315789,1,1,445.1145961558692,0,0,0,0,0,0,0,0,0,0,0,0,0,0,0,0,0,0,0,0,0,0,0,0,0,0,0,0,0,0,0,united states of america,extraction,USA,0,0,0.098,0.581,1,2,1,1,2,1,98,3,1,0.9090477242361656,0.900247987322166,1,1,0
1912,Crcesus Soutli Qqlq Mines Limited,cyanid,0.001315789,1,1,0,0,0,0,0,0,0,0,0,0,0,0,0,0,0,0,0,0,0,0,0,0,0,0,0,0,0,0,0,0,0,0,united states of america,extraction,USA,0,0,0.098,0.581,1,2,1,1,2,1,98,3,1,0.9179453344387052,0.9090477242361656,1,1,1
1913,Crcesus Soutli Qqlq Mines Limited,cyanid,0.001315789,1,3,0,1,1,1,1,0,0,0,0.1978408703319104,0.01724137931034482,1,0.3706896551724138,0.30890804597701155,0,0.19889486051727132,0.02531645569620253,2,0.383495145631068,0.4324894514767932,0.00251262876863247,0.2556459398780671,0.03061224489795918,3,0.39574468085106385,0.42040816326530633,0.00477620249538022,0.00457384861884834,0.00314465408805031,1,0.19619823489477256,0.2048714475601273,0,united states of america,extraction,USA,0,0,0.083,0.581,1,2,1,1,2,1,98,3,1,0.9228291504899564,0.9179453344387052,3,1,1
1915,Crcesus Soutli Qqlq Mines Limited,cyanid,0.001315789,1,3,0,0,0,0,0,0,1,0,0,0,0,0,0,0,0.16319973813125388,0.02439024390243902,2,0.405940594059406,0.4502032520325203,0.00222022715110416,0.15114676840386057,0.02040816326530612,2,0.384,0.4195578231292519,0.00120809926803674,0,0,0,0,0,0,australia,extraction,AUS,0,1,0.041,0.659,2,3,3,2,3,3,99,3,1,0.8901492706922215,0.908179444741422,3,1,1
1917,Crescens Matabele Mines Land Limited,cyanid,5.47192,1,6,0,5,0,0,0,0,0,0,0,0,0,0,0,0,0,0,0,0,0,0,0,0,0,0,0,0,0.2644385348934247,0.2619047619047619,88,0.38433734939759034,0.46999007936507914,0.10869476010720296,south africa,extraction,ZAF,1,1,0.408,0.115,-1,-1,-1,-1,-1,-1,84,2,0,0.8562317952059528,0.8715313750908763,6,1,1
1910,Crowhn Mines Limited,cyanid,4.5725,1,10,0,6,0,0,0,0,0,0,0,0,0,0,0,0,0,0,0,0,0,0,0,0,0,0,0,0,0.7532363099594879,0.2938388625592417,62,0.3752620545073375,0.4356014443692165,0.04360400262772833,canada,extraction,CAN,0,1,0.074,0.597,2,1,1,2,1,1,96,0,1,0.900247987322166,0.8929159482487512,10,1,1
1912,Crowhn Mines Limited,amalgama,4.574725,1,8,0,3,0,0,0,0,0,0,0,0,0,0,0,0,0,0,0,0,0,0,0,0,0,0,0,0,0.5990738070204474,0.2268370607028754,71,0.3181818181818182,0.4259445205132096,0.01135305409171432,south africa,extraction,ZAF,1,1,0.408,0.115,-1,-1,-1,-1,-1,-2,84,2,0,0.9179453344387052,0.9090477242361656,8,0,1
1912,Crowhn Mines Limited,cyanid,4.574725,1,8,0,3,0,0,0,0,0,0,0,0,0,0,0,0,0,0,0,0,0,0,0,0,0,0,0,0,0.5990738070204474,0.2268370607028754,71,0.3181818181818182,0.4259445205132096,0.01135305409171432,canada,extraction,CAN,0,1,0.072,0.61,2,1,1,2,1,1,96,0,1,0.9179453344387052,0.9090477242361656,8,1,1
1913,Crowhn Mines Limited,cyanid,4.576952,1,8,0,1,0,0,0,0,1,0,0,0,0,0,0,0,0.05463174355107244,0.01265822784810126,1,0.32113821138211385,0.36392405063291133,0,0.05681765265575403,0.01020408163265306,1,0.31313131313131315,0.3340136054421768,0,0.17751082622563694,0.03459119496855346,11,0.28500986193293887,0.3246473041284362,0.00282414895368221,canada,extraction,CAN,0,1,0.072,0.61,2,1,1,2,1,1,96,0,1,0.9228291504899564,0.9179453344387052,8,1,1
1914,Crowhn Mines Limited,cyanid,8.535754,1,14,0,5,0,0,0,0,0,0,0,0,0,0,0,0,0,0,0,0,0,0,0,0,0,0,0,0,0.5629770551877453,0.21666666666666667,78,0.3636363636363637,0.4090740740740723,0.07740142935182054,canada,extraction,CAN,0,1,0.067,0.61,2,1,1,2,1,1,96,0,1,0.908179444741422,0.9228291504899564,14,1,1
1915,Crowhn Mines Limited,cyanid,8.235257,1,5,0,1,0,0,0,0,0,0,0,0,0,0,0,0,0,0,0,0,0,0,0,0,0,0,0,0,0.2042055275037362,0.07102272727272728,25,0.3635334088335221,0.39736201298701135,0.00754106608457219,canada,extraction,CAN,0,1,0.067,0.61,2,2,1,2,2,1,98,0,1,0.8901492706922215,0.908179444741422,5,1,1
1916,Crowhn Mines Limited,cyanid,8.235257,1,8,0,3,0,0,0,1,3,1,0.11877210235621671,0.0238095238095238,1,0.28695652173913044,0.2642857142857141,0,0.22801253547432007,0.03448275862068965,2,0.42028985507246375,0.4640804597701149,0.01445575239328244,0.28024958264923594,0.04,3,0.3947368421052632,0.44266666666666654,0.01499528786874683,0.433712440484097,0.2084592145015106,69,0.3663594470046083,0.4467270896273898,0.04315568792439161,canada,extraction,CAN,0,1,0.067,0.61,2,2,1,2,2,1,98,0,1,0.8715313750908763,0.8901492706922215,8,1,1
1919,Crowhn Mines Limited,cyanid,3.62803,1,15,0,8,0,1,0,1,1,1,3.9222349925531285e-17,0.01886792452830188,1,0.3103448275862069,0.06446540880503145,0,0.28264414404421323,0.04615384615384615,3,0.4924242424242424,0.5128205128205129,0.01287251759154338,0.2782373912045878,0.05,4,0.449438202247191,0.4847916666666671,0.01754691990831449,0.7437219880886776,0.21348314606741572,76,0.4373401534526854,0.4869382022471937,0.05621092961325204,canada,extraction,CAN,0,1,0.067,0.631,2,2,1,2,2,1,98,0,1,0.8666171596554353,0.8554794889536566,15,1,1
1920,Crowhn Mines Limited,cyanid,2.728029,1,8,0,5,1,1,1,0,0,0,0.00296213682305758,0.01851851851851851,1,0.20074349442379183,0.22579365079365052,0,0.1991295877518614,0.03278688524590164,2,0.3765432098765432,0.42896174863387976,0.00138530222926985,0.1854604226779309,0.03846153846153846,3,0.3561643835616438,0.40811965811965795,0.00603747069249447,0.2204178430901368,0.09895833333333331,38,0.3770325203252032,0.4228174603174606,0.0105912723541169,canada,extraction,CAN,0,1,0.067,0.631,2,1,1,2,2,1,98,0,1,0.8827313706089669,0.8666171596554353,8,1,1
1921,Crowhn Mines Limited,cyanid,2.728029,1,8,0,7,0,0,0,0,0,0,0,0,0,0,0,0,0,0,0,0,0,0,0,0,0,0,0,0,0.33924863018038315,0.1347708894878706,50,0.3910186199342826,0.4373315363881409,0.06136912478060349,canada,extraction,CAN,0,1,0.067,0.631,2,1,1,2,2,1,98,0,1,0.8977238173556666,0.8827313706089669,8,1,1
1922,Crowhn Mines Limited,cyanid,6.519141,1,6,0,4,0,0,0,0,0,0,0,0,0,0,0,0,0,0,0,0,0,0,0,0,0,0,0,0,0.5330581519021284,0.11263736263736264,41,0.3631633714880333,0.4023613291470417,0.00444717799354402,canada,extraction,CAN,0,1,0.07,0.631,2,1,1,2,2,1,98,0,1,0.9128783852142348,0.8977238173556666,6,1,1
1923,Crowhn Mines Limited,cyanid,5.126459,1,8,0,6,0,0,0,0,0,0,0,0,0,0,0,0,0,0,0,0,0,0,0,0,0,0,0,0,0.5004320699136344,0.1402116402116402,53,0.3980154355016538,0.43875661375661507,0.04799055226457614,canada,extraction,CAN,0,1,0.07,0.631,2,1,1,2,2,1,98,0,1,0.9260468773507357,0.9128783852142348,8,1,1
1908,Crown Collieries Limited,cyanid,1.216545,1,12,0,2,0,1,0,0,0,0,0,0,0,0,0,0,0.075392156040686,0.01265822784810126,1,0.34649122807017546,0.3924050632911392,0,0.06861240043009197,0.00925925925925925,1,0.32432432432432434,0.3629629629629628,0,0.10853522444888504,0.06578947368421052,5,0.329608938547486,0.31008771929824547,0.00783942902280852,canada,extraction,CAN,0,1,0.074,0.597,2,1,1,2,1,1,96,0,1,0.9055704681028238,0.9101864858593508,12,1,1
1895,Crown Deep Limited,cyanid,2.729045,1,38,0,11,4,8,4,2,0,0,0.3359206453733103,0.0625,2,0.37681159420289856,0.3567708333333334,0.06120391705069124,0.4806117856032478,0.125,4,0.5333333333333333,0.5625,0.05004509214098976,0.5609676878992492,0.13333333333333333,6,0.4787234042553192,0.5314814814814813,0.0564065472989388,0.8251574221741351,0.2571428571428571,9,0.36764705882352944,0.34476190476190477,0.0500861230272995,united kingdom,extraction,GBR,1,1,0.028,0.73,2,2,NA,2,2,NA,98,3,1,0.7078988530850715,0.6957655151230822,38,1,1
1909,Crown Deep Limited,cyanid,2.729045,1,6,0,3,0,1,0,0,0,0,0,0,0,0,0,0,0.06924109956665807,0.0131578947368421,1,0.336283185840708,0.38157894736842096,0,0.06091080298477591,0.01030927835051546,1,0.32646048109965636,0.3577319587628865,0,0.8463750746715782,0.20224719101123595,36,0.4088235294117647,0.39855537720706286,0.03982773775318119,canada,extraction,CAN,0,1,0.074,0.597,2,1,1,2,1,1,96,0,1,0.8929159482487512,0.9055704681028238,6,1,1
1894,Crown Reef Gold Mining Company,cyanid,1.053468,1,12,9215.796431216804,0,0,0,0,0,3,0,0,0,0,0,0,0,0.5041279727680152,0.2307692307692308,3,0.5416666666666666,0.6025641025641025,0.03209785229015998,0.4687687040257991,0.16666666666666666,3,0.45,0.5231481481481481,0.01674225971277272,0,0,0,0,0,0,south africa,extraction,ZAF,1,1,NA,NA,NA,NA,NA,NA,NA,NA,NA,NA,NA,0.6957655151230822,0.6304463154435564,12,1,0
1908,Crown Reef Gold Mining Company,cyanid,1.053468,1,8,0,1,0,0,0,0,1,0,0,0,0,0,0,0,0.07144419848945108,0.01265822784810126,1,0.34347826086956523,0.3892405063291139,0,0.06760491552178303,0.00925925925925925,1,0.31671554252199413,0.3574074074074073,0,0.18100474200047725,0.13157894736842105,10,0.33714285714285713,0.33508771929824527,0.04894341255473165,south africa,extraction,ZAF,1,1,0.408,0.115,NA,NA,NA,NA,NA,NA,NA,-2,0,0.9055704681028238,0.9101864858593508,8,1,1
1909,Crown Reef Gold Mining Company,cyanid,1.053468,1,9,0,7,0,1,0,0,0,0,0,0,0,0,0,0,0.0741560849684345,0.0131578947368421,1,0.34234234234234234,0.3881578947368421,0,0.06762361635260217,0.01030927835051546,1,0.3310104529616725,0.3628865979381442,0,0.7445785225970329,0.16292134831460675,29,0.388268156424581,0.37533440342429175,0.01408001322352466,south africa,extraction,ZAF,1,1,0.408,0.115,NA,NA,NA,NA,NA,NA,NA,-2,0,0.8929159482487512,0.9055704681028238,9,1,1
1910,Crown Reef Gold Mining Company,cyanid,1.053468,1,2,0,0,0,0,0,0,0,0,0,0,0,0,0,0,0,0,0,0,0,0,0,0,0,0,0,0,0.5322408482748288,0.15639810426540285,33,0.3383742911153119,0.3731381178063645,0.00437921604935745,canada,extraction,CAN,0,1,0.074,0.597,2,1,1,2,1,1,96,0,1,0.900247987322166,0.8929159482487512,2,1,1
1913,Croydon Consols Tin Limited,cyanid,0.04868549,1,3,0,2,0,0,0,0,0,0,0,0,0,0,0,0,0,0,0,0,0,0,0,0,0,0,0,0,0.00178010672574042,0.00943396226415094,3,0.2118768328445748,0.2228920188825858,0.00865828206760294,australia,extraction,AUS,0,1,0.041,0.659,2,3,2,2,3,2,99,2,1,0.9228291504899564,0.9179453344387052,3,1,1
1909,Croydon Goldfields Limited,cyanid,0.003211501,1,0,0,0,0,0,0,0,0,0,0,0,0,0,0,0,0,0,0,0,0,0,0,0,0,0,0,0,0,0,0,0,0,0,united states of america,extraction,USA,0,0,0.117,0.581,1,1,1,1,1,1,98,1,1,0.8929159482487512,0.9055704681028238,0,1,1
1908,Crusoe Gold Claims Limited,cyanid,0.00335279799999999,1,0,0,0,0,0,0,0,0,0,0,0,0,0,0,0,0,0,0,0,0,0,0,0,0,0,0,0,0,0,0,0,0,0,united states of america,extraction,USA,0,0,0.117,0.581,1,1,1,1,1,1,98,1,1,0.9055704681028238,0.9101864858593508,0,1,1
1909,Cuadro Consolidated Limited,cyanid,0.05525828,1,3,249.0143774464526,1,0,1,0,0,0,0,0,0,0,0,0,0,0.07415608496843451,0.0131578947368421,1,0.34234234234234234,0.3881578947368421,0,0.0676236163526022,0.01030927835051546,1,0.3310104529616725,0.3628865979381442,0,0,0.00561797752808988,1,1,0.00561797752808988,0,united states of america,extraction,USA,0,0,0.117,0.581,1,1,1,1,1,1,98,1,1,0.8929159482487512,0.9055704681028238,3,1,0
1910,Curhar London Western Union,cyanid,0.4863813,1,0,0,0,0,0,0,0,0,0,0,0,0,0,0,0,0,0,0,0,0,0,0,0,0,0,0,0,0,0,0,0,0,0,united states of america,extraction,USA,0,0,0.098,0.581,1,2,1,1,2,1,98,3,1,0.900247987322166,0.8929159482487512,0,1,1
1887,Darien Gold Mtntng Company,amalgama,0.7768046999999999,1,2,0,0,0,0,0,0,0,0,0,0,0,0,0,0,0,0,0,0,0,0,0,0,0,0,0,0,0,0,0,0,0,0,united states of america,extraction,USA,0,0,0.147,0.415,1,1,NA,1,1,NA,90,1,1,0.10122114063590426,0.08285608077809953,2,0,1
1888,Darien Gold Mtntng Company,amalgama,0.7768046999999999,1,2,0,0,0,0,0,0,0,0,1,1,1,1,1,0,0,0,0,0,0,0,0,0.125,1,1,0.125,0,0,0,0,0,0,0,united states of america,extraction,USA,0,0,0.147,0.478,1,1,NA,1,1,NA,90,1,1,0.14085179033431106,0.10122114063590426,2,0,1
1891,Darien Gold Mtntng Company,amalgama,0.7768046999999999,1,4,0,0,0,0,0,0,0,0,0,0,0,0,0,0,0,0,0,0,0,0,0,0,0,0,0,0,0,0,0,0,0,0,united states of america,extraction,USA,0,0,0.147,0.478,1,1,NA,1,1,NA,95,1,1,0.4350369054473666,0.32042803057333596,4,0,1
1894,Darien Gold Mtntng Company,amalgama,0.7768046999999999,1,4,1648.7320010707338,0,0,0,0,1,2,1,0,0.1111111111111111,1,1,0.1111111111111111,0,0.6685119065585549,0.3076923076923077,4,0.5909090909090909,0.6538461538461539,0.05334060317091991,0.6470131988921467,0.2777777777777778,5,0.5,0.5972222222222223,0.13894787464066838,0,0,0,0,0,0,united states of america,extraction,USA,0,0,0.147,0.478,1,1,NA,1,1,NA,95,1,1,0.6957655151230822,0.6304463154435564,4,0,0
1903,Darien Gold Mtntng Company,amalgama,0.4878049,1,4,3485.8647980645387,0,0,0,0,0,0,0,0,0,0,0,0,0,0,0,0,0,0,0,0,0,0,0,0,0,0,0,0,0,0,0,colombia,extraction,COL,0,0,0.571,0.189,-1,-2,-3,-1,-2,-3,64,-1,0,0.684490744492304,0.620634442833931,4,0,0
1916,Darymusu West Coast Development Company,cyanid,18.827455,1,2,0,0,0,0,0,0,0,0,0,0,0,0,0,0,0,0,0,0,0,0,0,0,0,0,0,0,0,0,0,0,0,0,united kingdom,extraction,GBR,1,1,0.031,0.73,2,2,2,2,2,2,94,3,1,0.8715313750908763,0.8901492706922215,2,1,1
1908,Day Block Company,cyanid,2.238443,1,8,1661.876604165504,0,0,0,0,3,4,3,0.08259605863251993,0.02816901408450704,2,0.26591760299625467,0.3090543259557345,0.02816901408450704,0.16772967107531858,0.02531645569620253,2,0.42473118279569894,0.46413502109704646,0.00113949478575515,0.1724309602535953,0.03703703703703703,4,0.3898916967509025,0.4382716049382719,0.02094049245976454,0,0,0,0,0,0,australia,extraction,AUS,0,1,0.041,0.659,2,2,2,2,2,2,99,2,1,0.9055704681028238,0.9101864858593508,8,1,0
1909,Day Dawn Block And Wyndham Gold,cyanid,2.241715,1,8,0,7,3,4,3,0,0,0,0.11123643492449832,0.02985074626865671,2,0.2765957446808511,0.3125799573560768,0.00361827227498869,0.1668187261121073,0.02631578947368421,2,0.4367816091954023,0.47258771929824567,0.00249758164193993,0.17537941372241317,0.04123711340206185,4,0.4222222222222222,0.4544673539518904,0.00957076934374062,1.5635911526600818e-5,0.03370786516853932,6,0.17572692793931732,0.15389042917132814,0.00876023614549609,australia,extraction,AUS,0,1,0.041,0.659,2,2,2,2,2,2,99,2,1,0.8929159482487512,0.9055704681028238,8,1,1
1894,Day Dawn Gold Mines Limited,cyanid,2.288218,1,18,179.97291655653515,0,0,0,0,2,4,2,0.6339745962155613,0.2222222222222222,2,0.5384615384615384,0.4814814814814814,0.02777777777777777,0.4883722307526753,0.2307692307692308,3,0.5416666666666666,0.6025641025641025,0.03054777466542172,0.62723578209032,0.2777777777777778,5,0.5294117647058824,0.6111111111111112,0.08748928353887987,0,0,0,0,0,0,united kingdom,extraction,GBR,1,1,0.028,0.73,2,2,NA,2,2,NA,98,3,1,0.6957655151230822,0.6304463154435564,18,1,0
1895,Day Dawn Gold Mines Limited,cyanid,2.288218,1,35,0,10,4,4,4,2,2,0,0.4197848703043288,0.09375,3,0.4126984126984127,0.39322916666666674,0.17000288018433182,0.3705081975279843,0.09375,3,0.4705882352941176,0.5182291666666667,0.02459041659602669,0.4838219131281779,0.13333333333333333,6,0.45918367346938777,0.52037037037037015,0.0671561900139202,0.01095441787739662,0.11428571428571428,4,0.30120481927710846,0.2917006802721087,0.05426560367736838,united kingdom,extraction,GBR,1,1,0.028,0.73,2,2,NA,2,2,NA,98,3,1,0.7078988530850715,0.6957655151230822,35,1,1
1914,Day Dawn Gold Mines Limited,cyanid,0.4930966,1,7,0,2,1,0,0,2,3,2,0.0812104268144775,0.01587301587301587,1,0.2843601895734597,0.3076719576719577,0,0.17408969739500027,0.02777777777777777,2,0.41379310344827586,0.4571759259259259,0.00135147414697887,0.1949589824473991,0.03296703296703297,3,0.3956521739130434,0.4404761904761907,0.00365374790529286,0.07439263818293887,0.01944444444444444,7,0.308,0.30134589947089924,0.0392785389113989,australia,extraction,AUS,0,1,0.041,0.659,2,3,2,2,3,2,99,2,1,0.908179444741422,0.9228291504899564,7,1,1
1914,Day Dawn Gold Mines Limited,cyanid,0.4930966,1,7,0,2,1,0,0,2,3,2,0.0812104268144775,0.01587301587301587,1,0.2843601895734597,0.3076719576719577,0,0.17408969739500027,0.02777777777777777,2,0.41379310344827586,0.4571759259259259,0.00135147414697887,0.1949589824473991,0.03296703296703297,3,0.3956521739130434,0.4404761904761907,0.00365374790529286,0.07439263818293887,0.01944444444444444,7,0.308,0.30134589947089924,0.0392785389113989,united kingdom,extraction,GBR,1,1,0.028,0.73,2,2,2,2,2,2,98,3,1,0.908179444741422,0.9228291504899564,7,1,1
1917,Derby Street Mills Bury Lancs,cyanid,1.667461,1,4,27.03545206571335,2,1,0,0,0,0,0,0.05424052492220533,0.02777777777777777,1,0.2711864406779661,0.28194444444444433,0,0,0,0,0,0,0,0.02005307876471583,0.01639344262295082,1,0.2675438596491228,0.29180327868852457,0,0.03732961514439349,0.01785714285714285,6,0.3023696682464455,0.3260841836734693,1.310550983272526e-4,united states of america,extraction,USA,0,0,0.07,0.581,1,2,1,1,2,1,98,3,1,0.8562317952059528,0.8715313750908763,4,1,1
1917,Derby Street Mills Bury Lancs,cyanid,1.667461,1,4,0,2,1,0,0,0,0,0,0.05424052492220533,0.02777777777777777,1,0.2711864406779661,0.28194444444444433,0,0,0,0,0,0,0,0.02005307876471583,0.01639344262295082,1,0.2675438596491228,0.29180327868852457,0,0.03732961514439349,0.01785714285714285,6,0.3023696682464455,0.3260841836734693,1.310550983272526e-4,south africa,extraction,ZAF,1,1,0.408,0.115,-1,-1,-1,-1,-1,-1,84,2,0,0.8562317952059528,0.8715313750908763,4,1,1
1917,Dome Mines Limited,cyanid,5,1,4,0,0,0,0,0,1,0,0,0.4088519677535453,0.05555555555555555,2,0.3404255319148936,0.37685185185185177,0.01247165532879818,0,0,0,0,0,0,0.11743955976355974,0.03278688524590164,2,0.29901960784313725,0.34781420765027327,0.00143984570456295,0,0,0,0,0,0,united states of america,extraction,USA,0,0,0.07,0.581,1,2,1,1,2,1,98,3,1,0.8562317952059528,0.8715313750908763,4,1,1
1919,Dome Mines Limited,cyanid,5,1,9,0,0,0,0,0,0,3,0,0,0,0,0,0,0,0.2666698916841143,0.04615384615384615,3,0.4452054794520548,0.4858974358974359,0.00868999237213587,0.2545302739311342,0.0375,3,0.41237113402061853,0.45458333333333334,0.00546751027522868,0,0,0,0,0,0,united states of america,extraction,USA,0,0,0.07,0.581,1,2,1,1,2,1,98,3,1,0.8666171596554353,0.8554794889536566,9,1,1
1920,Dome Mines Limited,cyanid,5,1,6,0.00353198785704286,4,1,1,0,0,0,0,0.21836681862294963,0.03703703703703703,2,0.40601503759398494,0.4506172839506171,0.07329442474189053,0.10587932409349124,0.01639344262295082,1,0.3630952380952381,0.4098360655737705,0,0.1969656504542284,0.03846153846153846,3,0.4041450777202073,0.44978632478632463,0.01404506773796733,0,0,0,0,0,0,united states of america,extraction,USA,0,0,0.078,0.581,1,2,1,1,2,1,98,3,1,0.8827313706089669,0.8666171596554353,6,1,1
1921,Dome Mines Limited,cyanid,5,1,11,0,4,0,0,0,0,0,0,0,0,0,0,0,0,0,0,0,0,0,0,0,0,0,0,0,0,0.00154440717492561,0.00269541778975741,1,0.2408906882591093,0.24311384931331104,0,united states of america,extraction,USA,0,0,0.095,0.581,1,2,1,1,2,1,98,3,1,0.8977238173556666,0.8827313706089669,11,1,1
1923,Dome Mines Limited,cyanid,5,1,3,0,2,0,0,0,0,0,0,0,0,0,0,0,0,0,0,0,0,0,0,0,0,0,0,0,0,0.01636484850185962,0.01587301587301587,6,0.339924670433145,0.35066137566137384,6.032299502436967e-4,united states of america,extraction,USA,0,0,0.096,0.581,1,2,1,1,2,1,98,3,1,0.9260468773507357,0.9128783852142348,3,1,1
1908,Driefontein Deep Limited,cyanid,1.3382,1,12,0,1,0,1,0,1,2,1,0.02980144348462647,0.01408450704225352,1,0.24067796610169492,0.2682092555331993,0,0.3037857536678945,0.05063291139240506,4,0.512987012987013,0.5253164556962026,0.00997812905098481,0.2982161613961599,0.04629629629629629,5,0.4235294117647059,0.4675925925925928,0.00717458529060861,0.0526049483396464,0.0131578947368421,1,0.23412698412698413,0.21743421052631556,0,canada,extraction,CAN,0,1,0.074,0.597,2,1,1,2,1,1,96,0,1,0.9055704681028238,0.9101864858593508,12,1,1
1895,Dubban Roodepoort Deep,cyanid,0.002028348,1,4,13.909994985797336,2,0,0,0,0,0,0,0,0,0,0,0,0,0,0,0,0,0,0,0,0,0,0,0,0,5.3700732438701076e-17,0.05714285714285714,2,0.75,0.07142857142857142,8.403361344537816e-4,south africa,extraction,ZAF,1,1,NA,NA,NA,NA,NA,NA,NA,NA,NA,NA,NA,0.7078988530850715,0.6957655151230822,4,1,1
1895,Dubban Roodepoort Deep,cyanid,0.002028348,1,4,0.3897089972915591,2,0,0,0,0,0,0,0,0,0,0,0,0,0,0,0,0,0,0,0,0,0,0,0,0,5.3700732438701076e-17,0.05714285714285714,2,0.75,0.07142857142857142,8.403361344537816e-4,united states of america,extraction,USA,0,0,0.147,0.478,1,1,NA,1,1,NA,95,1,1,0.7078988530850715,0.6957655151230822,4,1,1
1912,Dubban Roodepoort Deep,cyanid,0.2313869,1,4,0,0,0,0,0,0,0,0,0,0,0,0,0,0,0,0,0,0,0,0,0,0,0,0,0,0,0,0,0,0,0,0,south africa,extraction,ZAF,1,1,0.408,0.115,-1,-1,-1,-1,-1,-2,84,2,0,0.9179453344387052,0.9090477242361656,4,1,1
1912,Dubban Roodepoort Gold Mining,cyanid,2.190847,0,0,0,0,0,0,0,0,0,0,0,0,0,0,0,0,0,0,0,0,0,0,0,0,0,0,0,0,0,0,0,0,0,0,south africa,extraction,ZAF,1,1,0.408,0.115,-1,-1,-1,-1,-1,-2,84,2,0,0.9179453344387052,0.9090477242361656,0,1,1
1921,Dubban Roodepoort Gold Mining,cyanid,2.190847,1,0,0,0,0,0,0,0,0,0,0,0,0,0,0,0,0,0,0,0,0,0,0,0,0,0,0,0,0,0,0,0,0,0,united kingdom,extraction,GBR,1,1,0.028,0.73,2,2,1,2,2,1,89,3,1,0.8977238173556666,0.8827313706089669,0,1,1
1910,Durban Roodepoort Deep Limited,cyanid,0.7890224,1,12,0,9,1,3,0,0,0,0,0.2704740002357006,0.03508771929824561,2,0.4100719424460432,0.45029239766081847,0.01019466368316435,0.33284397811175215,0.06060606060606061,4,0.515625,0.5303030303030303,0.01672811650116574,0.4021868429408684,0.06818181818181818,6,0.4756756756756757,0.5075757575757579,0.01914729087378245,0.3420467114107922,0.14691943127962084,31,0.3516699410609037,0.3843883999097268,0.03491799948107662,south africa,extraction,ZAF,1,1,0.408,0.115,-1,-2,-3,-1,-2,-3,82,-2,0,0.900247987322166,0.8929159482487512,12,1,1
1911,Durban Roodepoort Deep Limited,cyanid,0.7890224,1,9,6.783971077916973e-4,5,0,0,0,0,0,0,0,0,0,0,0,0,0,0,0,0,0,0,0,0,0,0,0,0,0.5154218280340526,0.1870229007633588,49,0.4260355029585799,0.4230916030534341,0.02221704217911778,south africa,extraction,ZAF,1,1,0.408,0.115,-1,-1,-1,-1,-1,-2,84,2,0,0.9090477242361656,0.900247987322166,9,1,1
1913,Durban Roodepoort Deep Limited,cyanid,0.7890224,1,4,0,1,0,0,0,0,0,0,0,0,0,0,0,0,0,0,0,0,0,0,0,0,0,0,0,0,0.09625311917940237,0.0220125786163522,7,0.2557522123893805,0.2843246027208302,0.00139363366280993,south africa,extraction,ZAF,1,1,0.408,0.115,-1,-1,-1,-1,-1,-1,84,2,0,0.9228291504899564,0.9179453344387052,4,1,1
1916,Durban Roodepoort Deep Limited,cyanid,1.668255,1,2,0,2,0,0,0,0,0,0,0,0,0,0,0,0,0,0,0,0,0,0,0,0,0,0,0,0,0.2627333731134217,0.09063444108761327,30,0.3419354838709677,0.3966551575312888,0.0034767329291217,south africa,extraction,ZAF,1,1,0.408,0.115,-1,-1,-1,-1,-1,-1,84,2,0,0.8715313750908763,0.8901492706922215,2,1,1
1922,Durban Roodepoort Deep Limited,cyanid,1.550044,1,5,0,4,1,0,0,0,0,0,0.22177456628148332,0.02564102564102564,1,0.31896551724137934,0.3572649572649573,0,0,0,0,0,0,0,0.07334908619469595,0.01612903225806451,1,0.2966507177033493,0.3327956989247312,0,0.08043874625510097,0.05769230769230769,21,0.37167199148029817,0.4055664573521704,0.03975845288053255,united kingdom,extraction,GBR,1,1,0.027,0.73,2,2,1,2,2,1,89,3,1,0.9128783852142348,0.8977238173556666,5,1,1
1909,Durban Roodepoort Gold Mining Company,cyanid,0.4385965,1,8,0,1,0,1,0,1,0,0,0.3016649702580801,0.02985074626865671,2,0.38461538461538464,0.4184079601990048,0.00786140049617903,0.23634104500409076,0.03947368421052631,3,0.4578313253012048,0.4912280701754386,0.00519496040188331,0.298225635557918,0.05154639175257732,5,0.4460093896713615,0.4742268041237116,0.00797414863496922,8.257335173840627e-4,0.01123595505617977,2,0.21517027863777088,0.1890293383270913,0.00876023614549609,united states of america,extraction,USA,0,0,0.117,0.581,1,1,1,1,1,1,98,1,1,0.8929159482487512,0.9055704681028238,8,1,1
1911,Durban Roodepoort Gold Mining Company,cyanid,0.4375304,1,7,6.783971077916973e-4,4,1,0,0,0,0,0,0.2237257705656268,0.02631578947368421,2,0.4010989010989011,0.4254385964912279,0.01073127892732146,0,0,0,0,0,0,0.08025167225601741,0.01680672268907563,2,0.3269230769230769,0.3703081232492996,0.00127788688413009,0.14168546254959996,0.03435114503816794,9,0.3157894736842105,0.2890312613595066,0,south africa,extraction,ZAF,1,1,0.408,0.115,-1,-1,-1,-1,-1,-2,84,2,0,0.9090477242361656,0.900247987322166,7,1,1
1914,Durban Roodepoort Gold Mining Company,cyanid,1.665081,1,12,0,3,0,1,0,1,1,1,0.03137863184459955,0.01587301587301587,1,0.26666666666666666,0.27989417989417986,0,0.256213992533823,0.04166666666666666,3,0.4931506849315068,0.5115740740740741,0.00865076347309619,0.26330037071517554,0.04395604395604396,4,0.4375,0.4752747252747256,0.0068878924281105,0.19176676569807552,0.07777777777777778,28,0.32116788321167883,0.3377810846560835,0.01830479577988973,south africa,extraction,ZAF,1,1,0.408,0.115,-1,-1,-1,-1,-1,-1,84,2,0,0.908179444741422,0.9228291504899564,12,1,1
1914,Durban Roodepoort Gold Mining Company,cyanid,1.665081,1,12,0,3,0,1,0,1,1,1,0.03137863184459955,0.01587301587301587,1,0.26666666666666666,0.27989417989417986,0,0.256213992533823,0.04166666666666666,3,0.4931506849315068,0.5115740740740741,0.00865076347309619,0.26330037071517554,0.04395604395604396,4,0.4375,0.4752747252747256,0.0068878924281105,0.19176676569807552,0.07777777777777778,28,0.32116788321167883,0.3377810846560835,0.01830479577988973,south africa,extraction,ZAF,1,1,0.408,0.115,-1,-1,-1,-1,-1,-1,84,2,0,0.908179444741422,0.9228291504899564,12,1,1
1915,Durban Roodepoort Gold Mining Company,cyanid,1.665081,1,5,0,3,1,2,1,0,0,0,0.02041412789447574,0.01612903225806451,1,0.2571428571428571,0.246774193548387,0,0.22356014175627045,0.03658536585365853,3,0.44086021505376344,0.47967479674796754,0.00697481455747734,0.2185498081378764,0.04081632653061224,4,0.41739130434782606,0.4535714285714288,0.01037105627195755,0.09352659239663295,0.0284090909090909,10,0.3077660594439118,0.3252671807359303,0.00530661597253045,south africa,extraction,ZAF,1,1,0.408,0.115,-1,-1,-1,-1,-1,-1,84,2,0,0.8901492706922215,0.908179444741422,5,1,1
1919,Durban Roodepoort Gold Mining Company,cyanid,1.992032,1,12,0,10,2,2,1,0,0,0,0.2408259258610255,0.01886792452830188,1,0.3516483516483517,0.24056603773584911,0,0.1849466155029336,0.03076923076923077,2,0.40625,0.45256410256410257,0.00281067655155207,0.2249217372705246,0.0375,3,0.39603960396039606,0.4420833333333331,0.00344464849055644,0.5620459186955783,0.16853932584269662,60,0.4037780401416765,0.45056179775281,0.03912169946458817,united kingdom,extraction,GBR,1,1,0.028,0.73,2,2,1,2,2,1,89,3,1,0.8666171596554353,0.8554794889536566,12,1,1
1920,Durban Roodepoort Gold Mining Company,cyanid,1.992032,1,10,0,8,1,1,0,0,0,0,0.1835021065170802,0.01851851851851851,1,0.33540372670807456,0.38765432098765434,0,0.10587932409349128,0.01639344262295082,1,0.3630952380952381,0.4098360655737705,0,0.1781035485515347,0.02564102564102564,2,0.37320574162679426,0.41880341880341865,0.00132650790205875,0.28989851971234604,0.17447916666666666,67,0.3901156677181914,0.4469184027777792,0.01309651680689224,united kingdom,extraction,GBR,1,1,0.028,0.73,2,2,1,2,2,1,89,3,1,0.8827313706089669,0.8666171596554353,10,1,1
1923,Durban Roodepoort Gold Mining Company,cyanid,1.601098,1,10,0,0,0,0,0,0,0,0,0,0,0,0,0,0,0,0,0,0,0,0,0,0,0,0,0,0,0.15701952587595988,0.02116402116402116,8,0.3438095238095238,0.359832451499116,0,united kingdom,extraction,GBR,1,1,0.027,0.73,2,2,1,2,2,1,89,3,1,0.9260468773507357,0.9128783852142348,10,1,1
1913,Easet Rand Mining Estates Limited,cyanid,4.868549,1,10,0,3,2,0,0,0,0,0,0.19784087033191045,0.01724137931034482,1,0.3706896551724138,0.30890804597701155,0,0,0,0,0,0,0,0.06540469167778878,0.01020408163265306,1,0.29523809523809524,0.31224489795918364,0,0.0657683794538311,0.02830188679245283,9,0.24721984602224123,0.2811757861286173,0.00779304086090846,united kingdom,extraction,GBR,1,1,0.028,0.73,2,2,2,2,2,2,98,3,1,0.9228291504899564,0.9179453344387052,10,1,1
1917,Easet Rand Mining Estates Limited,cyanid,4.868549,1,8,0,5,0,0,0,0,1,0,0,0,0,0,0,0,0.11767304954076108,0.0217391304347826,1,0.3333333333333333,0.3804347826086956,0,0.11373305240735226,0.01639344262295082,1,0.31443298969072164,0.3549180327868854,0,0.02258488803879231,0.05059523809523809,17,0.3235294117647059,0.3628968253968244,0.02922057330845725,united kingdom,extraction,GBR,1,1,0.028,0.73,2,2,2,2,2,2,94,3,1,0.8562317952059528,0.8715313750908763,8,1,1
1910,East Band Proprietary,cyanid,4.863813,1,0,0,0,0,0,0,0,0,0,0,0,0,0,0,0,0,0,0,0,0,0,0,0,0,0,0,0,0,0,0,0,0,0,united kingdom,extraction,GBR,1,1,0.028,0.73,2,2,2,2,2,2,98,3,1,0.900247987322166,0.8929159482487512,0,1,1
1911,East Band Proprietary,cyanid,4.861449,1,0,1.0013217677085525e-4,0,0,0,0,0,0,0,0,0,0,0,0,0,0,0,0,0,0,0,0,0,0,0,0,0,0,0,0,0,0,0,united kingdom,extraction,GBR,1,1,0.028,0.73,2,2,2,2,2,2,98,3,1,0.9090477242361656,0.900247987322166,0,1,1
1922,East Band Proprietary,cyanid,2.878654,0,0,0,0,0,0,0,0,0,0,0,0,0,0,0,0,0,0,0,0,0,0,0,0,0,0,0,0,0,0,0,0,0,0,united kingdom,extraction,GBR,1,1,0.027,0.73,2,2,1,2,2,1,89,3,1,0.9128783852142348,0.8977238173556666,0,1,1
1909,East Gwanda Mines Limited,cyanid,2.918288,1,5,0,1,0,1,0,1,1,1,0.01848292541044664,0.01492537313432835,1,0.24904214559386972,0.2620824449182658,0,0.24097481108054183,0.03947368421052631,3,0.4871794871794872,0.5076754385964912,0.00829126696373345,0.22341904693788256,0.04123711340206185,4,0.4377880184331797,0.4647766323024058,0.00925028883534164,4.549720080655109e-7,0.00561797752808988,1,0.1444906444906445,0.12549734909285457,0,chile,extraction,CHL,0,0,0.276,0.272,0,1,-1,0,1,-1,97,1,1,0.8929159482487512,0.9055704681028238,5,1,1
1910,East Gwanda Mines Limited,cyanid,2.918288,1,5,0,2,0,1,0,0,0,0,0,0,0,0,0,0,0.17899010623333683,0.0303030303030303,2,0.4024390243902439,0.44949494949494945,0.00103454424642898,0.15926452605923552,0.02272727272727272,2,0.3682008368200837,0.411931818181818,4.906549714136995e-4,5.381197307404669e-5,0.02369668246445497,5,0.222636815920398,0.21453960731211977,0.056068284504971,chile,extraction,CHL,0,0,0.276,0.272,0,1,-1,0,1,-1,97,1,1,0.900247987322166,0.8929159482487512,5,1,1
1911,East Gwanda Mines Limited,cyanid,2.918288,1,6,3.44950923903073e-4,4,1,2,1,1,1,1,0.16202098987442967,0.02631578947368421,2,0.3613861386138614,0.39254385964912264,0.00769680399230209,0.22597112152887364,0.03333333333333333,3,0.4838709677419355,0.5037037037037038,0.00736217531994011,0.2672522985938609,0.04201680672268908,5,0.4407407407407408,0.4775910364145661,0.01091405820554892,0.00108118021291258,0.02290076335877862,6,0.2297872340425532,0.21497182842602716,1.4623731391301803e-5,chile,extraction,CHL,0,0,0.276,0.272,0,1,-1,0,1,-1,97,1,1,0.9090477242361656,0.900247987322166,6,1,1
1912,East Gwanda Mines Limited,cyanid,2.919708,1,4,0,1,0,1,0,0,1,0,0,0,0,0,0,0,0.2183552781474258,0.03614457831325301,3,0.4368421052631579,0.4769076305220884,0.00229482138534163,0.2067250780227078,0.02727272727272727,3,0.3898916967509025,0.4265151515151518,0.0011153244720199,3.2891555232647003e-4,0.022364217252396162,7,0.2233463035019455,0.2338063427520304,0.00746858269084335,chile,extraction,CHL,0,0,0.276,0.272,0,1,-1,0,1,-1,97,1,1,0.9179453344387052,0.9090477242361656,4,1,1
1909,East Hand Proprietary,cyanid,4.873294,1,0,0,0,0,0,0,0,0,0,0,0,0,0,0,0,0,0,0,0,0,0,0,0,0,0,0,0,0,0,0,0,0,0,united kingdom,extraction,GBR,1,1,0.028,0.73,2,2,2,2,2,1,98,3,1,0.8929159482487512,0.9055704681028238,0,1,1
1912,East Rand Proprietary Mines Limited,cyanid,3.163017,1,11,0,3,0,0,0,0,0,0,0,0,0,0,0,0,0,0,0,0,0,0,0,0,0,0,0,0,0.04548640148792497,0.03194888178913738,10,0.2847222222222222,0.3194205865132384,0.00859570496354333,united kingdom,extraction,GBR,1,1,0.028,0.73,2,2,2,2,2,2,98,3,1,0.9179453344387052,0.9090477242361656,11,1,1
1915,East Rand Proprietary Mines Limited,cyanid,3.092293,1,9,0,5,0,1,0,0,0,0,0,0,0,0,0,0,0.06036040362501667,0.01219512195121951,1,0.3082706766917293,0.34756097560975613,0,0.05731409879995185,0.01020408163265306,1,0.3037974683544304,0.33231292517006794,0,0.2490298706105012,0.09943181818181818,35,0.35081967213114756,0.39021239177488987,0.00505048481554383,united kingdom,extraction,GBR,1,1,0.028,0.73,2,2,2,2,2,2,98,3,1,0.8901492706922215,0.908179444741422,9,1,1
1916,East Rand Proprietary Mines Limited,cyanid,3.098189,1,5,0,1,0,1,0,1,1,0,0,0.0238095238095238,1,0.5714285714285714,0.05952380952380952,0,0.25627814449438613,0.03448275862068965,2,0.4084507042253521,0.4554597701149425,0.00755748603417089,0.2635788644091478,0.04,3,0.3826530612244898,0.43266666666666653,0.01204397646987291,0.10746660879309236,0.03021148036253776,10,0.318,0.3584376348726795,0.00598102728097539,united kingdom,extraction,GBR,1,1,0.031,0.73,2,2,2,2,2,2,94,3,1,0.8715313750908763,0.8901492706922215,5,1,1
1920,East Rand Proprietary Mines Limited,cyanid,2.381825,1,17,0,10,1,1,0,0,0,0,0.18350210651708015,0.01851851851851851,1,0.33540372670807456,0.38765432098765434,0,0.10587932409349124,0.01639344262295082,1,0.3630952380952381,0.4098360655737705,0,0.1781035485515347,0.02564102564102564,2,0.37320574162679426,0.41880341880341865,0.00132650790205875,0.204256537519166,0.11197916666666669,43,0.38848167539267014,0.4351562500000011,0.03761038651295508,united kingdom,extraction,GBR,1,1,0.028,0.73,2,2,1,2,2,1,89,3,1,0.8827313706089669,0.8666171596554353,17,1,1
1921,East Rand Proprietary Mines Limited,cyanid,2.501925,1,17,0,0,0,0,0,0,0,0,0,0,0,0,0,0,0,0,0,0,0,0,0,0,0,0,0,0,0.1083156950538197,0.03504043126684636,13,0.36615384615384616,0.3932165318957755,0.00514609947224471,united kingdom,extraction,GBR,1,1,0.028,0.73,2,2,1,2,2,1,89,3,1,0.8977238173556666,0.8827313706089669,17,1,1
1923,East Rand Proprietary Mines Limited,cyanid,2.501925,1,17,0,0,0,0,0,0,0,0,0,0,0,0,0,0,0,0,0,0,0,0,0,0,0,0,0,0,0.18056804063442675,0.03439153439153439,13,0.3936750272628135,0.4103174603174606,0.00687473083688257,united kingdom,extraction,GBR,1,1,0.027,0.73,2,2,1,2,2,1,89,3,1,0.9260468773507357,0.9128783852142348,17,1,1
1914,East Rand Proprietary Mines Ltd,cyanid,3.698225,1,0,0,0,0,0,0,0,0,0,0,0,0,0,0,0,0,0,0,0,0,0,0,0,0,0,0,0,0,0,0,0,0,0,united kingdom,extraction,GBR,1,1,0.028,0.73,2,2,2,2,2,2,98,3,1,0.908179444741422,0.9228291504899564,0,1,1
1919,East Rand Rletary Mines Limited,cyanid,2.877379,1,0,0,0,0,0,0,0,0,0,0,0,0,0,0,0,0,0,0,0,0,0,0,0,0,0,0,0,0,0,0,0,0,0,united kingdom,extraction,GBR,1,1,0.028,0.73,2,2,1,2,2,1,89,3,1,0.8666171596554353,0.8554794889536566,0,1,1
1914,Edford Colliery Company,cyanid,0.06780079,1,9,0,1,0,0,0,0,0,0,0,0,0,0,0,0,0,0,0,0,0,0,0,0,0,0,0,0,4.63251931606429e-18,0.00277777777777777,1,1,0.00277777777777777,0,united states of america,extraction,USA,0,0,0.079,0.581,1,2,1,1,2,1,98,3,1,0.908179444741422,0.9228291504899564,9,1,1
1910,Edison Ore Milling Syndicate Limited,cyanid,0.9727626,1,14,2676.4951201601552,1,0,0,0,0,0,0,0,0,0,0,0,0,0,0,0,0,0,0,0,0,0,0,0,0,0.01595975055773906,0.00947867298578199,2,0.2667660208643815,0.2624915368991201,0.01597833446174678,peru,extraction,PER,0,0,0.556,0.343,0,0,-1,0,0,-1,98,1,0,0.900247987322166,0.8929159482487512,14,1,0
1915,Effuenta Wassaw Mines Limited,cyanid,1.106684,1,17,0,9,2,2,2,1,3,1,0.19623472219692875,0.04838709677419355,3,0.36,0.36559139784946226,0.08796284214052585,0.29678324087388963,0.04878048780487805,4,0.5125,0.524390243902439,0.01950432892448287,0.33855783832028363,0.07142857142857142,7,0.48484848484848486,0.505952380952381,0.06219474262914203,0.00907895440873874,0.07386363636363637,26,0.3134765625,0.3346387987012979,0.04957418386162292,united states of america,extraction,USA,0,0,0.07,0.581,1,2,1,1,2,1,98,3,1,0.8901492706922215,0.908179444741422,17,1,1
1915,Effuenta Wassaw Mines Limited,cyanid,1.106684,1,17,0,9,2,2,2,1,3,1,0.19623472219692875,0.04838709677419355,3,0.36,0.36559139784946226,0.08796284214052585,0.29678324087388963,0.04878048780487805,4,0.5125,0.524390243902439,0.01950432892448287,0.33855783832028363,0.07142857142857142,7,0.48484848484848486,0.505952380952381,0.06219474262914203,0.00907895440873874,0.07386363636363637,26,0.3134765625,0.3346387987012979,0.04957418386162292,mexico,extraction,MEX,0,0,0.774,0.561,-3,-3,-3,-3,-3,-3,70,0,0,0.8901492706922215,0.908179444741422,17,1,1
1912,Egmont Mining Company,cyanid,4.379562,1,18,0,4,1,1,1,2,3,1,0.31399514863379646,0.05797101449275362,4,0.4011976047904192,0.4437198067632849,0.09034783925712164,0.28347938187767685,0.04819277108433735,4,0.5123456790123457,0.5240963855421688,0.01047248478140069,0.3532149462345729,0.07272727272727272,8,0.4976958525345622,0.5136363636363638,0.05162562893078713,0.0042969534015826,0.01916932907348242,6,0.23817427385892115,0.25602337846746864,0.0949250430081101,chile,extraction,CHL,0,0,0.276,0.272,0,1,-1,0,1,-1,97,1,1,0.9179453344387052,0.9090477242361656,18,1,1
1912,Egmont Mining Company,cyanid,4.379562,1,18,0,4,1,1,1,2,3,1,0.31399514863379646,0.05797101449275362,4,0.4011976047904192,0.4437198067632849,0.09034783925712164,0.28347938187767685,0.04819277108433735,4,0.5123456790123457,0.5240963855421688,0.01047248478140069,0.3532149462345729,0.07272727272727272,8,0.4976958525345622,0.5136363636363638,0.05162562893078713,0.0042969534015826,0.01916932907348242,6,0.23817427385892115,0.25602337846746864,0.0949250430081101,mexico,extraction,MEX,0,0,0.816,0.561,-2,-2,-3,-2,-2,-3,70,0,0,0.9179453344387052,0.9090477242361656,18,1,1
1916,Eileen Aid Annah Mining Limited,cyanid,0.2656042,1,3,0,2,1,1,1,0,0,0,0,0.0238095238095238,1,1,0.0238095238095238,0,0.08545124764289423,0.01724137931034482,1,0.31521739130434784,0.3577586206896552,0,0.10129937091789444,0.02666666666666667,2,0.30991735537190085,0.35200000000000004,0.02666666666666667,6.684835953843976e-5,0.00906344410876133,3,0.22894168466522677,0.23374334628111187,0.00859346781959805,united states of america,extraction,USA,0,0,0.07,0.581,1,2,1,1,2,1,98,3,1,0.8715313750908763,0.8901492706922215,3,1,1
1917,Eileen Aid Annah Mining Limited,cyanid,0.2656042,1,3,0,3,0,1,0,0,0,0,0,0,0,0,0,0,0.13196844062708596,0.0217391304347826,1,0.3484848484848485,0.3967391304347826,0,0.12385620925935116,0.01639344262295082,1,0.324468085106383,0.36721311475409846,0,0.02601864934092088,0.02976190476190476,10,0.31121951219512195,0.34399092970521483,0.03154878802950409,united states of america,extraction,USA,0,0,0.07,0.581,1,2,1,1,2,1,98,3,1,0.8562317952059528,0.8715313750908763,3,1,1
1919,Eileen Aid Annah Mining Limited,cyanid,0.2656042,1,1,0,0,0,0,0,0,0,0,0,0,0,0,0,0,0,0,0,0,0,0,0,0,0,0,0,0,0,0,0,0,0,0,united states of america,extraction,USA,0,0,0.07,0.581,1,2,1,1,2,1,98,3,1,0.8666171596554353,0.8554794889536566,1,1,1
1919,Eileen Aid Annah Mining Limited,cyanid,0.2656042,1,1,0,0,0,0,0,0,0,0,0,0,0,0,0,0,0,0,0,0,0,0,0,0,0,0,0,0,0,0,0,0,0,0,mexico,extraction,MEX,0,0,0.795,0.565,-2,-2,-3,-2,-2,-3,76,0,0,0.8666171596554353,0.8554794889536566,1,1,1
1920,Eileen Aid Annah Mining Limited,cyanid,0.2656042,1,4,0,3,0,0,0,0,0,0,0,0,0,0,0,0,0,0,0,0,0,0,0,0,0,0,0,0,0.01299024986085475,0.02864583333333333,11,0.3280282935455349,0.35024801587301374,0.0159132295450787,united states of america,extraction,USA,0,0,0.078,0.581,1,2,1,1,2,1,98,3,1,0.8827313706089669,0.8666171596554353,4,1,1
1921,Eileen Aid Annah Mining Limited,cyanid,0.2656042,1,2,0,2,0,0,0,0,0,0,0,0,0,0,0,0,0,0,0,0,0,0,0,0,0,0,0,0,0.00303411018478265,0.01347708894878706,5,0.28043990573448546,0.28930817610062964,0.00504776952949957,united states of america,extraction,USA,0,0,0.095,0.581,1,2,1,1,2,1,98,3,1,0.8977238173556666,0.8827313706089669,2,1,1
1922,Eileen Aid Annah Mining Limited,cyanid,0.2656042,1,2,0,0,0,0,0,0,0,0,0,0,0,0,0,0,0,0,0,0,0,0,0,0,0,0,0,0,0.00789565013379343,0.00549450549450549,2,0.28282009724473256,0.2888082155939304,2.478937013627809e-4,united states of america,extraction,USA,0,0,0.094,0.581,1,2,1,1,2,1,98,3,1,0.9128783852142348,0.8977238173556666,2,1,1
1923,Eileen Aid Annah Mining Limited,cyanid,0.2656042,1,2,0,2,0,0,0,0,0,0,0,0,0,0,0,0,0,0,0,0,0,0,0,0,0,0,0,0,0.03381793711386473,0.01851851851851851,7,0.35496558505408066,0.36838624338624126,0.02714018495180793,united states of america,extraction,USA,0,0,0.096,0.581,1,2,1,1,2,1,98,3,1,0.9260468773507357,0.9128783852142348,2,1,1
1903,El Gold Mines Inbia,cyanid,0.6538375,1,10,6761.315134140133,0,0,0,0,1,0,0,0,0.07142857142857142,1,0.6,0.14285714285714285,0,0,0,0,0,0,0,0.02683005872289258,0.04166666666666666,1,0.24,0.2840277777777779,0,0,0,0,0,0,0,india,extraction,IND,1,1,0.032,0.509,NA,NA,NA,NA,NA,NA,NA,2,1,0.684490744492304,0.620634442833931,10,1,0
1909,Eldorado Banket Gold Mining Company,cyanid,1.215953,1,6,0,0,0,0,0,0,0,0,0,0,0,0,0,0,0,0,0,0,0,0,0,0,0,0,0,0,0,0,0,0,0,0,chile,extraction,CHL,0,0,0.276,0.272,0,1,-1,0,1,-1,97,1,1,0.8929159482487512,0.9055704681028238,6,1,1
1910,Eldorado Banket Gold Mining Company,cyanid,1.215953,1,6,0,2,0,1,0,0,0,0,0,0,0,0,0,0,0.08153909530087916,0.01515151515151515,1,0.336734693877551,0.3825757575757575,0,0.07410751992681493,0.01136363636363636,1,0.32234432234432236,0.3602272727272725,0,0.01224272600389267,0.00947867298578199,2,0.2753846153846154,0.2695948995712032,0.03926878808395396,chile,extraction,CHL,0,0,0.276,0.272,0,1,-1,0,1,-1,97,1,1,0.900247987322166,0.8929159482487512,6,1,1
1912,Eldorado Banket Gold Mining Company,cyanid,1.216545,1,2,0,1,0,1,0,0,0,0,0,0,0,0,0,0,0.21835527814742584,0.03614457831325301,3,0.4368421052631579,0.4769076305220884,0.00229482138534163,0.20672507802270768,0.02727272727272727,3,0.3898916967509025,0.4265151515151518,0.0011153244720199,1.4208078678798074e-5,0.00319488817891373,1,0.18303571428571427,0.18367571370766272,0,chile,extraction,CHL,0,0,0.276,0.272,0,1,-1,0,1,-1,97,1,1,0.9179453344387052,0.9090477242361656,2,1,1
1914,Eldorado Banket Gold Mining Company,cyanid,1.232742,1,8,0,4,0,0,0,0,0,0,0,0,0,0,0,0,0,0,0,0,0,0,0,0,0,0,0,0,0.02830525609474634,0.03888888888888889,14,0.2892018779342723,0.2897255291005296,0.01688176514509177,united states of america,extraction,USA,0,0,0.079,0.581,1,2,1,1,2,1,98,3,1,0.908179444741422,0.9228291504899564,8,1,1
1915,Eldorado Banket Gold Mining Company,cyanid,1.189343,1,3,0,0,0,0,0,0,0,0,0,0,0,0,0,0,0,0,0,0,0,0,0,0,0,0,0,0,0.01446044352939151,0.00852272727272727,3,0.30484330484330485,0.3116544913419911,5.214016809339861e-4,chile,extraction,CHL,0,0,0.276,0.272,0,1,-1,0,1,-1,97,1,1,0.8901492706922215,0.908179444741422,3,1,1
1916,Eldorado Banket Gold Mining Company,cyanid,1.191611,1,6,0,2,0,0,0,0,1,0,0,0,0,0,0,0,0.14256128783142594,0.01724137931034482,1,0.34523809523809523,0.3922413793103448,0,0.12751989150029028,0.01333333333333333,1,0.3232758620689655,0.36622222222222206,0,0.01358720166149691,0.02719033232628398,9,0.2994350282485876,0.3178751258811684,0.01131153277822479,united states of america,extraction,USA,0,0,0.07,0.581,1,2,1,1,2,1,98,3,1,0.8715313750908763,0.8901492706922215,6,1,1
1917,Eldorado Banket Gold Mining Company,cyanid,1.191043,1,6,0,0,0,0,0,0,0,0,0,0,0,0,0,0,0,0,0,0,0,0,0,0,0,0,0,0,0.00984757496932599,0.00297619047619047,1,0.28305235137533274,0.29947562358276736,0,united states of america,extraction,USA,0,0,0.07,0.581,1,2,1,1,2,1,98,3,1,0.8562317952059528,0.8715313750908763,6,1,1
1919,Eldorado Banket Gold Mining Company,cyanid,1.106684,1,9,0,6,0,0,0,1,1,1,0.06426711631905238,0.01886792452830188,1,0.2442748091603053,0.1748427672955974,0,0.19193573336381617,0.03076923076923077,2,0.39634146341463417,0.4448717948717949,0.00176675561233661,0.19593538341694444,0.0375,3,0.38461538461538464,0.4327083333333332,0.00453683310054542,0.119847380825827,0.06179775280898876,22,0.3737704918032787,0.40323033707865,0.03822973542520278,united states of america,extraction,USA,0,0,0.07,0.581,1,2,1,1,2,1,98,3,1,0.8666171596554353,0.8554794889536566,9,1,1
1920,Eldorado Banket Gold Mining Company,cyanid,0.9160865,1,9,0,0,0,0,0,0,0,0,0,0,0,0,0,0,0,0,0,0,0,0,0,0,0,0,0,0,0.02849764216892894,0.02083333333333333,8,0.37025948103792417,0.39184027777777675,0.02749761041585194,chile,extraction,CHL,0,0,0.184,0.272,0,1,-1,0,1,-1,97,1,1,0.8827313706089669,0.8666171596554353,9,1,1
1895,Electro Cyanide Gold Recovery Syndicate,cyanid,0.02443793,0,5,2321.8345501067406,2,0,0,0,0,0,0,0,0,0,0,0,0,0,0,0,0,0,0,0,0,0,0,0,0,5.526643154305196e-17,0.05714285714285714,2,0.4166666666666667,0.07380952380952381,0,united states of america,extraction,USA,0,0,0.147,0.478,1,1,NA,1,1,NA,95,1,1,0.7078988530850715,0.6957655151230822,5,1,0
1909,End Runner Mill Langlaagte Exploration,cyanid,1.096491,1,7,0,5,0,1,0,1,1,1,0.01667992990734282,0.01492537313432835,1,0.24714828897338403,0.2583511016346837,0,0.0975776265454493,0.0131578947368421,1,0.37623762376237624,0.4210526315789473,0,0.0926432325403336,0.02061855670103092,2,0.3612167300380228,0.3969072164948452,0.00210531978680603,0.1727801137883875,0.11235955056179776,20,0.3247663551401869,0.3130350454788664,0.01585599564506573,canada,extraction,CAN,0,1,0.074,0.597,2,1,1,2,1,1,96,0,1,0.8929159482487512,0.9055704681028238,7,1,1
1914,Engl Ish Tsta Andres Mines,cyanid,0.17258379999999998,1,2,0,1,0,0,0,0,0,0,0,0,0,0,0,0,0,0,0,0,0,0,0,0,0,0,0,0,1.4371744094952442e-4,0.00277777777777777,1,0.18666666666666668,0.1707936507936508,0,colombia,extraction,COL,0,0,0.57,0.189,-1,-1,-2,-1,-1,-2,78,0,0,0.908179444741422,0.9228291504899564,2,1,1
1912,English Crown Spelter Company,cyanid,0.5104521,1,5,0,1,0,0,0,1,1,1,0.16976206802917154,0.0144927536231884,1,0.33004926108374383,0.36038647342995167,0,0.06512410373025117,0.01204819277108433,1,0.3487394957983193,0.39457831325301207,0,0.1065338988762338,0.01818181818181818,2,0.3588039867109635,0.39651515151515165,0.00135573190938912,4.6658657796360545e-11,0.00319488817891373,1,0.11232876712328768,0.1143412143412148,0,colombia,extraction,COL,0,0,0.57,0.189,-1,-1,-2,-1,-1,-2,78,0,0,0.9179453344387052,0.9090477242361656,5,1,1
1913,English Crown Spelter Company,cyanid,0.5111977,1,8,0,1,0,0,0,1,1,0,0.1978408703319103,0.01724137931034482,1,0.3706896551724138,0.30890804597701155,0,0.0546317435510724,0.01265822784810126,1,0.32113821138211385,0.36392405063291133,0,0.12222234433354284,0.02040816326530612,2,0.35094339622641507,0.3778911564625849,0.00238525724998908,0.00837210879068238,0.02515723270440251,8,0.2372742200328407,0.25866530394832354,0.09173987216187436,colombia,extraction,COL,0,0,0.57,0.189,-1,-1,-2,-1,-1,-2,78,0,0,0.9228291504899564,0.9179453344387052,8,1,1
1914,Esperanza Coppel Wand Sulphur Limited,cyanid,1.725838,1,4,0,2,0,0,0,0,0,0,0,0,0,0,0,0,0,0,0,0,0,0,0,0,0,0,0,0,8.860830229390973e-18,0.00555555555555555,2,1,0.00277777777777777,0,mexico,extraction,MEX,0,0,0.774,0.561,-3,-3,-3,-3,-3,-3,69,0,0,0.908179444741422,0.9228291504899564,4,1,1
1915,Esperanza Coppel Wand Sulphur Limited,cyanid,1.725838,1,5,0,3,1,1,1,0,0,0,0.03920277219111379,0.01612903225806451,1,0.27,0.26693548387096777,0,0.1631997381312539,0.02439024390243902,2,0.405940594059406,0.4502032520325203,0.00222022715110416,0.1679091336218305,0.03061224489795918,3,0.3870967741935484,0.4263605442176873,0.00285814543095593,7.82359500724537e-5,0.01136363636363636,4,0.20803629293583928,0.2046164772727281,0.01034382284382284,mexico,extraction,MEX,0,0,0.774,0.561,-3,-3,-3,-3,-3,-3,70,0,0,0.8901492706922215,0.908179444741422,5,1,1
1913,Esperanza Coppwerqand Sulphur Limited,cyanid,2.21519,1,11,0,2,1,1,1,0,0,0,0.00960806925418001,0.01724137931034482,1,0.2388888888888889,0.1999999999999999,0,0.11542706741356216,0.01265822784810126,1,0.34347826086956523,0.3892405063291139,0,0.11597023565901778,0.02040816326530612,2,0.3381818181818182,0.3651360544217686,0.00283884486375445,6.185652977758389e-4,0.00628930817610062,2,0.17536407766990292,0.1832232494968352,0.00571394559847628,mexico,extraction,MEX,0,0,0.774,0.561,-3,-3,-3,-3,-3,-3,70,0,0,0.9228291504899564,0.9179453344387052,11,1,1
1921,Esperanza Coppwerqand Sulphur Limited,cyanid,2.21519,1,4,0,3,1,0,0,0,0,0,0.0837855700179663,0.02127659574468085,1,0.2631578947368421,0.2950354609929076,0,0,0,0,0,0,0,0.02598306996523941,0.01470588235294117,1,0.2677165354330709,0.29632352941176465,0,0.00669432193958248,0.02425876010781671,9,0.2989949748743719,0.31283532280836857,0.00183432805487946,mexico,extraction,MEX,0,0,0.795,0.557,-1,-2,-2,-1,-2,-2,85,0,0,0.8977238173556666,0.8827313706089669,4,1,1
1923,Esperanza Coppwerqand Sulphur Limited,cyanid,2.21519,1,5,0,4,0,0,0,0,0,0,0,0,0,0,0,0,0,0,0,0,0,0,0,0,0,0,0,0,0.01568598550421822,0.06349206349206349,24,0.3461169702780441,0.372707231040562,0.02354599515286123,mexico,extraction,MEX,0,0,0.795,0.557,-1,-2,-2,-1,-2,-2,85,0,0,0.9260468773507357,0.9128783852142348,5,1,1
1908,Esperanza Westralla Limited,cyanid,0.7005401,1,4,0,0,0,0,0,0,0,0,0,0,0,0,0,0,0,0,0,0,0,0,0,0,0,0,0,0,0,0,0,0,0,0,united kingdom,extraction,GBR,1,1,0.028,0.73,2,2,2,2,2,1,98,3,1,0.9055704681028238,0.9101864858593508,4,1,1
1912,Esperanza Westralla Limited,cyanid,0.7005401,1,4,0,0,0,0,0,0,0,0,0,0,0,0,0,0,0,0,0,0,0,0,0,0,0,0,0,0,0,0,0,0,0,0,united kingdom,extraction,GBR,1,1,0.028,0.73,2,2,2,2,2,2,98,3,1,0.9179453344387052,0.9090477242361656,4,1,1
1909,Explorers Mining Syndicate Limited,cyanid,0.05847953,1,1,0,0,0,0,0,0,0,0,0,0,0,0,0,0,0,0,0,0,0,0,0,0,0,0,0,0,0,0,0,0,0,0,italy,extraction,ITA,0,0,0.348,0.563,1,1,0,1,1,0,94,2,1,0.8929159482487512,0.9055704681028238,1,1,1
1919,Fernhill Collieries Limited,cyanid,4.426737,1,9,0,5,0,2,0,0,0,0,0,0,0,0,0,0,0.090708410680397,0.01538461538461538,1,0.34946236559139787,0.39615384615384613,0,0.0896391772682479,0.0125,1,0.3389830508474576,0.3799999999999998,0,0.7297475682726293,0.22191011235955055,79,0.41204819277108434,0.4848782771535603,0.04763488663230886,canada,extraction,CAN,0,1,0.067,0.631,2,2,1,2,2,1,98,0,1,0.8666171596554353,0.8554794889536566,9,1,1
1912,Ferreiba Gold Minute,cyanid,0.122618,1,0,0,0,0,0,0,0,0,0,0,0,0,0,0,0,0,0,0,0,0,0,0,0,0,0,0,0,0,0,0,0,0,0,united states of america,extraction,USA,0,0,0.098,0.581,1,2,1,1,2,1,98,3,1,0.9179453344387052,0.9090477242361656,0,1,1
1908,Ferreira Gold Mining Company,cyanid,0.0729927,1,10,540.1487699487816,0,0,0,0,0,0,0,0,0,0,0,0,0,0,0,0,0,0,0,0,0,0,0,0,0,0,0,0,0,0,0,united states of america,extraction,USA,0,0,0.117,0.581,1,1,1,1,1,1,98,1,1,0.9055704681028238,0.9101864858593508,10,1,0
1909,Ferreira Gold Mining Company,cyanid,0.07309942,1,10,0,7,1,1,0,0,0,0,0.01556597557980914,0.01492537313432835,1,0.22968197879858657,0.24790334044065376,0,0.07415608496843448,0.0131578947368421,1,0.34234234234234234,0.3881578947368421,0,0.07238102647980062,0.02061855670103092,2,0.34050179211469533,0.3774914089347078,0.00248663507697084,0.49974604218918567,0.15730337078651685,28,0.3871866295264624,0.38170813269127934,0.02775555567748871,united states of america,extraction,USA,0,0,0.117,0.581,1,1,1,1,1,1,98,1,1,0.8929159482487512,0.9055704681028238,10,1,1
1910,Ferreira Gold Mining Company,cyanid,0.0729572,1,6,0,4,0,1,0,0,0,0,0,0,0,0,0,0,0.07231477657753628,0.01515151515151515,1,0.3473684210526316,0.3939393939393939,0,0.06760396440907662,0.01136363636363636,1,0.3295880149812734,0.36874999999999986,0,0.6054941472252987,0.2037914691943128,43,0.3857758620689655,0.43643647032272614,0.02427967682375867,united states of america,extraction,USA,0,0,0.098,0.581,1,2,1,1,2,1,98,3,1,0.900247987322166,0.8929159482487512,6,1,1
1911,Ferreira Gold Mining Company,cyanid,0.3894839000000001,1,11,4.528169716948874e-4,7,0,2,0,0,0,0,0,0,0,0,0,0,0.1607782746565249,0.02222222222222222,2,0.4411764705882353,0.47407407407407415,0.00252787565884868,0.14620324071951643,0.01680672268907563,2,0.3888888888888889,0.4292717086834737,0.0013805047749508,0.9196838910929088,0.36259541984732824,95,0.45665961945031713,0.47919847328244186,0.0469136756963476,united states of america,extraction,USA,0,0,0.098,0.581,1,2,1,1,2,1,98,3,1,0.9090477242361656,0.900247987322166,11,1,1
1922,Ferrelra Delp Limited,cyanid,5.465345,1,10,0,6,1,2,1,0,0,0,0.2217745662814833,0.02564102564102564,1,0.31896551724137934,0.3572649572649573,0,0.3232295753231982,0.06521739130434782,3,0.5,0.5235507246376812,0.01630388914682605,0.36870214293239134,0.06451612903225806,4,0.45255474452554745,0.49059139784946215,0.01494137446253643,0.6518778438868174,0.23901098901098905,87,0.4225181598062954,0.49340659340659654,0.0625593258806214,canada,extraction,CAN,0,1,0.07,0.631,2,1,1,2,2,1,98,0,1,0.9128783852142348,0.8977238173556666,10,1,1
1913,Flnd Ntein Cenlralffcloaf Mining,cyanid,5.379747,1,4,0,1,0,0,0,0,0,0,0,0,0,0,0,0,0,0,0,0,0,0,0,0,0,0,0,0,0.01914538732223993,0.01257861635220125,4,0.2250778816199377,0.24572729855748793,0.01087639555770597,south africa,extraction,ZAF,1,1,0.408,0.115,-1,-1,-1,-1,-1,-1,84,2,0,0.9228291504899564,0.9179453344387052,4,1,1
1908,Florence Gold Mining Company,cyanid,0.00669099799999999,1,0,887.8338281651111,0,0,0,0,0,0,0,0,0,0,0,0,0,0,0,0,0,0,0,0,0,0,0,0,0,0,0,0,0,0,0,italy,extraction,ITA,0,0,0.348,0.563,1,1,0,1,1,0,94,2,1,0.9055704681028238,0.9101864858593508,0,1,0
1910,Florence Gold Mining Company,cyanid,0.00669099799999999,1,0,0,0,0,0,0,0,0,0,0,0,0,0,0,0,0,0,0,0,0,0,0,0,0,0,0,0,0,0,0,0,0,0,united states of america,extraction,USA,0,0,0.098,0.581,1,2,1,1,2,1,98,3,1,0.900247987322166,0.8929159482487512,0,1,1
1923,Fraser Chalmers Engineering Work The,cyanid,4.574565,1,10,0,1,1,1,1,1,3,1,0.24712713680502343,0.06521739130434782,3,0.39814814814814814,0.4282608695652173,0.25371662674731726,0.43936106914507816,0.1,4,0.5263157894736842,0.55,0.01722396608482581,0.5070047052051314,0.125,7,0.4628099173553719,0.5208333333333331,0.03908946056411296,1.833907644147458e-18,0.00264550264550264,1,1,0.00264550264550264,0,united kingdom,extraction,GBR,1,1,0.027,0.73,2,2,1,2,2,1,89,3,1,0.9260468773507357,0.9128783852142348,10,1,1
1911,French Band Gold,cyanid,2.722411,1,5,4.533544171846998e-4,0,0,0,0,0,0,0,0,0,0,0,0,0,0,0,0,0,0,0,0,0,0,0,0,0,0,0,0,0,0,0,united states of america,extraction,USA,0,0,0.098,0.581,1,2,1,1,2,1,98,3,1,0.9090477242361656,0.900247987322166,5,1,1
1908,French Rand Gold Mining Company,cyanid,2.729045,1,15,0,3,1,1,1,0,1,0,0.16508074760008842,0.01408450704225352,1,0.29957805907172996,0.35023474178403763,0,0.22839359762720843,0.0379746835443038,3,0.4759036144578313,0.5010548523206751,0.00498623789221442,0.26259093447770093,0.03703703703703703,4,0.416988416988417,0.4591049382716052,0.00446534196635194,0.02236428354148581,0.05263157894736842,4,0.3089005235602094,0.2888157894736843,0.03863114638650127,united states of america,extraction,USA,0,0,0.117,0.581,1,1,1,1,1,1,98,1,1,0.9055704681028238,0.9101864858593508,15,1,1
1909,French Rand Gold Mining Company,cyanid,2.729045,1,12,0,8,1,2,1,0,0,0,0.15039945580036443,0.01492537313432835,1,0.3333333333333333,0.36368159203980094,0,0.2412560304058672,0.03947368421052631,3,0.4634146341463415,0.49451754385964913,0.00519714926705838,0.26913519666813673,0.04123711340206185,4,0.4377880184331797,0.4647766323024058,0.00394186990612456,0.5448577141397216,0.1404494382022472,25,0.3948863636363637,0.3830123060460146,0.01871501251063076,united states of america,extraction,USA,0,0,0.117,0.581,1,1,1,1,1,1,98,1,1,0.8929159482487512,0.9055704681028238,12,1,1
1912,French Rand Gold Mining Company,cyanid,2.725061,1,7,0,3,0,0,0,0,0,0,0,0,0,0,0,0,0,0,0,0,0,0,0,0,0,0,0,0,0.3533619009875439,0.14376996805111822,45,0.3040254237288136,0.3905078857954251,0.00754552093716132,united states of america,extraction,USA,0,0,0.098,0.581,1,2,1,1,2,1,98,3,1,0.9179453344387052,0.9090477242361656,7,1,1
1913,French Rand Gold Mining Company,cyanid,2.726388,1,8,0,0,0,0,0,0,2,0,0,0,0,0,0,0,0.17340599069790336,0.02531645569620253,2,0.35909090909090907,0.410337552742616,0.00200062732960572,0.16496673346156887,0.02040816326530612,2,0.34572490706319703,0.3727891156462584,0.0011511462429235,0.15707778543595516,0.02515723270440251,8,0.26611418047882135,0.3062469152091798,0.00109789055743988,united states of america,extraction,USA,0,0,0.083,0.581,1,2,1,1,2,1,98,3,1,0.9228291504899564,0.9179453344387052,8,1,1
1914,French Rand Gold Mining Company,cyanid,2.761341,1,3,0,3,1,1,1,0,0,0,0.1871438015854502,0.01587301587301587,1,0.32786885245901637,0.3542328042328043,0,0.2562139925338231,0.04166666666666666,3,0.4931506849315068,0.5115740740740741,0.00865076347309619,0.29161074965481726,0.04395604395604396,4,0.455,0.4862637362637366,0.00965060861689739,0.19042033632696095,0.06666666666666667,24,0.3449048152295633,0.3545403439153426,0.02168371863358726,united states of america,extraction,USA,0,0,0.079,0.581,1,2,1,1,2,1,98,3,1,0.908179444741422,0.9228291504899564,3,1,1
1910,French Rand Wlpn Mvhng Company,cyanid,3.210117,1,14,0,10,1,2,1,0,1,0,0.16101929907524742,0.0175438596491228,1,0.3630573248407643,0.4035087719298244,0,0.25714734266797856,0.04545454545454545,3,0.4852941176470588,0.5088383838383839,0.00937956436099091,0.2979632902673133,0.04545454545454545,4,0.43781094527363185,0.47537878787878823,0.00668317813156945,0.6342675568527172,0.22274881516587677,47,0.34824902723735407,0.3952380952380951,0.01091385453535346,united states of america,extraction,USA,0,0,0.098,0.581,1,2,1,1,2,1,98,3,1,0.900247987322166,0.8929159482487512,14,1,1
1911,Gaika Gold Mining Company,cyanid,0.01328020999999999,1,5,3.44950923903073e-4,1,1,1,1,0,0,0,0.22157373222209023,0.03947368421052631,3,0.4055555555555555,0.43421052631578927,0.03255113732958772,0.22597112152887372,0.03333333333333333,3,0.4838709677419355,0.5037037037037038,0.00736217531994011,0.2967783528586512,0.05042016806722689,6,0.4541984732824427,0.48949579831932793,0.01470299760815816,8.423802574369955e-5,0.01526717557251908,4,0.22199383350462487,0.2024627408215197,0.00621508584130326,chile,extraction,CHL,0,0,0.276,0.272,0,1,-1,0,1,-1,97,1,1,0.9090477242361656,0.900247987322166,5,1,1
1913,Gaika Gold Mining Company,cyanid,0.01328020999999999,1,6,0,1,0,0,0,0,1,0,0,0,0,0,0,0,0.08993819759419414,0.01265822784810126,1,0.3134920634920635,0.35443037974683544,0,0.08333676805258403,0.01020408163265306,1,0.3069306930693069,0.32636054421768695,0,0.01738604063945862,0.02830188679245283,9,0.2532865907099036,0.2819207696566195,0.03451786169196472,chile,extraction,CHL,0,0,0.276,0.272,0,1,-1,0,1,-1,97,1,1,0.9228291504899564,0.9179453344387052,6,1,1
1915,Gaika Gold Mining Company,cyanid,0.01328020999999999,1,6,0,0,0,0,0,0,0,0,0,0,0,0,0,0,0,0,0,0,0,0,0,0,0,0,0,0,0,0,0,0,0,0,chile,extraction,CHL,0,0,0.276,0.272,0,1,-1,0,1,-1,97,1,1,0.8901492706922215,0.908179444741422,6,1,1
1916,Gaika Gold Mining Company,cyanid,0.01328020999999999,1,2,0,2,0,0,0,0,0,0,0,0,0,0,0,0,0,0,0,0,0,0,0,0,0,0,0,0,0.01322443354884544,0.02114803625377643,7,0.301707779886148,0.3248237663645522,0.00748840329550416,chile,extraction,CHL,0,0,0.276,0.272,0,1,-1,0,1,-1,97,1,1,0.8715313750908763,0.8901492706922215,2,1,1
1917,Gaika Gold Mining Company,cyanid,0.01328020999999999,1,3,0,2,0,0,0,0,0,0,0,0,0,0,0,0,0,0,0,0,0,0,0,0,0,0,0,0,0.02693907562929022,0.0238095238095238,8,0.33756613756613757,0.36109693877550875,0.01477796977492307,chile,extraction,CHL,0,0,0.276,0.272,0,1,-1,0,1,-1,97,1,1,0.8562317952059528,0.8715313750908763,3,1,1
1919,Gaika Gold Mining Company,cyanid,0.01328020999999999,1,5,0,6,0,0,0,0,0,0,0,0,0,0,0,0,0,0,0,0,0,0,0,0,0,0,0,0,0.1050489969081282,0.05337078651685393,19,0.3886363636363636,0.4170411985018721,0.05407445580753327,chile,extraction,CHL,0,0,0.276,0.272,0,1,-1,0,1,-1,97,1,1,0.8666171596554353,0.8554794889536566,5,1,1
1920,Gaika Gold Mining Company,cyanid,0.01328020999999999,1,4,0,2,0,0,0,0,0,0,0,0,0,0,0,0,0,0,0,0,0,0,0,0,0,0,0,0,0.01778018443243771,0.03645833333333333,14,0.3691542288557214,0.3941840277777767,0.01360650345353586,chile,extraction,CHL,0,0,0.184,0.272,0,1,-1,0,1,-1,97,1,1,0.8827313706089669,0.8666171596554353,4,1,1
1921,Gaika Gold Mining Company,cyanid,0.01328020999999999,1,4,0,4,0,0,0,0,0,0,0,0,0,0,0,0,0,0,0,0,0,0,0,0,0,0,0,0,0.03119691887078613,0.03504043126684636,13,0.34626576139670223,0.3655435759209325,0.02807425053960613,chile,extraction,CHL,0,0,0.184,0.272,0,1,-1,0,1,-1,97,1,1,0.8977238173556666,0.8827313706089669,4,1,1
1922,Gaika Gold Mining Company,cyanid,0.01328020999999999,1,1,0,1,0,0,0,0,0,0,0,0,0,0,0,0,0,0,0,0,0,0,0,0,0,0,0,0,0.00550923775087833,0.00824175824175824,3,0.30776014109347444,0.3182790423861848,0.00226100055314623,chile,extraction,CHL,0,0,0.184,0.272,0,1,-1,0,1,-1,97,1,1,0.9128783852142348,0.8977238173556666,1,1,1
1923,Gaika Gold Mining Company,cyanid,0.01328020999999999,1,1,0,0,0,0,0,0,0,0,0,0,0,0,0,0,0,0,0,0,0,0,0,0,0,0,0,0,0.01369141419957755,0.01587301587301587,6,0.33738317757009345,0.34925044091710594,7.001338165624724e-4,chile,extraction,CHL,0,0,0.184,0.272,0,1,-1,0,1,-1,97,1,1,0.9260468773507357,0.9128783852142348,1,1,1
1921,Gatra Mining Limited,cyanid,0.03849115,1,13,0,9,0,1,0,1,1,1,0.0840030167472581,0.02127659574468085,1,0.2980132450331126,0.3216312056737588,0,0.2125881538578617,0.0392156862745098,2,0.3984375,0.4493464052287582,0.00233109227392605,0.22863013860292783,0.04411764705882353,3,0.37777777777777777,0.4294117647058821,0.00365525025054164,0.30136983913247556,0.1509433962264151,56,0.4070695553021665,0.4564690026954198,0.06674935180804918,germany,extraction,DEU,0,0,0.084,0.674,1,1,1,1,1,1,89,1,1,0.8977238173556666,0.8827313706089669,13,1,1
1913,Gawebi Syndicate Limited,cyanid,1.944579,1,9,0,3,2,2,2,0,1,0,0,0.03448275862068965,2,0.5833333333333334,0.07758620689655173,0.0072595281306715,0.0546317435510724,0.01265822784810126,1,0.32113821138211385,0.36392405063291133,0,0.06514289743041052,0.03061224489795918,3,0.3217993079584775,0.3527210884353741,0.01044130701699107,0.0396311175979326,0.03144654088050314,10,0.2436762225969646,0.2720899819956432,0.00287223372109323,canada,extraction,CAN,0,1,0.072,0.61,2,1,1,2,1,1,96,0,1,0.9228291504899564,0.9179453344387052,9,1,1
1908,Geduld Deep Limited,cyanid,1.946472,1,18,0,0,0,0,0,0,0,0,0,0,0,0,0,0,0,0,0,0,0,0,0,0,0,0,0,0,0,0,0,0,0,0,canada,extraction,CAN,0,1,0.074,0.597,2,1,1,2,1,1,96,0,1,0.9055704681028238,0.9101864858593508,18,1,1
1909,Geduld Deep Limited,cyanid,1.949318,1,5,0,1,0,0,0,0,0,0,0,0,0,0,0,0,0,0,0,0,0,0,0,0,0,0,0,0,0.02333452725187823,0.01685393258426966,3,0.3068432671081678,0.27290663456393804,9.806360988783157e-4,canada,extraction,CAN,0,1,0.074,0.597,2,1,1,2,1,1,96,0,1,0.8929159482487512,0.9055704681028238,5,1,1
1910,Geduld Deep Limited,cyanid,1.945525,1,6,0,1,0,0,0,0,0,0,0,0,0,0,0,0,0,0,0,0,0,0,0,0,0,0,0,0,0.02819254571269025,0.01895734597156398,4,0.2915309446254072,0.2963270142180101,0.00204609166641873,south africa,extraction,ZAF,1,1,0.408,0.115,-1,-2,-3,-1,-2,-3,82,-2,0,0.900247987322166,0.8929159482487512,6,1,1
1912,Geduld Deep Limited,cyanid,1.946472,1,11,0,4,1,1,1,1,1,1,0.2417398255565918,0.04347826086956521,3,0.3471502590673575,0.39057971014492737,0.02420093641321264,0.2148292017726934,0.03614457831325301,3,0.5,0.5130522088353414,0.00690006232154246,0.2716924224148876,0.05454545454545454,6,0.4518828451882846,0.4810606060606063,0.01280019338808052,0.08263467091519233,0.06070287539936102,19,0.3133187772925764,0.3690983315583944,0.03162424592150714,canada,extraction,CAN,0,1,0.072,0.61,2,1,1,2,1,1,96,0,1,0.9179453344387052,0.9090477242361656,11,1,1
1914,Geduld Deep Limited,cyanid,1.972387,1,15,0,3,2,2,2,0,0,0,0.2167074143871883,0.04761904761904761,3,0.34285714285714286,0.3833333333333332,0.07015397556872212,0.2562139925338231,0.04166666666666666,3,0.4931506849315068,0.5115740740740741,0.00865076347309619,0.3044960257405027,0.06593406593406594,6,0.4642857142857143,0.5009157509157512,0.03130254102190413,0.07018010046593585,0.04444444444444444,16,0.31237322515212984,0.31653108465608404,0.00637171820986234,canada,extraction,CAN,0,1,0.067,0.61,2,1,1,2,1,1,96,0,1,0.908179444741422,0.9228291504899564,15,1,1
1915,Geduld Deep Limited,cyanid,1.972387,1,4,0,3,0,0,0,0,0,0,0,0,0,0,0,0,0,0,0,0,0,0,0,0,0,0,0,0,0.09159800420663344,0.05965909090909091,21,0.3425827107790822,0.3673633658008647,0.00225073626818628,germany,extraction,DEU,0,0,0.092,0.553,1,1,1,1,1,1,92,0,1,0.8901492706922215,0.908179444741422,4,1,1
1919,Geduld Deep Limited,cyanid,0.3036537,1,4,0,0,0,0,0,0,0,0,0,0,0,0,0,0,0,0,0,0,0,0,0,0,0,0,0,0,0.10835121772940548,0.01685393258426966,6,0.3313953488372093,0.35599250936329463,0.00113688581234807,germany,extraction,DEU,0,0,0.102,0.657,1,1,1,1,1,1,84,1,1,0.8666171596554353,0.8554794889536566,4,1,1
1920,Geduld Deep Limited,cyanid,0.001667277,1,6,0,3,0,2,0,0,0,0,0,0,0,0,0,0,0.3098774876414264,0.04918032786885246,3,0.4236111111111111,0.4726775956284153,0.00475636264360763,0.27869219457478817,0.03846153846153846,3,0.3842364532019704,0.4337606837606836,0.00236098761477348,0.03583612912624428,0.04427083333333333,17,0.34320074005550416,0.3699962797619021,0.00638004927386754,germany,extraction,DEU,0,0,0.084,0.674,1,1,1,1,1,1,89,1,1,0.8827313706089669,0.8666171596554353,6,1,1
1922,Geduld Deep Limited,cyanid,0.002015058,1,6,0,4,0,0,0,0,0,0,0,0,0,0,0,0,0,0,0,0,0,0,0,0,0,0,0,0,0.24212372046774397,0.12087912087912088,44,0.4214975845410628,0.4606684981685006,0.09708737729560728,germany,extraction,DEU,0,0,0.084,0.674,1,1,1,1,1,1,89,1,1,0.9128783852142348,0.8977238173556666,6,1,1
1923,Geduld Deep Limited,cyanid,0.002081427,1,9,0,7,3,5,3,0,0,0,0.2977185061182021,0.06521739130434782,3,0.3644067796610169,0.4072463768115943,0.0304251847066629,0.43936106914507816,0.1,4,0.5263157894736842,0.55,0.01722396608482581,0.5210941624595011,0.125,7,0.4628099173553719,0.5208333333333331,0.02888514056337634,0.1878517953259512,0.082010582010582,31,0.4154200230149597,0.4396384479717833,0.01952728515030925,germany,extraction,DEU,0,0,0.084,0.674,1,1,1,1,1,1,77,1,1,0.9260468773507357,0.9128783852142348,9,1,1
1910,Gel Ter Eep Lim Ifed,cyanid,1.702335,1,9,0,7,0,2,0,0,1,0,0,0,0,0,0,0,0.1480114120213099,0.0303030303030303,2,0.44,0.476010101010101,0.00492030242900649,0.13423165816127208,0.02272727272727272,2,0.39111111111111113,0.4318181818181818,0.00210661837189293,0.687688678850341,0.25118483412322273,53,0.3403041825095057,0.3918246445497628,0.01294660365068412,canada,extraction,CAN,0,1,0.074,0.597,2,1,1,2,1,1,96,0,1,0.900247987322166,0.8929159482487512,9,1,1
1912,Gel Tin Lode And Alluvial,cyanid,1.703163,1,9,0,5,0,1,0,0,0,0,0,0,0,0,0,0,0.06512410373025117,0.01204819277108433,1,0.3487394957983193,0.39457831325301207,0,0.06353937471985921,0.00909090909090909,1,0.32238805970149254,0.35833333333333334,0,0.2706257633509993,0.14376996805111822,45,0.3181818181818182,0.3907868046046949,0.01123447446365295,canada,extraction,CAN,0,1,0.072,0.61,2,1,1,2,1,1,96,0,1,0.9179453344387052,0.9090477242361656,9,1,1
1908,Gelden Huis Deep Limited,cyanid,0.8515815,1,14,0,3,0,1,0,1,1,1,0.08034517948465013,0.01408450704225352,1,0.26394052044609667,0.29966465459423214,0,0.1677296710753187,0.02531645569620253,2,0.42473118279569894,0.46413502109704646,0.00113949478575515,0.17117543128543622,0.02777777777777777,3,0.3870967741935484,0.4320987654320991,0.00242197394124602,0.12436211074665796,0.06578947368421052,5,0.30256410256410254,0.2953007518796993,0.02419263922351839,canada,extraction,CAN,0,1,0.074,0.597,2,1,1,2,1,1,96,0,1,0.9055704681028238,0.9101864858593508,14,1,1
1908,Gelden Huis Deep Limited,cyanid,0.8515815,1,14,0,3,0,1,0,1,1,1,0.08034517948465013,0.01408450704225352,1,0.26394052044609667,0.29966465459423214,0,0.1677296710753187,0.02531645569620253,2,0.42473118279569894,0.46413502109704646,0.00113949478575515,0.17117543128543622,0.02777777777777777,3,0.3870967741935484,0.4320987654320991,0.00242197394124602,0.12436211074665796,0.06578947368421052,5,0.30256410256410254,0.2953007518796993,0.02419263922351839,united states of america,extraction,USA,0,0,0.117,0.581,1,1,1,1,1,1,98,1,1,0.9055704681028238,0.9101864858593508,14,1,1
1909,Gelden Huis Deep Limited,cyanid,0.9746589,1,10,0,7,0,2,0,0,0,0,0,0,0,0,0,0,0.1433971845350926,0.02631578947368421,2,0.42696629213483145,0.4660087719298245,0.00338040922740287,0.1285344193373781,0.02061855670103092,2,0.3941908713692946,0.4252577319587631,0.00153685039546352,1,0.2247191011235955,40,0.396011396011396,0.3862894596040669,0.0197979122714366,canada,extraction,CAN,0,1,0.074,0.597,2,1,1,2,1,1,96,0,1,0.8929159482487512,0.9055704681028238,10,1,1
1909,Gelden Huis Deep Limited,cyanid,0.9746589,1,10,0,7,0,2,0,0,0,0,0,0,0,0,0,0,0.1433971845350926,0.02631578947368421,2,0.42696629213483145,0.4660087719298245,0.00338040922740287,0.1285344193373781,0.02061855670103092,2,0.3941908713692946,0.4252577319587631,0.00153685039546352,1,0.2247191011235955,40,0.396011396011396,0.3862894596040669,0.0197979122714366,united states of america,extraction,USA,0,0,0.117,0.581,1,1,1,1,1,1,98,1,1,0.8929159482487512,0.9055704681028238,10,1,1
1910,Gelden Huis Deep Limited,cyanid,0.8511673000000001,1,3,0,0,0,0,0,0,0,0,0,0,0,0,0,0,0,0,0,0,0,0,0,0,0,0,0,0,0.5245116420376885,0.14218009478672983,30,0.3403041825095057,0.36297675468291635,0.00451211660980433,united kingdom,extraction,GBR,1,1,0.028,0.73,2,2,2,2,2,2,98,3,1,0.900247987322166,0.8929159482487512,3,1,1
1911,Gelden Huis Deep Limited,cyanid,1.701507,1,9,2.8333329557698393e-4,6,0,2,0,0,0,0,0,0,0,0,0,0,0.1340487284672383,0.02222222222222222,2,0.42452830188679247,0.462962962962963,0.00334755303818315,0.12203540039422472,0.01680672268907563,2,0.3742138364779874,0.4186274509803925,0.0015286813433771,0.4905103365361318,0.1717557251908397,45,0.39926062846580407,0.3996819338422384,0.00901626862166473,canada,extraction,CAN,0,1,0.072,0.61,2,1,1,2,1,1,96,0,1,0.9090477242361656,0.900247987322166,9,1,1
1913,Gelden Huis Deep Limited,cyanid,1.703992,1,6,0,0,0,0,0,0,0,0,0,0,0,0,0,0,0,0,0,0,0,0,0,0,0,0,0,0,0.1003046313706636,0.0220125786163522,7,0.2584973166368515,0.29424856240894065,5.00000199396347e-4,canada,extraction,CAN,0,1,0.072,0.61,2,1,1,2,1,1,96,0,1,0.9228291504899564,0.9179453344387052,6,1,1
1914,Gelden Huis Deep Limited,cyanid,1.725838,1,5,0,0,0,0,0,0,0,0,0,0,0,0,0,0,0,0,0,0,0,0,0,0,0,0,0,0,0.16866438000837877,0.03055555555555555,11,0.3188405797101449,0.32329034391534306,0.0038768723912667,canada,extraction,CAN,0,1,0.067,0.61,2,1,1,2,1,1,96,0,1,0.908179444741422,0.9228291504899564,5,1,1
1915,Gelden Huis Deep Limited,cyanid,1.725838,1,7,0,3,0,1,0,0,0,0,0,0,0,0,0,0,0.07322309911761912,0.01219512195121951,1,0.33884297520661155,0.3841463414634146,0,0.06986209179358627,0.01020408163265306,1,0.3333333333333333,0.3656462585034011,0,0.1267309451384527,0.08806818181818182,31,0.34967320261437906,0.3771645021644999,0.00600363007448065,canada,extraction,CAN,0,1,0.067,0.61,2,2,1,2,2,1,98,0,1,0.8901492706922215,0.908179444741422,7,1,1
1916,Gelden Huis Deep Limited,cyanid,1.725838,1,3,0,2,0,1,0,0,0,0,0,0,0,0,0,0,0.08545124764289418,0.01724137931034482,1,0.31521739130434784,0.3577586206896552,0,0.09965210915523028,0.01333333333333333,1,0.3073770491803279,0.34311111111111126,0,0.24629422771209972,0.09667673716012085,32,0.33473684210526317,0.38995827938426,0.00617627740004192,canada,extraction,CAN,0,1,0.067,0.61,2,2,1,2,2,1,98,0,1,0.8715313750908763,0.8901492706922215,3,1,1
1917,Gelden Huis Deep Limited,cyanid,1.725838,1,6,0,4,1,1,1,0,0,0,0,0.02777777777777777,1,1,0.02777777777777777,0,0.08660622639904678,0.0217391304347826,1,0.3333333333333333,0.3804347826086956,0,0.09483623054440804,0.03278688524590164,2,0.32105263157894737,0.3680327868852461,0.03278688524590164,0.2856359021419008,0.13095238095238096,44,0.3524861878453039,0.4112032312925145,0.01609572567518305,canada,extraction,CAN,0,1,0.067,0.61,2,2,1,2,2,1,98,0,1,0.8562317952059528,0.8715313750908763,6,1,1
1919,Gelden Huis Deep Limited,cyanid,1.725838,1,12,0,8,0,1,0,0,0,0,0,0,0,0,0,0,0.090708410680397,0.01538461538461538,1,0.34946236559139787,0.39615384615384613,0,0.0896391772682479,0.0125,1,0.3389830508474576,0.3799999999999998,0,0.8263943156866919,0.2247191011235955,80,0.42379182156133827,0.4800093632958825,0.07907389386982146,canada,extraction,CAN,0,1,0.067,0.631,2,2,1,2,2,1,98,0,1,0.8666171596554353,0.8554794889536566,12,1,1
1920,Gelden Huis Deep Limited,cyanid,1.725838,1,10,0,6,0,0,0,0,0,0,0,0,0,0,0,0,0,0,0,0,0,0,0,0,0,0,0,0,0.2796626491862665,0.13020833333333334,50,0.4122222222222222,0.4544270833333353,0.0371093207835884,canada,extraction,CAN,0,1,0.067,0.631,2,1,1,2,2,1,98,0,1,0.8827313706089669,0.8666171596554353,10,1,1
1921,Gelden Huis Deep Limited,cyanid,1.725838,1,5,0,1,0,0,0,0,0,0,0,0,0,0,0,0,0,0,0,0,0,0,0,0,0,0,0,0,0.29992826112389687,0.0673854447439353,25,0.3876221498371336,0.41419586702605565,0.00354057439252611,canada,extraction,CAN,0,1,0.067,0.631,2,1,1,2,2,1,98,0,1,0.8977238173556666,0.8827313706089669,5,1,1
1922,Gelden Huis Deep Limited,cyanid,1.725838,1,10,0,7,0,0,0,0,1,0,0,0,0,0,0,0,0.1659720696682844,0.04347826086956521,2,0.3333333333333333,0.3894927536231884,8.564669809257892e-4,0.15193602592794683,0.03225806451612903,2,0.31794871794871793,0.36397849462365595,4.32326931326268e-4,0.6987502441123626,0.13736263736263735,50,0.38950892857142855,0.425412087912088,0.01682439934472586,canada,extraction,CAN,0,1,0.07,0.631,2,1,1,2,2,1,98,0,1,0.9128783852142348,0.8977238173556666,10,1,1
1923,Gelden Huis Deep Limited,cyanid,1.725838,1,8,0,7,0,1,0,0,0,0,0,0,0,0,0,0,0.21123346536255644,0.05,2,0.392156862745098,0.44791666666666674,0.00138607182837952,0.17746582346303016,0.03571428571428571,2,0.35668789808917195,0.4053571428571427,7.070749649995417e-4,0.8937525951835155,0.24867724867724864,94,0.4011111111111111,0.44977954144620985,0.02646584052973463,canada,extraction,CAN,0,1,0.07,0.631,2,1,1,2,2,1,98,0,1,0.9260468773507357,0.9128783852142348,8,1,1
1919,Ght Central Limited,cyanid,3.984064,1,1,0,1,0,0,0,0,0,0,0,0,0,0,0,0,0,0,0,0,0,0,0,0,0,0,0,0,0.00262625627039814,0.00280898876404494,1,0.27381905524419536,0.27788255751738994,0,united kingdom,extraction,GBR,1,1,0.028,0.73,2,2,1,2,2,1,89,3,1,0.8666171596554353,0.8554794889536566,1,1,1
1908,Giant Mines Rhodesia Limited,cyanid,0.7785888000000001,1,12,0,3,1,1,1,2,1,0,0.34214131626833316,0.07042253521126761,5,0.3796791443850267,0.4441314553990609,0.13658044615791093,0.1637817135240837,0.02531645569620253,2,0.4388888888888889,0.4736286919831224,0.0018922661490818,0.2247837426795751,0.06481481481481481,7,0.44081632653061226,0.4879629629629631,0.05403451033462566,0.04694298259047685,0.07894736842105263,6,0.3089005235602094,0.3008771929824561,0.01130914199594631,south africa,extraction,ZAF,1,1,0.408,0.115,NA,NA,NA,NA,NA,NA,NA,-2,0,0.9055704681028238,0.9101864858593508,12,1,1
1916,Giant Mines Rhodesia Limited,cyanid,1.191611,1,1,0,0,0,0,0,0,0,0,0,0,0,0,0,0,0,0,0,0,0,0,0,0,0,0,0,0,0.01915328511472759,0.00604229607250755,2,0.28597122302158273,0.3168788663501661,6.391807358785618e-5,united kingdom,extraction,GBR,1,1,0.031,0.73,2,2,2,2,2,2,94,3,1,0.8715313750908763,0.8901492706922215,1,1,1
1917,Giant Mines Rhodesia Limited,cyanid,1.191043,1,7,0,6,0,1,0,0,1,0,0,0,0,0,0,0,0.3826272781048882,0.06521739130434782,3,0.4423076923076923,0.4909420289855072,0.00889188567126558,0.3626696457458893,0.04918032786885246,3,0.3860759493670886,0.4404371584699452,0.00443888438156124,0.09699309370947344,0.1904761904761905,64,0.34190782422293675,0.4019345238095217,0.02182899524568234,united kingdom,extraction,GBR,1,1,0.028,0.73,2,2,2,2,2,2,94,3,1,0.8562317952059528,0.8715313750908763,7,1,1
1917,Giant Mines Rhodesia Limited,cyanid,1.191043,1,7,0,6,0,1,0,0,1,0,0,0,0,0,0,0,0.3826272781048882,0.06521739130434782,3,0.4423076923076923,0.4909420289855072,0.00889188567126558,0.3626696457458893,0.04918032786885246,3,0.3860759493670886,0.4404371584699452,0.00443888438156124,0.09699309370947344,0.1904761904761905,64,0.34190782422293675,0.4019345238095217,0.02182899524568234,south africa,extraction,ZAF,1,1,0.408,0.115,-1,-1,-1,-1,-1,-1,84,2,0,0.8562317952059528,0.8715313750908763,7,1,1
1908,Gibcbona Econo Roslidated Gold,cyanid,0.729927,1,1,0,0,0,0,0,0,0,0,0,0,0,0,0,0,0,0,0,0,0,0,0,0,0,0,0,0,0,0,0,0,0,0,united kingdom,extraction,GBR,1,1,0.028,0.73,2,2,2,2,2,1,98,3,1,0.9055704681028238,0.9101864858593508,1,1,1
1910,Ginsberg Gold Mining Limited,cyanid,0.7782101,1,10,0,9,2,3,1,0,0,0,0.2351351371291023,0.07017543859649122,4,0.36774193548387096,0.4318713450292396,0.02431566786940515,0.2605292015342159,0.04545454545454545,3,0.4342105263157895,0.47853535353535354,0.00377263685148659,0.3252771601169773,0.07954545454545454,7,0.43781094527363185,0.4895833333333336,0.02089401793890891,0.4736723125771951,0.1990521327014218,42,0.34095238095238095,0.3678289325208762,0.01538605038106853,south africa,extraction,ZAF,1,1,0.408,0.115,-1,-2,-3,-1,-2,-3,82,-2,0,0.900247987322166,0.8929159482487512,10,1,1
1912,Ginsberg Gold Mining Limited,cyanid,0.7785888000000001,1,5,0,4,0,0,0,0,0,0,0,0,0,0,0,0,0,0,0,0,0,0,0,0,0,0,0,0,0.35420455161532205,0.19169329073482427,60,0.31712707182320443,0.3989337694609253,0.01737363091386744,south africa,extraction,ZAF,1,1,0.408,0.115,-1,-1,-1,-1,-1,-2,84,2,0,0.9179453344387052,0.9090477242361656,5,1,1
1913,Ginsberg Gold Mining Limited,cyanid,1.24148,1,7,0,3,0,0,0,0,0,0,0,0,0,0,0,0,0,0,0,0,0,0,0,0,0,0,0,0,0.7098129814518869,0.12264150943396226,39,0.28727634194831014,0.34202526160073293,0.01687827537131936,south africa,extraction,ZAF,1,1,0.408,0.115,-1,-1,-1,-1,-1,-1,84,2,0,0.9228291504899564,0.9179453344387052,7,1,1
1914,Ginsberg Gold Mining Limited,cyanid,1.24148,1,5,0,4,0,1,0,0,0,0,0,0,0,0,0,0,0.25634944055279896,0.04166666666666666,3,0.4556962025316456,0.4907407407407408,0.00508570303067487,0.2404554676323303,0.03296703296703297,3,0.4099099099099099,0.45146520146520186,0.00265941265303459,0.2985725386377081,0.11666666666666668,42,0.33624454148471616,0.35087962962962865,0.0307447136785251,south africa,extraction,ZAF,1,1,0.408,0.115,-1,-1,-1,-1,-1,-1,84,2,0,0.908179444741422,0.9228291504899564,5,1,1
1920,Ginsberg Gold Mining Limited,cyanid,1.24148,1,8,0,7,1,2,1,0,0,0,0.02665822991634808,0.01851851851851851,1,0.25116279069767444,0.2864197530864196,0,0.3098774876414264,0.04918032786885246,3,0.4236111111111111,0.4726775956284153,0.00475636264360763,0.3057881568536827,0.05128205128205128,4,0.3880597014925373,0.4423076923076921,0.00455316609904823,0.8940623477349379,0.3020833333333333,116,0.3560460652591171,0.43405877976190427,0.02271458765963031,south africa,extraction,ZAF,1,1,0.408,0.115,-1,-1,-1,-1,-1,-1,84,2,0,0.8827313706089669,0.8666171596554353,8,1,1
1895,Glencairn Main Reef Gold Mining,cyanid,0.8515815,1,8,0,0,0,0,0,2,2,2,0.02862263059057485,0.03125,1,0.23423423423423423,0.22916666666666677,0,0.15114085728526783,0.03125,1,0.3720930232558139,0.42187500000000006,0,0.1481566910279365,0.04444444444444444,2,0.36885245901639346,0.4192592592592594,0.03698947733409265,0,0,0,0,0,0,canada,extraction,CAN,0,1,0.074,0.597,2,1,NA,2,1,NA,96,0,1,0.7078988530850715,0.6957655151230822,8,1,1
1908,Glencairn Main Reef Gold Mining,cyanid,0.8515815,1,10,0,3,1,1,1,2,2,0,0.34155598379363306,0.07042253521126761,5,0.3717277486910995,0.43708920187793415,0.0842665628581122,0.2323415551784434,0.0379746835443038,3,0.4647058823529412,0.4947257383966245,0.00423586104559071,0.2871785763030381,0.07407407407407407,8,0.4556962025316456,0.5000000000000002,0.06430877666183407,0.02717677398345388,0.07894736842105263,6,0.251063829787234,0.2604323308270678,0.00186152882205513,canada,extraction,CAN,0,1,0.074,0.597,2,1,1,2,1,1,96,0,1,0.9055704681028238,0.9101864858593508,10,1,1
1909,Glencairn Main Reef Gold Mining,cyanid,0.8528265,1,7,0,4,2,1,1,0,0,0,0.41549922659036487,0.05970149253731343,4,0.36312849162011174,0.41567164179104465,0.01324965316447534,0.09757762654544926,0.0131578947368421,1,0.37623762376237624,0.4210526315789473,0,0.18984748863852127,0.05154639175257732,5,0.40425531914893614,0.4458762886597941,0.00639584013083833,0.23514955749853833,0.19101123595505615,34,0.33902439024390246,0.34328072052791214,0.02777380124445045,south africa,extraction,ZAF,1,1,0.408,0.115,NA,NA,NA,NA,NA,NA,NA,-2,0,0.8929159482487512,0.9055704681028238,7,1,1
1910,Glencairn Main Reef Gold Mining,cyanid,0.8511673000000001,1,9,0,6,2,3,1,0,0,0,0.23513513712910236,0.07017543859649122,4,0.36774193548387096,0.4318713450292396,0.02431566786940515,0.2605292015342159,0.04545454545454545,3,0.4342105263157895,0.47853535353535354,0.00377263685148659,0.3252771601169772,0.07954545454545454,7,0.43781094527363185,0.4895833333333336,0.02089401793890891,0.6076476102194975,0.25118483412322273,53,0.3448940269749518,0.3758519521552699,0.01404574119612289,canada,extraction,CAN,0,1,0.074,0.597,2,1,1,2,1,1,96,0,1,0.900247987322166,0.8929159482487512,9,1,1
1912,Glencairn Main Reef Gold Mining,cyanid,0.8515815,1,4,0,3,1,1,1,0,0,0,0.0906152505176888,0.0144927536231884,1,0.27800829875518673,0.30869565217391315,0,0.09268403705056943,0.01204819277108433,1,0.3878504672897196,0.4307228915662651,0,0.11114471588840544,0.01818181818181818,2,0.3737024221453287,0.4090909090909094,0.00211968603995007,0.29733725573919595,0.14057507987220447,44,0.30531914893617024,0.37201683655357715,0.00332846882873235,canada,extraction,CAN,0,1,0.072,0.61,2,1,1,2,1,1,96,0,1,0.9179453344387052,0.9090477242361656,4,1,1
1913,Glencairn Main Reef Gold Mining,cyanid,0.8515815,1,4,0,0,0,0,0,0,0,0,0,0,0,0,0,0,0,0,0,0,0,0,0,0,0,0,0,0,0.26886031405176514,0.02515723270440251,8,0.25284339457567806,0.2820143605520974,0,canada,extraction,CAN,0,1,0.072,0.61,2,1,1,2,1,1,96,0,1,0.9228291504899564,0.9179453344387052,4,1,1
1914,Glencairn Main Reef Gold Mining,cyanid,2.434706,1,10,0,4,0,0,0,0,0,0,0,0,0,0,0,0,0,0,0,0,0,0,0,0,0,0,0,0,0.37873768386030193,0.14444444444444443,52,0.345679012345679,0.36009259259259085,0.05173676156170744,canada,extraction,CAN,0,1,0.067,0.61,2,1,1,2,1,1,96,0,1,0.908179444741422,0.9228291504899564,10,1,1
1915,Glencairn Main Reef Gold Mining,cyanid,2.434706,1,7,0,5,0,1,0,1,1,1,0.03920277219111377,0.01612903225806451,1,0.27,0.26693548387096777,0,0.22356014175627065,0.03658536585365853,3,0.44086021505376344,0.47967479674796754,0.00697481455747734,0.2252232324217823,0.04081632653061224,4,0.41379310344827586,0.4510204081632655,0.00659584680284897,0.135166061673446,0.08238636363636363,29,0.3347236704900938,0.35825216450216346,3.0027770660981016e-4,canada,extraction,CAN,0,1,0.067,0.61,2,2,1,2,2,1,98,0,1,0.8901492706922215,0.908179444741422,7,1,1
1916,Glencairn Main Reef Gold Mining,cyanid,2.434706,1,2,0,2,0,0,0,0,0,0,0,0,0,0,0,0,0,0,0,0,0,0,0,0,0,0,0,0,0.01195260098261059,0.0120845921450151,4,0.25853658536585367,0.2774205150338094,4.426860893418665e-5,canada,extraction,CAN,0,1,0.067,0.61,2,2,1,2,2,1,98,0,1,0.8715313750908763,0.8901492706922215,2,1,1
1917,Glencairn Main Reef Gold Mining,cyanid,2.434706,1,6,0,5,0,1,0,0,0,0,0,0,0,0,0,0,0.3826272781048882,0.06521739130434782,3,0.4423076923076923,0.4909420289855072,0.00889188567126558,0.36266964574588934,0.04918032786885246,3,0.3860759493670886,0.4404371584699452,0.00443888438156124,0.04043210632059386,0.07142857142857142,24,0.2953703703703704,0.3282879818594106,0.00352540134670622,canada,extraction,CAN,0,1,0.067,0.61,2,2,1,2,2,1,98,0,1,0.8562317952059528,0.8715313750908763,6,1,1
1919,Glencairn Main Reef Gold Mining,cyanid,2.434706,1,7,0,7,1,2,1,0,0,0,0.025264337997174188,0.01886792452830188,1,0.24806201550387597,0.17861635220125777,0,0.2861739381863526,0.04615384615384615,3,0.43333333333333335,0.4782051282051282,0.00507965705901417,0.2860867691649442,0.05,4,0.4166666666666667,0.4614583333333334,0.00864052865693971,1,0.16853932584269662,60,0.3569937369519833,0.4027153558052413,0.0053572616758322,canada,extraction,CAN,0,1,0.067,0.631,2,2,1,2,2,1,98,0,1,0.8666171596554353,0.8554794889536566,7,1,1
1920,Glencairn Main Reef Gold Mining,cyanid,2.434706,1,7,0,7,1,2,1,0,0,0,0.02665822991634809,0.01851851851851851,1,0.25116279069767444,0.2864197530864196,0,0.30987748764142653,0.04918032786885246,3,0.4236111111111111,0.4726775956284153,0.00475636264360763,0.30578815685368244,0.05128205128205128,4,0.3880597014925373,0.4423076923076921,0.00455316609904823,0.9112535649153912,0.24739583333333337,95,0.35132575757575757,0.41656746031745906,0.00584959775844467,canada,extraction,CAN,0,1,0.067,0.631,2,1,1,2,2,1,98,0,1,0.8827313706089669,0.8666171596554353,7,1,1
1908,Globe And Phoenix Gold Mining,cyanid,0.8515815,1,10,382.0578442854707,1,0,0,0,2,2,2,0.2952609700563007,0.04225352112676056,3,0.3604060913705584,0.414788732394366,0.0225965427373878,0.13605608259257587,0.02531645569620253,2,0.395,0.4419831223628692,0.00156482668663987,0.19400090426367855,0.04629629629629629,5,0.40148698884758366,0.4513888888888891,0.01083684657805371,5.4828795274728494e-18,0.0131578947368421,1,1,0.0131578947368421,0,united states of america,extraction,USA,0,0,0.117,0.581,1,1,1,1,1,1,98,1,1,0.9055704681028238,0.9101864858593508,10,1,0
1909,Globe And Phoenix Gold Mining,cyanid,0.8528265,1,8,0,3,1,1,1,0,0,0,0.24582201947487112,0.02985074626865671,2,0.32338308457711445,0.36218905472636814,0.00276616047786931,0.0741560849684345,0.0131578947368421,1,0.34234234234234234,0.3881578947368421,0,0.1252522468075133,0.03092783505154639,3,0.3696498054474709,0.4101374570446735,0.00286190717189535,0,0.00561797752808988,1,1,0.00561797752808988,0,united states of america,extraction,USA,0,0,0.117,0.581,1,1,1,1,1,1,98,1,1,0.8929159482487512,0.9055704681028238,8,1,1
1910,Globe And Phoenix Gold Mining,cyanid,0.8511673000000001,1,9,0,6,1,1,1,0,0,0,0.14802801287458311,0.03508771929824561,2,0.3114754098360656,0.3649122807017543,0.00360173104534006,0.07231477657753628,0.01515151515151515,1,0.3473684210526316,0.3939393939393939,0,0.12211756334524626,0.03409090909090909,3,0.3651452282157676,0.4138257575757574,0.00427680109870218,0.00168823424320248,0.01421800947867298,3,0.26998491704374056,0.2565447980139924,0.06232561713786616,united states of america,extraction,USA,0,0,0.098,0.581,1,2,1,1,2,1,98,3,1,0.900247987322166,0.8929159482487512,9,1,1
1911,Globe And Phoenix Gold Mining,cyanid,0.8507535,1,10,4.5913793676987665e-4,7,0,0,0,0,0,0,0,0,0,0,0,0,0,0,0,0,0,0,0,0,0,0,0,0,8.298146450473093e-4,0.00763358778625954,2,0.23658269441401972,0.21498545983278824,2.536760145271512e-4,united states of america,extraction,USA,0,0,0.098,0.581,1,2,1,1,2,1,98,3,1,0.9090477242361656,0.900247987322166,10,1,1
1912,Globe And Phoenix Gold Mining,cyanid,0.8515815,1,11,0.00348295034700063,6,0,0,0,0,0,0,0,0,0,0,0,0,0,0,0,0,0,0,0,0,0,0,0,0,8.06509083117197e-4,0.00958466453674121,3,0.2212798766383963,0.2298710519157809,6.948920678362254e-4,united states of america,extraction,USA,0,0,0.098,0.581,1,2,1,1,2,1,98,3,1,0.9179453344387052,0.9090477242361656,11,1,1
1913,Globe And Phoenix Gold Mining,cyanid,0.8519960999999999,1,1,0,0,0,0,0,0,0,0,0,0,0,0,0,0,0,0,0,0,0,0,0,0,0,0,0,0,0.00171683428315962,0.00943396226415094,3,0.19944789510006905,0.20946858871387233,0.00712932136076718,united states of america,extraction,USA,0,0,0.083,0.581,1,2,1,1,2,1,98,3,1,0.9228291504899564,0.9179453344387052,1,1,1
1914,Globe And Phoenix Gold Mining,cyanid,0.8629190999999999,1,7,0,2,0,0,0,1,1,1,0.1871438015854503,0.01587301587301587,1,0.32786885245901637,0.3542328042328043,0,0.1024106055564552,0.01388888888888888,1,0.375,0.4201388888888888,0,0.14384297353251263,0.02197802197802198,2,0.3888888888888889,0.4329670329670332,0.0021824876009463,0.00270825999655155,0.00555555555555555,2,0.24213836477987424,0.23142305996472723,1.241748767925964e-4,united states of america,extraction,USA,0,0,0.079,0.581,1,2,1,1,2,1,98,3,1,0.908179444741422,0.9228291504899564,7,1,1
1915,Globe And Phoenix Gold Mining,cyanid,0.8325404000000001,1,11,0,4,2,3,2,1,2,1,0.31684707514073446,0.04838709677419355,3,0.4153846153846154,0.4059139784946236,0.08017608896773358,0.2967832408738897,0.04878048780487805,4,0.5125,0.524390243902439,0.01950432892448287,0.36851201584098,0.07142857142857142,7,0.4948453608247423,0.5110544217687076,0.03403815230824893,0.00667405859251131,0.0284090909090909,10,0.31813676907829536,0.3329342532467523,0.02030039203621826,united states of america,extraction,USA,0,0,0.07,0.581,1,2,1,1,2,1,98,3,1,0.8901492706922215,0.908179444741422,11,1,1
1916,Globe And Phoenix Gold Mining,cyanid,0.8341276999999999,1,2,0,1,0,0,0,0,0,0,0,0,0,0,0,0,0,0,0,0,0,0,0,0,0,0,0,0,0.00174720056486948,0.01812688821752266,6,0.2836752899197145,0.30166882462955064,0.02104632921990872,united states of america,extraction,USA,0,0,0.07,0.581,1,2,1,1,2,1,98,3,1,0.8715313750908763,0.8901492706922215,2,1,1
1917,Globe And Phoenix Gold Mining,cyanid,0.8337303,1,5,0,4,2,2,2,0,0,0,0.5179183792124559,0.08333333333333333,3,0.4,0.4166666666666667,0.05636054421768708,0.4692335045039349,0.08695652173913043,4,0.5227272727272727,0.5434782608695652,0.04024041889106904,0.6085094500346565,0.11475409836065574,7,0.4841269841269842,0.5314207650273223,0.05978734267220536,1.7438782642477597e-4,0.00595238095238095,2,0.2507861635220126,0.259445861678005,0.00453337354621887,united states of america,extraction,USA,0,0,0.07,0.581,1,2,1,1,2,1,98,3,1,0.8562317952059528,0.8715313750908763,5,1,1
1919,Globe And Phoenix Gold Mining,cyanid,0.8853475,1,9,0,5,1,2,1,0,0,0,0.1515736271346306,0.03773584905660377,2,0.27350427350427353,0.2072327044025156,0.00266086115142719,0.3768823488667496,0.06153846153846154,4,0.5158730158730159,0.5307692307692308,0.01899609558977301,0.3918266058297227,0.075,6,0.47619047619047616,0.5093750000000004,0.02743169190769761,2.3228860959436935e-4,0.01123595505617977,4,0.21495914519170337,0.22181982343499357,0.00550142802689838,united states of america,extraction,USA,0,0,0.07,0.581,1,2,1,1,2,1,98,3,1,0.8666171596554353,0.8554794889536566,9,1,1
1920,Globe And Phoenix Gold Mining,cyanid,0.6412605,1,4,0,4,0,0,0,0,0,0,0,0,0,0,0,0,0,0,0,0,0,0,0,0,0,0,0,0,6.654615891719849e-5,0.015625,6,0.2623762376237624,0.2739025297619052,8.720456851117907e-4,united states of america,extraction,USA,0,0,0.078,0.581,1,2,1,1,2,1,98,3,1,0.8827313706089669,0.8666171596554353,4,1,1
1921,Globe And Phoenix Gold Mining,cyanid,0.6735951,1,7,0,4,0,0,0,0,0,0,0,0,0,0,0,0,0,0,0,0,0,0,0,0,0,0,0,0,8.022119184993636e-4,0.01347708894878706,5,0.25591397849462366,0.26433063791554395,0.01048649331554877,united states of america,extraction,USA,0,0,0.095,0.581,1,2,1,1,2,1,98,3,1,0.8977238173556666,0.8827313706089669,7,1,1
1922,Globe And Phoenix Gold Mining,cyanid,0.7750220999999999,1,5,0,2,0,0,0,1,0,0,0.22177456628148337,0.02564102564102564,1,0.31896551724137934,0.3572649572649573,0,0,0,0,0,0,0,0.07334908619469593,0.01612903225806451,1,0.2966507177033493,0.3327956989247312,0,2.8785318230957177e-6,0.00549450549450549,2,0.17041015625,0.17191588173731026,0.00526745981291435,united states of america,extraction,USA,0,0,0.094,0.581,1,2,1,1,2,1,98,3,1,0.9128783852142348,0.8977238173556666,5,1,1
1923,Globe And Phoenix Gold Mining,cyanid,0.8005489,1,6,0,4,0,0,0,0,0,0,0,0,0,0,0,0,0,0,0,0,0,0,0,0,0,0,0,0,0.00167570605931364,0.01322751322751322,5,0.2985938792390405,0.3082010582010583,0.00507827120180284,united states of america,extraction,USA,0,0,0.096,0.581,1,2,1,1,2,1,98,3,1,0.9260468773507357,0.9128783852142348,6,1,1
1910,Glynis Lydenburg Limited,cyanid,0.3418619,1,14,0,4,1,2,1,0,0,0,0.16101929907524729,0.0175438596491228,1,0.3630573248407643,0.4035087719298244,0,0.2571473426679785,0.04545454545454545,3,0.4852941176470588,0.5088383838383839,0.00937956436099091,0.29796329026731344,0.04545454545454545,4,0.43781094527363185,0.47537878787878823,0.00668317813156945,0.26246954649302534,0.0947867298578199,20,0.3370998116760829,0.36285262920334066,0.01101099429256036,south africa,extraction,ZAF,1,1,0.408,0.115,-1,-2,-3,-1,-2,-3,82,-2,0,0.900247987322166,0.8929159482487512,14,1,1
1911,Glynis Lydenburg Limited,cyanid,0.3418619,1,7,2.8333329557698393e-4,3,0,1,0,0,0,0,0,0,0,0,0,0,0.06885588159488937,0.01111111111111111,1,0.3435114503816794,0.3888888888888889,0,0.06282619088360408,0.00840336134453781,1,0.3216216216216216,0.36148459383753495,0,0.3300918088187969,0.09923664122137404,26,0.3857142857142858,0.375254452926208,0.02544836608085421,canada,extraction,CAN,0,1,0.072,0.61,2,1,1,2,1,1,96,0,1,0.9090477242361656,0.900247987322166,7,1,1
1912,Glynis Lydenburg Limited,cyanid,0.3422092,1,10,0,5,0,0,0,0,1,0,0,0,0,0,0,0,0.0570210609918728,0.01204819277108433,1,0.31679389312977096,0.358433734939759,0,0.05428413162142981,0.00909090909090909,1,0.3076923076923077,0.33590909090909077,0,0.22721242071693687,0.0670926517571885,21,0.31297709923664124,0.3654546376591095,0.00132648547503235,canada,extraction,CAN,0,1,0.072,0.61,2,1,1,2,1,1,96,0,1,0.9179453344387052,0.9090477242361656,10,1,1
1912,Gold Coast Development Syndicate Limited,cyanid,0.1458435,1,16,2.93244880871093e-4,2,0,1,0,0,0,0,0,0,0,0,0,0,0.06512410373025117,0.01204819277108433,1,0.3487394957983193,0.39457831325301207,0,0.06353937471985924,0.00909090909090909,1,0.32238805970149254,0.35833333333333334,0,0.01646250739875886,0.00958466453674121,3,0.2395659432387312,0.26224096280006903,0.01422828109049467,italy,extraction,ITA,0,0,0.348,0.563,1,1,0,1,1,0,94,2,1,0.9179453344387052,0.9090477242361656,16,1,1
1913,Gold Field Rhodesian Development Limited,cyanid,0.09737098,1,5,0,2,0,0,0,0,0,0,0,0,0,0,0,0,0,0,0,0,0,0,0,0,0,0,0,0,0.07097596207479179,0.03144654088050314,10,0.26465201465201466,0.3015149595338279,0.10464792610649634,india,extraction,IND,1,1,0.032,0.509,NA,NA,NA,NA,NA,NA,NA,2,1,0.9228291504899564,0.9179453344387052,5,1,1
1914,Gold Fields American Development Limited,cyanid,0.09861933,1,7,0,3,0,0,0,0,0,0,0,0,0,0,0,0,0,0,0,0,0,0,0,0,0,0,0,0,0.03039144323707765,0.03611111111111111,13,0.29902912621359223,0.2955125661375662,0.0308638320592642,india,extraction,IND,1,1,0.032,0.509,NA,NA,NA,NA,NA,NA,NA,2,1,0.908179444741422,0.9228291504899564,7,1,1
1909,Gold Fields Mysore And General,cyanid,0.09746589,1,3,0,0,0,0,0,0,0,0,0,0,0,0,0,0,0,0,0,0,0,0,0,0,0,0,0,0,0,0,0,0,0,0,india,extraction,IND,1,1,0.032,0.509,NA,NA,NA,NA,NA,NA,NA,2,1,0.8929159482487512,0.9055704681028238,3,1,1
1910,Gold Fields Mysore And General,cyanid,0.09727626,1,3,0,3,0,0,0,0,0,0,0,0,0,0,0,0,0,0,0,0,0,0,0,0,0,0,0,0,8.662014840010263e-18,0.02843601895734597,6,0.6666666666666666,0.02843601895734597,1.5045512675844434e-4,india,extraction,IND,1,1,0.032,0.509,NA,NA,NA,NA,NA,NA,NA,2,1,0.900247987322166,0.8929159482487512,3,1,1
1911,Gold Fields Mysore And General,cyanid,0.09722897,1,5,7.011744621949612e-5,4,0,1,0,0,0,0,0,0,0,0,0,0,0.22531260585463533,0.03333333333333333,3,0.4455445544554455,0.4814814814814815,0.00392534871340006,0.2032808893235928,0.02521008403361344,3,0.39144736842105265,0.4348739495798322,0.00199812056590714,6.489896357816466e-5,0.06870229007633588,18,0.18274111675126903,0.17648733793771942,9.02746362077765e-5,india,extraction,IND,1,1,0.032,0.509,NA,NA,NA,NA,NA,NA,NA,2,1,0.9090477242361656,0.900247987322166,5,1,1
1915,Gold Fields Rhodesian Development Limited,cyanid,1.217353,1,19,0,10,0,0,0,0,0,0,0,0,0,0,0,0,0,0,0,0,0,0,0,0,0,0,0,0,0.04349818833891641,0.09375,33,0.33860759493670883,0.36375811688311527,0.06825784848348085,india,extraction,IND,1,1,0.032,0.509,NA,NA,NA,NA,NA,NA,NA,2,1,0.8901492706922215,0.908179444741422,19,1,1
1909,Gold Mining Syndicate West Australia,cyanid,7.29572,1,10,0,6,2,3,1,0,0,0,0.41549922659036514,0.05970149253731343,4,0.36312849162011174,0.41567164179104465,0.01324965316447534,0.2363410450040908,0.03947368421052631,3,0.4578313253012048,0.4912280701754386,0.00519496040188331,0.31400982420069384,0.07216494845360824,7,0.4589371980676328,0.4905498281786944,0.01678762740483094,0.1762765219089643,0.10112359550561796,18,0.32400932400932403,0.309008828250402,0.00534445700678743,south africa,extraction,ZAF,1,1,0.408,0.115,NA,NA,NA,NA,NA,NA,NA,-2,0,0.8929159482487512,0.9055704681028238,10,1,1
1908,Golden Horse Shoe Estates Company,cyanid,7.39645,1,8,0,0,0,0,0,0,0,0,0,0,0,0,0,0,0,0,0,0,0,0,0,0,0,0,0,0,0,0,0,0,0,0,united states of america,extraction,USA,0,0,0.117,0.581,1,1,1,1,1,1,98,1,1,0.9055704681028238,0.9101864858593508,8,1,1
1909,Golden Horse Shoe Estates Company,cyanid,7.39645,1,1,0,1,0,0,0,0,0,0,0,0,0,0,0,0,0,0,0,0,0,0,0,0,0,0,0,0,0.01755360052680859,0.00561797752808988,1,0.28778467908902694,0.25264401640806117,0,united states of america,extraction,USA,0,0,0.117,0.581,1,1,1,1,1,1,98,1,1,0.8929159482487512,0.9055704681028238,1,1,1
1911,Golden Horse Shoe Estates Company,cyanid,7.39645,1,2,2.3055664769700536e-4,1,0,0,0,0,0,0,0,0,0,0,0,0,0,0,0,0,0,0,0,0,0,0,0,0,0,0.00381679389312977,1,1,0.00381679389312977,0,united states of america,extraction,USA,0,0,0.098,0.581,1,2,1,1,2,1,98,3,1,0.9090477242361656,0.900247987322166,2,1,1
1912,Golden Horse Shoe Estates Company,cyanid,7.39645,1,3,38.886158206317376,1,0,0,0,0,0,0,0,0,0,0,0,0,0,0,0,0,0,0,0,0,0,0,0,0,2.5064890223380655e-20,0.00319488817891373,1,1,0.00319488817891373,0,united states of america,extraction,USA,0,0,0.098,0.581,1,2,1,1,2,1,98,3,1,0.9179453344387052,0.9090477242361656,3,1,1
1913,Golden Horse Shoe Estates Company,cyanid,7.39645,1,6,0,2,0,0,0,0,0,0,0,0,0,0,0,0,0,0,0,0,0,0,0,0,0,0,0,0,0,0.00314465408805031,1,1,0.00314465408805031,0,united states of america,extraction,USA,0,0,0.083,0.581,1,2,1,1,2,1,98,3,1,0.9228291504899564,0.9179453344387052,6,1,1
1914,Golden Horse Shoe Estates Company,cyanid,7.39645,1,6,0,3,0,0,0,0,0,0,0,0,0,0,0,0,0,0,0,0,0,0,0,0,0,0,0,0,8.82407886010623e-18,0.00555555555555555,2,0.625,0.00972222222222222,6.190034045187249e-5,united states of america,extraction,USA,0,0,0.079,0.581,1,2,1,1,2,1,98,3,1,0.908179444741422,0.9228291504899564,6,1,1
1915,Golden Horse Shoe Estates Company,cyanid,7.39645,1,3,0,1,0,0,0,0,0,0,0,0,0,0,0,0,0,0,0,0,0,0,0,0,0,0,0,0,6.597262870341107e-18,0.00284090909090909,1,1,0.00284090909090909,0,united states of america,extraction,USA,0,0,0.07,0.581,1,2,1,1,2,1,98,3,1,0.8901492706922215,0.908179444741422,3,1,1
1916,Golden Horse Shoe Estates Company,cyanid,7.39645,1,5,0,2,0,0,0,0,0,0,0,0,0,0,0,0,0,0,0,0,0,0,0,0,0,0,0,0,6.651451424886672e-6,0.00302114803625377,1,0.19030520646319568,0.1941902843715532,0,united states of america,extraction,USA,0,0,0.07,0.581,1,2,1,1,2,1,98,3,1,0.8715313750908763,0.8901492706922215,5,1,1
1917,Golden Horse Shoe Estates Company,cyanid,7.39645,1,3,0,2,0,0,0,0,0,0,0,0,0,0,0,0,0,0,0,0,0,0,0,0,0,0,0,0,7.677126274991695e-6,0.00595238095238095,2,0.20396419437340155,0.20673185941043185,0.0056503198294243,united states of america,extraction,USA,0,0,0.07,0.581,1,2,1,1,2,1,98,3,1,0.8562317952059528,0.8715313750908763,3,1,1
1920,Golden Horse Shoe Estates Company,cyanid,7.39645,1,4,0.00392364341788173,2,0,0,0,0,0,0,0,0,0,0,0,0,0,0,0,0,0,0,0,0,0,0,0,0,0,0.00260416666666666,1,1,0.00260416666666666,0,united states of america,extraction,USA,0,0,0.078,0.581,1,2,1,1,2,1,98,3,1,0.8827313706089669,0.8666171596554353,4,1,1
1922,Golden Horse Shoe Estates Company,cyanid,7.39645,1,6,0,3,0,0,0,0,0,0,0,0,0,0,0,0,0,0,0,0,0,0,0,0,0,0,0,0,2.5384268499423083e-5,0.00824175824175824,3,0.2048122065727699,0.2082286760858209,0.01051978324705597,united states of america,extraction,USA,0,0,0.094,0.581,1,2,1,1,2,1,98,3,1,0.9128783852142348,0.8977238173556666,6,1,1
1923,Golden Horse Shoe Estates Company,cyanid,7.39645,1,3,0,2,0,0,0,0,0,0,0,0,0,0,0,0,0,0,0,0,0,0,0,0,0,0,0,0,8.136112474668879e-19,0.00529100529100529,2,1,0.00529100529100529,1.4034496793117482e-5,united states of america,extraction,USA,0,0,0.096,0.581,1,2,1,1,2,1,98,3,1,0.9260468773507357,0.9128783852142348,3,1,1
1909,Golden Pole Gold Mines Limited,cyanid,0.09861933,1,4,0,0,0,0,0,0,0,0,0,0,0,0,0,0,0,0,0,0,0,0,0,0,0,0,0,0,0,0,0,0,0,0,united states of america,extraction,USA,0,0,0.117,0.581,1,1,1,1,1,1,98,1,1,0.8929159482487512,0.9055704681028238,4,1,1
1910,Golden Pole Gold Mines Limited,cyanid,0.09861933,1,3,0,1,0,0,0,0,0,0,0,0,0,0,0,0,0,0,0,0,0,0,0,0,0,0,0,0,0,0,0,0,0,0,united states of america,extraction,USA,0,0,0.098,0.581,1,2,1,1,2,1,98,3,1,0.900247987322166,0.8929159482487512,3,1,1
1911,Golden Pole Gold Mines Limited,cyanid,0.09861933,1,4,0.00363285253464586,1,0,0,0,0,0,0,0,0,0,0,0,0,0,0,0,0,0,0,0,0,0,0,0,0,0,0,0,0,0,0,australia,extraction,AUS,0,1,0.041,0.659,2,3,2,2,3,2,99,2,1,0.9090477242361656,0.900247987322166,4,1,1
1912,Golden Pole Gold Mines Limited,cyanid,0.09861933,1,4,0,3,0,0,0,0,0,0,0,0,0,0,0,0,0,0,0,0,0,0,0,0,0,0,0,0,0.00294330890904583,0.00958466453674121,3,0.22723673792557403,0.2445790631094152,0.0082368792931764,united states of america,extraction,USA,0,0,0.098,0.581,1,2,1,1,2,1,98,3,1,0.9179453344387052,0.9090477242361656,4,1,1
1914,Golden Pole Gold Mines Limited,cyanid,0.09861933,1,1,0,1,0,0,0,0,0,0,0,0,0,0,0,0,0,0,0,0,0,0,0,0,0,0,0,0,5.542688144430562e-6,0.00277777777777777,1,0.15770609318996415,0.14311287477954246,0,united states of america,extraction,USA,0,0,0.079,0.581,1,2,1,1,2,1,98,3,1,0.908179444741422,0.9228291504899564,1,1,1
1908,Goldfields Dhabwab India,cyanid,0.0973236,1,5,0,0,0,0,0,0,1,0,0,0,0,0,0,0,0.09233751503463268,0.01265822784810126,1,0.3798076923076923,0.4240506329113924,0,0.08533078586215086,0.00925925925925925,1,0.3450479233226837,0.38611111111111096,0,0,0,0,0,0,0,india,extraction,IND,1,1,0.032,0.509,NA,NA,NA,NA,NA,NA,NA,2,1,0.9055704681028238,0.9101864858593508,5,1,1
1912,Goldfields Dharwar India Limited,cyanid,0.0973236,1,4,0,1,0,0,0,0,0,0,0,0,0,0,0,0,0,0,0,0,0,0,0,0,0,0,0,0,5.492265752812163e-5,0.01277955271565495,4,0.1773794808405439,0.18966808839013344,1.3808520198296555e-5,india,extraction,IND,1,1,0.032,0.509,NA,NA,NA,NA,NA,NA,NA,2,1,0.9179453344387052,0.9090477242361656,4,1,1
1912,Goldfields Dharwar India Limited,cyanid,0.0973236,1,4,0,1,0,0,0,0,0,0,0,0,0,0,0,0,0,0,0,0,0,0,0,0,0,0,0,0,5.492265752812163e-5,0.01277955271565495,4,0.1773794808405439,0.18966808839013344,1.3808520198296555e-5,venezuela,extraction,VEN,0,0,0.507,0.684,-1,-1,-2,-1,-1,-2,91,0,0,0.9179453344387052,0.9090477242361656,4,1,1
1913,Granville Mining Company,cyanid,7.302824,1,12,0,3,1,2,1,0,0,0,0.2066148263055992,0.03448275862068965,2,0.390909090909091,0.3290229885057471,0.07259528130671507,0.28883305811146553,0.0379746835443038,3,0.4114583333333333,0.4599156118143459,0.00663263007643864,0.3448421681023135,0.05102040816326531,5,0.4246575342465753,0.44931972789115665,0.03325586695330631,1.865363562023723e-9,0.03459119496855346,11,0.11445544554455446,0.12565111338696291,0.06140507509473642,united states of america,extraction,USA,0,0,0.083,0.581,1,2,1,1,2,1,98,3,1,0.9228291504899564,0.9179453344387052,12,1,1
1921,Granville Mining Company,cyanid,7.302824,1,2,0,2,0,2,0,0,0,0,0,0,0,0,0,0,0.2185144871632167,0.0392156862745098,2,0.3923076923076923,0.4444444444444443,0.00186141129151509,0.19835279091561697,0.02941176470588235,2,0.35789473684210527,0.4066176470588233,6.8944750381504e-4,1.7172184978353288e-4,0.0215633423180593,8,0.2128801431127013,0.2179181106404845,0.01551686457346834,united states of america,extraction,USA,0,0,0.095,0.581,1,2,1,1,2,1,98,3,1,0.8977238173556666,0.8827313706089669,2,1,1
1908,Great Boulder Main Reef Limited,cyanid,0.007552311,1,1,0,0,0,0,0,1,1,1,0.24542592708473857,0.02816901408450704,2,0.35323383084577115,0.4035211267605632,0.01894517286871411,0.23234155517844343,0.0379746835443038,3,0.4647058823529412,0.4947257383966245,0.00423586104559071,0.2808306643792034,0.04629629629629629,5,0.42023346303501946,0.465277777777778,0.00746263159958892,0,0,0,0,0,0,united states of america,extraction,USA,0,0,0.117,0.581,1,1,1,1,1,1,98,1,1,0.9055704681028238,0.9101864858593508,1,1,1
1910,Great Boulder Main Reef Limited,cyanid,0.007552311,1,8,0,1,0,1,0,0,2,0,0,0,0,0,0,0,0.260529201534216,0.04545454545454545,3,0.4342105263157895,0.47853535353535354,0.00377263685148659,0.2333720459860504,0.03409090909090909,3,0.3876651982378855,0.4337121212121212,0.00171633844890328,0,0.00473933649289099,1,1,0.00473933649289099,0,united states of america,extraction,USA,0,0,0.098,0.581,1,2,1,1,2,1,98,3,1,0.900247987322166,0.8929159482487512,8,1,1
1912,Great Cliff Tasmania Syndicate Limited,cyanid,3.649635,1,9,0,0,0,0,0,0,2,0,0,0,0,0,0,0,0.21482920177269343,0.03614457831325301,3,0.5,0.5130522088353414,0.00690006232154246,0.20493602871867328,0.02727272727272727,3,0.4268774703557312,0.4537878787878791,0.00359119644299189,0,0,0,0,0,0,australia,extraction,AUS,0,1,0.041,0.659,2,3,2,2,3,2,99,2,1,0.9179453344387052,0.9090477242361656,9,1,1
1911,Great Cobar North Limited,cyanid,2.673797,1,4,0.00363285253464586,0,0,0,0,0,0,0,0,0,0,0,0,0,0,0,0,0,0,0,0,0,0,0,0,0,0,0,0,0,0,0,australia,extraction,AUS,0,1,0.041,0.659,2,3,2,2,3,2,99,2,1,0.9090477242361656,0.900247987322166,4,1,1
1913,Great Cobar North Limited,cyanid,3.651412,1,7,0,2,0,1,0,0,1,0,0,0,0,0,0,0,0.1700588109646345,0.02531645569620253,2,0.4340659340659341,0.4704641350210971,0.01433167474929083,0.1654289354470471,0.02040816326530612,2,0.40611353711790393,0.42261904761904784,0.00654090508075535,0,0.00628930817610062,2,1,0.00314465408805031,0,australia,extraction,AUS,0,1,0.041,0.659,2,3,2,2,3,2,99,2,1,0.9228291504899564,0.9179453344387052,7,1,1
1914,Great Cobar North Limited,cyanid,3.698225,1,7,0,0,0,0,0,0,0,0,0,0,0,0,0,0,0,0,0,0,0,0,0,0,0,0,0,0,0,0,0,0,0,0,australia,extraction,AUS,0,1,0.041,0.659,2,3,2,2,3,2,99,2,1,0.908179444741422,0.9228291504899564,7,1,1
1915,Great Cobar North Limited,cyanid,3.698225,1,6,0,2,1,0,0,0,1,0,0.17900057808161826,0.01612903225806451,1,0.3375,0.331989247311828,0,0.06036040362501666,0.01219512195121951,1,0.3082706766917293,0.34756097560975613,0,0.10741591464670984,0.02040816326530612,2,0.32653061224489793,0.3646258503401359,3.2494628790359035e-4,0.01489980843911806,0.01988636363636363,7,0.3019755409219191,0.3095204274891776,0.0066804963129003,australia,extraction,AUS,0,1,0.041,0.659,2,3,3,2,3,3,99,3,1,0.8901492706922215,0.908179444741422,6,1,1
1916,Great Cobar North Limited,cyanid,1.998097,1,2,0,2,0,0,0,0,0,0,0,0,0,0,0,0,0,0,0,0,0,0,0,0,0,0,0,0,0.00518263283732215,0.01812688821752266,6,0.2628099173553719,0.2784347575888372,0.00762441654315905,australia,extraction,AUS,0,1,0.041,0.659,2,3,3,2,3,3,99,3,1,0.8715313750908763,0.8901492706922215,2,1,1
1917,Great Cobar North Limited,cyanid,1.539025,1,2,0,0,0,0,0,0,0,0,0,0,0,0,0,0,0,0,0,0,0,0,0,0,0,0,0,0,0,0,0,0,0,0,united kingdom,extraction,GBR,1,1,0.028,0.73,2,2,2,2,2,2,94,3,1,0.8562317952059528,0.8715313750908763,2,1,1
1920,Great Cobar North Limited,cyanid,1.539025,1,3,0,1,0,1,0,0,0,0,0,0,0,0,0,0,0.110747899889565,0.01639344262295082,1,0.34269662921348315,0.3893442622950819,0,0.09963946481104712,0.01282051282051282,1,0.3291139240506329,0.3685897435897434,0,0,0,0,0,0,0,australia,extraction,AUS,0,1,0.041,0.659,2,3,3,2,3,3,99,3,1,0.8827313706089669,0.8666171596554353,3,1,1
1921,Great Cobar North Limited,cyanid,1.616628,1,4,0,2,0,0,0,0,0,0,0,0,0,0,0,0,0,0,0,0,0,0,0,0,0,0,0,0,0.00754008657868507,0.00269541778975741,1,0.2933442892358258,0.3026954177897579,0,australia,extraction,AUS,0,1,0.041,0.659,2,3,3,2,3,3,99,3,1,0.8977238173556666,0.8827313706089669,4,1,1
1908,Great Finga Consolidated Limited,cyanid,0.08759124,1,5,1164.5322086442577,0,0,0,0,0,0,0,0,0,0,0,0,0,0,0,0,0,0,0,0,0,0,0,0,0,0,0,0,0,0,0,australia,extraction,AUS,0,1,0.041,0.659,2,2,2,2,2,2,99,2,1,0.9055704681028238,0.9101864858593508,5,1,0
1909,Great Finga Consolidated Limited,cyanid,0.0877193,1,5,0,0,0,0,0,0,0,0,0,0,0,0,0,0,0,0,0,0,0,0,0,0,0,0,0,0,0,0,0,0,0,0,australia,extraction,AUS,0,1,0.041,0.659,2,2,2,2,2,2,99,2,1,0.8929159482487512,0.9055704681028238,5,1,1
1910,Great Finga Consolidated Limited,cyanid,0.08754864,1,5,0,1,0,1,0,0,0,0,0,0,0,0,0,0,0.10329347078956312,0.01515151515151515,1,0.3707865168539326,0.41666666666666663,0,0.09263683230704012,0.01136363636363636,1,0.34782608695652173,0.38731060606060586,0,0.00392559520877008,0.01421800947867298,3,0.27838258164852253,0.26304445948995736,0.06628366756715602,australia,extraction,AUS,0,1,0.041,0.659,2,3,2,2,3,2,99,2,1,0.900247987322166,0.8929159482487512,5,1,1
1911,Great Finga Consolidated Limited,cyanid,0.08750608,1,3,0.00363285253464586,2,0,1,0,0,0,0,0,0,0,0,0,0,0.09192239306163544,0.01111111111111111,1,0.36885245901639346,0.4138888888888889,0,0.08337704983591245,0.00840336134453781,1,0.3439306358381503,0.38375350140056025,0,0.00830340962041903,0.01908396946564885,5,0.28993288590604027,0.26755725190839785,0.00475594222904375,australia,extraction,AUS,0,1,0.041,0.659,2,3,2,2,3,2,99,2,1,0.9090477242361656,0.900247987322166,3,1,1
1912,Great Finga Consolidated Limited,cyanid,0.6085686,1,5,0,4,0,1,0,0,0,0,0,0,0,0,0,0,0.0926840370505694,0.01204819277108433,1,0.3878504672897196,0.4307228915662651,0,0.08711252237738422,0.00909090909090909,1,0.3588039867109635,0.39166666666666666,0,0.00347197941481127,0.01277955271565495,4,0.23201293451899757,0.25329907933741874,0.00295906829700871,united states of america,extraction,USA,0,0,0.098,0.581,1,2,1,1,2,1,98,3,1,0.9179453344387052,0.9090477242361656,5,1,1
1913,Great Finga Consolidated Limited,cyanid,0.6085686,1,4,0,2,0,1,0,0,0,0,0,0,0,0,0,0,0.1154270674135621,0.01265822784810126,1,0.34347826086956523,0.3892405063291139,0,0.10861128279129324,0.01020408163265306,1,0.3333333333333333,0.35578231292517,0,0.0015406630950723,0.01257861635220125,4,0.20323488045007032,0.21679862764768473,0.02353383978670578,united states of america,extraction,USA,0,0,0.083,0.581,1,2,1,1,2,1,98,3,1,0.9228291504899564,0.9179453344387052,4,1,1
1914,Great Finga Consolidated Limited,cyanid,0.6085686,1,2,0,1,0,0,0,0,0,0,0,0,0,0,0,0,0,0,0,0,0,0,0,0,0,0,0,0,2.2444883421385937e-4,0.00555555555555555,2,0.2064343163538874,0.19248456790123508,2.398638192510059e-4,australia,extraction,AUS,0,1,0.041,0.659,2,3,2,2,3,2,99,2,1,0.908179444741422,0.9228291504899564,2,1,1
1916,Great Finga Consolidated Limited,cyanid,0.6085686,1,2,0,0,0,0,0,0,0,0,0,0,0,0,0,0,0,0,0,0,0,0,0,0,0,0,0,0,1.0280030525237838e-4,0.00604229607250755,2,0.2296028880866426,0.238649115235219,0,united states of america,extraction,USA,0,0,0.07,0.581,1,2,1,1,2,1,98,3,1,0.8715313750908763,0.8901492706922215,2,1,1
1917,Great Finga Consolidated Limited,cyanid,0.1972387,1,2,0,0,0,0,0,0,0,0,0,0,0,0,0,0,0,0,0,0,0,0,0,0,0,0,0,0,0,0.00297619047619047,1,0.6,0.00595238095238095,0,united states of america,extraction,USA,0,0,0.07,0.581,1,2,1,1,2,1,98,3,1,0.8562317952059528,0.8715313750908763,2,1,1
1915,Great Fingall Consolidated Limited,cyanid,0.190295,1,3,0,3,0,1,0,0,0,0,0,0,0,0,0,0,0.1017941914236823,0.01219512195121951,1,0.36936936936936937,0.41463414634146345,0,0.0942272212489184,0.01020408163265306,1,0.35555555555555557,0.3897959183673468,0,0.00113429409556965,0.02556818181818182,9,0.2646331409727947,0.27033279220779305,0.00932083483596727,united states of america,extraction,USA,0,0,0.07,0.581,1,2,1,1,2,1,98,3,1,0.8901492706922215,0.908179444741422,3,1,1
1908,Guildford Loddon Deep Leads Limited,cyanid,3.041363,1,3,43.204940158759534,0,0,0,0,0,0,0,0,0,0,0,0,0,0,0,0,0,0,0,0,0,0,0,0,0,0,0,0,0,0,0,united kingdom,extraction,GBR,1,1,0.028,0.73,2,2,2,2,2,1,98,3,1,0.9055704681028238,0.9101864858593508,3,1,1
1908,Guinea Fowl Mines Limited,cyanid,0.01508516,1,4,382.0578442854707,0,0,0,0,1,2,1,0.16508074760008848,0.01408450704225352,1,0.29957805907172996,0.35023474178403763,0,0.15694939913775743,0.02531645569620253,2,0.42473118279569894,0.46413502109704646,0.00152914505649273,0.19498601895591797,0.02777777777777777,3,0.3870967741935484,0.4320987654320991,0.00200020443699384,0,0,0,0,0,0,united states of america,extraction,USA,0,0,0.117,0.581,1,1,1,1,1,1,98,1,1,0.9055704681028238,0.9101864858593508,4,1,0
1909,Guinea Fowl Mines Limited,cyanid,0.01508516,1,3,0,3,1,1,1,0,0,0,0.15039945580036443,0.01492537313432835,1,0.3333333333333333,0.36368159203980094,0,0.09757762654544924,0.0131578947368421,1,0.37623762376237624,0.4210526315789473,0,0.13826004773813785,0.02061855670103092,2,0.3815261044176707,0.4149484536082475,6.193447094533413e-4,7.463131658153467e-5,0.01685393258426966,3,0.20057720057720055,0.17846664883181731,0.0113417550096278,united states of america,extraction,USA,0,0,0.117,0.581,1,1,1,1,1,1,98,1,1,0.8929159482487512,0.9055704681028238,3,1,1
1910,Guinea Fowl Mines Limited,cyanid,0.01507782,1,3,0,3,1,2,1,0,0,0,0.1610192990752474,0.0175438596491228,1,0.3630573248407643,0.4035087719298244,0,0.18483256609044232,0.0303030303030303,2,0.4074074074074074,0.45328282828282823,0.00134438714031826,0.23035932585823657,0.03409090909090909,3,0.39461883408071746,0.43939393939393945,0.00228738954052617,2.595723700839511e-7,0.02843601895734597,6,0.15770925110132158,0.15353945685699236,3.0091025351688854e-5,united states of america,extraction,USA,0,0,0.098,0.581,1,2,1,1,2,1,98,3,1,0.900247987322166,0.8929159482487512,3,1,1
1911,Guinea Fowl Mines Limited,cyanid,0.01507782,1,3,4.5913793676987665e-4,0,0,0,0,0,0,0,0,0,0,0,0,0,0,0,0,0,0,0,0,0,0,0,0,0,4.996842348251113e-4,0.00381679389312977,1,0.22857142857142856,0.20670210832424604,0,united states of america,extraction,USA,0,0,0.098,0.581,1,2,1,1,2,1,98,3,1,0.9090477242361656,0.900247987322166,3,1,1
1912,Guinea Fowl Mines Limited,cyanid,0.01507782,1,3,0,2,1,1,1,1,1,1,0.1985315310560223,0.02898550724637681,2,0.3401015228426396,0.377294685990338,0.01344842284739982,0.0926840370505694,0.01204819277108433,1,0.3878504672897196,0.4307228915662651,0,0.1411659122335533,0.02727272727272727,3,0.3898916967509025,0.4265151515151518,0.0027263203788329,0.01067507264570056,0.01597444089456869,5,0.2689784442361762,0.2866539654878321,0.01903215849717334,united states of america,extraction,USA,0,0,0.098,0.581,1,2,1,1,2,1,98,3,1,0.9179453344387052,0.9090477242361656,3,1,1
1913,Guinea Fowl Mines Limited,cyanid,0.01507782,1,3,0,0,0,0,0,0,0,0,0,0,0,0,0,0,0,0,0,0,0,0,0,0,0,0,0,0,0.00227945639250246,0.00943396226415094,3,0.19726962457337885,0.20679223816016284,1.2553361092235388e-4,united states of america,extraction,USA,0,0,0.083,0.581,1,2,1,1,2,1,98,3,1,0.9228291504899564,0.9179453344387052,3,1,1
1914,Guinea Fowl Mines Limited,cyanid,0.01507782,0,3,0,0,0,0,0,0,0,0,0,0,0,0,0,0,0,0,0,0,0,0,0,0,0,0,0,0,0.00356658309148547,0.00833333333333333,3,0.21226740179186768,0.2048456790123465,4.421452889419463e-6,united states of america,extraction,USA,0,0,0.079,0.581,1,2,1,1,2,1,98,3,1,0.908179444741422,0.9228291504899564,3,1,1
1909,Gwalia Consolidated Limited,cyanid,3.045809,1,5,0,0,0,0,0,1,1,1,0.16596543138017372,0.02985074626865671,2,0.3439153439153439,0.3810945273631839,0.01744210862256995,0.06952231889198343,0.0131578947368421,1,0.31932773109243695,0.36184210526315785,0,0.11863051014184348,0.03092783505154639,3,0.35315985130111527,0.3934707903780067,0.00345610988506907,0,0,0,0,0,0,united kingdom,extraction,GBR,1,1,0.028,0.73,2,2,2,2,2,1,98,3,1,0.8929159482487512,0.9055704681028238,5,1,1
1910,Gwalia Consolidated Limited,cyanid,3.039883,1,6,0,2,0,0,0,0,0,0,0,0,0,0,0,0,0,0,0,0,0,0,0,0,0,0,0,0,0,0,0,0,0,0,united kingdom,extraction,GBR,1,1,0.028,0.73,2,2,2,2,2,2,98,3,1,0.900247987322166,0.8929159482487512,6,1,1
1911,Gwalia Consolidated Limited,cyanid,3.038405,1,5,5.2291847233171e-4,2,0,0,0,0,0,0,0,0,0,0,0,0,0,0,0,0,0,0,0,0,0,0,0,0,0,0.00381679389312977,1,0.6666666666666666,0.00572519083969465,0,united kingdom,extraction,GBR,1,1,0.028,0.73,2,2,2,2,2,2,98,3,1,0.9090477242361656,0.900247987322166,5,1,1
1912,Gwalia Consolidated Limited,cyanid,3.041363,1,4,0,2,0,0,0,0,0,0,0,0,0,0,0,0,0,0,0,0,0,0,0,0,0,0,0,0,5.043158052688611e-12,0.00638977635782747,2,0.11093931194433708,0.11658908888518024,0,united kingdom,extraction,GBR,1,1,0.028,0.73,2,2,2,2,2,2,98,3,1,0.9179453344387052,0.9090477242361656,4,1,1
1913,Gwalia Consolidated Limited,cyanid,3.041363,1,4,0,0,0,0,0,0,0,0,0,0,0,0,0,0,0,0,0,0,0,0,0,0,0,0,0,0,7.591239939039246e-13,0.00314465408805031,1,0.08573123702165529,0.08850350819690449,0,united states of america,extraction,USA,0,0,0.083,0.581,1,2,1,1,2,1,98,3,1,0.9228291504899564,0.9179453344387052,4,1,1
1913,Hampton Uruguay Limited,cyanid,0.5842259000000001,1,5,0,0,0,0,0,0,1,0,0,0,0,0,0,0,0.0546317435510724,0.01265822784810126,1,0.32113821138211385,0.36392405063291133,0,0.05681765265575402,0.01020408163265306,1,0.31313131313131315,0.3340136054421768,0,0,0,0,0,0,0,united states of america,extraction,USA,0,0,0.083,0.581,1,2,1,1,2,1,98,3,1,0.9228291504899564,0.9179453344387052,5,1,1
1915,Hampton Uruguay Limited,cyanid,0.5842259000000001,1,6,0,2,0,1,0,0,0,0,0,0,0,0,0,0,0.07322309911761911,0.01219512195121951,1,0.33884297520661155,0.3841463414634146,0,0.06986209179358624,0.01020408163265306,1,0.3333333333333333,0.3656462585034011,0,3.2394883523263145e-6,0.00852272727272727,3,0.18053993250843645,0.17985096500721523,0.00647905335405335,australia,extraction,AUS,0,1,0.041,0.659,2,3,3,2,3,3,99,3,1,0.8901492706922215,0.908179444741422,6,1,1
1916,Hampton Uruguay Limited,cyanid,0.02854424,1,6,0,0,0,0,0,0,0,0,0,0,0,0,0,0,0,0,0,0,0,0,0,0,0,0,0,0,0,0,0,0,0,0,united states of america,extraction,USA,0,0,0.07,0.581,1,2,1,1,2,1,98,3,1,0.8715313750908763,0.8901492706922215,6,1,1
1908,Hannan Reward Limited,cyanid,0.08519961,1,7,1935.325106752318,0,0,0,0,1,0,0,0.1087604726633199,0.01408450704225352,1,0.29218106995884774,0.33041582830315236,0,0,0,0,0,0,0,0.02308666385307566,0.00925925925925925,1,0.2819843342036554,0.30725308641975324,0,0,0,0,0,0,0,australia,extraction,AUS,0,1,0.041,0.659,2,2,2,2,2,2,99,2,1,0.9055704681028238,0.9101864858593508,7,1,0
1908,Hannan Reward Limited,cyanid,0.08519961,1,7,0,0,0,0,0,1,0,0,0.1087604726633199,0.01408450704225352,1,0.29218106995884774,0.33041582830315236,0,0,0,0,0,0,0,0.02308666385307566,0.00925925925925925,1,0.2819843342036554,0.30725308641975324,0,0,0,0,0,0,0,united states of america,extraction,USA,0,0,0.117,0.581,1,1,1,1,1,1,98,1,1,0.9055704681028238,0.9101864858593508,7,1,1
1909,Hannan Reward Limited,cyanid,0.08519961,1,9,0,2,0,0,0,0,1,0,0,0,0,0,0,0,0.09757762654544924,0.0131578947368421,1,0.37623762376237624,0.4210526315789473,0,0.08763848030088957,0.01030927835051546,1,0.3584905660377358,0.39003436426116816,0,0,0.01123595505617977,2,1,0.01123595505617977,6.347997206881229e-5,australia,extraction,AUS,0,1,0.041,0.659,2,2,2,2,2,2,99,2,1,0.8929159482487512,0.9055704681028238,9,1,1
1909,Hannan Reward Limited,cyanid,0.08519961,1,9,0,2,0,0,0,0,1,0,0,0,0,0,0,0,0.09757762654544924,0.0131578947368421,1,0.37623762376237624,0.4210526315789473,0,0.08763848030088957,0.01030927835051546,1,0.3584905660377358,0.39003436426116816,0,0,0.01123595505617977,2,1,0.01123595505617977,6.347997206881229e-5,united states of america,extraction,USA,0,0,0.117,0.581,1,1,1,1,1,1,98,1,1,0.8929159482487512,0.9055704681028238,9,1,1
1910,Hannan Reward Limited,cyanid,0.08519961,1,1,0,1,0,0,0,0,0,0,0,0,0,0,0,0,0,0,0,0,0,0,0,0,0,0,0,0,0.00832914222411929,0.00473933649289099,1,0.2524682651622003,0.2441642217708569,0,australia,extraction,AUS,0,1,0.041,0.659,2,3,2,2,3,2,99,2,1,0.900247987322166,0.8929159482487512,1,1,1
1911,Hannan Reward Limited,cyanid,0.08519961,1,1,0.00363285253464586,0,0,0,0,0,0,0,0,0,0,0,0,0,0,0,0,0,0,0,0,0,0,0,0,0,0,0,0,0,0,0,australia,extraction,AUS,0,1,0.041,0.659,2,3,2,2,3,2,99,2,1,0.9090477242361656,0.900247987322166,1,1,1
1913,Hannan Reward Limited,cyanid,0.08519961,1,1,0,0,0,0,0,0,0,0,0,0,0,0,0,0,0,0,0,0,0,0,0,0,0,0,0,0,0.00250561106027391,0.00628930817610062,2,0.2254290171606864,0.2292615054407515,0.08414229386868041,australia,extraction,AUS,0,1,0.041,0.659,2,3,2,2,3,2,99,2,1,0.9228291504899564,0.9179453344387052,1,1,1
1914,Hannan Reward Limited,cyanid,0.08519961,1,5,0,2,1,0,0,0,0,0,0.08121042681447756,0.01587301587301587,1,0.2843601895734597,0.3076719576719577,0,0,0,0,0,0,0,0.03138945016009031,0.01098901098901099,1,0.2774390243902439,0.30311355311355315,0,6.628733380373786e-18,0.00277777777777777,1,1,0.00277777777777777,0,australia,extraction,AUS,0,1,0.041,0.659,2,3,2,2,3,2,99,2,1,0.908179444741422,0.9228291504899564,5,1,1
1917,Hausa Nigeria Limited,cyanid,0.3156274,1,1,0,0,0,0,0,0,0,0,0,0,0,0,0,0,0,0,0,0,0,0,0,0,0,0,0,0,0,0,0,0,0,0,united states of america,extraction,USA,0,0,0.07,0.581,1,2,1,1,2,1,98,3,1,0.8562317952059528,0.8715313750908763,1,1,1
1912,Hay Gold Mining Limited,cyanid,0.6861443,1,3,0,0,0,0,0,1,1,1,0.0127869715443501,0.0144927536231884,1,0.2271186440677966,0.24627329192546576,0,0.06512410373025115,0.01204819277108433,1,0.3487394957983193,0.39457831325301207,0,0.0686532759766448,0.01818181818181818,2,0.32432432432432434,0.3643939393939394,0.00116414330307025,0,0,0,0,0,0,united states of america,extraction,USA,0,0,0.098,0.581,1,2,1,1,2,1,98,3,1,0.9179453344387052,0.9090477242361656,3,1,1
1913,Hay Gold Mining Limited,cyanid,0.6861443,1,4,0,2,1,2,1,0,0,0,0,0.01724137931034482,1,0.35,0.05316091954022989,0,0.0546317435510724,0.01265822784810126,1,0.32113821138211385,0.36392405063291133,0,0.05897755188534758,0.02040816326530612,2,0.3152542372881356,0.3408163265306121,0.00591846447191385,0.0085956036156745,0.00943396226415094,3,0.21877365632096896,0.23193913877876185,6.956313853688995e-4,united states of america,extraction,USA,0,0,0.083,0.581,1,2,1,1,2,1,98,3,1,0.9228291504899564,0.9179453344387052,4,1,1
1914,Hay Gold Mining Limited,cyanid,0.6861443,1,7,0,2,1,1,1,0,0,0,8.628626926949778e-19,0.01587301587301587,1,0.6666666666666666,0.0238095238095238,0,0.07154364381956921,0.01388888888888888,1,0.3333333333333333,0.37847222222222215,0,0.07309855541855226,0.02197802197802198,2,0.3159722222222222,0.3631868131868132,0.0051790450024426,9.627577718785142e-5,0.00277777777777777,1,0.1752988047808765,0.16287437870771196,0,united states of america,extraction,USA,0,0,0.079,0.581,1,2,1,1,2,1,98,3,1,0.908179444741422,0.9228291504899564,7,1,1
1915,Hay Gold Mining Limited,cyanid,0.6861443,1,4,0,3,1,2,1,0,0,0,0,0.01612903225806451,1,0.6,0.03225806451612903,0,0.0732230991176191,0.01219512195121951,1,0.33884297520661155,0.3841463414634146,0,0.07177388302470959,0.02040816326530612,2,0.3356643356643357,0.37244897959183654,0.00652219650746898,0.0019139662297021,0.01136363636363636,4,0.25255704169944926,0.2521306818181823,4.401596435488312e-4,united states of america,extraction,USA,0,0,0.07,0.581,1,2,1,1,2,1,98,3,1,0.8901492706922215,0.908179444741422,4,1,1
1916,Hay Gold Mining Limited,cyanid,0.6861443,1,4,0,0,0,0,0,0,0,0,0,0,0,0,0,0,0,0,0,0,0,0,0,0,0,0,0,0,0,0,0,0,0,0,united states of america,extraction,USA,0,0,0.07,0.581,1,2,1,1,2,1,98,3,1,0.8715313750908763,0.8901492706922215,4,1,1
1919,Hay Gold Mining Limited,cyanid,0.6861443,1,6,0,4,1,2,1,0,2,0,4.945800703329054e-17,0.01886792452830188,1,0.6,0.03773584905660377,0,0.29515907268556885,0.04615384615384615,3,0.4924242424242424,0.5128205128205129,0.01135002415685261,0.2896443964988502,0.05,4,0.4545454545454546,0.48645833333333377,0.02508281050491843,0.02941462397008559,0.01685393258426966,6,0.30866425992779783,0.3274143927233813,0.00697373985670468,united states of america,extraction,USA,0,0,0.07,0.581,1,2,1,1,2,1,98,3,1,0.8666171596554353,0.8554794889536566,6,1,1
1920,Hearreira Delvelopment Oil,cyanid,0.5646426999999999,1,7,0,5,0,1,0,0,0,0,0,0,0,0,0,0,0.10587932409349128,0.01639344262295082,1,0.3630952380952381,0.4098360655737705,0,0.1011716906896851,0.01282051282051282,1,0.3436123348017621,0.3846153846153844,0,0.3957474459975946,0.22916666666666663,88,0.4002157497303128,0.4815848214285743,0.05080887506920339,canada,extraction,CAN,0,1,0.067,0.631,2,1,1,2,2,1,98,0,1,0.8827313706089669,0.8666171596554353,7,1,1
1894,Henry Nourse Gold Mining Company,cyanid,0.3902439,1,11,9215.796431216804,0,0,0,0,2,2,1,0.3660254037844388,0.1111111111111111,1,0.4666666666666667,0.40740740740740744,0,0.3797353327119667,0.15384615384615383,2,0.4642857142857143,0.532051282051282,0.00231481481481481,0.4471949108488702,0.16666666666666666,3,0.45,0.5231481481481481,0.02368018060686432,0,0,0,0,0,0,south africa,extraction,ZAF,1,1,NA,NA,NA,NA,NA,NA,NA,NA,NA,NA,NA,0.6957655151230822,0.6304463154435564,11,1,0
1895,Henry Nourse Gold Mining Company,cyanid,0.3910068,1,15,0,8,4,2,2,0,1,0,0.27210029179888107,0.03125,1,0.3466666666666667,0.32031249999999994,0,0.3910094710767387,0.09375,3,0.43243243243243246,0.4947916666666667,0.01004457518482764,0.44176548179569175,0.08888888888888889,4,0.4166666666666667,0.4740740740740738,0.0168501892637331,0.6813244217988567,0.2571428571428571,9,0.44642857142857145,0.41523809523809535,0.14678606174404496,united kingdom,extraction,GBR,1,1,0.028,0.73,2,2,NA,2,2,NA,98,3,1,0.7078988530850715,0.6957655151230822,15,1,1
1908,Hikutaia Gold Syndicate Limited,cyanid,0.0729927,0,1,0,0,0,0,0,0,1,0,0,0,0,0,0,0,0.06461188410312478,0.01265822784810126,1,0.32644628099173556,0.370253164556962,0,0.06210018958468791,0.00925925925925925,1,0.3059490084985836,0.34398148148148133,0,0,0,0,0,0,0,new zealand,extraction,NA,0,0,NA,NA,NA,NA,NA,NA,NA,NA,NA,NA,NA,0.9055704681028238,0.9101864858593508,1,1,1
1909,Hikutaia Gold Syndicate Limited,cyanid,0.07309942,0,1,0,0,0,0,0,0,0,0,0,0,0,0,0,0,0,0,0,0,0,0,0,0,0,0,0,0,0,0,0,0,0,0,new zealand,extraction,NA,0,0,NA,NA,NA,NA,NA,NA,NA,NA,NA,NA,NA,0.8929159482487512,0.9055704681028238,1,1,1
1913,Hollinger Ibre Gold Mines Limited,cyanid,3,1,2,944.8498229643144,1,0,0,0,0,0,0,0,0,0,0,0,0,0,0,0,0,0,0,0,0,0,0,0,0,1.942716860774181e-18,0.00314465408805031,1,1,0.00314465408805031,0,canada,extraction,CAN,0,1,0.072,0.61,2,1,1,2,1,1,96,0,1,0.9228291504899564,0.9179453344387052,2,1,0
1914,Hollinger Ibre Gold Mines Limited,cyanid,3,0,4,0,1,0,0,0,0,0,0,0,0,0,0,0,0,0,0,0,0,0,0,0,0,0,0,0,0,3.112242300312664e-5,0.00277777777777777,1,0.17420814479638008,0.16039752685585987,0,canada,extraction,CAN,0,1,0.067,0.61,2,1,1,2,1,1,96,0,1,0.908179444741422,0.9228291504899564,4,1,1
1915,Hollinger Ibre Gold Mines Limited,cyanid,3,1,5,0,1,0,0,0,0,0,0,0,0,0,0,0,0,0,0,0,0,0,0,0,0,0,0,0,0,0,0,0,0,0,0,canada,extraction,CAN,0,1,0.067,0.61,2,2,1,2,2,1,98,0,1,0.8901492706922215,0.908179444741422,5,1,1
1916,Hollinger Ibre Gold Mines Limited,cyanid,3,1,5,0,0,0,0,0,0,0,0,0,0,0,0,0,0,0,0,0,0,0,0,0,0,0,0,0,0,0,0,0,0,0,0,canada,extraction,CAN,0,1,0.067,0.61,2,2,1,2,2,1,98,0,1,0.8715313750908763,0.8901492706922215,5,1,1
1917,Hollinger Ibre Gold Mines Limited,cyanid,3,1,5,0,0,0,0,0,0,0,0,0,0,0,0,0,0,0,0,0,0,0,0,0,0,0,0,0,0,0,0,0,0,0,0,united states of america,extraction,USA,0,0,0.07,0.581,1,2,1,1,2,1,98,3,1,0.8562317952059528,0.8715313750908763,5,1,1
1923,Hollinger Ibre Gold Mines Limited,cyanid,3,1,1,0,1,0,0,0,0,0,0,0,0,0,0,0,0,0,0,0,0,0,0,0,0,0,0,0,0,3.7168383356154026e-18,0.00529100529100529,2,1,0.00529100529100529,1.4034496793117482e-5,canada,extraction,CAN,0,1,0.07,0.631,2,1,1,2,2,1,98,0,1,0.9260468773507357,0.9128783852142348,1,1,1
1919,Hook Yuanm Gold,cyanid,1.146525,1,15,0,2,0,0,0,0,0,0,0,0,0,0,0,0,0,0,0,0,0,0,0,0,0,0,0,0,0.00703618323176578,0.02528089887640449,9,0.29457364341085274,0.3051029962546818,0.00159194639221048,united states of america,extraction,USA,0,0,0.07,0.581,1,2,1,1,2,1,98,3,1,0.8666171596554353,0.8554794889536566,15,1,1
1912,Huinquintipa Syndicate Limited,cyanid,0.05839416,1,7,0,2,1,0,0,0,0,0,0.09061525051768882,0.0144927536231884,1,0.27800829875518673,0.30869565217391315,0,0,0,0,0,0,0,0.02403219351102121,0.00909090909090909,1,0.27621483375959077,0.29363636363636375,0,0,0.00638977635782747,2,1,0.00319488817891373,0,united kingdom,extraction,GBR,1,1,0.028,0.73,2,2,2,2,2,2,98,3,1,0.9179453344387052,0.9090477242361656,7,1,1
1917,Hutti Nizadm Gold Mines Limited,cyanid,0.2382087,1,1,0,0,0,0,0,1,1,1,0.18857710109560244,0.02777777777777777,1,0.2909090909090909,0.3097222222222221,0,0.3826272781048882,0.06521739130434782,3,0.4423076923076923,0.4909420289855072,0.00889188567126558,0.41338752072842694,0.06557377049180328,4,0.4178082191780822,0.4718579234972676,0.01782460151973228,0,0,0,0,0,0,united states of america,extraction,USA,0,0,0.07,0.581,1,2,1,1,2,1,98,3,1,0.8562317952059528,0.8715313750908763,1,1,1
1919,Hutti Nizadm Gold Mines Limited,cyanid,0.2213369,1,6,0,2,0,0,0,0,0,0,0,0,0,0,0,0,0,0,0,0,0,0,0,0,0,0,0,0,2.006563764147484e-5,0.00842696629213483,3,0.19826086956521735,0.20071562332798384,0.00539642348472859,united kingdom,extraction,GBR,1,1,0.028,0.73,2,2,1,2,2,1,89,3,1,0.8666171596554353,0.8554794889536566,6,1,1
1908,Hutti Nizam Gold Mines Limited,cyanid,0.243309,1,12,411.19520100844954,0,0,0,0,0,1,0,0,0,0,0,0,0,0.1637817135240837,0.02531645569620253,2,0.4388888888888889,0.4736286919831224,0.0018922661490818,0.1529357013839339,0.01851851851851851,2,0.37894736842105264,0.4223765432098768,9.26343595461395e-4,0,0,0,0,0,0,united states of america,extraction,USA,0,0,0.117,0.581,1,1,1,1,1,1,98,1,1,0.9055704681028238,0.9101864858593508,12,1,0
1909,Hutti Nizam Gold Mines Limited,cyanid,0.243309,1,3,0,2,0,0,0,1,0,0,0.10791345261595828,0.01492537313432835,1,0.28634361233480177,0.314179104477612,0,0,0,0,0,0,0,0.03216149211263471,0.01030927835051546,1,0.28023598820059,0.2994845360824743,0,0,0,0,0,0,0,united states of america,extraction,USA,0,0,0.117,0.581,1,1,1,1,1,1,98,1,1,0.8929159482487512,0.9055704681028238,3,1,1
1910,Hutti Nizam Gold Mines Limited,cyanid,0.05836576,1,3,0,0,0,0,0,0,0,0,0,0,0,0,0,0,0,0,0,0,0,0,0,0,0,0,0,0,0,0,0,0,0,0,united states of america,extraction,USA,0,0,0.098,0.581,1,2,1,1,2,1,98,3,1,0.900247987322166,0.8929159482487512,3,1,1
1911,Hutti Nizam Gold Mines Limited,cyanid,0.05833737999999999,1,1,0.7703875842848864,0,0,0,0,0,0,0,0,0,0,0,0,0,0,0,0,0,0,0,0,0,0,0,0,0,0,0,0,0,0,0,united states of america,extraction,USA,0,0,0.098,0.581,1,2,1,1,2,1,98,3,1,0.9090477242361656,0.900247987322166,1,1,1
1913,Hutti Nizam Gold Mines Limited,cyanid,0.05842258999999999,1,4,0,0,0,0,0,0,1,0,0,0,0,0,0,0,0.1380995366547817,0.02531645569620253,2,0.4114583333333333,0.4546413502109704,0.01785928547304065,0.138447618064739,0.02040816326530612,2,0.3891213389121339,0.40986394557823136,0.00831039056965796,0,0,0,0,0,0,united kingdom,extraction,GBR,1,1,0.028,0.73,2,2,2,2,2,2,98,3,1,0.9228291504899564,0.9179453344387052,4,1,1
1914,Hutti Nizam Gold Mines Limited,cyanid,0.2378687,0,3,0,1,0,0,0,0,0,0,0,0,0,0,0,0,0,0,0,0,0,0,0,0,0,0,0,0,4.2736036158707085e-18,0.00277777777777777,1,1,0.00277777777777777,0,united kingdom,extraction,GBR,1,1,0.028,0.73,2,2,2,2,2,2,98,3,1,0.908179444741422,0.9228291504899564,3,1,1
1915,Hutti Nizam Gold Mines Limited,cyanid,0.2378687,1,1,34.48330482755223,0,0,0,0,0,0,0,0,0,0,0,0,0,0,0,0,0,0,0,0,0,0,0,0,0,0,0,0,0,0,0,united states of america,extraction,USA,0,0,0.07,0.581,1,2,1,1,2,1,98,3,1,0.8901492706922215,0.908179444741422,1,1,1
1916,Hutti Nizam Gold Mines Limited,cyanid,0.2383222,1,1,0,0,0,0,0,0,0,0,0,0,0,0,0,0,0,0,0,0,0,0,0,0,0,0,0,0,4.802576438448515e-4,0.00604229607250755,2,0.235207100591716,0.24515537332757964,0,united states of america,extraction,USA,0,0,0.07,0.581,1,2,1,1,2,1,98,3,1,0.8715313750908763,0.8901492706922215,1,1,1
1920,Hutti Nizam Gold Mines Limited,cyanid,0.1832173,1,7,0,3,0,0,0,0,0,0,0,0,0,0,0,0,0,0,0,0,0,0,0,0,0,0,0,0,0.00382668800334976,0.015625,6,0.3237347294938918,0.34309895833333154,0.0024507622169553,united kingdom,extraction,GBR,1,1,0.028,0.73,2,2,1,2,2,1,89,3,1,0.8827313706089669,0.8666171596554353,7,1,1
1908,Ida Gold Mining Company,cyanid,0.3889159,1,4,0,0,0,0,0,0,0,0,0,0,0,0,0,0,0,0,0,0,0,0,0,0,0,0,0,0,0,0,0,0,0,0,united states of america,extraction,USA,0,0,0.117,0.581,1,1,1,1,1,1,98,1,1,0.9055704681028238,0.9101864858593508,4,1,1
1909,Ida Gold Mining Company,cyanid,0.2436647,1,8,0,0,0,0,0,0,1,0,0,0,0,0,0,0,0.06924109956665807,0.0131578947368421,1,0.336283185840708,0.38157894736842096,0,0.06091080298477588,0.01030927835051546,1,0.32646048109965636,0.3577319587628865,0,0,0,0,0,0,0,united states of america,extraction,USA,0,0,0.117,0.581,1,1,1,1,1,1,98,1,1,0.8929159482487512,0.9055704681028238,8,1,1
1910,Ida Gold Mining Company,cyanid,0.2431907,1,5,0,1,0,1,0,1,1,1,0.16101929907524734,0.0175438596491228,1,0.3630573248407643,0.4035087719298244,0,0.25130488281087304,0.04545454545454545,3,0.4714285714285714,0.5012626262626262,0.00912836228322155,0.29048346409269377,0.04545454545454545,4,0.4334975369458128,0.4725378787878792,0.00709993526574091,7.998458578936075e-19,0.00473933649289099,1,1,0.00473933649289099,0,united states of america,extraction,USA,0,0,0.098,0.581,1,2,1,1,2,1,98,3,1,0.900247987322166,0.8929159482487512,5,1,1
1912,Ida Gold Mining Company,cyanid,0.34350359999999996,1,3,0,2,0,2,0,0,0,0,0,0,0,0,0,0,0.1613342171555529,0.02409638554216867,2,0.415,0.45682730923694786,6.102861837270865e-4,0.15244094640127784,0.01818181818181818,2,0.3763066202090593,0.41136363636363665,2.9325822660648446e-4,6.4309029078022996e-12,0.01597444089456869,5,0.11098221191028616,0.1181865329746371,6.301554593518221e-6,united states of america,extraction,USA,0,0,0.098,0.581,1,2,1,1,2,1,98,3,1,0.9179453344387052,0.9090477242361656,3,1,1
1908,Indwe Railway Collieries,cyanid,0.243309,1,2,382.0578442854707,0,0,0,0,0,0,0,0,0,0,0,0,0,0,0,0,0,0,0,0,0,0,0,0,0,0,0,0,0,0,0,united states of america,extraction,USA,0,0,0.117,0.581,1,1,1,1,1,1,98,1,1,0.9055704681028238,0.9101864858593508,2,1,0
1909,Inez Gold Mining Company,cyanid,0.5111977,1,2,0,0,0,0,0,0,0,0,0,0,0,0,0,0,0,0,0,0,0,0,0,0,0,0,0,0,0,0,0,0,0,0,united states of america,extraction,USA,0,0,0.117,0.581,1,1,1,1,1,1,98,1,1,0.8929159482487512,0.9055704681028238,2,1,1
1910,Inez Gold Mining Company,cyanid,0.5111977,1,2,0,0,0,0,0,0,0,0,0,0,0,0,0,0,0,0,0,0,0,0,0,0,0,0,0,0,0,0,0,0,0,0,united states of america,extraction,USA,0,0,0.098,0.581,1,2,1,1,2,1,98,3,1,0.900247987322166,0.8929159482487512,2,1,1
1913,Inez Gold Mining Company,cyanid,0.5111977,1,2,0,0,0,0,0,0,0,0,0,0,0,0,0,0,0,0,0,0,0,0,0,0,0,0,0,0,0,0,0,0,0,0,united states of america,extraction,USA,0,0,0.083,0.581,1,2,1,1,2,1,98,3,1,0.9228291504899564,0.9179453344387052,2,1,1
1911,Insiza Mines Limited,cyanid,0.4868549,1,8,4.5913793676987665e-4,0,0,0,0,0,0,0,0,0,0,0,0,0,0,0,0,0,0,0,0,0,0,0,0,0,0,0,0,0,0,0,united states of america,extraction,USA,0,0,0.098,0.581,1,2,1,1,2,1,98,3,1,0.9090477242361656,0.900247987322166,8,1,1
1913,Insiza Mines Limited,cyanid,0.4868549,1,8,0,2,0,2,0,0,1,0,0,0,0,0,0,0,0.2888330581114654,0.0379746835443038,3,0.4114583333333333,0.4599156118143459,0.00663263007643864,0.2735780162528621,0.03061224489795918,3,0.38589211618257263,0.4127551020408165,0.00386310814110619,0.01520787658400612,0.03144654088050314,10,0.24184100418410043,0.26680064345158777,0.04097041238801999,united states of america,extraction,USA,0,0,0.083,0.581,1,2,1,1,2,1,98,3,1,0.9228291504899564,0.9179453344387052,8,1,1
1915,Insiza Mines Limited,cyanid,0.4930966,1,5,0,0,0,0,0,0,0,0,0,0,0,0,0,0,0,0,0,0,0,0,0,0,0,0,0,0,4.494025755439781e-4,0.00284090909090909,1,0.22431865828092243,0.2230902777777787,0,united states of america,extraction,USA,0,0,0.07,0.581,1,2,1,1,2,1,98,3,1,0.8901492706922215,0.908179444741422,5,1,1
1916,Insiza Mines Limited,cyanid,0.4930966,1,4,0,2,0,2,0,0,0,0,0,0,0,0,0,0,0.33659743869887215,0.05172413793103448,3,0.4461538461538462,0.48850574712643674,0.02131900301685645,0.32742777658227024,0.04,3,0.3989361702127659,0.4459999999999999,0.01215231904522943,0.01964164309590872,0.03323262839879154,11,0.30754352030947774,0.3321752265861028,0.04308285558461739,united states of america,extraction,USA,0,0,0.07,0.581,1,2,1,1,2,1,98,3,1,0.8715313750908763,0.8901492706922215,4,1,1
1917,Insiza Mines Limited,cyanid,0.4930966,1,7,0,4,0,2,0,0,0,0,0,0,0,0,0,0,0.3826272781048882,0.06521739130434782,3,0.4423076923076923,0.4909420289855072,0.00889188567126558,0.3626696457458891,0.04918032786885246,3,0.3860759493670886,0.4404371584699452,0.00443888438156124,0.01621402728987359,0.02976190476190476,10,0.30151228733459357,0.32985402494331056,0.0440255019030203,united states of america,extraction,USA,0,0,0.07,0.581,1,2,1,1,2,1,98,3,1,0.8562317952059528,0.8715313750908763,7,1,1
1917,Irtysh Corporation Limited,cyanid,4.573606,1,7,0,4,0,0,0,0,0,0,0,0,0,0,0,0,0,0,0,0,0,0,0,0,0,0,0,0,0.00247934221202916,0.01785714285714285,6,0.27933450087565675,0.2895762471655336,0.0055964918728986,united kingdom,extraction,GBR,1,1,0.028,0.73,2,2,2,2,2,2,94,3,1,0.8562317952059528,0.8715313750908763,7,1,1
1908,Ivan Hoe Gold Corporation Limited,cyanid,4.671533,1,7,0,1,0,0,0,1,1,1,0.02980144348462646,0.01408450704225352,1,0.24067796610169492,0.2682092555331993,0,0.09233751503463264,0.01265822784810126,1,0.3798076923076923,0.4240506329113924,0,0.09989865585959692,0.01851851851851851,2,0.34726688102893893,0.3922839506172838,6.670711420098165e-4,0.01082091069315758,0.0131578947368421,1,0.2757009345794392,0.23749999999999996,0,united kingdom,extraction,GBR,1,1,0.028,0.73,2,2,2,2,2,1,98,3,1,0.9055704681028238,0.9101864858593508,7,1,1
1909,Ivan Hoe Gold Corporation Limited,cyanid,4.678363,1,6,0,4,1,1,1,0,0,0,0.02075896065648,0.01492537313432835,1,0.24344569288389512,0.2576048329779674,0,0.09757762654544928,0.0131578947368421,1,0.37623762376237624,0.4210526315789473,0,0.09582384173792646,0.02061855670103092,2,0.3612167300380228,0.3969072164948452,0.00135661905152884,0.00645161572286427,0.02808988764044943,5,0.26990291262135924,0.2419297306937757,0.00724832987200007,united kingdom,extraction,GBR,1,1,0.028,0.73,2,2,2,2,2,1,98,3,1,0.8929159482487512,0.9055704681028238,6,1,1
1911,Ivan Hoe Gold Corporation Limited,cyanid,4.666991,1,6,1.0013217677085525e-4,2,0,0,0,0,0,0,0,0,0,0,0,0,0,0,0,0,0,0,0,0,0,0,0,0,2.280611936675131e-5,0.01145038167938931,3,0.1958295557570263,0.17842602689930925,3.767841975025114e-4,united kingdom,extraction,GBR,1,1,0.028,0.73,2,2,2,2,2,2,98,3,1,0.9090477242361656,0.900247987322166,6,1,1
1911,Ivan Hoe Gold Corporation Limited,cyanid,4.666991,1,6,2.3055664769700536e-4,2,0,0,0,0,0,0,0,0,0,0,0,0,0,0,0,0,0,0,0,0,0,0,0,0,2.280611936675131e-5,0.01145038167938931,3,0.1958295557570263,0.17842602689930925,3.767841975025114e-4,united states of america,extraction,USA,0,0,0.098,0.581,1,2,1,1,2,1,98,3,1,0.9090477242361656,0.900247987322166,6,1,1
1913,Ivan Hoe Gold Corporation Limited,cyanid,4.671533,1,9,0,1,0,0,0,0,1,0,0,0,0,0,0,0,0.11542706741356204,0.01265822784810126,1,0.34347826086956523,0.3892405063291139,0,0.1086112827912932,0.01020408163265306,1,0.3333333333333333,0.35578231292517,0,2.0388721618333273e-6,0.00628930817610062,2,0.14566532258064516,0.14681348525688223,0.00571394559847628,united kingdom,extraction,GBR,1,1,0.028,0.73,2,2,2,2,2,2,98,3,1,0.9228291504899564,0.9179453344387052,9,1,1
1914,Ivan Hoe Gold Corporation Limited,cyanid,4.733728,1,4,0,2,0,0,0,0,0,0,0,0,0,0,0,0,0,0,0,0,0,0,0,0,0,0,0,0,2.6679849842669505e-4,0.01111111111111111,4,0.19935275080906148,0.188595679012346,0,united kingdom,extraction,GBR,1,1,0.028,0.73,2,2,2,2,2,2,98,3,1,0.908179444741422,0.9228291504899564,4,1,1
1915,Ivan Hoe Gold Corporation Limited,cyanid,4.567079,1,13,0,3,0,0,0,0,2,0,0,0,0,0,0,0,0.13358350274263575,0.02439024390243902,2,0.3867924528301887,0.4349593495934959,0.00300929913328117,0.1271761905935382,0.02040816326530612,2,0.3720930232558139,0.40816326530612235,0.0015432789465489,2.907433907380321e-4,0.01704545454545454,6,0.2620408163265306,0.2687702922077927,0.00334086299230731,united kingdom,extraction,GBR,1,1,0.028,0.73,2,2,2,2,2,2,98,3,1,0.8901492706922215,0.908179444741422,13,1,1
1916,Ivan Hoe Gold Corporation Limited,cyanid,4.575786,1,9,0,6,0,0,0,0,0,0,0,0,0,0,0,0,0,0,0,0,0,0,0,0,0,0,0,0,0.00394214481499456,0.02416918429003021,8,0.29775280898876405,0.31622068767083905,0.03752357389647769,united kingdom,extraction,GBR,1,1,0.031,0.73,2,2,2,2,2,2,94,3,1,0.8715313750908763,0.8901492706922215,9,1,1
1919,Ivan Hoe Gold Corporation Limited,cyanid,4.426737,1,13,0,9,1,1,1,0,0,0,1.1560271556998696e-16,0.01886792452830188,1,0.42857142857142855,0.08333333333333334,0,0.11021245718263532,0.01538461538461538,1,0.3611111111111111,0.4076923076923077,0,0.11871191652347676,0.025,2,0.35714285714285715,0.4039583333333332,0.00419102370921746,0.01083931436716416,0.05898876404494382,21,0.3260247855100095,0.35262172284644094,0.08134838916962127,united kingdom,extraction,GBR,1,1,0.028,0.73,2,2,1,2,2,1,89,3,1,0.8666171596554353,0.8554794889536566,13,1,1
1920,Ivan Hoe Gold Corporation Limited,cyanid,3.517772,1,12,0,6,1,1,1,1,1,1,0.06825026679268018,0.03703703703703703,2,0.29508196721311475,0.337037037037037,0.01144455067411042,0.4157568117349176,0.06557377049180328,4,0.5169491525423728,0.5327868852459017,0.01904668915210136,0.43632418351986807,0.07692307692307693,6,0.4508670520231214,0.497863247863248,0.01656497091394592,0.00606747906502598,0.0625,24,0.36515748031496065,0.39392361111110985,0.07677907429021295,united kingdom,extraction,GBR,1,1,0.028,0.73,2,2,1,2,2,1,89,3,1,0.8827313706089669,0.8666171596554353,12,1,1
1921,Ivan Hoe Gold Corporation Limited,cyanid,3.69515,1,11,0,7,0,1,0,0,0,0,0,0,0,0,0,0,0.08091713249657767,0.0196078431372549,1,0.34459459459459457,0.392156862745098,0,0.07800183961556491,0.01470588235294117,1,0.3300970873786408,0.3693627450980392,0,0.05342979057701848,0.06199460916442048,23,0.3555776892430279,0.38382749326145305,0.03715904929267106,united kingdom,extraction,GBR,1,1,0.028,0.73,2,2,1,2,2,1,89,3,1,0.8977238173556666,0.8827313706089669,11,1,1
1922,Ivan Hoe Gold Corporation Limited,cyanid,4.25155,1,11,0,7,0,0,0,0,0,0,0,0,0,0,0,0,0,0,0,0,0,0,0,0,0,0,0,0,0.02840434979012051,0.06868131868131869,25,0.3532388663967611,0.3826465201465176,0.03531902587114604,united kingdom,extraction,GBR,1,1,0.027,0.73,2,2,1,2,2,1,89,3,1,0.9128783852142348,0.8977238173556666,11,1,1
1923,Ivan Hoe Gold Corporation Limited,cyanid,4.391583,1,9,0,7,1,1,1,0,0,0,0.01268913231852065,0.0217391304347826,1,0.2471264367816092,0.2668737060041406,0,0.09939296831355064,0.025,1,0.3333333333333333,0.3812500000000001,0,0.10582222277466852,0.03571428571428571,2,0.32748538011695905,0.37410714285714297,0.00121945884520146,0.0261660239729858,0.1058201058201058,40,0.3661257606490872,0.4044091710758366,0.05785217783292128,united kingdom,extraction,GBR,1,1,0.027,0.73,2,2,1,2,2,1,89,3,1,0.9260468773507357,0.9128783852142348,9,1,1
1909,Jacoletti Gold Mines Limited,cyanid,0.4136253,1,4,0,2,0,0,0,0,0,0,0,0,0,0,0,0,0,0,0,0,0,0,0,0,0,0,0,0,0,0.01123595505617977,2,1,0.00561797752808988,0,united states of america,extraction,USA,0,0,0.117,0.581,1,1,1,1,1,1,98,1,1,0.8929159482487512,0.9055704681028238,4,1,1
1910,Jacoletti Gold Mines Limited,cyanid,0.4136253,1,1,0,0,0,0,0,0,0,0,0,0,0,0,0,0,0,0,0,0,0,0,0,0,0,0,0,0,0,0,0,0,0,0,united states of america,extraction,USA,0,0,0.098,0.581,1,2,1,1,2,1,98,3,1,0.900247987322166,0.8929159482487512,1,1,1
1912,Jacoletti Gold Mines Limited,cyanid,0.4136253,1,2,0,1,0,0,0,0,0,0,0,0,0,0,0,0,0,0,0,0,0,0,0,0,0,0,0,0,0.00186778156010892,0.00958466453674121,3,0.22162162162162163,0.23700514962495856,0.00958769800835053,united states of america,extraction,USA,0,0,0.098,0.581,1,2,1,1,2,1,98,3,1,0.9179453344387052,0.9090477242361656,2,1,1
1913,Jacoletti Gold Mines Limited,cyanid,0.4136253,1,1,0,0,0,0,0,0,0,0,0,0,0,0,0,0,0,0,0,0,0,0,0,0,0,0,0,0,0,0,0,0,0,0,united states of america,extraction,USA,0,0,0.083,0.581,1,2,1,1,2,1,98,3,1,0.9228291504899564,0.9179453344387052,1,1,1
1895,Joe Reefs United Sheba Limited,cyanid,0.2932551,0,8,0,0,0,0,0,2,2,2,0.11120208417232506,0.03125,1,0.25742574257425743,0.2520833333333334,0,0.08960231452650921,0.03125,1,0.3333333333333333,0.3828125,0,0.12565146349934192,0.04444444444444444,2,0.33088235294117646,0.38296296296296306,0.00333527621701883,0,0,0,0,0,0,united kingdom,extraction,GBR,1,1,0.028,0.73,2,2,NA,2,2,NA,98,3,1,0.7078988530850715,0.6957655151230822,8,1,1
1909,Joint Stock Investment Company,cyanid,0.29239770000000004,1,5,0,1,0,1,0,0,1,0,0,0,0,0,0,0,0.17173371151388384,0.02631578947368421,2,0.4367816091954023,0.47258771929824567,0.00241327609439064,0.1552620966534918,0.02061855670103092,2,0.4008438818565401,0.430412371134021,0.0010294166973359,0,0.01123595505617977,2,1,0.01123595505617977,6.347997206881229e-5,mexico,extraction,MEX,0,0,0.853,0.556,-2,-2,-2,-2,-2,-2,96,1,0,0.8929159482487512,0.9055704681028238,5,1,1
1895,Jubilee Gold Mining Company,cyanid,0.07302824000000001,1,10,0,0,0,0,0,0,0,0,0,0,0,0,0,0,0,0,0,0,0,0,0,0,0,0,0,0,0,0,0,0,0,0,united states of america,extraction,USA,0,0,0.147,0.478,1,1,NA,1,1,NA,95,1,1,0.7078988530850715,0.6957655151230822,10,1,1
1908,Jubilee Gold Mining Company,cyanid,0.07302824000000001,1,10,0,3,0,0,0,0,0,0,0,0,0,0,0,0,0,0,0,0,0,0,0,0,0,0,0,0,0.663974707585943,0.09210526315789472,7,0.24180327868852455,0.24172932330827068,0.00864072841247233,united states of america,extraction,USA,0,0,0.117,0.581,1,1,1,1,1,1,98,1,1,0.9055704681028238,0.9101864858593508,10,1,1
1909,Jubilee Gold Mining Company,cyanid,0.4873294,1,15,0,8,0,0,0,0,0,0,0,0,0,0,0,0,0,0,0,0,0,0,0,0,0,0,0,0,0.12230258476429735,0.11235955056179776,20,0.35459183673469385,0.3359149277688611,0.05452577382076524,united states of america,extraction,USA,0,0,0.117,0.581,1,1,1,1,1,1,98,1,1,0.8929159482487512,0.9055704681028238,15,1,1
1909,Jubilee Gold Mining Company,cyanid,0.4873294,1,15,0,8,0,0,0,0,0,0,0,0,0,0,0,0,0,0,0,0,0,0,0,0,0,0,0,0,0.12230258476429735,0.11235955056179776,20,0.35459183673469385,0.3359149277688611,0.05452577382076524,united states of america,extraction,USA,0,0,0.117,0.581,1,1,1,1,1,1,98,1,1,0.8929159482487512,0.9055704681028238,15,1,1
1911,Jubilee Gold Mining Company,cyanid,0.4873294,1,8,4.056828286154255e-4,5,0,1,0,0,1,0,0,0,0,0,0,0,0.1607782746565248,0.02222222222222222,2,0.4411764705882353,0.47407407407407415,0.00252787565884868,0.14620324071951643,0.01680672268907563,2,0.3888888888888889,0.4292717086834737,0.0013805047749508,0.05820950033025714,0.06106870229007633,16,0.35121951219512193,0.3299618320610687,0.02016396961741189,united states of america,extraction,USA,0,0,0.098,0.581,1,2,1,1,2,1,98,3,1,0.9090477242361656,0.900247987322166,8,1,1
1912,Jubilee Gold Mining Company,cyanid,0.4381694,1,12,0,6,0,1,0,0,0,0,0,0,0,0,0,0,0.0926840370505694,0.01204819277108433,1,0.3878504672897196,0.4307228915662651,0,0.0871125223773843,0.00909090909090909,1,0.3588039867109635,0.39166666666666666,0,0.02395590343411597,0.0511182108626198,16,0.25308641975308643,0.2855152391094895,0.00365134984448279,united states of america,extraction,USA,0,0,0.098,0.581,1,2,1,1,2,1,98,3,1,0.9179453344387052,0.9090477242361656,12,1,1
1913,Jubilee Gold Mining Company,cyanid,0.4381694,1,4,0,2,0,0,0,0,0,0,0,0,0,0,0,0,0,0,0,0,0,0,0,0,0,0,0,0,0.09955087252860996,0.03144654088050314,10,0.2589605734767025,0.28687401871364254,2.7858268970960246e-4,united states of america,extraction,USA,0,0,0.083,0.581,1,2,1,1,2,1,98,3,1,0.9228291504899564,0.9179453344387052,4,1,1
1914,Juga Nigeria Tin And Power,cyanid,1.356016,1,3,0,1,0,0,0,0,0,0,0,0,0,0,0,0,0,0,0,0,0,0,0,0,0,0,0,0,0.0054835195593169,0.00555555555555555,2,0.23245283018867924,0.2219058641975316,9.550502522356628e-5,united states of america,extraction,USA,0,0,0.079,0.581,1,2,1,1,2,1,98,3,1,0.908179444741422,0.9228291504899564,3,1,1
1908,Jumbo Gold Mining Company,cyanid,0.486618,1,11,382.0578442854707,1,0,1,0,2,1,1,0.00998790986694334,0.02816901408450704,2,0.2253968253968254,0.25637156270959094,0.02816901408450704,0.14000404014381077,0.02531645569620253,2,0.4030612244897959,0.4483122362869198,0.00156722120334282,0.13665279533482044,0.03703703703703703,4,0.36860068259385664,0.41975308641975334,0.02241600804071227,0.075017273467195,0.02631578947368421,2,0.27699530516431925,0.25626566416040114,2.5958196927726006e-4,united states of america,extraction,USA,0,0,0.117,0.581,1,1,1,1,1,1,98,1,1,0.9055704681028238,0.9101864858593508,11,1,0
1908,Jumbo Gold Mining Company,cyanid,0.486618,1,11,0,1,0,1,0,2,1,1,0.00998790986694334,0.02816901408450704,2,0.2253968253968254,0.25637156270959094,0.02816901408450704,0.14000404014381077,0.02531645569620253,2,0.4030612244897959,0.4483122362869198,0.00156722120334282,0.13665279533482044,0.03703703703703703,4,0.36860068259385664,0.41975308641975334,0.02241600804071227,0.075017273467195,0.02631578947368421,2,0.27699530516431925,0.25626566416040114,2.5958196927726006e-4,united kingdom,extraction,GBR,1,1,0.028,0.73,2,2,2,2,2,1,98,3,1,0.9055704681028238,0.9101864858593508,11,1,1
1911,Jumbo Gold Mining Company,cyanid,0.4861449000000001,1,6,4.5913793676987665e-4,4,0,0,0,0,0,0,0,0,0,0,0,0,0,0,0,0,0,0,0,0,0,0,0,0,0.1284913667114498,0.07633587786259542,20,0.37961335676625657,0.3671755725190833,0.06456643655515801,united states of america,extraction,USA,0,0,0.098,0.581,1,2,1,1,2,1,98,3,1,0.9090477242361656,0.900247987322166,6,1,1
1912,Jumbo Gold Mining Company,cyanid,0.486618,1,9,0,3,1,0,0,0,0,0,0.03910037886917821,0.0144927536231884,1,0.24907063197026025,0.27960662525879926,0,0,0,0,0,0,0,0.01129849353695609,0.00909090909090909,1,0.26535626535626533,0.27969696969696967,0,0.1385262713417352,0.0511182108626198,16,0.31263616557734203,0.35406714336426676,0.04411139770528694,united states of america,extraction,USA,0,0,0.098,0.581,1,2,1,1,2,1,98,3,1,0.9179453344387052,0.9090477242361656,9,1,1
1912,Jumbo Gold Mining Company,cyanid,0.486618,1,9,0,3,1,0,0,0,0,0,0.03910037886917821,0.0144927536231884,1,0.24907063197026025,0.27960662525879926,0,0,0,0,0,0,0,0.01129849353695609,0.00909090909090909,1,0.26535626535626533,0.27969696969696967,0,0.1385262713417352,0.0511182108626198,16,0.31263616557734203,0.35406714336426676,0.04411139770528694,canada,extraction,CAN,0,1,0.072,0.61,2,1,1,2,1,1,96,0,1,0.9179453344387052,0.9090477242361656,9,1,1
1913,Jumbo Gold Mining Company,cyanid,0.4868549,1,8,0,6,1,0,0,0,0,0,0.0202408719930701,0.01724137931034482,1,0.24431818181818185,0.20574712643678153,0,0,0,0,0,0,0,0.00936622803576781,0.01020408163265306,1,0.256198347107438,0.25629251700680267,0,0.29741654663954775,0.11320754716981132,36,0.2861386138613861,0.35961618744637486,0.05890034075777797,united states of america,extraction,USA,0,0,0.083,0.581,1,2,1,1,2,1,98,3,1,0.9228291504899564,0.9179453344387052,8,1,1
1913,Jumbo Gold Mining Company,cyanid,0.4868549,1,8,0,6,1,0,0,0,0,0,0.0202408719930701,0.01724137931034482,1,0.24431818181818185,0.20574712643678153,0,0,0,0,0,0,0,0.00936622803576781,0.01020408163265306,1,0.256198347107438,0.25629251700680267,0,0.29741654663954775,0.11320754716981132,36,0.2861386138613861,0.35961618744637486,0.05890034075777797,canada,extraction,CAN,0,1,0.072,0.61,2,1,1,2,1,1,96,0,1,0.9228291504899564,0.9179453344387052,8,1,1
1914,Jumbo Gold Mining Company,cyanid,1.427212,1,2,0,0,0,0,0,0,0,0,0,0,0,0,0,0,0,0,0,0,0,0,0,0,0,0,0,0,0.12318044691168116,0.025,9,0.29931972789115646,0.30375330687830676,0.01207916304942564,canada,extraction,CAN,0,1,0.067,0.61,2,1,1,2,1,1,96,0,1,0.908179444741422,0.9228291504899564,2,1,1
1915,Jumbo Gold Mining Company,cyanid,1.427212,1,1,0,1,0,0,0,0,0,0,0,0,0,0,0,0,0,0,0,0,0,0,0,0,0,0,0,0,0.07550271088649928,0.03977272727272727,14,0.3515881708652793,0.3729775432900416,0.02056168343469079,united states of america,extraction,USA,0,0,0.07,0.581,1,2,1,1,2,1,98,3,1,0.8901492706922215,0.908179444741422,1,1,1
1916,Jumbo Gold Mining Company,cyanid,1.429933,1,1,0,0,0,0,0,0,0,0,0,0,0,0,0,0,0,0,0,0,0,0,0,0,0,0,0,0,0.03405347935233907,0.00906344410876133,3,0.3093385214007782,0.3313192346424975,6.294933661805386e-4,united states of america,extraction,USA,0,0,0.07,0.581,1,2,1,1,2,1,98,3,1,0.8715313750908763,0.8901492706922215,1,1,1
1917,Jumbo Gold Mining Company,cyanid,1.429933,1,1,0,0,0,0,0,0,0,0,0,0,0,0,0,0,0,0,0,0,0,0,0,0,0,0,0,0,0.03144040080208726,0.0119047619047619,4,0.32852729145211124,0.35347222222222124,3.192721068185566e-4,united states of america,extraction,USA,0,0,0.07,0.581,1,2,1,1,2,1,98,3,1,0.8562317952059528,0.8715313750908763,1,1,1
1919,Jumbo Gold Mining Company,cyanid,0.4764173,1,1,0,0,0,0,0,0,0,0,0,0,0,0,0,0,0,0,0,0,0,0,0,0,0,0,0,0,0.04491482771372288,0.0196629213483146,7,0.35330578512396693,0.37668539325842504,0.00519742804674106,united states of america,extraction,USA,0,0,0.07,0.581,1,2,1,1,2,1,98,3,1,0.8666171596554353,0.8554794889536566,1,1,1
1920,Jumbo Gold Mining Company,cyanid,1.099304,1,4,0,3,0,0,0,0,0,0,0,0,0,0,0,0,0,0,0,0,0,0,0,0,0,0,0,0,0.01884788250700949,0.03645833333333333,14,0.35845410628019325,0.3825086805555536,0.03853877217876604,united states of america,extraction,USA,0,0,0.078,0.581,1,2,1,1,2,1,98,3,1,0.8827313706089669,0.8666171596554353,4,1,1
1921,Jumbo Gold Mining Company,cyanid,1.099304,1,2,0,1,0,0,0,0,0,0,0,0,0,0,0,0,0,0,0,0,0,0,0,0,0,0,0,0,0.13911143164118256,0.05660377358490566,21,0.3936052921719956,0.4196765498652294,0.02097279703834545,united states of america,extraction,USA,0,0,0.095,0.581,1,2,1,1,2,1,98,3,1,0.8977238173556666,0.8827313706089669,2,1,1
1922,Jumbo Gold Mining Company,cyanid,1.328609,1,1,0,1,0,0,0,0,0,0,0,0,0,0,0,0,0,0,0,0,0,0,0,0,0,0,0,0,0.07188930138158522,0.04120879120879121,15,0.3496993987975952,0.3716575091575066,0.0095311106669178,united states of america,extraction,USA,0,0,0.094,0.581,1,2,1,1,2,1,98,3,1,0.9128783852142348,0.8977238173556666,1,1,1
1923,Jumbo Gold Mining Company,cyanid,1.37237,1,3,0,0,0,0,0,0,0,0,0,0,0,0,0,0,0,0,0,0,0,0,0,0,0,0,0,0,0.12847602547070347,0.03968253968253968,15,0.43130227001194743,0.44475308641975503,0.01401291729973134,united states of america,extraction,USA,0,0,0.096,0.581,1,2,1,1,2,1,98,3,1,0.9260468773507357,0.9128783852142348,3,1,1
1911,Jumper Gold Syndicate California Limited,cyanid,0.01215362,1,13,851.636311151814,3,0,1,0,2,2,1,0.22372577056562704,0.02631578947368421,2,0.4010989010989011,0.4254385964912279,0.01073127892732146,0.1607782746565249,0.02222222222222222,2,0.4411764705882353,0.47407407407407415,0.00252787565884868,0.22645491297553388,0.03361344537815126,4,0.4407407407407408,0.474089635854342,0.00964911431783404,0.00410531349285024,0.03053435114503816,8,0.27906976744186046,0.2620592511813894,0.07192216984267524,india,extraction,IND,1,1,0.032,0.509,NA,NA,NA,NA,NA,NA,NA,2,1,0.9090477242361656,0.900247987322166,13,1,0
1909,Jumpers Deep Limited,cyanid,1.949318,1,5,0,2,0,1,0,0,0,0,0,0,0,0,0,0,0.06924109956665805,0.0131578947368421,1,0.336283185840708,0.38157894736842096,0,0.06091080298477589,0.01030927835051546,1,0.32646048109965636,0.3577319587628865,0,0.4603799099802486,0.09550561797752807,17,0.32629107981220656,0.31204521134296476,6.48755285593532e-4,south africa,extraction,ZAF,1,1,0.408,0.115,NA,NA,NA,NA,NA,NA,NA,-2,0,0.8929159482487512,0.9055704681028238,5,1,1
1910,Jumpers Deep Limited,cyanid,1.945525,1,5,0,0,0,0,0,0,0,0,0,0,0,0,0,0,0,0,0,0,0,0,0,0,0,0,0,0,0.2052284070954453,0.04739336492890995,10,0.3173758865248227,0.33103701196118346,2.1292522187932097e-4,canada,extraction,CAN,0,1,0.074,0.597,2,1,1,2,1,1,96,0,1,0.900247987322166,0.8929159482487512,5,1,1
1895,Jumpers Gold Mining Company,cyanid,0.2052786,1,9,0,7,0,0,0,2,0,0,0.02862263059057482,0.03125,1,0.23423423423423423,0.22916666666666677,0,0,0,0,0,0,0,0.00835817204755227,0.02222222222222222,1,0.2393617021276596,0.2691005291005289,0,0.33949733070642907,0.14285714285714285,5,0.4166666666666667,0.3580952380952382,0.15242148141307804,united kingdom,extraction,GBR,1,1,0.028,0.73,2,2,NA,2,2,NA,98,3,1,0.7078988530850715,0.6957655151230822,9,1,1
1908,Jumpers Gold Mining Company,cyanid,0.2052786,1,9,0,0,0,0,0,1,1,0,0.10876047266331992,0.01408450704225352,1,0.29218106995884774,0.33041582830315236,0,0.07144419848945106,0.01265822784810126,1,0.34347826086956523,0.3892405063291139,0,0.09069157937485876,0.01851851851851851,2,0.34285714285714286,0.3887345679012345,0.00224587505718565,0,0,0,0,0,0,canada,extraction,CAN,0,1,0.074,0.597,2,1,1,2,1,1,96,0,1,0.9055704681028238,0.9101864858593508,9,1,1
1909,Jumpers Gold Mining Company,cyanid,0.2046784,1,7,0,5,0,2,0,0,0,0,0,0,0,0,0,0,0.1433971845350926,0.02631578947368421,2,0.42696629213483145,0.4660087719298245,0.00338040922740287,0.12853441933737814,0.02061855670103092,2,0.3941908713692946,0.4252577319587631,0.00153685039546352,0.386581205725799,0.11235955056179776,20,0.3893557422969188,0.3676565008025689,0.02908809630558056,canada,extraction,CAN,0,1,0.074,0.597,2,1,1,2,1,1,96,0,1,0.8929159482487512,0.9055704681028238,7,1,1
1910,Jumpers Gold Mining Company,cyanid,0.2042802,1,7,0,4,1,0,0,0,0,0,0.10945470116045324,0.0175438596491228,1,0.30158730158730157,0.3444444444444445,0,0,0,0,0,0,0,0.03759585892135975,0.01136363636363636,1,0.28664495114006516,0.315909090909091,0,0.29157633398618404,0.09004739336492891,19,0.3403041825095057,0.3658542089821717,0.00437048289024006,canada,extraction,CAN,0,1,0.074,0.597,2,1,1,2,1,1,96,0,1,0.900247987322166,0.8929159482487512,7,1,1
1911,Jumpers Gold Mining Company,cyanid,0.2041808,1,6,2.8333329557698393e-4,4,1,0,0,0,0,0,0.07510244523651509,0.0131578947368421,1,0.30416666666666664,0.3282894736842106,0,0,0,0,0,0,0,0.02588369600770079,0.00840336134453781,1,0.2833333333333333,0.3089635854341738,0,0.4587093738771454,0.16793893129770993,44,0.4044943820224719,0.4089058524173018,0.02364540331168108,canada,extraction,CAN,0,1,0.072,0.61,2,1,1,2,1,1,96,0,1,0.9090477242361656,0.900247987322166,6,1,1
1908,Jupiter Gold Company,cyanid,2.919708,1,6,0,0,0,0,0,0,0,0,0,0,0,0,0,0,0,0,0,0,0,0,0,0,0,0,0,0,0,0,0,0,0,0,canada,extraction,CAN,0,1,0.074,0.597,2,1,1,2,1,1,96,0,1,0.9055704681028238,0.9101864858593508,6,1,1
1912,Jupiter Gold Company,cyanid,2.919708,1,14,0,6,0,1,0,1,1,1,0.01274867019145913,0.0144927536231884,1,0.22259136212624583,0.24192546583850916,0,0.122145164722124,0.02409638554216867,2,0.41089108910891087,0.4538152610441768,0.00231038340313626,0.12542863908876717,0.02727272727272727,3,0.3763066202090593,0.4162121212121215,0.00374720578859552,0.4795954863654184,0.1757188498402556,55,0.3188888888888889,0.38915005831938626,0.01409698649741489,canada,extraction,CAN,0,1,0.072,0.61,2,1,1,2,1,1,96,0,1,0.9179453344387052,0.9090477242361656,14,1,1
1913,Jupiter Gold Company,cyanid,2.92113,1,10,0,5,1,2,1,0,0,0,0.00877395597368892,0.01724137931034482,1,0.22631578947368425,0.1890804597701148,0,0.14456994114526656,0.02531645569620253,2,0.3910891089108911,0.43881856540084385,0.00931161148051426,0.14601388088000025,0.03061224489795918,3,0.3795918367346939,0.4064625850340136,0.01860528116928217,0.211864649954096,0.07861635220125786,25,0.29732510288065844,0.3494900714240329,0.06065685656216557,canada,extraction,CAN,0,1,0.072,0.61,2,1,1,2,1,1,96,0,1,0.9228291504899564,0.9179453344387052,10,1,1
1914,Jupiter Gold Company,cyanid,2.95858,1,5,0,2,0,0,0,0,0,0,0,0,0,0,0,0,0,0,0,0,0,0,0,0,0,0,0,0,0.14833123917898067,0.03055555555555555,11,0.3171987641606591,0.32148478835978755,0.00186375428795526,canada,extraction,CAN,0,1,0.067,0.61,2,1,1,2,1,1,96,0,1,0.908179444741422,0.9228291504899564,5,1,1
1915,Jupiter Gold Company,cyanid,2.95858,1,11,0,5,0,0,0,0,0,0,0,0,0,0,0,0,0,0,0,0,0,0,0,0,0,0,0,0,0.1590131027387677,0.10511363636363635,37,0.3455328310010764,0.3709550865800849,0.00789335048334956,canada,extraction,CAN,0,1,0.067,0.61,2,2,1,2,2,1,98,0,1,0.8901492706922215,0.908179444741422,11,1,1
1917,Jupiter Gold Company,cyanid,0.002167699,1,3,0,1,0,0,0,0,0,0,0,0,0,0,0,0,0,0,0,0,0,0,0,0,0,0,0,0,0.14803639946513386,0.05952380952380952,20,0.33649789029535865,0.3792587868480716,0.00187387040112766,canada,extraction,CAN,0,1,0.067,0.61,2,2,1,2,2,1,98,0,1,0.8562317952059528,0.8715313750908763,3,1,1
1919,Jupiter Gold Company,cyanid,0.002014166,1,7,0,4,0,1,0,0,0,0,0,0,0,0,0,0,0.090708410680397,0.01538461538461538,1,0.34946236559139787,0.39615384615384613,0,0.08963917726824794,0.0125,1,0.3389830508474576,0.3799999999999998,0,0.556790924583424,0.13764044943820225,49,0.3981373690337602,0.4449438202247197,0.01262060959480183,canada,extraction,CAN,0,1,0.067,0.631,2,2,1,2,2,1,98,0,1,0.8666171596554353,0.8554794889536566,7,1,1
1920,Jupiter Gold Company,cyanid,0.001667277,1,6,0,5,0,1,0,0,0,0,0,0,0,0,0,0,0.10587932409349128,0.01639344262295082,1,0.3630952380952381,0.4098360655737705,0,0.1011716906896851,0.01282051282051282,1,0.3436123348017621,0.3846153846153844,0,0.1998364535070516,0.12239583333333331,47,0.3868613138686132,0.4392671130952393,0.00922646531990814,canada,extraction,CAN,0,1,0.067,0.631,2,1,1,2,2,1,98,0,1,0.8827313706089669,0.8666171596554353,6,1,1
1910,Kakabo Rnolj Mtrcu Tcate Ljm,amalgama,0.3015564,0,3,0,0,0,0,0,0,0,0,0,0,0,0,0,0,0,0,0,0,0,0,0,0,0,0,0,0,0,0,0,0,0,0,united kingdom,extraction,GBR,1,1,0.028,0.73,2,2,2,2,2,2,98,3,1,0.900247987322166,0.8929159482487512,3,0,1
1912,Kanaka Gold Mining Compawt Limited,amalgama,0.4476886,1,2,2068.5853426065555,0,0,0,0,0,0,0,0,0,0,0,0,0,0,0,0,0,0,0,0,0,0,0,0,0,0,0,0,0,0,0,turkey,extraction,TUR,0,0,0.627,0.557,-1,-1,-1,-1,-1,-1,72,1,0,0.9179453344387052,0.9090477242361656,2,0,0
1908,Kauri Freehold Gold Estates Limited,cyanid,0.01520681,0,0,0,0,0,0,0,0,0,0,0,0,0,0,0,0,0,0,0,0,0,0,0,0,0,0,0,0,0,0,0,0,0,0,new zealand,extraction,NA,0,0,NA,NA,NA,NA,NA,NA,NA,NA,NA,NA,NA,0.9055704681028238,0.9101864858593508,0,1,1
1920,Kirkland Lake Proprietary Limited,amalgama,0.8853475,1,6,0.00128943681946084,2,1,1,1,0,1,0,0.18350210651708015,0.01851851851851851,1,0.33540372670807456,0.38765432098765434,0,0.19883762586371256,0.03278688524590164,2,0.4552238805970149,0.4863387978142077,0.00677257562290891,0.2616367740596408,0.03846153846153846,3,0.4262295081967213,0.46581196581196593,0.00626814822837993,5.482995402117281e-5,0.01302083333333333,5,0.22943722943722944,0.23861607142857277,0.01516063700359431,united states of america,extraction,USA,0,0,0.078,0.581,1,2,1,1,2,1,98,3,1,0.8827313706089669,0.8666171596554353,6,0,1
1922,Kirkland Lake Proprietary Limited,cyanid,0.8853475,1,10,0.00128943681946084,3,0,1,0,1,2,1,0.2217745662814832,0.02564102564102564,1,0.31896551724137934,0.3572649572649573,0,0.2755785643272339,0.06521739130434782,3,0.42592592592592593,0.4800724637681159,0.0100154113216852,0.32566476545248596,0.06451612903225806,4,0.4161073825503356,0.46639784946236534,0.01076471250253453,0.01808143825837919,0.03296703296703297,12,0.3201834862385321,0.34105180533751883,0.01849964947777283,united states of america,extraction,USA,0,0,0.094,0.581,1,2,1,1,2,1,98,3,1,0.9128783852142348,0.8977238173556666,10,1,1
1923,Kirkland Lake Proprietary Limited,cyanid,0.02401647,1,10,0,7,1,4,1,0,0,0,0.20087660032654636,0.0217391304347826,1,0.3359375,0.3644927536231885,0,0.3399681008315275,0.075,3,0.5,0.5270833333333333,0.00981699289165352,0.3864965047997208,0.07142857142857142,4,0.43410852713178294,0.4806547619047616,0.0064937387109788,0.05752368880358497,0.05555555555555555,21,0.34056603773584904,0.3705908289241596,0.0476544442463712,united states of america,extraction,USA,0,0,0.096,0.581,1,2,1,1,2,1,98,3,1,0.9260468773507357,0.9128783852142348,10,1,1
1889,Klerksdorp Gold Mining Company,amalgama,0.1460565,0,5,0,0,0,0,0,0,0,0,0.9999999999999994,0.6666666666666666,2,0.75,0.8333333333333333,0.6666666666666666,0.6180339887498946,0.4,2,0.5,0.6333333333333334,0.4,0.9999999999999996,0.5714285714285714,4,0.5833333333333334,0.7380952380952379,0.5476190476190477,0,0,0,0,0,0,south africa,extraction,ZAF,1,1,NA,NA,NA,NA,NA,NA,NA,NA,NA,NA,NA,0.21308974085245888,0.14085179033431106,5,0,1
1913,Klerksdorp Proprietary Mines Limited,cyanid,4.381694,1,12,0,3,1,1,0,0,0,0,0.19784087033191028,0.01724137931034482,1,0.3706896551724138,0.30890804597701155,0,0.05463174355107244,0.01265822784810126,1,0.32113821138211385,0.36392405063291133,0,0.12222234433354286,0.02040816326530612,2,0.35094339622641507,0.3778911564625849,0.00238525724998908,0.1689451094625605,0.05031446540880503,16,0.258266309204647,0.3027952829839626,0.01863118089257532,united kingdom,extraction,GBR,1,1,0.028,0.73,2,2,2,2,2,2,98,3,1,0.9228291504899564,0.9179453344387052,12,1,1
1914,Knight Central Limited,cyanid,2.497621,1,2,0,0,0,0,0,0,0,0,0,0,0,0,0,0,0,0,0,0,0,0,0,0,0,0,0,0,0,0,0,0,0,0,canada,extraction,CAN,0,1,0.067,0.61,2,1,1,2,1,1,96,0,1,0.908179444741422,0.9228291504899564,2,1,1
1915,Knight Central Limited,cyanid,2.497621,1,6,0,3,0,0,0,1,1,1,0.1790005780816182,0.01612903225806451,1,0.3375,0.331989247311828,0,0.06036040362501666,0.01219512195121951,1,0.3082706766917293,0.34756097560975613,0,0.10741591464670988,0.02040816326530612,2,0.32653061224489793,0.3646258503401359,3.2494628790359035e-4,0.4031791291662705,0.15056818181818182,53,0.3812351543942993,0.42837527056276986,0.01020621043496574,south africa,extraction,ZAF,1,1,0.408,0.115,-1,-1,-1,-1,-1,-1,84,2,0,0.8901492706922215,0.908179444741422,6,1,1
1916,Knight Central Limited,cyanid,2.502383,1,11,0,7,2,2,2,0,0,0,0.3093700684360931,0.04761904761904761,2,0.3793103448275862,0.34126984126984133,0.00524243468494339,0.1991681043058544,0.03448275862068965,2,0.37662337662337664,0.4295977011494253,0.00727259008571342,0.36940003128994225,0.05333333333333334,4,0.375,0.4299999999999998,0.01146140949836531,0.7206873669288207,0.2628398791540785,87,0.38922888616891066,0.4668680765357498,0.04693291906305642,canada,extraction,CAN,0,1,0.067,0.61,2,2,1,2,2,1,98,0,1,0.8715313750908763,0.8901492706922215,11,1,1
1917,Knight Central Limited,cyanid,2.501191,1,5,0,3,1,1,1,0,0,0,0.2202748666579428,0.02777777777777777,1,0.3018867924528302,0.323611111111111,0,0.11767304954076108,0.0217391304347826,1,0.3333333333333333,0.3804347826086956,0,0.18045473718837407,0.03278688524590164,2,0.3388888888888889,0.39043715846994526,0.00229427448530052,0.24578283401710735,0.0744047619047619,25,0.34978070175438597,0.3856646825396808,0.00412219115764211,canada,extraction,CAN,0,1,0.067,0.61,2,2,1,2,2,1,98,0,1,0.8562317952059528,0.8715313750908763,5,1,1
1921,Knight Central Limited,cyanid,2.020785,1,9,0,5,0,0,0,0,0,0,0,0,0,0,0,0,0,0,0,0,0,0,0,0,0,0,0,0,0.2944908103202506,0.11590296495956871,43,0.40384615384615385,0.4425876010781686,0.03314603946852457,united kingdom,extraction,GBR,1,1,0.028,0.73,2,2,1,2,2,1,89,3,1,0.8977238173556666,0.8827313706089669,9,1,1
1922,Knight Central Limited,cyanid,2.325066,1,7,0,3,0,0,0,0,0,0,0,0,0,0,0,0,0,0,0,0,0,0,0,0,0,0,0,0,0.2903131653199311,0.06043956043956044,22,0.4039351851851852,0.4277014652014659,0.02008527149877464,united kingdom,extraction,GBR,1,1,0.027,0.73,2,2,1,2,2,1,89,3,1,0.9128783852142348,0.8977238173556666,7,1,1
1923,Knight Central Limited,cyanid,2.401647,1,5,0,3,0,0,0,0,0,0,0,0,0,0,0,0,0,0,0,0,0,0,0,0,0,0,0,0,0.21031159903646,0.04761904761904761,18,0.37487019730010385,0.40304232804232726,0.00683634156791157,canada,extraction,CAN,0,1,0.07,0.631,2,1,1,2,2,1,98,0,1,0.9260468773507357,0.9128783852142348,5,1,1
1919,Knight Witwatersirand Gold Mining Lghts,cyanid,3.291394,1,1,0,0,0,0,0,0,0,0,0,0,0,0,0,0,0,0,0,0,0,0,0,0,0,0,0,0,0,0,0,0,0,0,canada,extraction,CAN,0,1,0.067,0.631,2,2,1,2,2,1,98,0,1,0.8666171596554353,0.8554794889536566,1,1,1
1908,Knights Deep Limited,cyanid,3.666302,1,6,0,0,0,0,0,0,1,0,0,0,0,0,0,0,0.16772967107531866,0.02531645569620253,2,0.42473118279569894,0.46413502109704646,0.00113949478575515,0.15394318629224277,0.01851851851851851,2,0.3737024221453287,0.41666666666666696,5.814739524188651e-4,0,0,0,0,0,0,canada,extraction,CAN,0,1,0.074,0.597,2,1,1,2,1,1,96,0,1,0.9055704681028238,0.9101864858593508,6,1,1
1909,Knights Deep Limited,cyanid,3.666302,1,8,0,4,0,1,0,0,1,0,0,0,0,0,0,0,0.16681872611210732,0.02631578947368421,2,0.4367816091954023,0.47258771929824567,0.00249758164193993,0.14854928328566538,0.02061855670103092,2,0.4008438818565401,0.430412371134021,0.0010633856816586,0.4339394198536424,0.1348314606741573,24,0.3601036269430052,0.3479935794542543,0.00900678736466593,canada,extraction,CAN,0,1,0.074,0.597,2,1,1,2,1,1,96,0,1,0.8929159482487512,0.9055704681028238,8,1,1
1912,Knights Deep Limited,cyanid,3.666302,1,3,0,2,0,0,0,0,0,0,0,0,0,0,0,0,0,0,0,0,0,0,0,0,0,0,0,0,0.2691890570626778,0.07987220447284345,25,0.30052356020942406,0.3604493128454783,0.00177391305536374,canada,extraction,CAN,0,1,0.072,0.61,2,1,1,2,1,1,96,0,1,0.9179453344387052,0.9090477242361656,3,1,1
1913,Knights Deep Limited,cyanid,3.666302,1,6,0,4,1,0,0,0,0,0,0,0.01724137931034482,1,0.6666666666666666,0.02586206896551724,0,0,0,0,0,0,0,0,0.01020408163265306,1,0.6666666666666666,0.01530612244897959,0,0.16276529280393742,0.04716981132075472,15,0.28928928928928926,0.32648168567979874,0.02151949975458399,canada,extraction,CAN,0,1,0.072,0.61,2,1,1,2,1,1,96,0,1,0.9228291504899564,0.9179453344387052,6,1,1
1914,Knights Deep Limited,cyanid,3.666302,1,6,0,4,0,0,0,0,0,0,0,0,0,0,0,0,0,0,0,0,0,0,0,0,0,0,0,0,0.21533874577650824,0.08055555555555556,29,0.326271186440678,0.3422718253968243,0.02120170531029319,canada,extraction,CAN,0,1,0.067,0.61,2,1,1,2,1,1,96,0,1,0.908179444741422,0.9228291504899564,6,1,1
1915,Knights Deep Limited,cyanid,3.666302,1,10,0,6,0,0,0,0,0,0,0,0,0,0,0,0,0,0,0,0,0,0,0,0,0,0,0,0,0.3910414019149798,0.17613636363636365,62,0.40632911392405063,0.44228219696969745,0.03766362098883782,canada,extraction,CAN,0,1,0.067,0.61,2,2,1,2,2,1,98,0,1,0.8901492706922215,0.908179444741422,10,1,1
1916,Knights Deep Limited,cyanid,0.996225,1,7,0,7,0,1,0,0,0,0,0,0,0,0,0,0,0.142561287831426,0.01724137931034482,1,0.34523809523809523,0.3922413793103448,0,0.12751989150029022,0.01333333333333333,1,0.3232758620689655,0.36622222222222206,0,0.16790596717367576,0.09969788519637462,33,0.336864406779661,0.3775427995971791,0.0146210590036468,canada,extraction,CAN,0,1,0.067,0.61,2,2,1,2,2,1,98,0,1,0.8715313750908763,0.8901492706922215,7,1,1
1917,Knights Deep Limited,cyanid,1.4498,1,6,0,5,0,0,0,0,0,0,0,0,0,0,0,0,0,0,0,0,0,0,0,0,0,0,0,0,0.11731598017336373,0.08333333333333333,28,0.3265097236438076,0.36313775510203944,0.00807796740113347,canada,extraction,CAN,0,1,0.067,0.61,2,2,1,2,2,1,98,0,1,0.8562317952059528,0.8715313750908763,6,1,1
1921,Knights Deep Limited,cyanid,1.4498,1,8,0,5,0,0,0,0,0,0,0,0,0,0,0,0,0,0,0,0,0,0,0,0,0,0,0,0,0.17779638839294845,0.10512129380053908,39,0.37697993664202745,0.42156334231805886,0.02353509356718046,canada,extraction,CAN,0,1,0.067,0.631,2,1,1,2,2,1,98,0,1,0.8977238173556666,0.8827313706089669,8,1,1
1921,Knights Deep Limited,cyanid,1.4498,1,8,0,5,0,0,0,0,0,0,0,0,0,0,0,0,0,0,0,0,0,0,0,0,0,0,0,0,0.17779638839294845,0.10512129380053908,39,0.37697993664202745,0.42156334231805886,0.02353509356718046,south africa,extraction,ZAF,1,1,0.408,0.115,-1,-1,-1,-1,-1,-1,84,2,0,0.8977238173556666,0.8827313706089669,8,1,1
1909,Komata Reefs Gold Mining Company,cyanid,0.4873294,0,3,0,1,1,0,0,0,1,0,0.15126551445771566,0.01492537313432835,1,0.3080568720379147,0.33731343283582094,0,0.16709994543743273,0.02631578947368421,2,0.3958333333333333,0.4429824561403508,9.783201030579434e-4,0.1866932651358937,0.03092783505154639,3,0.4008438818565401,0.434707903780069,0.00224903617927484,0,0.00561797752808988,1,0.6666666666666666,0.00842696629213483,0,new zealand,extraction,NA,0,0,NA,NA,NA,NA,NA,NA,NA,NA,NA,NA,NA,0.8929159482487512,0.9055704681028238,3,1,1
1913,Komata Reefs Gold Mining Company,cyanid,0.4873294,0,3,0,0,0,0,0,0,0,0,0,0,0,0,0,0,0,0,0,0,0,0,0,0,0,0,0,0,0,0,0,0,0,0,united kingdom,extraction,GBR,1,1,0.028,0.73,2,2,2,2,2,2,98,3,1,0.9228291504899564,0.9179453344387052,3,1,1
1915,Komata Reefs Gold Mining Company,cyanid,0.4757374,0,2,0,2,1,0,0,0,0,0,0.02041412789447574,0.01612903225806451,1,0.2571428571428571,0.246774193548387,0,0,0,0,0,0,0,0.01008894093406405,0.01020408163265306,1,0.25806451612903225,0.26734693877551013,0,1.0244919573886275e-9,0.00284090909090909,1,0.13747323340471093,0.13255187836153787,0,new zealand,extraction,NA,0,0,NA,NA,NA,NA,NA,NA,NA,NA,NA,NA,NA,0.8901492706922215,0.908179444741422,2,1,1
1887,Kootenay Valleys Company,amalgama,0.2004755,1,10,0,0,0,0,0,0,0,0,0,0,0,0,0,0,0,0,0,0,0,0,0,0,0,0,0,0,0,0,0,0,0,0,united states of america,extraction,USA,0,0,0.147,0.415,1,1,NA,1,1,NA,90,1,1,0.10122114063590426,0.08285608077809953,10,0,1
1922,Kwahu Mining Limited,cyanid,2.657219,1,10,0,7,0,1,0,0,0,0,0,0,0,0,0,0,0.13269949709923956,0.0217391304347826,1,0.38333333333333336,0.4293478260869565,0,0.12077349902726052,0.01612903225806451,1,0.3583815028901734,0.3978494623655912,0,0.05046583275707578,0.06593406593406594,24,0.3428290766208251,0.3680664573521693,0.01339600694064531,united kingdom,extraction,GBR,1,1,0.027,0.73,2,2,1,2,2,1,89,3,1,0.9128783852142348,0.8977238173556666,10,1,1
1923,Kwahu Mining Limited,cyanid,2.657219,1,22,0,14,0,0,0,0,0,0,0,0,0,0,0,0,0,0,0,0,0,0,0,0,0,0,0,0,0.4508866377125924,0.28835978835978837,109,0.4646074646074646,0.5200617283950644,0.12149047784218464,mexico,extraction,MEX,0,0,0.795,0.557,-1,-2,-2,-1,-2,-2,85,0,0,0.9260468773507357,0.9128783852142348,22,1,1
1914,Kyshtim Corporation Limited,cyanid,4.757374,1,14,0,2,0,0,0,1,1,1,0.03137863184459955,0.01587301587301587,1,0.26666666666666666,0.27989417989417986,0,0.327893084372368,0.05555555555555555,4,0.5142857142857142,0.5277777777777778,0.01456393743411243,0.33114642323020393,0.05494505494505494,5,0.4504950495049505,0.4880952380952384,0.01070117578430248,0.04202219337695321,0.03333333333333333,12,0.29902912621359223,0.2997718253968254,0.00414953424572818,mexico,extraction,MEX,0,0,0.774,0.561,-3,-3,-3,-3,-3,-3,69,0,0,0.908179444741422,0.9228291504899564,14,1,1
1915,Kyshtim Corporation Limited,cyanid,4.757374,1,23,0,9,1,3,1,1,1,1,0.1849258247019498,0.03225806451612903,2,0.34177215189873417,0.342741935483871,0.02802749867794817,0.23537769416631804,0.03658536585365853,3,0.4659090909090909,0.49491869918699194,0.00845046727080643,0.2739374551352504,0.05102040816326531,5,0.4444444444444444,0.47448979591836754,0.02630477481862481,0.06773016996356201,0.08238636363636363,29,0.3474025974025974,0.3722537878787856,0.04314111580260769,mexico,extraction,MEX,0,0,0.774,0.561,-3,-3,-3,-3,-3,-3,70,0,0,0.8901492706922215,0.908179444741422,23,1,1
1916,Kyshtim Corporation Limited,cyanid,4.766444,1,8,0,4,0,0,0,0,1,0,0,0,0,0,0,0,0.1137168566629602,0.01724137931034482,1,0.31868131868131866,0.3620689655172414,0,0.12207196417879186,0.01333333333333333,1,0.3048780487804878,0.34355555555555567,0,0.0048915659067499,0.03021148036253776,10,0.30547550432276654,0.3285498489425984,0.0795626581895123,mexico,extraction,MEX,0,0,0.774,0.561,-2,-2,-3,-2,-2,-3,76,0,0,0.8715313750908763,0.8901492706922215,8,1,1
1917,Kyshtim Corporation Limited,cyanid,4.764173,1,5,0,5,0,0,0,0,1,0,0,0,0,0,0,0,0.2496414901678471,0.04347826086956521,2,0.39655172413793105,0.4492753623188405,0.00400950874664998,0.23758926166670352,0.03278688524590164,2,0.3546511627906977,0.406830601092896,0.0018956774616283,0.01226819474856821,0.05357142857142857,18,0.3251783893985729,0.34345238095238023,0.04270507937006923,mexico,extraction,MEX,0,0,0.79,0.54,-2,-2,-3,-2,-2,-3,76,0,0,0.8562317952059528,0.8715313750908763,5,1,1
1919,Kyshtim Corporation Limited,cyanid,4.764173,1,14,0,7,1,1,1,1,1,0,2.2157187150914162e-16,0.05660377358490566,3,0.6,0.11320754716981132,0.01451378809869376,0.3768823488667497,0.06153846153846154,4,0.5158730158730159,0.5307692307692308,0.01899609558977301,0.3849065973205894,0.0875,7,0.4878048780487805,0.5208333333333337,0.06746775808996258,0.05727419019601913,0.04213483146067415,15,0.375,0.3994382022471893,0.02562840739001745,mexico,extraction,MEX,0,0,0.795,0.565,-2,-2,-3,-2,-2,-3,76,0,0,0.8666171596554353,0.8554794889536566,14,1,1
1908,Laagte Royal Gold Mining,cyanid,0.729927,1,9,668.2815398348788,4,0,0,0,0,1,0,0,0,0,0,0,0,0.09233751503463264,0.01265822784810126,1,0.3798076923076923,0.4240506329113924,0,0.08533078586215082,0.00925925925925925,1,0.3450479233226837,0.38611111111111096,0,0.05486916531385019,0.10526315789473684,8,0.3105263157894737,0.3074561403508771,0.03084130573863636,united states of america,extraction,USA,0,0,0.117,0.581,1,1,1,1,1,1,98,1,1,0.9055704681028238,0.9101864858593508,9,1,0
1908,Laagte Royal Gold Mining,cyanid,0.729927,1,9,0,4,0,0,0,0,1,0,0,0,0,0,0,0,0.09233751503463264,0.01265822784810126,1,0.3798076923076923,0.4240506329113924,0,0.08533078586215082,0.00925925925925925,1,0.3450479233226837,0.38611111111111096,0,0.05486916531385019,0.10526315789473684,8,0.3105263157894737,0.3074561403508771,0.03084130573863636,south africa,extraction,ZAF,1,1,0.408,0.115,NA,NA,NA,NA,NA,NA,NA,-2,0,0.9055704681028238,0.9101864858593508,9,1,1
1908,Lagos Proprietary Syndicate Limited,cyanid,1.946472,1,10,0,2,0,0,0,1,2,1,0.1118074094129864,0.02816901408450704,2,0.2946058091286307,0.3398054996646547,0.02816901408450704,0.22839359762720848,0.0379746835443038,3,0.4759036144578313,0.5010548523206751,0.00498623789221442,0.23986912419386525,0.04629629629629629,5,0.4302788844621514,0.4722222222222224,0.02771043139784174,0.00505393072053595,0.02631578947368421,2,0.28780487804878047,0.25635964912280707,0.06441786283891546,united states of america,extraction,USA,0,0,0.117,0.581,1,1,1,1,1,1,98,1,1,0.9055704681028238,0.9101864858593508,10,1,1
1910,Lake Consols Limited,cyanid,1.215953,1,1,0,1,1,1,1,0,0,0,0.05854674560899819,0.0175438596491228,1,0.2893401015228426,0.3239766081871345,0,0.07231477657753627,0.01515151515151515,1,0.3473684210526316,0.3939393939393939,0,0.09391995085795328,0.02272727272727272,2,0.3534136546184739,0.3977272727272726,0.0022329792088408,1.2197055976353353e-8,0.00473933649289099,1,0.1458842705786471,0.13605280974949202,0,australia,extraction,AUS,0,1,0.041,0.659,2,3,2,2,3,2,99,2,1,0.900247987322166,0.8929159482487512,1,1,1
1911,Lake View And Star Limited,cyanid,1.215362,1,18,0,5,2,2,2,1,2,1,0.02066044576497989,0.02631578947368421,2,0.25886524822695034,0.27741228070175433,0.00202481694432158,0.16011975898228642,0.02222222222222222,2,0.4090909090909091,0.4518518518518519,0.00113764304646817,0.15729855441117832,0.03361344537815126,4,0.3742138364779874,0.4236694677871151,0.00589744383821586,4.337358286352189e-4,0.03435114503816794,9,0.23920265780730895,0.225054525627045,0.02023468973334486,australia,extraction,AUS,0,1,0.041,0.659,2,3,2,2,3,2,99,2,1,0.9090477242361656,0.900247987322166,18,1,1
1913,Lake View And Star Limited,cyanid,1.215362,1,7,0,3,1,2,1,0,0,0,0.00960806925417998,0.01724137931034482,1,0.2388888888888889,0.1999999999999999,0,0.17005881096463443,0.02531645569620253,2,0.4340659340659341,0.4704641350210971,0.01433167474929083,0.17278788831477188,0.03061224489795918,3,0.4096916299559472,0.4294217687074832,0.01257262758620976,3.971620512102219e-5,0.0220125786163522,7,0.1702002355712603,0.17766671658181085,0.0364872130759445,united states of america,extraction,USA,0,0,0.083,0.581,1,2,1,1,2,1,98,3,1,0.9228291504899564,0.9179453344387052,7,1,1
1914,Lake View And Star Limited,cyanid,1.215362,1,13,0,3,1,1,1,0,0,0,0.08121042681447756,0.01587301587301587,1,0.2843601895734597,0.3076719576719577,0,0.17395424937602444,0.02777777777777777,2,0.4444444444444444,0.4780092592592592,0.00378050851000623,0.19799477070965377,0.03296703296703297,3,0.4099099099099099,0.4540293040293044,0.00498341233224307,0.00324317012514543,0.03055555555555555,11,0.24405705229793975,0.23864528218694944,0.03735449319327796,united states of america,extraction,USA,0,0,0.079,0.581,1,2,1,1,2,1,98,3,1,0.908179444741422,0.9228291504899564,13,1,1
1909,Lake View Consols Limited,cyanid,1.218324,1,14,0,4,2,2,2,1,2,1,0.2790718690728027,0.04477611940298507,3,0.38461538461538464,0.4246268656716416,0.0285071827223509,0.31049712997252527,0.05263157894736842,4,0.5135135135135135,0.5263157894736842,0.01279419879328662,0.37039285320258447,0.07216494845360824,7,0.4773869346733669,0.5008591065292098,0.01885588522718445,0.00648392036724946,0.03370786516853932,6,0.271484375,0.24614321383984303,0.01292647890110913,australia,extraction,AUS,0,1,0.041,0.659,2,2,2,2,2,2,99,2,1,0.8929159482487512,0.9055704681028238,14,1,1
1909,Lake View Consols Limited,cyanid,1.218324,1,14,0,4,2,2,2,1,2,1,0.2790718690728027,0.04477611940298507,3,0.38461538461538464,0.4246268656716416,0.0285071827223509,0.31049712997252527,0.05263157894736842,4,0.5135135135135135,0.5263157894736842,0.01279419879328662,0.37039285320258447,0.07216494845360824,7,0.4773869346733669,0.5008591065292098,0.01885588522718445,0.00648392036724946,0.03370786516853932,6,0.271484375,0.24614321383984303,0.01292647890110913,united states of america,extraction,USA,0,0,0.117,0.581,1,1,1,1,1,1,98,1,1,0.8929159482487512,0.9055704681028238,14,1,1
1912,Lake View Consols Limited,cyanid,1.218324,1,5,0,3,0,0,0,0,0,0,0,0,0,0,0,0,0,0,0,0,0,0,0,0,0,0,0,0,2.9807261610657896e-7,0.022364217252396162,7,0.1632536973833902,0.17716822581039843,0.04952418011523443,united states of america,extraction,USA,0,0,0.098,0.581,1,2,1,1,2,1,98,3,1,0.9179453344387052,0.9090477242361656,5,1,1
1920,Lake View Investment Rust Limited,cyanid,0.6412605,1,8,0,6,2,3,1,0,0,0,0.22509414339341233,0.03703703703703703,2,0.3724137931034483,0.4228395061728394,0.01616703527080886,0.32279850996469645,0.04918032786885246,3,0.4765625,0.505464480874317,0.00901434259787971,0.4026268535947167,0.0641025641025641,5,0.4457142857142858,0.4893162393162395,0.01188462477156696,0.00336059145784459,0.06770833333333333,26,0.3248686514886165,0.3529513888888869,0.04421633710831028,australia,extraction,AUS,0,1,0.041,0.659,2,3,3,2,3,3,99,3,1,0.8827313706089669,0.8666171596554353,8,1,1
1908,Lake View South Limited,cyanid,0.0913382,1,3,1164.5322086442577,0,0,0,0,0,0,0,0,0,0,0,0,0,0,0,0,0,0,0,0,0,0,0,0,0,0,0,0,0,0,0,australia,extraction,AUS,0,1,0.041,0.659,2,2,2,2,2,2,99,2,1,0.9055704681028238,0.9101864858593508,3,1,0
1909,Lancaster Gold Mining Company,cyanid,1.949318,1,12,0,7,2,3,2,0,0,0,0.1697484398681623,0.02985074626865671,2,0.3170731707317073,0.354726368159204,0.01090004522840343,0.24125603040586716,0.03947368421052631,3,0.4634146341463415,0.49451754385964913,0.00519714926705838,0.26156302878811094,0.05154639175257732,5,0.4418604651162791,0.47164948453608274,0.01018721675317351,0.24275367296770137,0.0898876404494382,16,0.3564102564102564,0.33255082932049307,0.00653247977325675,united states of america,extraction,USA,0,0,0.117,0.581,1,1,1,1,1,1,98,1,1,0.8929159482487512,0.9055704681028238,12,1,1
1909,Lancaster Gold Mining Company,cyanid,1.949318,1,12,0,7,2,3,2,0,0,0,0.1697484398681623,0.02985074626865671,2,0.3170731707317073,0.354726368159204,0.01090004522840343,0.24125603040586716,0.03947368421052631,3,0.4634146341463415,0.49451754385964913,0.00519714926705838,0.26156302878811094,0.05154639175257732,5,0.4418604651162791,0.47164948453608274,0.01018721675317351,0.24275367296770137,0.0898876404494382,16,0.3564102564102564,0.33255082932049307,0.00653247977325675,canada,extraction,CAN,0,1,0.074,0.597,2,1,1,2,1,1,96,0,1,0.8929159482487512,0.9055704681028238,12,1,1
1911,Lancaster West Gold Mining Limited,cyanid,3.403014,1,8,2.8333329557698393e-4,6,0,0,0,0,0,0,0,0,0,0,0,0,0,0,0,0,0,0,0,0,0,0,0,0,0.23958854227824355,0.133587786259542,35,0.3829787234042553,0.37773536895674176,0.00978335640587842,canada,extraction,CAN,0,1,0.072,0.61,2,1,1,2,1,1,96,0,1,0.9090477242361656,0.900247987322166,8,1,1
1913,Lancaster West Gold Mining Limited,cyanid,3.403014,1,5,0,1,0,0,0,0,0,0,0,0,0,0,0,0,0,0,0,0,0,0,0,0,0,0,0,0,0.02658048683559032,0.01572327044025157,5,0.22010662604722012,0.24689122024027732,4.333277967553437e-4,canada,extraction,CAN,0,1,0.072,0.61,2,1,1,2,1,1,96,0,1,0.9228291504899564,0.9179453344387052,5,1,1
1914,Lancaster West Gold Mining Limited,cyanid,3.451677,1,10,0,8,1,2,1,0,0,0,0,0.01587301587301587,1,0.6666666666666666,0.0238095238095238,0,0.17395424937602444,0.02777777777777777,2,0.4444444444444444,0.4780092592592592,0.00378050851000623,0.1688220351908325,0.03296703296703297,3,0.3991228070175439,0.44578754578754615,0.01858685868915606,0.14567795400252817,0.1,36,0.32150313152400833,0.3367162698412687,0.025182953455899,canada,extraction,CAN,0,1,0.067,0.61,2,1,1,2,1,1,96,0,1,0.908179444741422,0.9228291504899564,10,1,1
1908,Langla Agte Estate Algu Mining,cyanid,2.189781,1,1,0,0,0,0,0,0,1,0,0,0,0,0,0,0,0.0714441984894511,0.01265822784810126,1,0.34347826086956523,0.3892405063291139,0,0.06760491552178305,0.00925925925925925,1,0.31671554252199413,0.3574074074074073,0,0,0,0,0,0,0,south africa,extraction,ZAF,1,1,0.408,0.115,NA,NA,NA,NA,NA,NA,NA,-2,0,0.9055704681028238,0.9101864858593508,1,1,1
1908,Langlaagte Estate Gold Mining Limited,cyanid,2.192982,1,6,0,1,0,1,0,0,0,0,0,0,0,0,0,0,0.07539215604068596,0.01265822784810126,1,0.34649122807017546,0.3924050632911392,0,0.06861240043009194,0.00925925925925925,1,0.32432432432432434,0.3629629629629628,0,0.07501727346719494,0.02631578947368421,2,0.27699530516431925,0.25626566416040114,2.5958196927726006e-4,canada,extraction,CAN,0,1,0.074,0.597,2,1,1,2,1,1,96,0,1,0.9055704681028238,0.9101864858593508,6,1,1
1909,Langlaagte Estate Gold Mining Limited,cyanid,2.192982,1,8,0,5,1,1,0,0,0,0,0.30166497025808003,0.02985074626865671,2,0.38461538461538464,0.4184079601990048,0.00786140049617903,0.06924109956665807,0.0131578947368421,1,0.336283185840708,0.38157894736842096,0,0.1473356226796317,0.03092783505154639,3,0.3941908713692946,0.42955326460481136,0.00306390138569654,0.7375650715790452,0.15168539325842698,27,0.366754617414248,0.3537051899411457,0.0067083429198213,canada,extraction,CAN,0,1,0.074,0.597,2,1,1,2,1,1,96,0,1,0.8929159482487512,0.9055704681028238,8,1,1
1909,Langlaagte Estate Gold Mining Limited,cyanid,2.192982,1,8,0,5,1,1,0,0,0,0,0.30166497025808003,0.02985074626865671,2,0.38461538461538464,0.4184079601990048,0.00786140049617903,0.06924109956665807,0.0131578947368421,1,0.336283185840708,0.38157894736842096,0,0.1473356226796317,0.03092783505154639,3,0.3941908713692946,0.42955326460481136,0.00306390138569654,0.7375650715790452,0.15168539325842698,27,0.366754617414248,0.3537051899411457,0.0067083429198213,south africa,extraction,ZAF,1,1,0.408,0.115,NA,NA,NA,NA,NA,NA,NA,-2,0,0.8929159482487512,0.9055704681028238,8,1,1
1912,Langlaagte Estate Gold Mining Limited,amalgama,2.189781,1,8,0,4,1,0,0,0,0,0,0.2088624468983495,0.02898550724637681,2,0.3621621621621622,0.3990338164251206,0.0301248619324443,0,0,0,0,0,0,0.05429301769333072,0.01818181818181818,2,0.3130434782608696,0.3465151515151514,0.00241656315883695,0.09057823339824772,0.05750798722044728,18,0.28642714570858285,0.3341979816420707,0.00398281928625847,united kingdom,extraction,GBR,1,1,0.028,0.73,2,2,2,2,2,2,98,3,1,0.9179453344387052,0.9090477242361656,8,0,1
1912,Langlaagte Estate Gold Mining Limited,cyanid,2.189781,1,8,0,4,1,0,0,0,0,0,0.2088624468983495,0.02898550724637681,2,0.3621621621621622,0.3990338164251206,0.0301248619324443,0,0,0,0,0,0,0.05429301769333072,0.01818181818181818,2,0.3130434782608696,0.3465151515151514,0.00241656315883695,0.09057823339824772,0.05750798722044728,18,0.28642714570858285,0.3341979816420707,0.00398281928625847,south africa,extraction,ZAF,1,1,0.408,0.115,-1,-1,-1,-1,-1,-2,84,2,0,0.9179453344387052,0.9090477242361656,8,1,1
1912,Langlaagte Estate Gold Mining Limited,cyanid,2.189781,1,8,0,4,1,0,0,0,0,0,0.2088624468983495,0.02898550724637681,2,0.3621621621621622,0.3990338164251206,0.0301248619324443,0,0,0,0,0,0,0.05429301769333072,0.01818181818181818,2,0.3130434782608696,0.3465151515151514,0.00241656315883695,0.09057823339824772,0.05750798722044728,18,0.28642714570858285,0.3341979816420707,0.00398281928625847,canada,extraction,CAN,0,1,0.072,0.61,2,1,1,2,1,1,96,0,1,0.9179453344387052,0.9090477242361656,8,1,1
1921,Langlaagte Estate Gold Mining Limited,cyanid,2.189781,1,6,0,5,0,0,0,0,0,0,0,0,0,0,0,0,0,0,0,0,0,0,0,0,0,0,0,0,0.5294240355308164,0.18598382749326145,69,0.3620689655172414,0.4124438454627119,0.02705731765577969,south africa,extraction,ZAF,1,1,0.408,0.115,-1,-1,-1,-1,-1,-1,84,2,0,0.8977238173556666,0.8827313706089669,6,1,1
1910,Langlaagte Exploration Building Limited,cyanid,2.188716,1,13,0,2,1,0,0,0,0,0,0.2704740002357005,0.03508771929824561,2,0.4100719424460432,0.45029239766081847,0.01019466368316435,0,0,0,0,0,0,0.1012108325457414,0.02272727272727272,2,0.33976833976833976,0.3835227272727271,0.00113844488473085,0.02666920216858901,0.02369668246445497,5,0.26362297496318116,0.26633942676596734,0.00809600461047498,south africa,extraction,ZAF,1,1,0.408,0.115,-1,-2,-3,-1,-2,-3,82,-2,0,0.900247987322166,0.8929159482487512,13,1,1
1910,Langlaagte Exploration Building Limited,cyanid,2.188716,1,13,0,2,1,0,0,0,0,0,0.2704740002357005,0.03508771929824561,2,0.4100719424460432,0.45029239766081847,0.01019466368316435,0,0,0,0,0,0,0.1012108325457414,0.02272727272727272,2,0.33976833976833976,0.3835227272727271,0.00113844488473085,0.02666920216858901,0.02369668246445497,5,0.26362297496318116,0.26633942676596734,0.00809600461047498,canada,extraction,CAN,0,1,0.074,0.597,2,1,1,2,1,1,96,0,1,0.900247987322166,0.8929159482487512,13,1,1
1911,Langlaagte Exploration Building Limited,amalgama,2.187652,1,7,1.0013217677085525e-4,3,0,0,0,1,1,1,0.1581339579080584,0.02631578947368421,2,0.35784313725490197,0.3892543859649122,0.00970679580328703,0.15711523993398427,0.02222222222222222,2,0.4128440366972478,0.4546296296296297,0.00148674662290827,0.20238347925652955,0.03361344537815126,4,0.39666666666666667,0.4425770308123252,0.00626042966191255,0.01603038601654226,0.01908396946564885,5,0.28421052631578947,0.2647946201381323,2.0848128454136055e-4,united kingdom,extraction,GBR,1,1,0.028,0.73,2,2,2,2,2,2,98,3,1,0.9090477242361656,0.900247987322166,7,0,1
1911,Langlaagte Exploration Building Limited,cyanid,2.187652,1,7,5.797111121967143e-4,3,0,0,0,1,1,1,0.1581339579080584,0.02631578947368421,2,0.35784313725490197,0.3892543859649122,0.00970679580328703,0.15711523993398427,0.02222222222222222,2,0.4128440366972478,0.4546296296296297,0.00148674662290827,0.20238347925652955,0.03361344537815126,4,0.39666666666666667,0.4425770308123252,0.00626042966191255,0.01603038601654226,0.01908396946564885,5,0.28421052631578947,0.2647946201381323,2.0848128454136055e-4,south africa,extraction,ZAF,1,1,0.408,0.115,-1,-1,-1,-1,-1,-2,84,2,0,0.9090477242361656,0.900247987322166,7,1,1
1913,Langlaagte Exploration Building Limited,cyanid,2.187652,1,9,0,1,0,0,0,0,0,0,0,0,0,0,0,0,0,0,0,0,0,0,0,0,0,0,0,0,0.01903921009813717,0.00628930817610062,2,0.22351121423047177,0.23996209939606225,1.7005790471655594e-5,south africa,extraction,ZAF,1,1,0.408,0.115,-1,-1,-1,-1,-1,-1,84,2,0,0.9228291504899564,0.9179453344387052,9,1,1
1914,Langlaagte Exploration Building Limited,cyanid,2.218935,1,12,0,6,1,0,0,0,1,0,0.26835422839992784,0.03174603174603174,2,0.3726708074534162,0.4044973544973543,0.0267933338209836,0.10241060555645518,0.01388888888888888,1,0.375,0.4201388888888888,0,0.1752324236926029,0.03296703296703297,3,0.4026548672566372,0.44853479853479894,0.00542890350056715,0.2359862464599293,0.075,27,0.3201663201663202,0.3295403439153429,0.02057514646675681,south africa,extraction,ZAF,1,1,0.408,0.115,-1,-1,-1,-1,-1,-1,84,2,0,0.908179444741422,0.9228291504899564,12,1,1
1915,Langlaagte Exploration Building Limited,cyanid,4.519505,1,5,0,2,0,0,0,1,1,1,0.03920277219111377,0.01612903225806451,1,0.27,0.26693548387096777,0,0.17501729054130144,0.02439024390243902,2,0.43617021276595747,0.47154471544715454,0.00347988074351149,0.18085167826047444,0.03061224489795918,3,0.42857142857142855,0.4557823129251703,0.00646849826012269,0.17844171044939122,0.05397727272727273,19,0.32755102040816325,0.359736877705627,0.00337793034379369,south africa,extraction,ZAF,1,1,0.408,0.115,-1,-1,-1,-1,-1,-1,84,2,0,0.8901492706922215,0.908179444741422,5,1,1
1916,Langlaagte Exploration Building Limited,cyanid,4.519505,1,7,0,6,2,1,1,0,0,0,0.3696402259027769,0.07142857142857142,3,0.44,0.386904761904762,0.11791170501971893,0.22801253547432015,0.03448275862068965,2,0.42028985507246375,0.4640804597701149,0.01445575239328244,0.4009362478588698,0.06666666666666667,5,0.4261363636363637,0.4771111111111112,0.05923040197303911,0.07660340095217295,0.04833836858006042,16,0.301994301994302,0.33582937706804783,0.00807919347028622,south africa,extraction,ZAF,1,1,0.408,0.115,-1,-1,-1,-1,-1,-1,84,2,0,0.8715313750908763,0.8901492706922215,7,1,1
1917,Langlaagte Exploration Building Limited,cyanid,4.519505,1,5,0,3,1,1,1,0,1,0,0.05424052492220529,0.02777777777777777,1,0.2711864406779661,0.28194444444444433,0,0.219592014336088,0.04347826086956521,2,0.40350877192982454,0.45471014492753614,0.00470308369285351,0.238485970842493,0.04918032786885246,3,0.391025641025641,0.442622950819672,0.0218288733544841,0.03142297178119074,0.00892857142857142,3,0.29757462686567165,0.3194869614512474,0.0056503198294243,south africa,extraction,ZAF,1,1,0.408,0.115,-1,-1,-1,-1,-1,-1,84,2,0,0.8562317952059528,0.8715313750908763,5,1,1
1919,Langlaagte Exploration Building Limited,cyanid,4.519505,1,6,0,3,0,0,0,0,0,0,0,0,0,0,0,0,0,0,0,0,0,0,0,0,0,0,0,0,0.4052648178629872,0.10393258426966293,37,0.37012987012987014,0.4192883895131072,0.01735733859813975,south africa,extraction,ZAF,1,1,0.408,0.115,-1,-1,-1,-1,-1,-1,84,2,0,0.8666171596554353,0.8554794889536566,6,1,1
1922,Langlaagte Exploration Building Limited,cyanid,4.519505,1,4,0,3,0,0,0,0,0,0,0,0,0,0,0,0,0,0,0,0,0,0,0,0,0,0,0,0,0.2581515042980604,0.08516483516483517,31,0.3700954400848357,0.4061813186813173,0.00383498487872499,south africa,extraction,ZAF,1,1,0.408,0.115,-1,-1,-1,-1,-1,-1,84,2,0,0.9128783852142348,0.8977238173556666,4,1,1
1923,Langlaagte Exploration Building Limited,cyanid,4.519505,1,4,0,3,0,0,0,0,0,0,0,0,0,0,0,0,0,0,0,0,0,0,0,0,0,0,0,0,0.3311306204957681,0.1693121693121693,64,0.4011111111111111,0.4465608465608482,0.00889670732339146,south africa,extraction,ZAF,1,1,0.408,0.115,-1,-1,-1,-1,-1,-1,84,2,0,0.9260468773507357,0.9128783852142348,4,1,1
1909,Langlaagte Royal Gold,cyanid,0.7309941999999999,1,1,0,1,0,0,0,0,0,0,0,0,0,0,0,0,0,0,0,0,0,0,0,0,0,0,0,0,0.00674171645584859,0.00561797752808988,1,0.24558303886925795,0.21832307829498868,0,south africa,extraction,ZAF,1,1,0.408,0.115,NA,NA,NA,NA,NA,NA,NA,-2,0,0.8929159482487512,0.9055704681028238,1,1,1
1895,Langlaagte Royal Gold Mining Company,cyanid,0.2932551,1,36,0,5,0,0,0,5,2,2,0.3984265898620442,0.09375,3,0.3880597014925373,0.37760416666666674,0.08832565284178187,0.4806117856032477,0.125,4,0.5333333333333333,0.5625,0.05004509214098976,0.5821511747548833,0.15555555555555556,7,0.4891304347826087,0.5462962962962962,0.08200841222145586,0.01679984113666949,0.08571428571428572,3,0.30864197530864196,0.2774149659863944,0.01510163039574804,united kingdom,extraction,GBR,1,1,0.028,0.73,2,2,NA,2,2,NA,98,3,1,0.7078988530850715,0.6957655151230822,36,1,1
1895,Langlaagte Royal Gold Mining Company,cyanid,0.2932551,1,36,343.9167136520118,5,0,0,0,5,2,2,0.3984265898620442,0.09375,3,0.3880597014925373,0.37760416666666674,0.08832565284178187,0.4806117856032477,0.125,4,0.5333333333333333,0.5625,0.05004509214098976,0.5821511747548833,0.15555555555555556,7,0.4891304347826087,0.5462962962962962,0.08200841222145586,0.01679984113666949,0.08571428571428572,3,0.30864197530864196,0.2774149659863944,0.01510163039574804,france,extraction,FRA,0,0,NA,0.81,2,2,NA,2,2,NA,97,2,1,0.7078988530850715,0.6957655151230822,36,1,0
1895,Langlaagte Royal Gold Mining Company,cyanid,0.2932551,1,36,0,5,0,0,0,5,2,2,0.3984265898620442,0.09375,3,0.3880597014925373,0.37760416666666674,0.08832565284178187,0.4806117856032477,0.125,4,0.5333333333333333,0.5625,0.05004509214098976,0.5821511747548833,0.15555555555555556,7,0.4891304347826087,0.5462962962962962,0.08200841222145586,0.01679984113666949,0.08571428571428572,3,0.30864197530864196,0.2774149659863944,0.01510163039574804,canada,extraction,CAN,0,1,0.074,0.597,2,1,NA,2,1,NA,96,0,1,0.7078988530850715,0.6957655151230822,36,1,1
1920,Lbaedn Ellas Limited,cyanid,1.923782,1,12,0,6,0,0,0,1,0,0,0.1835021065170803,0.01851851851851851,1,0.33540372670807456,0.38765432098765434,0,0,0,0,0,0,0,0.07693185786184956,0.01282051282051282,1,0.3107569721115538,0.3506410256410256,0,0.05881764248237877,0.05729166666666666,22,0.3691542288557214,0.4021701388888879,0.01813485844238849,united kingdom,extraction,GBR,1,1,0.028,0.73,2,2,1,2,2,1,89,3,1,0.8827313706089669,0.8666171596554353,12,1,1
1919,Leeuwpoort African Farms Tin Mines Limited,cyanid,6.772908,1,19,0,9,2,2,1,0,0,0,0.30509304218007793,0.03773584905660377,2,0.3855421686746988,0.2672955974842768,0.01848089017900337,0.090708410680397,0.01538461538461538,1,0.34946236559139787,0.39615384615384613,0,0.15046900033082872,0.0375,3,0.35714285714285715,0.4091666666666665,0.00388920376321632,0.3226524705025022,0.1853932584269663,66,0.405693950177936,0.4579119850187279,0.12145223489573212,nicaragua,extraction,NIC,0,0,0.886,0.349,-3,-3,-4,-3,-3,-4,72,-1,0,0.8666171596554353,0.8554794889536566,19,1,1
1920,Leonesa Mines Limited,cyanid,0.2198608,1,1,0,1,0,0,0,0,0,0,0,0,0,0,0,0,0,0,0,0,0,0,0,0,0,0,0,0,0.00394304318750569,0.01041666666666666,4,0.29258675078864355,0.30402405753968254,0.00226417979440846,nicaragua,extraction,NIC,0,0,0.886,0.349,-3,-3,-4,-3,-3,-4,72,-1,0,0.8827313706089669,0.8666171596554353,1,1,1
1919,Lgnely Reef Gold Mining Limited,cyanid,0.31429840000000003,1,5,0,2,1,1,1,1,1,1,6.846708451912918e-17,0.01886792452830188,1,0.6,0.03773584905660377,0,0.09070841068039696,0.01538461538461538,1,0.34946236559139787,0.39615384615384613,0,0.0949769244554742,0.025,2,0.3418803418803419,0.38833333333333314,0.00366990431325574,0.00296011751705603,0.01404494382022471,5,0.2714285714285714,0.279708400214019,0.00559450452459856,united states of america,extraction,USA,0,0,0.07,0.581,1,2,1,1,2,1,98,3,1,0.8666171596554353,0.8554794889536566,5,1,1
1895,Lisbon Berlyn Gold Fields Limited,cyanid,2.492669,1,20,0,2,0,0,0,0,0,0,0,0,0,0,0,0,0,0,0,0,0,0,0,0,0,0,0,0,1.3596860643047074e-18,0.05714285714285714,2,0.75,0.07142857142857142,8.403361344537816e-4,canada,extraction,CAN,0,1,0.074,0.597,2,1,NA,2,1,NA,96,0,1,0.7078988530850715,0.6957655151230822,20,1,1
1923,London And Silverton Mining Company,cyanid,0.9698079,1,10,0,6,1,1,1,0,0,0,0,0.0217391304347826,1,0.6666666666666666,0.03260869565217391,0,0.12873463546897115,0.025,1,0.4,0.44375,0,0.11547417169289924,0.03571428571428571,2,0.3660130718954248,0.4142857142857141,0.01753246753246753,0.0315438104158278,0.08465608465608465,32,0.36538461538461536,0.38743386243386085,0.03777075085200638,united states of america,extraction,USA,0,0,0.096,0.581,1,2,1,1,2,1,98,3,1,0.9260468773507357,0.9128783852142348,10,1,1
1888,London And South African Exploration,amalgama,0.243546,1,11,0,0,0,0,0,0,0,0,0,0,0,0,0,0,0.8660254037844383,0.3333333333333333,2,0.5714285714285714,0.4722222222222222,0.2,0.8660254037844387,0.25,2,0.5714285714285714,0.3541666666666667,0.10714285714285714,0,0,0,0,0,0,united kingdom,extraction,GBR,1,1,0.028,0.73,2,2,NA,2,2,NA,98,3,1,0.14085179033431106,0.10122114063590426,11,0,1
1912,London Rhoddesian Mining Land Limited,cyanid,1.459854,1,3,0,0,0,0,0,1,1,1,0.1697620680291715,0.0144927536231884,1,0.33004926108374383,0.36038647342995167,0,0.12567124109685632,0.02409638554216867,2,0.37727272727272726,0.4267068273092369,6.252138481554894e-4,0.162607079801698,0.02727272727272727,3,0.3711340206185567,0.41060606060606086,0.00155770599786082,0,0,0,0,0,0,united states of america,extraction,USA,0,0,0.098,0.581,1,2,1,1,2,1,98,3,1,0.9179453344387052,0.9090477242361656,3,1,1
1910,London Venture Corporation Limited,amalgama,2.675097,0,0,0,0,0,0,0,0,0,0,0,0,0,0,0,0,0,0,0,0,0,0,0,0,0,0,0,0,0,0,0,0,0,0,united kingdom,extraction,GBR,1,1,0.028,0.73,2,2,2,2,2,2,98,3,1,0.900247987322166,0.8929159482487512,0,0,1
1912,Lonely Reef Gold Mining Co Limited,cyanid,0.2919708,1,10,0,3,0,0,0,1,1,1,0.0127869715443501,0.0144927536231884,1,0.2271186440677966,0.24627329192546576,0,0.06512410373025117,0.01204819277108433,1,0.3487394957983193,0.39457831325301207,0,0.0686532759766448,0.01818181818181818,2,0.32432432432432434,0.3643939393939394,0.00116414330307025,0.00525121646246354,0.01277955271565495,4,0.24656357388316152,0.2619557049269518,0.00848627778144916,united states of america,extraction,USA,0,0,0.098,0.581,1,2,1,1,2,1,98,3,1,0.9179453344387052,0.9090477242361656,10,1,1
1913,Lonely Reef Gold Mining Co Limited,cyanid,0.3407984,1,8,0,3,1,1,1,0,0,0,0,0.01724137931034482,1,0.35,0.05316091954022989,0,0.05463174355107243,0.01265822784810126,1,0.32113821138211385,0.36392405063291133,0,0.05897755188534757,0.02040816326530612,2,0.3152542372881356,0.3408163265306121,0.00591846447191385,0.01472601543890543,0.0220125786163522,7,0.2295472597299444,0.25493664267249244,0.00750672255592302,united states of america,extraction,USA,0,0,0.083,0.581,1,2,1,1,2,1,98,3,1,0.9228291504899564,0.9179453344387052,8,1,1
1914,Lonely Reef Gold Mining Co Limited,cyanid,0.3500986,1,4,0,2,0,0,0,0,0,0,0,0,0,0,0,0,0,0,0,0,0,0,0,0,0,0,0,0,0.00250006641317611,0.01111111111111111,4,0.21241379310344827,0.20530864197530949,0.00475085112968121,united states of america,extraction,USA,0,0,0.079,0.581,1,2,1,1,2,1,98,3,1,0.908179444741422,0.9228291504899564,4,1,1
1915,Lonely Reef Gold Mining Co Limited,cyanid,0.3377735,1,10,0,6,1,1,1,0,0,0,0,0.01612903225806451,1,0.6,0.03225806451612903,0,0.07322309911761911,0.01219512195121951,1,0.33884297520661155,0.3841463414634146,0,0.07177388302470954,0.02040816326530612,2,0.3356643356643357,0.37244897959183654,0.00652219650746898,0.0048846491962037,0.0284090909090909,10,0.2835689045936396,0.2947544642857146,0.01151310705057663,united states of america,extraction,USA,0,0,0.07,0.581,1,2,1,1,2,1,98,3,1,0.8901492706922215,0.908179444741422,10,1,1
1916,Lonely Reef Gold Mining Co Limited,cyanid,0.3384175,1,4,0,3,0,0,0,0,0,0,0,0,0,0,0,0,0,0,0,0,0,0,0,0,0,0,0,0,0.01306626798563048,0.01812688821752266,6,0.28067078552515445,0.2949719464825214,0.00921704174203082,united states of america,extraction,USA,0,0,0.07,0.581,1,2,1,1,2,1,98,3,1,0.8715313750908763,0.8901492706922215,4,1,1
1917,Lonely Reef Gold Mining Co Limited,cyanid,0.3382563,1,1,0,1,0,0,0,0,0,0,0,0,0,0,0,0,0,0,0,0,0,0,0,0,0,0,0,0,6.73678821240347e-5,0.0119047619047619,4,0.223859649122807,0.23131731859410556,0.01127398720682302,united states of america,extraction,USA,0,0,0.07,0.581,1,2,1,1,2,1,98,3,1,0.8562317952059528,0.8715313750908763,1,1,1
1920,Lonely Reef Gold Mining Co Limited,cyanid,0.2601686,0,1,0,1,0,0,0,0,0,0,0,0,0,0,0,0,0,0,0,0,0,0,0,0,0,0,0,0,0.01255351581652885,0.01822916666666666,7,0.30534979423868314,0.32281746031745995,7.056935939302295e-4,united states of america,extraction,USA,0,0,0.078,0.581,1,2,1,1,2,1,98,3,1,0.8827313706089669,0.8666171596554353,1,1,1
1921,Lonely Reef Gold Mining Co Limited,cyanid,0.27328709999999995,1,5,0,4,1,1,1,0,0,0,5.163048377051914e-18,0.02127659574468085,1,1,0.02127659574468085,0,0.08091713249657766,0.0196078431372549,1,0.34459459459459457,0.392156862745098,0,0.07899527572233417,0.02941176470588235,2,0.3333333333333333,0.37916666666666654,0.02941176470588235,0.04594030980996595,0.04582210242587601,17,0.340324118207817,0.3694519317160806,0.01615686972307791,united states of america,extraction,USA,0,0,0.095,0.581,1,2,1,1,2,1,98,3,1,0.8977238173556666,0.8827313706089669,5,1,1
1922,Lonely Reef Gold Mining Co Limited,cyanid,0.3144376,1,1,0,1,0,0,0,0,0,0,0,0,0,0,0,0,0,0,0,0,0,0,0,0,0,0,0,0,0.00797483902744905,0.01098901098901099,4,0.3000859845227859,0.30950418628990073,7.227331966556282e-5,united states of america,extraction,USA,0,0,0.094,0.581,1,2,1,1,2,1,98,3,1,0.9128783852142348,0.8977238173556666,1,1,1
1913,Lucizy Chaigge Umcnes Limited,cyanid,2.726388,1,2,0,1,0,0,0,1,1,1,0,0.01724137931034482,1,0.3888888888888889,0.05747126436781609,0,0.11542706741356212,0.01265822784810126,1,0.34347826086956523,0.3892405063291139,0,0.11477662833635612,0.02040816326530612,2,0.34317343173431736,0.3690476190476189,0.00404756742752576,1.286254902408051e-4,0.00628930817610062,2,0.17894736842105263,0.17917959922676915,0.00571394559847628,south africa,extraction,ZAF,1,1,0.408,0.115,-1,-1,-1,-1,-1,-1,84,2,0,0.9228291504899564,0.9179453344387052,2,1,1
1914,Lucky Tiger Combination Gold Mining,cyanid,0.02465483,1,4,413.7657123970845,0,0,0,0,1,1,1,0.03647789394764542,0.01587301587301587,1,0.26666666666666666,0.28439153439153436,0,0.07154364381956921,0.01388888888888888,1,0.3333333333333333,0.37847222222222215,0,0.08880864279710929,0.02197802197802198,2,0.33211678832116787,0.3798534798534798,0.0013152680358513,0,0,0,0,0,0,mexico,extraction,MEX,0,0,0.774,0.561,-3,-3,-3,-3,-3,-3,69,0,0,0.908179444741422,0.9228291504899564,4,1,0
1916,Lucky Tiger Combination Gold Mining,cyanid,0.02465483,1,4,66.28913337338383,0,0,0,0,0,0,0,0,0,0,0,0,0,0,0,0,0,0,0,0,0,0,0,0,0,0,0,0,0,0,0,united states of america,extraction,USA,0,0,0.07,0.581,1,2,1,1,2,1,98,3,1,0.8715313750908763,0.8901492706922215,4,1,0
1920,Lucky Tiger Combination Gold Mining,cyanid,0.02465483,1,8,98.35945180334012,3,0,0,0,1,1,1,0.22422204890454195,0.03703703703703703,2,0.3624161073825503,0.4209876543209875,0.02245710949003586,0.20370620165978628,0.03278688524590164,2,0.3860759493670886,0.4371584699453552,0.00187446870204288,0.2828668666175255,0.05128205128205128,4,0.4126984126984127,0.46153846153846145,0.00832391232199393,0,0.0078125,3,1,0.00260416666666666,0,united states of america,extraction,USA,0,0,0.078,0.581,1,2,1,1,2,1,98,3,1,0.8827313706089669,0.8666171596554353,8,1,0
1921,Lucky Tiger Combination Gold Mining,cyanid,0.02465483,1,13,0,1,0,0,0,0,1,0,0,0,0,0,0,0,0.09431610529121728,0.0196078431372549,1,0.3269230769230769,0.37254901960784315,0,0.08621050342886924,0.01470588235294117,1,0.3148148148148148,0.3526960784313727,0,4.113025724894627e-18,0.00269541778975741,1,1,0.00269541778975741,0,united states of america,extraction,USA,0,0,0.095,0.581,1,2,1,1,2,1,98,3,1,0.8977238173556666,0.8827313706089669,13,1,1
1922,Lucky Tiger Combination Gold Mining,cyanid,0.02465483,1,6,0,4,0,0,0,0,0,0,0,0,0,0,0,0,0,0,0,0,0,0,0,0,0,0,0,0,1.7279862071744744e-19,0.00274725274725274,1,1,0.00274725274725274,0,united states of america,extraction,USA,0,0,0.094,0.581,1,2,1,1,2,1,98,3,1,0.9128783852142348,0.8977238173556666,6,1,1
1923,Lucky Tiger Combination Gold Mining,cyanid,0.02465483,1,14,0,6,1,1,1,0,0,0,0.2602937430993007,0.04347826086956521,2,0.3524590163934426,0.3873188405797102,0.01344651366112502,0.2112334653625564,0.05,2,0.392156862745098,0.44791666666666674,0.00138607182837952,0.29961927213137035,0.07142857142857142,4,0.4028776978417266,0.4604166666666664,0.00722010416615833,3.1959750125700702e-18,0.0079365079365079309,3,1,0.00529100529100529,1.4034496793117482e-5,united states of america,extraction,USA,0,0,0.096,0.581,1,2,1,1,2,1,98,3,1,0.9260468773507357,0.9128783852142348,14,1,1
1908,Luipaard Vlei Gold Mining Company,cyanid,0.1703992,1,11,0,2,0,0,0,1,2,0,0.01015406138516517,0.01408450704225352,1,0.22118380062305296,0.24590878604963107,0,0.16772967107531855,0.02531645569620253,2,0.42473118279569894,0.46413502109704646,0.00113949478575515,0.15676241017992085,0.02777777777777777,3,0.38162544169611307,0.4274691358024694,0.02088060227854483,8.928226590722351e-4,0.03947368421052631,3,0.20848056537102477,0.2065476190476187,0.00278894205209994,south africa,extraction,ZAF,1,1,0.408,0.115,NA,NA,NA,NA,NA,NA,NA,-2,0,0.9055704681028238,0.9101864858593508,11,1,1
1910,Luipaard Vlei Gold Mining Company,cyanid,0.1703992,0,2,64.0910919061465,0,0,0,0,0,0,0,0,0,0,0,0,0,0,0,0,0,0,0,0,0,0,0,0,0,0.04894251538050267,0.03317535545023697,7,0.3129370629370629,0.3178740690589042,0.03598623577948226,united kingdom,extraction,GBR,1,1,0.028,0.73,2,2,2,2,2,2,98,3,1,0.900247987322166,0.8929159482487512,2,1,1
1911,Luipaard Vlei Gold Mining Company,cyanid,0.2430724,1,8,1.0013217677085525e-4,6,1,1,0,0,0,0,0.00343466039632974,0.0131578947368421,1,0.2109826589595376,0.22039473684210503,0,0.09192239306163544,0.01111111111111111,1,0.36885245901639346,0.4138888888888889,0,0.08578119672656596,0.01680672268907563,2,0.34593023255813954,0.3893557422969188,0.00371797838520636,0.1211401999009752,0.1068702290076336,28,0.3737024221453287,0.36736641221373945,0.02997445965572994,united kingdom,extraction,GBR,1,1,0.028,0.73,2,2,2,2,2,2,98,3,1,0.9090477242361656,0.900247987322166,8,1,1
1915,Luipaard Vlei Gold Mining Company,cyanid,1.189343,1,3,0,1,1,0,0,0,0,0,0.00649572832082652,0.01612903225806451,1,0.2125984251968504,0.20564516129032231,0,0,0,0,0,0,0,0.00303290538249142,0.01020408163265306,1,0.24870466321243523,0.25408163265306116,0,0.04248794576487454,0.03977272727272727,14,0.33683105981112277,0.3564191017316005,0.02257120992617352,south africa,extraction,ZAF,1,1,0.408,0.115,-1,-1,-1,-1,-1,-1,84,2,0,0.8901492706922215,0.908179444741422,3,1,1
1916,Luipaard Vlei Gold Mining Company,cyanid,1.189343,1,1,0,0,0,0,0,0,0,0,0,0,0,0,0,0,0,0,0,0,0,0,0,0,0,0,0,0,0.02186552563242197,0.01510574018126888,5,0.31673306772908366,0.33862034239677713,0.01313434942115485,south africa,extraction,ZAF,1,1,0.408,0.115,-1,-1,-1,-1,-1,-1,84,2,0,0.8715313750908763,0.8901492706922215,1,1,1
1919,Luipaard Vlei Gold Mining Company,cyanid,2.478973,1,3,0,3,0,0,0,0,0,0,0,0,0,0,0,0,0,0,0,0,0,0,0,0,0,0,0,0,0.03775100143679648,0.02247191011235955,8,0.3323615160349854,0.3529026217228452,0.01122395818684226,south africa,extraction,ZAF,1,1,0.408,0.115,-1,-1,-1,-1,-1,-1,84,2,0,0.8666171596554353,0.8554794889536566,3,1,1
1920,Luipaard Vlei Gold Mining Company,cyanid,2.052034,1,6,0,3,0,1,0,0,1,0,0,0,0,0,0,0,0.4157568117349176,0.06557377049180328,4,0.5169491525423728,0.5327868852459017,0.01904668915210136,0.37986388526447307,0.05128205128205128,4,0.4406779661016949,0.480769230769231,0.0081536293402848,0.01961734421309498,0.03645833333333333,14,0.34967012252591895,0.3778955853174579,0.02043911753779076,south africa,extraction,ZAF,1,1,0.408,0.115,-1,-1,-1,-1,-1,-1,84,2,0,0.8827313706089669,0.8666171596554353,6,1,1
1921,Luipaard Vlei Gold Mining Company,cyanid,2.052034,1,8,0,6,0,1,0,2,2,2,0.3240121012775601,0.0851063829787234,4,0.4128440366972478,0.453900709219858,0.09672868502655732,0.30690425914907893,0.0588235294117647,3,0.425,0.4771241830065359,0.00604333176921053,0.40968756128407274,0.10294117647058824,7,0.425,0.49068627450980384,0.04909082698153807,0.25302783357604736,0.1078167115902965,40,0.3971078976640712,0.43715184186882405,0.04493942982239236,south africa,extraction,ZAF,1,1,0.408,0.115,-1,-1,-1,-1,-1,-1,84,2,0,0.8977238173556666,0.8827313706089669,8,1,1
1922,Luipaard Vlei Gold Mining Company,cyanid,2.052034,1,7,0,7,1,3,1,0,0,0,0.3364882515141047,0.07692307692307693,3,0.3557692307692308,0.4170940170940172,0.0711393869288606,0.3232295753231982,0.06521739130434782,3,0.5,0.5235507246376812,0.01630388914682605,0.40154249548431264,0.0967741935483871,6,0.4881889763779528,0.5241935483870966,0.07031478552374817,0.11348108080373756,0.07967032967032966,29,0.3856353591160221,0.4165293040293036,0.05338970955776079,united states of america,extraction,USA,0,0,0.094,0.581,1,2,1,1,2,1,98,3,1,0.9128783852142348,0.8977238173556666,7,1,1
1923,Luipaard Vlei Gold Mining Company,cyanid,2.052034,1,8,0,8,1,3,1,0,0,0,0.29771850611820205,0.06521739130434782,3,0.3644067796610169,0.4072463768115943,0.0304251847066629,0.3272152960950988,0.075,3,0.4878048780487805,0.5208333333333334,0.00909810663430573,0.4264322512987682,0.10714285714285714,6,0.4409448818897638,0.4999999999999998,0.02080243057547265,0.19347710725151965,0.11375661375661376,43,0.4272189349112426,0.46393298059964966,0.06552033452903772,united states of america,extraction,USA,0,0,0.096,0.581,1,2,1,1,2,1,98,3,1,0.9260468773507357,0.9128783852142348,8,1,1
1911,Machave Gold Mining Limited,cyanid,0.2916869,1,7,2.8333329557698393e-4,2,0,1,0,0,1,0,0,0,0,0,0,0,0.22897564057717568,0.03333333333333333,3,0.47368421052631576,0.4981481481481482,0.00602757070094527,0.20689787069657628,0.02521008403361344,3,0.4075342465753425,0.44747899159663895,0.00304726840004757,0.00351969972682724,0.01526717557251908,4,0.27169811320754716,0.24825517993456975,0.00639774553405479,canada,extraction,CAN,0,1,0.072,0.61,2,1,1,2,1,1,96,0,1,0.9090477242361656,0.900247987322166,7,1,1
1912,Machave Gold Mining Limited,cyanid,0.2916869,1,3,0,1,0,1,0,0,0,0,0,0,0,0,0,0,0.15780814078082056,0.02409638554216867,2,0.4715909090909091,0.4929718875502009,0.00353035756494714,0.15065189709724355,0.01818181818181818,2,0.4106463878326996,0.43863636363636394,0.00192372182972398,0.00851341369008434,0.01277955271565495,4,0.24956521739130436,0.2750648889626535,1.5486356192144572e-4,canada,extraction,CAN,0,1,0.072,0.61,2,1,1,2,1,1,96,0,1,0.9179453344387052,0.9090477242361656,3,1,1
1913,Machave Gold Mining Limited,cyanid,0.4138267,1,3,0,2,0,1,0,0,0,0,0,0,0,0,0,0,0.1700588109646345,0.02531645569620253,2,0.4340659340659341,0.4704641350210971,0.01433167474929083,0.16542893544704712,0.02040816326530612,2,0.40611353711790393,0.42261904761904784,0.00654090508075535,0.01283948135106006,0.01572327044025157,5,0.2286392405063291,0.24808204548770652,0.00792610654771628,canada,extraction,CAN,0,1,0.072,0.61,2,1,1,2,1,1,96,0,1,0.9228291504899564,0.9179453344387052,3,1,1
1914,Machave Gold Mining Limited,cyanid,0.4138267,1,5,0,4,0,0,0,0,0,0,0,0,0,0,0,0,0,0,0,0,0,0,0,0,0,0,0,0,0.00883381221149622,0.01111111111111111,4,0.24600638977635783,0.23908840388007133,0.00475850967853843,canada,extraction,CAN,0,1,0.067,0.61,2,1,1,2,1,1,96,0,1,0.908179444741422,0.9228291504899564,5,1,1
1917,Machave Gold Mining Limited,cyanid,0.4138267,1,2,0,1,0,0,0,0,0,0,0,0,0,0,0,0,0,0,0,0,0,0,0,0,0,0,0,0,0.00928766951034892,0.0119047619047619,4,0.27763272410791995,0.29332482993197373,6.553153382904097e-5,canada,extraction,CAN,0,1,0.067,0.61,2,2,1,2,2,1,98,0,1,0.8562317952059528,0.8715313750908763,2,1,1
1910,Macth Wtet Ing Company,cyanid,0.2918288,1,6,0,1,0,1,0,0,0,0,0,0,0,0,0,0,0.17560824736709937,0.0303030303030303,2,0.44,0.476010101010101,0.00317351560778607,0.16024079671611674,0.02272727272727272,2,0.39111111111111113,0.4318181818181818,0.00126895719133769,0.00398702400606295,0.00947867298578199,2,0.2528248587570621,0.2387497178966375,2.8114533668840443e-4,canada,extraction,CAN,0,1,0.074,0.597,2,1,1,2,1,1,96,0,1,0.900247987322166,0.8929159482487512,6,1,1
1913,Main Reef Extensions Limited,cyanid,4.138267,1,5,0,3,0,0,0,0,0,0,0,0,0,0,0,0,0,0,0,0,0,0,0,0,0,0,0,0,0.22813892178244932,0.06289308176100629,20,0.2936991869918699,0.3446458066741079,0.02774577831705343,canada,extraction,CAN,0,1,0.072,0.61,2,1,1,2,1,1,96,0,1,0.9228291504899564,0.9179453344387052,5,1,1
1909,Main Reef West Limited,cyanid,0.4159705,1,9,0,2,0,1,0,0,1,0,0,0,0,0,0,0,0.17173371151388372,0.02631578947368421,2,0.4367816091954023,0.47258771929824567,0.00241327609439064,0.1552620966534917,0.02061855670103092,2,0.4008438818565401,0.430412371134021,0.0010294166973359,0.03249793180911042,0.02247191011235955,4,0.30616740088105726,0.27670545746388464,0.00112895852350421,canada,extraction,CAN,0,1,0.074,0.597,2,1,1,2,1,1,96,0,1,0.8929159482487512,0.9055704681028238,9,1,1
1910,Main Reef West Limited,cyanid,0.4159705,1,9,0,0,0,0,0,0,0,0,0,0,0,0,0,0,0,0,0,0,0,0,0,0,0,0,0,0,0.07351605532694849,0.02843601895734597,6,0.307032590051458,0.3158259986459048,2.0379060533772415e-5,united states of america,extraction,USA,0,0,0.098,0.581,1,2,1,1,2,1,98,3,1,0.900247987322166,0.8929159482487512,9,1,1
1911,Main Reef West Limited,cyanid,0.4159705,1,9,2.3055664769700536e-4,4,0,2,0,0,0,0,0,0,0,0,0,0,0.0688558815948894,0.01111111111111111,1,0.3435114503816794,0.3888888888888889,0,0.06282619088360408,0.00840336134453781,1,0.3216216216216216,0.36148459383753495,0,0.2053360234157545,0.09541984732824428,25,0.3380281690140845,0.336423118865867,9.203251488848956e-4,united states of america,extraction,USA,0,0,0.098,0.581,1,2,1,1,2,1,98,3,1,0.9090477242361656,0.900247987322166,9,1,1
1912,Main Reef West Limited,cyanid,0.4159705,1,14,0,8,0,2,0,1,1,1,0.16976206802917151,0.0144927536231884,1,0.33004926108374383,0.36038647342995167,0,0.2264583208858042,0.03614457831325301,3,0.494047619047619,0.5100401606425703,0.00647756617664988,0.2589748452775118,0.03636363636363636,4,0.44081632653061226,0.46666666666666695,0.00676053258243423,0.5691318905144884,0.17252396166134185,54,0.3325608342989571,0.4071479283939338,0.0099193328426605,united states of america,extraction,USA,0,0,0.098,0.581,1,2,1,1,2,1,98,3,1,0.9179453344387052,0.9090477242361656,14,1,1
1914,Main Reef West Limited,cyanid,0.4159705,1,2,0,1,0,0,0,0,0,0,0,0,0,0,0,0,0,0,0,0,0,0,0,0,0,0,0,0,0.35842793137055606,0.04722222222222222,17,0.32941176470588235,0.331574074074073,0.00329408664029464,canada,extraction,CAN,0,1,0.067,0.61,2,1,1,2,1,1,96,0,1,0.908179444741422,0.9228291504899564,2,1,1
1916,Main Reef West Limited,cyanid,0.4159705,1,3,0,2,0,0,0,0,0,0,0,0,0,0,0,0,0,0,0,0,0,0,0,0,0,0,0,0,0.1933491932848085,0.03021148036253776,10,0.3102439024390244,0.3440871817004744,7.550047423205457e-6,canada,extraction,CAN,0,1,0.067,0.61,2,2,1,2,2,1,98,0,1,0.8715313750908763,0.8901492706922215,3,1,1
1917,Main Reef West Limited,cyanid,0.4169271,1,4,0,3,1,0,0,0,0,0,0.22027486665794263,0.02777777777777777,1,0.3018867924528302,0.323611111111111,0,0,0,0,0,0,0,0.06672168478102167,0.01639344262295082,1,0.2824074074074074,0.3163934426229508,0,0.4788175978096749,0.22321428571428573,75,0.3952912019826518,0.4697420634920638,0.06882731974565423,canada,extraction,CAN,0,1,0.067,0.61,2,2,1,2,2,1,98,0,1,0.8562317952059528,0.8715313750908763,4,1,1
1903,Mantraim Wassau Limited,cyanid,0.03411965,0,4,0,0,0,0,0,0,0,0,0,0,0,0,0,0,0,0,0,0,0,0,0,0,0,0,0,0,0,0,0,0,0,0,united kingdom,extraction,GBR,1,1,0.028,0.73,2,2,1,2,2,1,98,3,1,0.684490744492304,0.620634442833931,4,1,1
1911,Marazion Mines Limited,cyanid,0.00318424899999999,1,9,2.8333329557698393e-4,6,1,1,0,0,0,0,0.07510244523651512,0.0131578947368421,1,0.30416666666666664,0.3282894736842106,0,0.0688558815948894,0.01111111111111111,1,0.3435114503816794,0.3888888888888889,0,0.08870988689130486,0.01680672268907563,2,0.347953216374269,0.3943977591036417,0.00228975044117427,0.4077778243679861,0.1717557251908397,45,0.39488117001828155,0.40356234096692023,0.01246995972696006,canada,extraction,CAN,0,1,0.072,0.61,2,1,1,2,1,1,96,0,1,0.9090477242361656,0.900247987322166,9,1,1
1911,Marazion Mines Limited,cyanid,0.00318424899999999,1,9,5.832989181721671e-4,6,1,1,0,0,0,0,0.07510244523651512,0.0131578947368421,1,0.30416666666666664,0.3282894736842106,0,0.0688558815948894,0.01111111111111111,1,0.3435114503816794,0.3888888888888889,0,0.08870988689130486,0.01680672268907563,2,0.347953216374269,0.3943977591036417,0.00228975044117427,0.4077778243679861,0.1717557251908397,45,0.39488117001828155,0.40356234096692023,0.01246995972696006,united states of america,extraction,USA,0,0,0.098,0.581,1,2,1,1,2,1,98,3,1,0.9090477242361656,0.900247987322166,9,1,1
1912,Marazion Mines Limited,cyanid,0.003187348,1,9,0,4,0,1,0,0,1,0,0,0,0,0,0,0,0.22645832088580417,0.03614457831325301,3,0.494047619047619,0.5100401606425703,0.00647756617664988,0.21598032112113708,0.02727272727272727,3,0.4235294117647059,0.4515151515151518,0.0035222254515045,0.5950189683038118,0.23961661341853036,75,0.3478787878787879,0.4360477204726387,0.03268848504087953,united states of america,extraction,USA,0,0,0.098,0.581,1,2,1,1,2,1,98,3,1,0.9179453344387052,0.9090477242361656,9,1,1
1913,Marazion Mines Limited,cyanid,1.329596,1,3,0,2,0,1,0,0,0,0,0,0,0,0,0,0,0.05463174355107243,0.01265822784810126,1,0.32113821138211385,0.36392405063291133,0,0.05681765265575399,0.01020408163265306,1,0.31313131313131315,0.3340136054421768,0,0.31536280995493665,0.09119496855345911,29,0.2976313079299691,0.3630420330892023,0.02811027142733289,canada,extraction,CAN,0,1,0.072,0.61,2,1,1,2,1,1,96,0,1,0.9228291504899564,0.9179453344387052,3,1,1
1913,Marazion Mines Limited,cyanid,1.329596,1,3,0,2,0,1,0,0,0,0,0,0,0,0,0,0,0.05463174355107243,0.01265822784810126,1,0.32113821138211385,0.36392405063291133,0,0.05681765265575399,0.01020408163265306,1,0.31313131313131315,0.3340136054421768,0,0.31536280995493665,0.09119496855345911,29,0.2976313079299691,0.3630420330892023,0.02811027142733289,united states of america,extraction,USA,0,0,0.083,0.581,1,2,1,1,2,1,98,3,1,0.9228291504899564,0.9179453344387052,3,1,1
1914,Marazion Mines Limited,cyanid,1.329596,1,7,0,0,0,0,0,0,0,0,0,0,0,0,0,0,0,0,0,0,0,0,0,0,0,0,0,0,0.2048837295801723,0.03611111111111111,13,0.3373493975903614,0.33939814814814734,0.00319010983897711,canada,extraction,CAN,0,1,0.067,0.61,2,1,1,2,1,1,96,0,1,0.908179444741422,0.9228291504899564,7,1,1
1914,Marazion Mines Limited,cyanid,1.329596,1,7,0,0,0,0,0,0,0,0,0,0,0,0,0,0,0,0,0,0,0,0,0,0,0,0,0,0,0.2048837295801723,0.03611111111111111,13,0.3373493975903614,0.33939814814814734,0.00319010983897711,united states of america,extraction,USA,0,0,0.079,0.581,1,2,1,1,2,1,98,3,1,0.908179444741422,0.9228291504899564,7,1,1
1915,Marazion Mines Limited,cyanid,3.211227,1,11,0,7,0,1,0,0,0,0,0,0,0,0,0,0,0.07322309911761911,0.01219512195121951,1,0.33884297520661155,0.3841463414634146,0,0.06986209179358623,0.01020408163265306,1,0.3333333333333333,0.3656462585034011,0,0.5668415081011836,0.23579545454545456,83,0.3962962962962963,0.4593141233766243,0.0569738667322736,canada,extraction,CAN,0,1,0.067,0.61,2,2,1,2,2,1,98,0,1,0.8901492706922215,0.908179444741422,11,1,1
1915,Marazion Mines Limited,cyanid,3.211227,1,11,0,7,0,1,0,0,0,0,0,0,0,0,0,0,0.07322309911761911,0.01219512195121951,1,0.33884297520661155,0.3841463414634146,0,0.06986209179358623,0.01020408163265306,1,0.3333333333333333,0.3656462585034011,0,0.5668415081011836,0.23579545454545456,83,0.3962962962962963,0.4593141233766243,0.0569738667322736,united states of america,extraction,USA,0,0,0.07,0.581,1,2,1,1,2,1,98,3,1,0.8901492706922215,0.908179444741422,11,1,1
1916,Marazion Mines Limited,cyanid,3.21735,1,2,0,2,0,0,0,0,0,0,0,0,0,0,0,0,0,0,0,0,0,0,0,0,0,0,0,0,0.2786617655640097,0.06042296072507553,20,0.34527687296416937,0.38630412890231536,0.01884292379279347,canada,extraction,CAN,0,1,0.067,0.61,2,2,1,2,2,1,98,0,1,0.8715313750908763,0.8901492706922215,2,1,1
1916,Marazion Mines Limited,cyanid,3.21735,1,2,0,2,0,0,0,0,0,0,0,0,0,0,0,0,0,0,0,0,0,0,0,0,0,0,0,0,0.2786617655640097,0.06042296072507553,20,0.34527687296416937,0.38630412890231536,0.01884292379279347,united states of america,extraction,USA,0,0,0.07,0.581,1,2,1,1,2,1,98,3,1,0.8715313750908763,0.8901492706922215,2,1,1
1917,Marazion Mines Limited,cyanid,3.21735,1,9,0,8,0,2,0,0,0,0,0,0,0,0,0,0,0.3515604549631739,0.06521739130434782,3,0.4693877551020408,0.5072463768115941,0.02304761371955716,0.34228910133712825,0.04918032786885246,3,0.4066666666666667,0.4549180327868851,0.01147244731347487,0.4636524991726392,0.27976190476190477,94,0.3943139678615575,0.4705853174603178,0.09356622509185115,canada,extraction,CAN,0,1,0.067,0.61,2,2,1,2,2,1,98,0,1,0.8562317952059528,0.8715313750908763,9,1,1
1919,Marazion Mines Limited,cyanid,3.762727,1,2,0,0,0,0,0,0,0,0,0,0,0,0,0,0,0,0,0,0,0,0,0,0,0,0,0,0,0.38171643728269405,0.0702247191011236,25,0.40093786635404455,0.4312734082397007,0.01154400054091274,canada,extraction,CAN,0,1,0.067,0.631,2,2,1,2,2,1,98,0,1,0.8666171596554353,0.8554794889536566,2,1,1
1919,Marazion Mines Limited,cyanid,3.762727,1,2,0,0,0,0,0,0,0,0,0,0,0,0,0,0,0,0,0,0,0,0,0,0,0,0,0,0,0.38171643728269405,0.0702247191011236,25,0.40093786635404455,0.4312734082397007,0.01154400054091274,united states of america,extraction,USA,0,0,0.07,0.581,1,2,1,1,2,1,98,3,1,0.8666171596554353,0.8554794889536566,2,1,1
1920,Marazion Mines Limited,cyanid,3.114694,1,11,0,7,0,1,0,0,0,0,0,0,0,0,0,0,0.1058793240934913,0.01639344262295082,1,0.3630952380952381,0.4098360655737705,0,0.10117169068968518,0.01282051282051282,1,0.3436123348017621,0.3846153846153844,0,0.27171140119046705,0.17708333333333334,68,0.41685393258426967,0.4752604166666694,0.05280230532551575,canada,extraction,CAN,0,1,0.067,0.631,2,1,1,2,2,1,98,0,1,0.8827313706089669,0.8666171596554353,11,1,1
1920,Marazion Mines Limited,cyanid,3.114694,1,11,0,7,0,1,0,0,0,0,0,0,0,0,0,0,0.1058793240934913,0.01639344262295082,1,0.3630952380952381,0.4098360655737705,0,0.10117169068968518,0.01282051282051282,1,0.3436123348017621,0.3846153846153844,0,0.27171140119046705,0.17708333333333334,68,0.41685393258426967,0.4752604166666694,0.05280230532551575,united states of america,extraction,USA,0,0,0.078,0.581,1,2,1,1,2,1,98,3,1,0.8827313706089669,0.8666171596554353,11,1,1
1921,Marazion Mines Limited,cyanid,2.598152,1,10,0,9,0,0,0,0,0,0,0,0,0,0,0,0,0,0,0,0,0,0,0,0,0,0,0,0,0.6382059838325587,0.20485175202156333,76,0.4375,0.48769092542677744,0.07727916942961813,canada,extraction,CAN,0,1,0.067,0.631,2,1,1,2,2,1,98,0,1,0.8977238173556666,0.8827313706089669,10,1,1
1921,Marazion Mines Limited,cyanid,2.598152,1,10,0,9,0,0,0,0,0,0,0,0,0,0,0,0,0,0,0,0,0,0,0,0,0,0,0,0,0.6382059838325587,0.20485175202156333,76,0.4375,0.48769092542677744,0.07727916942961813,united states of america,extraction,USA,0,0,0.095,0.581,1,2,1,1,2,1,98,3,1,0.8977238173556666,0.8827313706089669,10,1,1
1922,Marazion Mines Limited,cyanid,2.989371,1,8,0,8,1,0,0,0,0,0,0.098163861118758,0.02564102564102564,1,0.27611940298507465,0.3025641025641024,0,0,0,0,0,0,0,0.02698335811865484,0.01612903225806451,1,0.27312775330396477,0.29838709677419345,0,1,0.3021978021978022,110,0.4434561626429479,0.5085164835164856,0.124385376488606,canada,extraction,CAN,0,1,0.07,0.631,2,1,1,2,2,1,98,0,1,0.9128783852142348,0.8977238173556666,8,1,1
1922,Marazion Mines Limited,cyanid,2.989371,1,8,0,8,1,0,0,0,0,0,0.098163861118758,0.02564102564102564,1,0.27611940298507465,0.3025641025641024,0,0,0,0,0,0,0,0.02698335811865484,0.01612903225806451,1,0.27312775330396477,0.29838709677419345,0,1,0.3021978021978022,110,0.4434561626429479,0.5085164835164856,0.124385376488606,united states of america,extraction,USA,0,0,0.094,0.581,1,2,1,1,2,1,98,3,1,0.9128783852142348,0.8977238173556666,8,1,1
1923,Marazion Mines Limited,cyanid,3.087832,1,11,0,10,0,0,0,0,0,0,0,0,0,0,0,0,0,0,0,0,0,0,0,0,0,0,0,0,0.926118873826573,0.2830687830687831,107,0.441320293398533,0.4976190476190503,0.07621539455193296,canada,extraction,CAN,0,1,0.07,0.631,2,1,1,2,2,1,98,0,1,0.9260468773507357,0.9128783852142348,11,1,1
1923,Marazion Mines Limited,cyanid,3.087832,1,11,0.6829898213696111,10,0,0,0,0,0,0,0,0,0,0,0,0,0,0,0,0,0,0,0,0,0,0,0,0,0.926118873826573,0.2830687830687831,107,0.441320293398533,0.4976190476190503,0.07621539455193296,united states of america,extraction,USA,0,0,0.096,0.581,1,2,1,1,2,1,98,3,1,0.9260468773507357,0.9128783852142348,11,1,1
1914,Mashonaland Consolidated Limited,amalgama,0.486618,1,4,0,1,0,0,0,0,0,0,0,0,0,0,0,0,0,0,0,0,0,0,0,0,0,0,0,0,0.00148239027852447,0.00833333333333333,3,0.21300138312586445,0.20535493827160572,3.700772525464771e-5,united states of america,extraction,USA,0,0,0.079,0.581,1,2,1,1,2,1,98,3,1,0.908179444741422,0.9228291504899564,4,0,1
1912,Masterpiece Gold Mining Company,cyanid,0.8763389,0,4,0,1,0,1,0,0,0,0,0,0,0,0,0,0,0.0926840370505694,0.01204819277108433,1,0.3878504672897196,0.4307228915662651,0,0.08711252237738422,0.00909090909090909,1,0.3588039867109635,0.39166666666666666,0,2.4582502620551925e-5,0.00319488817891373,1,0.1770512029611351,0.1848757561217627,0,united states of america,extraction,USA,0,0,0.098,0.581,1,2,1,1,2,1,98,3,1,0.9179453344387052,0.9090477242361656,4,1,1
1913,Masterpiece Gold Mining Company,cyanid,0.8763389,1,2,0,0,0,0,0,0,1,0,0,0,0,0,0,0,0.2053652650077562,0.02531645569620253,2,0.3798076923076923,0.4293248945147679,0.00211937397820044,0.19194805084387728,0.02040816326530612,2,0.3618677042801556,0.388095238095238,0.00121794023346725,0,0,0,0,0,0,united states of america,extraction,USA,0,0,0.083,0.581,1,2,1,1,2,1,98,3,1,0.9228291504899564,0.9179453344387052,2,1,1
1908,Mat Consolidated Gold,cyanid,1.411192,0,0,0,0,0,0,0,0,0,0,0,0,0,0,0,0,0,0,0,0,0,0,0,0,0,0,0,0,0,0,0,0,0,0,united kingdom,extraction,GBR,1,1,0.028,0.73,2,2,2,2,2,1,98,3,1,0.9055704681028238,0.9101864858593508,0,1,1
1895,May Consolidated Gold Mining Company,cyanid,1.413255,1,12,934.5183354912368,0,0,0,0,0,0,0,0,0,0,0,0,0,0,0,0,0,0,0,0,0,0,0,0,0,0,0,0,0,0,0,germany,extraction,DEU,0,0,0.078,0.302,1,1,NA,1,1,NA,92,1,1,0.7078988530850715,0.6957655151230822,12,1,0
1895,May Consolidated Gold Mining Company,cyanid,1.413255,1,12,0,0,0,0,0,0,0,0,0,0,0,0,0,0,0,0,0,0,0,0,0,0,0,0,0,0,0,0,0,0,0,0,united kingdom,extraction,GBR,1,1,0.028,0.73,2,2,NA,2,2,NA,98,3,1,0.7078988530850715,0.6957655151230822,12,1,1
1909,May Consolidated Gold Mining Company,cyanid,1.413255,1,8,0,5,0,0,0,1,1,1,0.01848292541044664,0.01492537313432835,1,0.24904214559386972,0.2620824449182658,0,0.07415608496843451,0.0131578947368421,1,0.34234234234234234,0.3881578947368421,0,0.07486976365221724,0.02061855670103092,2,0.3333333333333333,0.3697594501718211,0.001148029256921,0.15565348970058285,0.0898876404494382,16,0.34663341645885287,0.3390650080256828,0.00923035829940725,canada,extraction,CAN,0,1,0.074,0.597,2,1,1,2,1,1,96,0,1,0.8929159482487512,0.9055704681028238,8,1,1
1911,May Consolidated Gold Mining Company,cyanid,1.40982,1,7,2.8333329557698393e-4,4,1,1,1,0,0,0,0.01480347825150519,0.0131578947368421,1,0.25,0.2607456140350877,0,0.16011975898228645,0.02222222222222222,2,0.4090909090909091,0.4518518518518519,0.00113764304646817,0.1537173312142318,0.02521008403361344,3,0.371875,0.4180672268907566,0.001848479021841,0.17022453488063907,0.08396946564885496,22,0.35121951219512193,0.33852235550708815,0.00450962153901492,canada,extraction,CAN,0,1,0.072,0.61,2,1,1,2,1,1,96,0,1,0.9090477242361656,0.900247987322166,7,1,1
1912,May Consolidated Gold Mining Company,cyanid,1.411192,1,7,0,0,0,0,0,0,0,0,0,0,0,0,0,0,0,0,0,0,0,0,0,0,0,0,0,0,0.09299785737622576,0.04792332268370607,15,0.30662393162393164,0.3510243927176825,0.00234022659453922,canada,extraction,CAN,0,1,0.072,0.61,2,1,1,2,1,1,96,0,1,0.9179453344387052,0.9090477242361656,7,1,1
1913,May Consolidated Gold Mining Company,cyanid,1.411879,1,7,0,1,0,0,0,0,0,0,0,0,0,0,0,0,0,0,0,0,0,0,0,0,0,0,0,0,0.2098435479680953,0.05031446540880503,16,0.26908752327746743,0.3193047169462264,0.024965892179787,canada,extraction,CAN,0,1,0.072,0.61,2,1,1,2,1,1,96,0,1,0.9228291504899564,0.9179453344387052,7,1,1
1914,May Consolidated Gold Mining Company,cyanid,1.42998,1,6,0,2,0,0,0,0,0,0,0,0,0,0,0,0,0,0,0,0,0,0,0,0,0,0,0,0,0.10749134067345328,0.05555555555555555,20,0.3311827956989247,0.3370833333333322,0.0119113904336875,canada,extraction,CAN,0,1,0.067,0.61,2,1,1,2,1,1,96,0,1,0.908179444741422,0.9228291504899564,6,1,1
1915,May Consolidated Gold Mining Company,cyanid,1.379638,1,6,0,5,1,1,1,0,0,0,0,0.01612903225806451,1,0.6,0.03225806451612903,0,0.07322309911761911,0.01219512195121951,1,0.33884297520661155,0.3841463414634146,0,0.07177388302470956,0.02040816326530612,2,0.3356643356643357,0.37244897959183654,0.00652219650746898,0.31496270620940703,0.19886363636363635,70,0.3706697459584295,0.42648133116883,0.03256296009396758,canada,extraction,CAN,0,1,0.067,0.61,2,2,1,2,2,1,98,0,1,0.8901492706922215,0.908179444741422,6,1,1
1916,May Consolidated Gold Mining Company,cyanid,1.382269,1,3,0,2,0,0,0,0,0,0,0,0,0,0,0,0,0,0,0,0,0,0,0,0,0,0,0,0,0.02627429049050964,0.03625377643504532,12,0.27943760984182775,0.31307006186160374,0.00348780509983988,canada,extraction,CAN,0,1,0.067,0.61,2,2,1,2,2,1,98,0,1,0.8715313750908763,0.8901492706922215,3,1,1
1917,May Consolidated Gold Mining Company,cyanid,1.382269,1,4,0,2,0,0,0,0,0,0,0,0,0,0,0,0,0,0,0,0,0,0,0,0,0,0,0,0,0.02369623671308673,0.01488095238095238,5,0.32124874118831825,0.3485615079365072,0.00111131012468224,canada,extraction,CAN,0,1,0.067,0.61,2,2,1,2,2,1,98,0,1,0.8562317952059528,0.8715313750908763,4,1,1
1916,Mayo Rhodesia Development Limited,cyanid,0.07162536,1,5,0,0,0,0,0,0,0,0,0,0,0,0,0,0,0,0,0,0,0,0,0,0,0,0,0,0,0,0,0,0,0,0,united states of america,extraction,USA,0,0,0.07,0.581,1,2,1,1,2,1,98,3,1,0.8715313750908763,0.8901492706922215,5,1,1
1917,Mayo Rhodesia Development Limited,cyanid,0.6412605,1,5,0,0,0,0,0,0,0,0,0,0,0,0,0,0,0,0,0,0,0,0,0,0,0,0,0,0,0,0,0,0,0,0,united states of america,extraction,USA,0,0,0.07,0.581,1,2,1,1,2,1,98,3,1,0.8562317952059528,0.8715313750908763,5,1,1
1919,Mayo Rhodesia Development Limited,cyanid,0.6412605,1,5,0,0,0,0,0,0,0,0,0,0,0,0,0,0,0,0,0,0,0,0,0,0,0,0,0,0,0,0,0,0,0,0,united states of america,extraction,USA,0,0,0.07,0.581,1,2,1,1,2,1,98,3,1,0.8666171596554353,0.8554794889536566,5,1,1
1920,Mayo Rhodesia Development Limited,cyanid,0.6412605,1,5,0,0,0,0,0,0,0,0,0,0,0,0,0,0,0,0,0,0,0,0,0,0,0,0,0,0,7.97151198736226e-4,0.0078125,3,0.2661406025824964,0.2747395833333339,0.00132460563309302,united states of america,extraction,USA,0,0,0.078,0.581,1,2,1,1,2,1,98,3,1,0.8827313706089669,0.8666171596554353,5,1,1
1921,Mayo Rhodesia Development Limited,cyanid,0.6735951,1,1,0,1,0,0,0,0,0,0,0,0,0,0,0,0,0,0,0,0,0,0,0,0,0,0,0,0,0.00605689970581887,0.00808625336927223,3,0.28860145513338725,0.29690026954177956,0.00124898209612954,united states of america,extraction,USA,0,0,0.095,0.581,1,2,1,1,2,1,98,3,1,0.8977238173556666,0.8827313706089669,1,1,1
1922,Mayo Rhodesia Development Limited,cyanid,0.7750220999999999,1,1,0,1,0,0,0,0,0,0,0,0,0,0,0,0,0,0,0,0,0,0,0,0,0,0,0,0,7.071906642036052e-4,0.00824175824175824,3,0.2494639027877055,0.25355180533752025,0,united states of america,extraction,USA,0,0,0.094,0.581,1,2,1,1,2,1,98,3,1,0.9128783852142348,0.8977238173556666,1,1,1
1923,Mayo Rhodesia Development Limited,cyanid,0.8005489,0,1,0,0,0,0,0,0,0,0,0,0,0,0,0,0,0,0,0,0,0,0,0,0,0,0,0,0,0.00223836607837688,0.00529100529100529,2,0.30828351836037576,0.31693121693121673,2.2454745592824992e-4,united states of america,extraction,USA,0,0,0.096,0.581,1,2,1,1,2,1,98,3,1,0.9260468773507357,0.9128783852142348,1,1,1
1903,Mesquital Del Oro Mining Company,cyanid,0.0729572,1,5,1524.068532432487,0,0,0,0,0,0,0,0,0,0,0,0,0,0,0,0,0,0,0,0,0,0,0,0,0,0,0,0,0,0,0,mexico,extraction,MEX,0,0,0.853,0.556,-2,-2,-2,-2,-2,-2,96,1,0,0.684490744492304,0.620634442833931,5,1,0
1908,Messina Transvaal Development Limited,cyanid,0.5360624,1,13,0,0,0,0,0,1,0,0,0.16508074760008837,0.01408450704225352,1,0.29957805907172996,0.35023474178403763,0,0,0,0,0,0,0,0.04755504350907912,0.00925925925925925,1,0.2849604221635884,0.31975308641975314,0,0,0,0,0,0,0,south africa,extraction,ZAF,1,1,0.408,0.115,NA,NA,NA,NA,NA,NA,NA,-2,0,0.9055704681028238,0.9101864858593508,13,1,1
1910,Metek And Cttath Ootjd Plan,cyanid,0.8511673000000001,1,4,0,0,0,0,0,0,0,0,0,0,0,0,0,0,0,0,0,0,0,0,0,0,0,0,0,0,0,0,0,0,0,0,south africa,extraction,ZAF,1,1,0.408,0.115,-1,-2,-3,-1,-2,-3,82,-2,0,0.900247987322166,0.8929159482487512,4,1,1
1895,Metropolitan Gold Mining Company,cyanid,0.34146340000000003,1,10,21.847482633793845,2,0,0,0,0,0,0,0,0,0,0,0,0,0,0,0,0,0,0,0,0,0,0,0,0,0.00459850158744115,0.02857142857142857,1,0.25510204081632654,0.22479591836734697,0,united states of america,extraction,USA,0,0,0.147,0.478,1,1,NA,1,1,NA,95,1,1,0.7078988530850715,0.6957655151230822,10,1,1
1908,Metropolitan Gold Mining Company,cyanid,0.1564027,1,4,0,0,0,0,0,1,1,1,0.02606179254876467,0.01408450704225352,1,0.23745819397993312,0.2611670020120725,0,0.09233751503463264,0.01265822784810126,1,0.3798076923076923,0.4240506329113924,0,0.09526278782475606,0.01851851851851851,2,0.34726688102893893,0.3922839506172838,9.663372584607096e-4,1.980902465599315e-4,0.03947368421052631,3,0.20344827586206896,0.20350877192982425,0.00859649122807017,united states of america,extraction,USA,0,0,0.117,0.581,1,1,1,1,1,1,98,1,1,0.9055704681028238,0.9101864858593508,4,1,1
1903,Mexican Gold And Silver Recovery,cyanid,1.829268,1,6,1524.068532432487,0,0,0,0,1,1,1,0,0.07142857142857142,1,0.6,0.14285714285714285,0,0.08330949807319674,0.0625,1,0.2962962962962963,0.34375,0,0.09827829456086482,0.08333333333333333,2,0.2857142857142857,0.35624999999999984,0.03403209109730849,0,0,0,0,0,0,mexico,extraction,MEX,0,0,0.853,0.556,-2,-2,-2,-2,-2,-2,96,1,0,0.684490744492304,0.620634442833931,6,1,0
1908,Mexican Gold And Silver Recovery,cyanid,0.4863813,1,6,0,1,1,0,0,0,0,0,0.10876047266331988,0.01408450704225352,1,0.29218106995884774,0.33041582830315236,0,0,0,0,0,0,0,0.02308666385307566,0.00925925925925925,1,0.2819843342036554,0.30725308641975324,0,0.0033664644023265,0.0131578947368421,1,0.18495297805642633,0.16491750208855455,0,mexico,extraction,MEX,0,0,0.853,0.556,-2,-2,-2,-2,-2,-2,96,1,0,0.9055704681028238,0.9101864858593508,6,1,1
1909,Mexican Gold And Silver Recovery,cyanid,0.4863813,1,6,0,2,0,0,0,0,0,0,0,0,0,0,0,0,0,0,0,0,0,0,0,0,0,0,0,0,0,0.00561797752808988,1,0.6666666666666666,0.00842696629213483,0,mexico,extraction,MEX,0,0,0.853,0.556,-2,-2,-2,-2,-2,-2,96,1,0,0.8929159482487512,0.9055704681028238,6,1,1
1908,Mexico Mines Oro Limited,cyanid,0.8563273,1,13,0,3,2,2,1,1,1,1,0.3036426637480348,0.04225352112676056,3,0.39226519337016574,0.444600938967136,0.07065225295607587,0.3037857536678945,0.05063291139240506,4,0.512987012987013,0.5253164556962026,0.00997812905098481,0.36885786875831467,0.06481481481481481,7,0.47161572052401746,0.5054012345679014,0.02499475463428102,0.1847703826150675,0.05263157894736842,4,0.28780487804878047,0.280388471177945,0.06051607720149223,mexico,extraction,MEX,0,0,0.853,0.556,-2,-2,-2,-2,-2,-2,96,1,0,0.9055704681028238,0.9101864858593508,13,1,1
1909,Mexico Mines Oro Limited,cyanid,0.8563273,0,1,0,0,0,0,0,0,0,0,0,0,0,0,0,0,0,0,0,0,0,0,0,0,0,0,0,0,0,0.00561797752808988,1,0.6666666666666666,0.00842696629213483,0,mexico,extraction,MEX,0,0,0.853,0.556,-2,-2,-2,-2,-2,-2,96,1,0,0.8929159482487512,0.9055704681028238,1,1,1
1912,Mexico Mines Oro Limited,cyanid,0.8563273,0,1,0,0,0,0,0,0,0,0,0,0,0,0,0,0,0,0,0,0,0,0,0,0,0,0,0,0,9.459244746171924e-4,0.00319488817891373,1,0.20812182741116753,0.21706118694936608,0,mexico,extraction,MEX,0,0,0.816,0.561,-2,-2,-3,-2,-2,-3,70,0,0,0.9179453344387052,0.9090477242361656,1,1,1
1913,Mexico Mines Oro Limited,cyanid,0.8563273,1,3,0,0,0,0,0,1,1,1,0.0202408719930701,0.01724137931034482,1,0.24431818181818185,0.20574712643678153,0,0.19889486051727123,0.02531645569620253,2,0.383495145631068,0.4324894514767932,0.00251262876863247,0.20090988630640225,0.03061224489795918,3,0.3734939759036144,0.4025510204081632,0.00792172558234929,0,0,0,0,0,0,mexico,extraction,MEX,0,0,0.774,0.561,-3,-3,-3,-3,-3,-3,70,0,0,0.9228291504899564,0.9179453344387052,3,1,1
1914,Mexico Mines Oro Limited,cyanid,0.8563273,1,5,0,1,0,0,0,0,0,0,0,0,0,0,0,0,0,0,0,0,0,0,0,0,0,0,0,0,0.01148443149010806,0.00833333333333333,3,0.2590412111017662,0.2530897266313941,9.701551608942478e-4,mexico,extraction,MEX,0,0,0.774,0.561,-3,-3,-3,-3,-3,-3,69,0,0,0.908179444741422,0.9228291504899564,5,1,1
1915,Mexico Mines Oro Limited,cyanid,0.8563273,1,6,0,3,1,1,1,0,0,0,0.11743236916464056,0.01612903225806451,1,0.3,0.29811827956989256,0,0.1631997381312539,0.02439024390243902,2,0.405940594059406,0.4502032520325203,0.00222022715110416,0.18114506846661985,0.03061224489795918,3,0.4067796610169492,0.441666666666667,0.00450255918323773,0.01942645551118801,0.01704545454545454,6,0.3150147203140334,0.32804383116883057,0.00811373161130517,mexico,extraction,MEX,0,0,0.774,0.561,-3,-3,-3,-3,-3,-3,70,0,0,0.8901492706922215,0.908179444741422,6,1,1
1916,Mexico Mines Oro Limited,cyanid,0.85796,1,6,0,6,3,0,0,0,0,0,0.4728227503029269,0.07142857142857142,3,0.42857142857142855,0.38095238095238104,0.01728759045832216,0,0,0,0,0,0,0.216793464543532,0.04,3,0.3073770491803279,0.3557777777777778,0.00213020952033915,0.00882387532295728,0.02719033232628398,9,0.2896174863387978,0.31417781614156304,0.03765734961923082,mexico,extraction,MEX,0,0,0.774,0.561,-2,-2,-3,-2,-2,-3,76,0,0,0.8715313750908763,0.8901492706922215,6,1,1
1919,Mexico Mines Oro Limited,cyanid,0.8853475,1,8,0,5,2,1,1,0,0,0,0.1515736271346305,0.03773584905660377,2,0.27350427350427353,0.2072327044025156,0.00266086115142719,0.1919357333638161,0.03076923076923077,2,0.39634146341463417,0.4448717948717949,0.00176675561233661,0.21301698021185245,0.05,4,0.3883495145631068,0.4410416666666665,0.00779802798175334,0.00289584271430994,0.02247191011235955,8,0.2620689655172414,0.2774411449973257,0.01504742995682533,mexico,extraction,MEX,0,0,0.795,0.565,-2,-2,-3,-2,-2,-3,76,0,0,0.8666171596554353,0.8554794889536566,8,1,1
1920,Mexico Mines Oro Limited,cyanid,0.6595823000000001,1,3,0,2,1,1,1,0,0,0,0.03486471210586937,0.01851851851851851,1,0.2660098522167488,0.3089506172839506,0,0.1991295877518614,0.03278688524590164,2,0.3765432098765432,0.42896174863387976,0.00138530222926985,0.19791483166643475,0.03846153846153846,3,0.3842364532019704,0.4337606837606836,0.01129410236894559,0.00539116540632291,0.0078125,3,0.3008921330089213,0.3197358630952379,3.825981756426886e-4,mexico,extraction,MEX,0,0,0.795,0.557,-2,-2,-3,-2,-2,-3,76,0,0,0.8827313706089669,0.8666171596554353,3,1,1
1921,Mexico Mines Oro Limited,cyanid,0.7698229,1,6,0,3,2,0,0,0,0,0,0.16778858676522426,0.0425531914893617,2,0.3383458646616541,0.3783687943262412,0.02236793576511702,0,0,0,0,0,0,0.06402545372941988,0.02941176470588235,2,0.3063063063063063,0.3502450980392158,0.00212162058956816,0.0070399482627635,0.02964959568733153,11,0.3033135089209856,0.3194968553459117,0.02434977634880843,mexico,extraction,MEX,0,0,0.795,0.557,-1,-2,-2,-1,-2,-2,85,0,0,0.8977238173556666,0.8827313706089669,6,1,1
1922,Mexico Mines Oro Limited,cyanid,0.8857396,1,1,0,0,0,0,0,0,0,0,0,0,0,0,0,0,0,0,0,0,0,0,0,0,0,0,0,0,0,0,0,0,0,0,mexico,extraction,MEX,0,0,0.795,0.557,-1,-2,-2,-1,-2,-2,85,0,0,0.9128783852142348,0.8977238173556666,1,1,1
1923,Mexico Mines Oro Limited,cyanid,0.9149131,1,2,0,2,1,0,0,0,0,0,0.05630790530126652,0.0217391304347826,1,0.25,0.2821169772256727,0,0,0,0,0,0,0,0.02911719161225312,0.01785714285714285,1,0.27586206896551724,0.3065476190476189,0,0.00978432990901231,0.03439153439153439,13,0.3364398881640261,0.35405643738976883,0.01126734172360475,mexico,extraction,MEX,0,0,0.795,0.557,-1,-2,-2,-1,-2,-2,85,0,0,0.9260468773507357,0.9128783852142348,2,1,1
1912,Meyer And Chaelton,cyanid,0.8515815,1,5,0,3,0,0,0,0,0,0,0,0,0,0,0,0,0,0,0,0,0,0,0,0,0,0,0,0,0.08570189769111916,0.07348242811501597,23,0.28137254901960784,0.3381015771590849,0.00567525186879549,south africa,extraction,ZAF,1,1,0.408,0.115,-1,-1,-1,-1,-1,-2,84,2,0,0.9179453344387052,0.9090477242361656,5,1,1
1912,Meyer And Charlton Mining Limited,cyanid,0.486618,1,5,0,3,1,0,0,0,0,0,0.16976206802917135,0.0144927536231884,1,0.33004926108374383,0.36038647342995167,0,0,0,0,0,0,0,0.04299452415637461,0.00909090909090909,1,0.2975206611570248,0.3222727272727272,0,0.0474325146029875,0.08626198083067092,27,0.2601994560290118,0.29742149933843315,0.00812635801299794,canada,extraction,CAN,0,1,0.072,0.61,2,1,1,2,1,1,96,0,1,0.9179453344387052,0.9090477242361656,5,1,1
1914,Meyer And Charlton Mining Limited,cyanid,0.9861933,1,6,0,5,1,0,0,0,0,0,0.1871438015854502,0.01587301587301587,1,0.32786885245901637,0.3542328042328043,0,0,0,0,0,0,0,0.04811949376023233,0.01098901098901099,1,0.2993421052631579,0.3335164835164835,0,0.04222940210624032,0.08333333333333333,30,0.3013698630136986,0.30491071428571415,0.02490822126385827,south africa,extraction,ZAF,1,1,0.408,0.115,-1,-1,-1,-1,-1,-1,84,2,0,0.908179444741422,0.9228291504899564,6,1,1
1917,Meyer And Charlton Mining Limited,cyanid,1.5,0,6,0,0,0,0,0,0,0,0,0,0,0,0,0,0,0,0,0,0,0,0,0,0,0,0,0,0,0.00834084510442434,0.01488095238095238,5,0.28868778280542984,0.3038548752834475,0,south africa,extraction,ZAF,1,1,0.408,0.115,-1,-1,-1,-1,-1,-1,84,2,0,0.8562317952059528,0.8715313750908763,6,1,1
1919,Meyer And Charlton Mining Limited,cyanid,4,1,13,0,1,0,0,0,1,1,1,1.3486983483165143e-16,0.01886792452830188,1,0.42857142857142855,0.08333333333333334,0,0.090708410680397,0.01538461538461538,1,0.34946236559139787,0.39615384615384613,0,0.102854070097971,0.025,2,0.3508771929824561,0.3977083333333331,0.00507612946780811,0.05213935225340672,0.01685393258426966,6,0.31347387717690195,0.3288188871054036,0,canada,extraction,CAN,0,1,0.067,0.631,2,2,1,2,2,1,98,0,1,0.8666171596554353,0.8554794889536566,13,1,1
1922,Meyer And Charlton Mining Limited,cyanid,4,1,10,0,4,0,1,0,1,0,0,0.09816386111875808,0.02564102564102564,1,0.27611940298507465,0.3025641025641024,0,0.10960649465894938,0.0217391304347826,1,0.35384615384615387,0.4021739130434782,0,0.1273630114484977,0.03225806451612903,2,0.35428571428571426,0.40241935483870944,0.00656126079159445,0.00195152138596202,0.00824175824175824,3,0.23328877005347592,0.23526622187336585,0,canada,extraction,CAN,0,1,0.07,0.631,2,1,1,2,2,1,98,0,1,0.9128783852142348,0.8977238173556666,10,1,1
1923,Meyer And Charlton Mining Limited,cyanid,1.5,1,13,0,9,2,0,0,0,0,0,0.29385514725925654,0.06521739130434782,3,0.35833333333333334,0.40181159420289864,0.02539144496277821,0,0,0,0,0,0,0.1368394262990829,0.05357142857142857,3,0.33136094674556216,0.3931547619047619,0.00423408294513945,0.07606466828400121,0.0291005291005291,11,0.3269927536231884,0.3410052910052897,0,canada,extraction,CAN,0,1,0.07,0.631,2,1,1,2,2,1,98,0,1,0.9260468773507357,0.9128783852142348,13,1,1
1895,Meyer And Leeb Gold Mining,cyanid,0.09775171,1,20,2430.7836696736645,0,0,0,0,4,0,0,0.2721002917988812,0.03125,1,0.3466666666666667,0.32031249999999994,0,0,0,0,0,0,0,0.08074842312956831,0.02222222222222222,1,0.3,0.3374074074074074,0,0,0,0,0,0,0,united states of america,extraction,USA,0,0,0.147,0.478,1,1,NA,1,1,NA,95,1,1,0.7078988530850715,0.6957655151230822,20,1,0
1908,Midas Deep Limited,cyanid,0.8515815,1,7,0,3,0,1,0,0,1,0,0,0,0,0,0,0,0.1637817135240837,0.02531645569620253,2,0.4388888888888889,0.4736286919831224,0.0018922661490818,0.15293570138393384,0.01851851851851851,2,0.37894736842105264,0.4223765432098768,9.26343595461395e-4,0.05719892961583923,0.07894736842105263,6,0.3241758241758242,0.3131578947368419,0.0290045173442347,south africa,extraction,ZAF,1,1,0.408,0.115,NA,NA,NA,NA,NA,NA,NA,-2,0,0.9055704681028238,0.9101864858593508,7,1,1
1891,Minerals Separation American Syndicate Limited,amalgama,0.07309942,1,4,0,0,0,0,0,0,0,0,0,0,0,0,0,0,0,0,0,0,0,0,0,0,0,0,0,0,0,0,0,0,0,0,italy,extraction,ITA,0,0,0.348,0.563,1,1,NA,1,1,NA,94,2,1,0.4350369054473666,0.32042803057333596,4,0,1
1893,Minerals Separation American Syndicate Limited,amalgama,0.07309942,1,4,0,0,0,0,0,0,0,0,0,0.25,1,1,0.25,0,0,0,0,0,0,0,4.845301489793586e-17,0.1,1,1,0.1,0,0,0,0,0,0,0,italy,extraction,ITA,0,0,0.348,0.563,1,1,NA,1,1,NA,94,2,1,0.6304463154435564,0.5391385682272447,4,0,1
1913,Minerals Separation American Syndicate Limited,cyanid,0.07302824000000001,1,11,0,0,0,0,0,0,0,0,0,0,0,0,0,0,0,0,0,0,0,0,0,0,0,0,0,0,0,0,0,0,0,0,mexico,extraction,MEX,0,0,0.774,0.561,-3,-3,-3,-3,-3,-3,70,0,0,0.9228291504899564,0.9179453344387052,11,1,1
1908,Mines Proprietary Limited,amalgama,0.486618,1,8,0,0,0,0,0,0,2,0,0,0,0,0,0,0,0.14683635453013705,0.02531645569620253,2,0.42934782608695654,0.4672995780590718,0.00228517516967241,0.13621731595187497,0.01851851851851851,2,0.3763066202090593,0.4189814814814818,0.00121564920346784,0,0,0,0,0,0,united states of america,extraction,USA,0,0,0.117,0.581,1,1,1,1,1,1,98,1,1,0.9055704681028238,0.9101864858593508,8,0,1
1919,Mines Tailings Limited,cyanid,1.217137,1,4,0,2,0,0,0,0,0,0,0,0,0,0,0,0,0,0,0,0,0,0,0,0,0,0,0,0,0.00232658234462644,0.01685393258426966,6,0.2878787878787879,0.2997926698769401,0.01390154876515654,canada,extraction,CAN,0,1,0.067,0.631,2,2,1,2,2,1,98,0,1,0.8666171596554353,0.8554794889536566,4,1,1
1903,Mining And Railway Company,cyanid,4.377432,1,5,7946.170250638855,1,0,1,0,0,0,0,0,0,0,0,0,0,0.2768711421350802,0.0625,1,0.380952380952381,0.43749999999999994,0,0.25634728788933586,0.04166666666666666,1,0.35294117647058826,0.3958333333333331,0,1.7172886266853788e-16,0.2,2,1,0.2,0.02222222222222222,chile,extraction,CHL,0,0,0.276,0.272,0,1,-1,0,1,-1,97,1,1,0.684490744492304,0.620634442833931,5,1,0
1917,Mining Mantat Mimia Bar Witwatersrand,cyanid,0.01965222,1,0,0,0,0,0,0,0,0,0,0,0,0,0,0,0,0,0,0,0,0,0,0,0,0,0,0,0,0,0,0,0,0,0,canada,extraction,CAN,0,1,0.067,0.61,2,2,1,2,2,1,98,0,1,0.8562317952059528,0.8715313750908763,0,1,1
1917,Mitsubishi Kogyo Kaisha Mitsubishi Limited,cyanid,3.970043,1,3,0,2,0,0,0,0,0,0,0,0,0,0,0,0,0,0,0,0,0,0,0,0,0,0,0,0,0.0355592727063922,0.01488095238095238,5,0.2915904936014625,0.31591553287981905,0.00565281994678789,canada,extraction,CAN,0,1,0.067,0.61,2,2,1,2,2,1,98,0,1,0.8562317952059528,0.8715313750908763,3,1,1
1922,Mitsubishi Kogyo Kaisha Mitsubishi Limited,cyanid,3.970043,1,5,0,2,0,0,0,0,0,0,0,0,0,0,0,0,0,0,0,0,0,0,0,0,0,0,0,0,0.16567763158431972,0.03571428571428571,13,0.3605371900826446,0.3835164835164815,0.00564561677263744,canada,extraction,CAN,0,1,0.07,0.631,2,1,1,2,2,1,98,0,1,0.9128783852142348,0.8977238173556666,5,1,1
1913,Modder Leases,cyanid,0.0102483,1,4,0,2,0,1,0,0,0,0,0,0,0,0,0,0,0.05463174355107243,0.01265822784810126,1,0.32113821138211385,0.36392405063291133,0,0.05681765265575405,0.01020408163265306,1,0.31313131313131315,0.3340136054421768,0,0.18716169593237897,0.0660377358490566,21,0.28500986193293887,0.33678417145398254,0.00642525661984655,united states of america,extraction,USA,0,0,0.083,0.581,1,2,1,1,2,1,98,3,1,0.9228291504899564,0.9179453344387052,4,1,1
1921,Modderfodntein Gold Mines Limited,cyanid,3.416046,1,0,0,0,0,0,0,0,0,0,0,0,0,0,0,0,0,0,0,0,0,0,0,0,0,0,0,0,0,0,0,0,0,0,canada,extraction,CAN,0,1,0.067,0.631,2,1,1,2,2,1,98,0,1,0.8977238173556666,0.8827313706089669,0,1,1
1923,Modderfodntein Gold Mines Limited,cyanid,0.009149131,1,0,0,0,0,0,0,0,0,0,0,0,0,0,0,0,0,0,0,0,0,0,0,0,0,0,0,0,0,0,0,0,0,0,canada,extraction,CAN,0,1,0.07,0.631,2,1,1,2,2,1,98,0,1,0.9260468773507357,0.9128783852142348,0,1,1
1919,Modderfontein Deep Levels Limited,cyanid,0.4426737,1,5,0,2,0,0,0,0,1,0,0,0,0,0,0,0,0.1759614810037174,0.03076923076923077,2,0.3651685393258427,0.4179487179487179,0.00103553124306031,0.1648910966628864,0.025,2,0.35398230088495575,0.3993749999999998,7.530779318187914e-4,0.11018446321514017,0.04213483146067415,15,0.32947976878612717,0.35374531835205875,0.00139435006371606,canada,extraction,CAN,0,1,0.067,0.631,2,2,1,2,2,1,98,0,1,0.8666171596554353,0.8554794889536566,5,1,1
1914,Modderfontein Gold Mining Company,cyanid,0.1460565,1,16,0,0,0,0,0,0,0,0,0,0,0,0,0,0,0,0,0,0,0,0,0,0,0,0,0,0,0,0,0,0,0,0,germany,extraction,DEU,0,0,0.088,0.563,1,1,1,1,1,1,92,1,1,0.908179444741422,0.9228291504899564,16,1,1
1916,Modderfontein Gold Mining Company,cyanid,5.719733,1,16,0,11,0,0,0,0,0,0,0,0,0,0,0,0,0,0,0,0,0,0,0,0,0,0,0,0,0.5123759189563997,0.2628398791540785,87,0.3684820393974508,0.4563228312473008,0.06777973023163661,canada,extraction,CAN,0,1,0.067,0.61,2,2,1,2,2,1,98,0,1,0.8715313750908763,0.8901492706922215,16,1,1
1916,Modderfontein Gold Mining Company,cyanid,5.719733,1,16,0,11,0,0,0,0,0,0,0,0,0,0,0,0,0,0,0,0,0,0,0,0,0,0,0,0,0.5123759189563997,0.2628398791540785,87,0.3684820393974508,0.4563228312473008,0.06777973023163661,south africa,extraction,ZAF,1,1,0.408,0.115,-1,-1,-1,-1,-1,-1,84,2,0,0.8715313750908763,0.8901492706922215,16,1,1
1917,Modderfontein Gold Mining Company,cyanid,5.717008,1,5,0,5,0,0,0,0,0,0,0,0,0,0,0,0,0,0,0,0,0,0,0,0,0,0,0,0,0.6242234467184004,0.30357142857142855,102,0.399749373433584,0.47802579365079434,0.04118578984284017,united states of america,extraction,USA,0,0,0.07,0.581,1,2,1,1,2,1,98,3,1,0.8562317952059528,0.8715313750908763,5,1,1
1920,Modderfontein Gold Mining Company,cyanid,5.717008,1,17,0,10,0,3,0,0,1,0,0,0,0,0,0,0,0.3095855257532774,0.04918032786885246,3,0.49193548387096775,0.5136612021857924,0.01267845107159928,0.2843443810088384,0.03846153846153846,3,0.4262295081967213,0.46581196581196593,0.00519737049464854,0.3055697046777251,0.19270833333333337,74,0.4126807563959955,0.47612847222222454,0.05418931401649736,canada,extraction,CAN,0,1,0.067,0.631,2,1,1,2,2,1,98,0,1,0.8827313706089669,0.8666171596554353,17,1,1
1923,Modderfontein Gold Mining Company,cyanid,5.489478,1,17,0,15,3,3,2,0,1,0,0.2602937430993003,0.04347826086956521,2,0.3524590163934426,0.3873188405797102,0.01344651366112502,0.43936106914507805,0.1,4,0.5263157894736842,0.55,0.01722396608482581,0.4973937237215288,0.10714285714285714,6,0.4552845528455284,0.5089285714285712,0.01977898337624398,1,0.3439153439153439,130,0.4397076735688185,0.4989417989418022,0.08420599178011072,canada,extraction,CAN,0,1,0.07,0.631,2,1,1,2,2,1,98,0,1,0.9260468773507357,0.9128783852142348,17,1,1
1923,Modderfontein Gold Mining Company,cyanid,5.489478,1,17,0,15,3,3,2,0,1,0,0.2602937430993003,0.04347826086956521,2,0.3524590163934426,0.3873188405797102,0.01344651366112502,0.43936106914507805,0.1,4,0.5263157894736842,0.55,0.01722396608482581,0.4973937237215288,0.10714285714285714,6,0.4552845528455284,0.5089285714285712,0.01977898337624398,1,0.3439153439153439,130,0.4397076735688185,0.4989417989418022,0.08420599178011072,united states of america,extraction,USA,0,0,0.096,0.581,1,2,1,1,2,1,98,3,1,0.9260468773507357,0.9128783852142348,17,1,1
1912,Modderfontein Proprietary Mines Limited,cyanid,2.434275,1,19,0,9,0,1,0,0,0,0,0,0,0,0,0,0,0.1578081407808206,0.02409638554216867,2,0.4715909090909091,0.4929718875502009,0.00353035756494714,0.15065189709724355,0.01818181818181818,2,0.4106463878326996,0.43863636363636394,0.00192372182972398,0.22633711547127244,0.12460063897763578,39,0.31712707182320443,0.3862214108220487,0.02159422836491552,united states of america,extraction,USA,0,0,0.098,0.581,1,2,1,1,2,1,98,3,1,0.9179453344387052,0.9090477242361656,19,1,1
1922,Modderfontein Proprietary Mines Limited,cyanid,0.147929,1,7,0,3,0,1,0,0,0,0,0,0,0,0,0,0,0.13269949709923953,0.0217391304347826,1,0.38333333333333336,0.4293478260869565,0,0.12077349902726038,0.01612903225806451,1,0.3583815028901734,0.3978494623655912,0,0.09527708076666032,0.03021978021978022,11,0.38351648351648354,0.40251831501831414,0.01550435193084315,canada,extraction,CAN,0,1,0.07,0.631,2,1,1,2,2,1,98,0,1,0.9128783852142348,0.8977238173556666,7,1,1
1903,Montana Mining Company,cyanid,0.4881657,1,6,1043.3479997664324,0,0,0,0,0,1,0,0,0,0,0,0,0,0.23833229970759937,0.0625,1,0.34782608695652173,0.40624999999999994,0,0.217425572378462,0.04166666666666666,1,0.3157894736842105,0.365972222222222,0,0,0,0,0,0,0,united states of america,extraction,USA,0,0,0.117,0.581,1,1,1,1,1,1,98,1,1,0.684490744492304,0.620634442833931,6,1,0
1903,Montana Mining Company,cyanid,0.4881657,1,6,512.5450132794323,0,0,0,0,0,1,0,0,0,0,0,0,0,0.23833229970759937,0.0625,1,0.34782608695652173,0.40624999999999994,0,0.217425572378462,0.04166666666666666,1,0.3157894736842105,0.365972222222222,0,0,0,0,0,0,0,united states of america,extraction,USA,0,0,0.117,0.581,1,1,1,1,1,1,98,1,1,0.684490744492304,0.620634442833931,6,1,0
1908,Montana Mining Company,cyanid,0.4881657,1,3,451.41162891728226,0,0,0,0,0,1,0,0,0,0,0,0,0,0.07144419848945108,0.01265822784810126,1,0.34347826086956523,0.3892405063291139,0,0.06760491552178308,0.00925925925925925,1,0.31671554252199413,0.3574074074074073,0,0,0,0,0,0,0,united states of america,extraction,USA,0,0,0.117,0.581,1,1,1,1,1,1,98,1,1,0.9055704681028238,0.9101864858593508,3,1,0
1908,Montana Mining Company,cyanid,0.4881657,1,3,0,0,0,0,0,0,1,0,0,0,0,0,0,0,0.07144419848945108,0.01265822784810126,1,0.34347826086956523,0.3892405063291139,0,0.06760491552178308,0.00925925925925925,1,0.31671554252199413,0.3574074074074073,0,0,0,0,0,0,0,united states of america,extraction,USA,0,0,0.117,0.581,1,1,1,1,1,1,98,1,1,0.9055704681028238,0.9101864858593508,3,1,1
1913,Montana Mining Company,cyanid,0.4881657,1,5,0.00261839564959861,4,0,3,0,0,0,0,0,0,0,0,0,0,0.25999700855882857,0.0379746835443038,3,0.4759036144578313,0.5010548523206751,0.02576266020800553,0.24876570349963148,0.03061224489795918,3,0.43661971830985913,0.44727891156462607,0.01264744997843004,4.024039737209622e-5,0.0220125786163522,7,0.15732172019597168,0.17227607734683256,0.0171597873520378,united states of america,extraction,USA,0,0,0.083,0.581,1,2,1,1,2,1,98,3,1,0.9228291504899564,0.9179453344387052,5,1,1
1914,Montana Mining Company,cyanid,0.4881657,1,4,0,2,0,0,0,0,0,0,0,0,0,0,0,0,0,0,0,0,0,0,0,0,0,0,0,0,4.130769993774466e-4,0.01111111111111111,4,0.21344421344421344,0.20595017636684396,0.01027238231173516,united states of america,extraction,USA,0,0,0.079,0.581,1,2,1,1,2,1,98,3,1,0.908179444741422,0.9228291504899564,4,1,1
1914,Montana Mining Company,cyanid,0.4881657,1,4,9.561125457013072e-4,2,0,0,0,0,0,0,0,0,0,0,0,0,0,0,0,0,0,0,0,0,0,0,0,0,4.130769993774466e-4,0.01111111111111111,4,0.21344421344421344,0.20595017636684396,0.01027238231173516,united states of america,extraction,USA,0,0,0.079,0.581,1,2,1,1,2,1,98,3,1,0.908179444741422,0.9228291504899564,4,1,1
1913,Mount Boppy Gold Mining Company,cyanid,0.5890944,1,4,0,1,0,1,0,1,0,0,0,0.01724137931034482,1,1,0.01724137931034482,0,0.28883305811146553,0.0379746835443038,3,0.4114583333333333,0.4599156118143459,0.00663263007643864,0.27684377918559894,0.04081632653061224,4,0.3891213389121339,0.4195578231292519,0.02321930422778828,3.645929507930535e-4,0.02515723270440251,8,0.1826801517067004,0.20280995210240552,0.0010753467111106901,united kingdom,extraction,GBR,1,1,0.028,0.73,2,2,2,2,2,2,98,3,1,0.9228291504899564,0.9179453344387052,4,1,1
1908,Mount Roudny Gold Mines Limited,cyanid,0.486618,1,5,0,0,0,0,0,1,2,1,0.1650807476000885,0.01408450704225352,1,0.29957805907172996,0.35023474178403763,0,0.16772967107531864,0.02531645569620253,2,0.42473118279569894,0.46413502109704646,0.00113949478575515,0.2014982298013219,0.02777777777777777,3,0.3956043956043956,0.4390432098765435,0.00257977470033518,0,0,0,0,0,0,united kingdom,extraction,GBR,1,1,0.028,0.73,2,2,2,2,2,1,98,3,1,0.9055704681028238,0.9101864858593508,5,1,1
1911,Mungana Chillagoe Mining Company,cyanid,0.4132230999999999,1,6,2.3055664769700536e-4,0,0,0,0,0,0,0,0,0,0,0,0,0,0,0,0,0,0,0,0,0,0,0,0,0,0,0,0,0,0,0,united states of america,extraction,USA,0,0,0.098,0.581,1,2,1,1,2,1,98,3,1,0.9090477242361656,0.900247987322166,6,1,1
1910,Murex Magnetic Company,cyanid,0.4377091,0,4,0,0,0,0,0,0,0,0,0,0,0,0,0,0,0,0,0,0,0,0,0,0,0,0,0,0,0,0,0,0,0,0,united kingdom,extraction,GBR,1,1,0.028,0.73,2,2,2,2,2,2,98,3,1,0.900247987322166,0.8929159482487512,4,1,1
1911,Murex Magnetic Company,cyanid,0.4374964,1,4,1.0013217677085525e-4,0,0,0,0,0,1,0,0,0,0,0,0,0,0.1607782746565248,0.02222222222222222,2,0.4411764705882353,0.47407407407407415,0.00252787565884868,0.14620324071951646,0.01680672268907563,2,0.3888888888888889,0.4292717086834737,0.0013805047749508,0,0,0,0,0,0,united kingdom,extraction,GBR,1,1,0.028,0.73,2,2,2,2,2,2,98,3,1,0.9090477242361656,0.900247987322166,4,1,1
1912,Murex Magnetic Company,cyanid,0.4379221,1,6,0,1,0,0,0,0,1,0,0,0,0,0,0,0,0.22645832088580395,0.03614457831325301,3,0.494047619047619,0.5100401606425703,0.00647756617664988,0.21598032112113713,0.02727272727272727,3,0.4235294117647059,0.4515151515151518,0.0035222254515045,0,0,0,0,0,0,australia,extraction,AUS,0,1,0.041,0.659,2,3,2,2,3,2,99,2,1,0.9179453344387052,0.9090477242361656,6,1,1
1910,Mynachdy Colliery Company,cyanid,0.6566148,1,8,0,2,0,1,0,0,0,0,0,0,0,0,0,0,0.2605292015342159,0.04545454545454545,3,0.4342105263157895,0.47853535353535354,0.00377263685148659,0.23337204598605044,0.03409090909090909,3,0.3876651982378855,0.4337121212121212,0.00171633844890328,1.5210338956553912e-17,0.02843601895734597,6,0.7272727272727273,0.03080568720379147,1.293914090122621e-4,india,extraction,IND,1,1,0.032,0.509,NA,NA,NA,NA,NA,NA,NA,2,1,0.900247987322166,0.8929159482487512,8,1,1
1909,Mysohe Gold Mining,cyanid,0.6578946999999999,0,0,0,0,0,0,0,0,0,0,0,0,0,0,0,0,0,0,0,0,0,0,0,0,0,0,0,0,0,0,0,0,0,0,india,extraction,IND,1,1,0.032,0.509,NA,NA,NA,NA,NA,NA,NA,2,1,0.8929159482487512,0.9055704681028238,0,1,1
1895,Mysore Gold Mining Company,cyanid,1.094358,1,5,416.6950076351206,0,0,0,0,0,2,0,0,0,0,0,0,0,0.3910094710767385,0.09375,3,0.43243243243243246,0.4947916666666667,0.01004457518482764,0.3610170586661232,0.06666666666666667,3,0.3879310344827586,0.44259259259259254,0.00581481095824489,0,0,0,0,0,0,united kingdom,extraction,GBR,1,1,0.028,0.73,2,2,NA,2,2,NA,98,3,1,0.7078988530850715,0.6957655151230822,5,1,0
1908,Mysore Gold Mining Company,cyanid,0.6569343000000001,1,5,0,2,0,1,0,0,0,0,0,0,0,0,0,0,0.23234155517844343,0.0379746835443038,3,0.4647058823529412,0.4947257383966245,0.00423586104559071,0.21604337587693076,0.02777777777777777,3,0.3956043956043956,0.4390432098765435,0.00187592937221514,4.1643516661923503e-16,0.07894736842105263,6,0.8,0.04605263157894736,1.7543859649122806e-4,india,extraction,IND,1,1,0.032,0.509,NA,NA,NA,NA,NA,NA,NA,2,1,0.9055704681028238,0.9101864858593508,5,1,1
1911,Mysore Gold Mining Company,cyanid,0.6562956,1,6,7.011744621949612e-5,3,0,1,0,1,0,0,0.01842319793111551,0.0131578947368421,1,0.25524475524475526,0.26688596491228067,0,0.22531260585463536,0.03333333333333333,3,0.4455445544554455,0.4814814814814815,0.00392534871340006,0.2153217912136453,0.03361344537815126,4,0.39403973509933776,0.44047619047619074,0.00364403799914443,1.667465277417804e-4,0.08778625954198473,23,0.22176591375770024,0.21547164667393703,0.00893807803641909,india,extraction,IND,1,1,0.032,0.509,NA,NA,NA,NA,NA,NA,NA,2,1,0.9090477242361656,0.900247987322166,6,1,1
1912,Mysore Gold Mining Company,cyanid,0.6569343000000001,1,6,0,3,0,1,0,0,0,0,0,0,0,0,0,0,0.21835527814742575,0.03614457831325301,3,0.4368421052631579,0.4769076305220884,0.00229482138534163,0.2067250780227076,0.02727272727272727,3,0.3898916967509025,0.4265151515151518,0.0011153244720199,9.786358131141264e-4,0.07348242811501597,23,0.2149812734082397,0.24487941948005884,0.01431240913467343,india,extraction,IND,1,1,0.032,0.509,NA,NA,NA,NA,NA,NA,NA,2,1,0.9179453344387052,0.9090477242361656,6,1,1
1913,Mysore Gold Mining Company,cyanid,0.6569343000000001,1,3,0,2,0,0,0,0,0,0,0,0,0,0,0,0,0,0,0,0,0,0,0,0,0,0,0,0,0.00407071132125084,0.05660377358490566,18,0.2212863705972435,0.25562637048486175,0.09955974273775052,india,extraction,IND,1,1,0.032,0.509,NA,NA,NA,NA,NA,NA,NA,2,1,0.9228291504899564,0.9179453344387052,3,1,1
1914,Mysore Gold Mining Company,cyanid,0.6656805,1,2,0,2,0,0,0,0,0,0,0,0,0,0,0,0,0,0,0,0,0,0,0,0,0,0,0,0,0.00171166619778981,0.03055555555555555,11,0.24858757062146897,0.2517934303350977,0.02712139408433488,india,extraction,IND,1,1,0.032,0.509,NA,NA,NA,NA,NA,NA,NA,2,1,0.908179444741422,0.9228291504899564,2,1,1
1916,Mysore Gold Mining Company,cyanid,0.64347,1,5,0,4,0,1,0,0,0,0,0,0,0,0,0,0,0.3365974386988721,0.05172413793103448,3,0.4461538461538462,0.48850574712643674,0.02131900301685645,0.32742777658227024,0.04,3,0.3989361702127659,0.4459999999999999,0.01215231904522943,3.946082832616788e-4,0.06646525679758308,22,0.2796833773087071,0.3140483383685812,0.11930372648467052,india,extraction,IND,1,1,0.032,0.509,NA,NA,NA,NA,NA,NA,NA,2,1,0.8715313750908763,0.8901492706922215,5,1,1
1917,Mysore Gold Mining Company,cyanid,0.6431634,1,5,0,0,0,0,0,0,0,0,0,0,0,0,0,0,0,0,0,0,0,0,0,0,0,0,0,0,1.7744524790335917e-4,0.01488095238095238,5,0.27884615384615385,0.28839285714285795,0.02899725995658446,india,extraction,IND,1,1,0.032,0.509,NA,NA,NA,NA,NA,NA,NA,2,1,0.8562317952059528,0.8715313750908763,5,1,1
1919,Mysore Gold Mining Company,cyanid,0.5976096,1,6,0,5,0,1,0,0,0,0,0,0,0,0,0,0,0.2861739381863527,0.04615384615384615,3,0.43333333333333335,0.4782051282051282,0.00507965705901417,0.2703881203566399,0.0375,3,0.40816326530612246,0.45,0.00351550915648789,0.02774475816215508,0.13202247191011235,47,0.31204379562043794,0.3523876404494376,0.0387387107886831,india,extraction,IND,1,1,0.032,0.509,NA,NA,NA,NA,NA,NA,NA,2,1,0.8666171596554353,0.8554794889536566,6,1,1
1920,Mysore Gold Mining Company,cyanid,1.117626,1,3,0,2,0,1,0,0,0,0,0,0,0,0,0,0,0.21205061007513148,0.03278688524590164,2,0.4295774647887324,0.4699453551912568,0.00348634413893732,0.19669119494531995,0.02564102564102564,2,0.3880597014925373,0.4316239316239315,0.00150338564833832,0.00120574277134051,0.03385416666666666,13,0.2951471758154336,0.3176649305555558,0.00750531661566208,india,extraction,IND,1,1,0.032,0.509,NA,NA,NA,NA,NA,NA,NA,2,1,0.8827313706089669,0.8666171596554353,3,1,1
1915,Mysore Qiuna Osm Resiy Ted,cyanid,0.6422455,1,0,0,0,0,0,0,0,0,0,0,0,0,0,0,0,0,0,0,0,0,0,0,0,0,0,0,0,0,0,0,0,0,0,india,extraction,IND,1,1,0.032,0.509,NA,NA,NA,NA,NA,NA,NA,2,1,0.8901492706922215,0.908179444741422,0,1,1
1911,Mysore Reefs And Explorers Limited,cyanid,0.7292173000000001,1,3,7.011744621949612e-5,2,0,1,0,0,0,0,0,0,0,0,0,0,0.22531260585463536,0.03333333333333333,3,0.4455445544554455,0.4814814814814815,0.00392534871340006,0.2032808893235927,0.02521008403361344,3,0.39144736842105265,0.4348739495798322,0.00199812056590714,3.847762703550155e-5,0.03816793893129771,10,0.18258664412510567,0.17457894099115456,1.8966536471142945e-5,india,extraction,IND,1,1,0.032,0.509,NA,NA,NA,NA,NA,NA,NA,2,1,0.9090477242361656,0.900247987322166,3,1,1
1911,Mysore Wynaad Gold Company,cyanid,0.7292173000000001,1,1,7.011744621949612e-5,0,0,0,0,1,0,0,0.14862332532911185,0.0131578947368421,1,0.35096153846153844,0.37719298245614014,0,0,0,0,0,0,0,0.05436797624831658,0.00840336134453781,1,0.30512820512820515,0.33949579831932764,0,0,0,0,0,0,0,india,extraction,IND,1,1,0.032,0.509,NA,NA,NA,NA,NA,NA,NA,2,1,0.9090477242361656,0.900247987322166,1,1,1
1903,Neble Gold Mine Limited,cyanid,0.5836576,1,1,668.4171646633514,0,0,0,0,0,0,0,0,0,0,0,0,0,0,0,0,0,0,0,0,0,0,0,0,0,0,0,0,0,0,0,united states of america,extraction,USA,0,0,0.117,0.581,1,1,1,1,1,1,98,1,1,0.684490744492304,0.620634442833931,1,1,0
1912,New Bimkose Gold,cyanid,1.459854,1,4,0,0,0,0,0,2,2,1,0.2768130526949295,0.05797101449275362,4,0.3828571428571429,0.4275362318840578,0.14639476707702975,0.1256712410968563,0.02409638554216867,2,0.37727272727272726,0.4267068273092369,6.252138481554894e-4,0.19233618992730947,0.05454545454545454,6,0.3956043956043956,0.44242424242424266,0.0241308191109837,0,0,0,0,0,0,south africa,extraction,ZAF,1,1,0.408,0.115,-1,-1,-1,-1,-1,-2,84,2,0,0.9179453344387052,0.9090477242361656,4,1,1
1921,New Brimrose Gold,cyanid,1.154734,1,0,0,0,0,0,0,0,0,0,0,0,0,0,0,0,0,0,0,0,0,0,0,0,0,0,0,0,0,0,0,0,0,0,south africa,extraction,ZAF,1,1,0.408,0.115,-1,-1,-1,-1,-1,-1,84,2,0,0.8977238173556666,0.8827313706089669,0,1,1
1912,New Chuquitambo Gold Mines Limited,cyanid,0.17031629999999998,1,5,259.65084828026744,0,0,0,0,0,0,0,0,0,0,0,0,0,0,0,0,0,0,0,0,0,0,0,0,0,0,0,0,0,0,0,chile,extraction,CHL,0,0,0.276,0.272,0,1,-1,0,1,-1,97,1,1,0.9179453344387052,0.9090477242361656,5,1,0
1913,New Chuquitambo Gold Mines Limited,cyanid,0.1703992,1,5,0,1,0,0,0,0,0,0,0,0,0,0,0,0,0,0,0,0,0,0,0,0,0,0,0,0,0.02256209508803408,0.00314465408805031,1,0.23325262308313155,0.25388807558618953,0,chile,extraction,CHL,0,0,0.276,0.272,0,1,-1,0,1,-1,97,1,1,0.9228291504899564,0.9179453344387052,5,1,1
1914,New Chuquitambo Gold Mines Limited,cyanid,0.17258379999999998,1,2,0,0,0,0,0,0,0,0,0,0,0,0,0,0,0,0,0,0,0,0,0,0,0,0,0,0,0,0,0,0,0,0,chile,extraction,CHL,0,0,0.276,0.272,0,1,-1,0,1,-1,97,1,1,0.908179444741422,0.9228291504899564,2,1,1
1915,New Chuquitambo Gold Mines Limited,cyanid,0.17258379999999998,0,2,0,0,0,0,0,0,0,0,0,0,0,0,0,0,0,0,0,0,0,0,0,0,0,0,0,0,5.651236860526778e-18,0.00284090909090909,1,1,0.00284090909090909,0,chile,extraction,CHL,0,0,0.276,0.272,0,1,-1,0,1,-1,97,1,1,0.8901492706922215,0.908179444741422,2,1,1
1916,New Chuquitambo Gold Mines Limited,cyanid,0.17258379999999998,1,1,0,1,0,0,0,0,0,0,0,0,0,0,0,0,0,0,0,0,0,0,0,0,0,0,0,0,7.35439129175852e-4,0.00604229607250755,2,0.24182509505703423,0.24746799021723576,0.00580426622722695,chile,extraction,CHL,0,0,0.276,0.272,0,1,-1,0,1,-1,97,1,1,0.8715313750908763,0.8901492706922215,1,1,1
1917,New Chuquitambo Gold Mines Limited,cyanid,0.17258379999999998,1,3,4.1971800766807697e-4,1,0,0,0,0,0,0,0,0,0,0,0,0,0,0,0,0,0,0,0,0,0,0,0,0,0,0.00297619047619047,1,1,0.00297619047619047,0,chile,extraction,CHL,0,0,0.276,0.272,0,1,-1,0,1,-1,97,1,1,0.8562317952059528,0.8715313750908763,3,1,1
1919,New Chuquitambo Gold Mines Limited,cyanid,0.17258379999999998,1,3,0,0,0,0,0,0,0,0,0,0,0,0,0,0,0,0,0,0,0,0,0,0,0,0,0,0,0.01358737394785539,0.00561797752808988,2,0.27099841521394613,0.2800361155698243,2.4845072731185483e-4,chile,extraction,CHL,0,0,0.276,0.272,0,1,-1,0,1,-1,97,1,1,0.8666171596554353,0.8554794889536566,3,1,1
1920,New Chuquitambo Gold Mines Limited,cyanid,0.17258379999999998,1,2,0,0,0,0,0,0,0,0,0,0,0,0,0,0,0,0,0,0,0,0,0,0,0,0,0,0,0,0,0,0,0,0,chile,extraction,CHL,0,0,0.184,0.272,0,1,-1,0,1,-1,97,1,1,0.8827313706089669,0.8666171596554353,2,1,1
1921,New Chuquitambo Gold Mines Limited,cyanid,0.17258379999999998,1,2,0,1,0,0,0,0,0,0,0,0,0,0,0,0,0,0,0,0,0,0,0,0,0,0,0,0,0.03209379331112919,0.00269541778975741,1,0.3020304568527919,0.31136567834681045,0,chile,extraction,CHL,0,0,0.184,0.272,0,1,-1,0,1,-1,97,1,1,0.8977238173556666,0.8827313706089669,2,1,1
1922,New Chuquitambo Gold Mines Limited,cyanid,0.2214349,1,3,0,0,0,0,0,0,0,0,0,0,0,0,0,0,0,0,0,0,0,0,0,0,0,0,0,0,0,0,0,0,0,0,chile,extraction,CHL,0,0,0.184,0.272,0,1,-1,0,1,-1,97,1,1,0.9128783852142348,0.8977238173556666,3,1,1
1923,New Chuquitambo Gold Mines Limited,cyanid,0.34146390000000004,1,6,0,1,0,0,0,0,0,0,0,0,0,0,0,0,0,0,0,0,0,0,0,0,0,0,0,0,0.01486716632785284,0.00529100529100529,2,0.318342151675485,0.32830687830687766,0,chile,extraction,CHL,0,0,0.184,0.272,0,1,-1,0,1,-1,97,1,1,0.9260468773507357,0.9128783852142348,6,1,1
1908,New Comet Gold Mining Company,cyanid,1.094891,1,6,465.06044359583586,1,0,0,0,0,0,0,0,0,0,0,0,0,0,0,0,0,0,0,0,0,0,0,0,0,0.0049564645698585,0.0131578947368421,1,0.27314814814814814,0.23486842105263153,0,germany,extraction,DEU,0,0,0.078,0.587,1,1,1,1,1,1,92,1,1,0.9055704681028238,0.9101864858593508,6,1,0
1909,New Comet Gold Mining Company,cyanid,0.9293957,1,6,0,0,0,0,0,0,0,0,0,0,0,0,0,0,0,0,0,0,0,0,0,0,0,0,0,0,0.393820884383838,0.0898876404494382,16,0.3582474226804124,0.34106474050294344,0.0025299588030181,germany,extraction,DEU,0,0,0.078,0.587,1,1,1,1,1,1,92,1,1,0.8929159482487512,0.9055704681028238,6,1,1
1921,New Geduld Deep Limited,cyanid,1.250962,1,11,0,9,2,2,2,0,0,0,0.2267513416407388,0.0425531914893617,2,0.36585365853658536,0.40141843971631214,0.04225610688308626,0.2994316196597945,0.0588235294117647,3,0.4811320754716981,0.511437908496732,0.01841939287894771,0.3708677645720039,0.07352941176470588,5,0.4358974358974359,0.4840686274509802,0.01806912659411494,0.674594173861106,0.15363881401617252,57,0.3884657236126224,0.4328840970350409,0.034362451847827,canada,extraction,CAN,0,1,0.067,0.631,2,1,1,2,2,1,98,0,1,0.8977238173556666,0.8827313706089669,11,1,1
1908,New Goch Gold Mines Limited,cyanid,1.581509,1,8,0,2,0,0,0,2,0,0,0.2712360655084192,0.02816901408450704,2,0.3497536945812808,0.40164319248826275,0.01014481159350375,0,0,0,0,0,0,0.07153193382001759,0.01851851851851851,2,0.3112391930835735,0.3527777777777777,8.69999770193355e-4,3.871798456960847e-4,0.03947368421052631,3,0.21223021582733817,0.21115288220551345,0.01221951703902505,canada,extraction,CAN,0,1,0.074,0.597,2,1,1,2,1,1,96,0,1,0.9055704681028238,0.9101864858593508,8,1,1
1910,New Goch Gold Mines Limited,cyanid,1.580739,1,4,0,3,1,0,0,0,0,0,0.1610192990752474,0.0175438596491228,1,0.3630573248407643,0.4035087719298244,0,0,0,0,0,0,0,0.06361497362438162,0.01136363636363636,1,0.3176895306859206,0.3532196969696968,0,0.07867935533940817,0.10426540284360188,22,0.29635761589403975,0.30153464229293686,0.00146567580891929,canada,extraction,CAN,0,1,0.074,0.597,2,1,1,2,1,1,96,0,1,0.900247987322166,0.8929159482487512,4,1,1
1911,New Goch Gold Mines Limited,cyanid,1.579971,1,4,2.8333329557698393e-4,3,1,0,0,0,0,0,0.1486233253291118,0.0131578947368421,1,0.35096153846153844,0.37719298245614014,0,0,0,0,0,0,0,0.05436797624831661,0.00840336134453781,1,0.30512820512820515,0.33949579831932764,0,0.08307821584367073,0.11450381679389313,30,0.3181148748159057,0.3073791348600519,0.00313322320947797,canada,extraction,CAN,0,1,0.072,0.61,2,1,1,2,1,1,96,0,1,0.9090477242361656,0.900247987322166,4,1,1
1912,New Goch Gold Mines Limited,cyanid,1.581509,1,6,0,1,0,0,0,0,0,0,0,0,0,0,0,0,0,0,0,0,0,0,0,0,0,0,0,0,0.04258321310589607,0.02875399361022364,9,0.2756964457252642,0.3089849890968105,8.753149780176765e-4,canada,extraction,CAN,0,1,0.072,0.61,2,1,1,2,1,1,96,0,1,0.9179453344387052,0.9090477242361656,6,1,1
1913,New Goch Gold Mines Limited,cyanid,1.582278,1,6,0,2,0,0,0,0,0,0,0,0,0,0,0,0,0,0,0,0,0,0,0,0,0,0,0,0,0.05665854430294548,0.05031446540880503,16,0.2634457611668186,0.3013253605234745,0.03711211736413541,canada,extraction,CAN,0,1,0.072,0.61,2,1,1,2,1,1,96,0,1,0.9228291504899564,0.9179453344387052,6,1,1
1914,New Goch Gold Mines Limited,cyanid,1.602564,1,6,0,0,0,0,0,0,0,0,0,0,0,0,0,0,0,0,0,0,0,0,0,0,0,0,0,0,0.01789372853929634,0.02222222222222222,8,0.27598566308243727,0.2655555555555564,0.00132273861726564,canada,extraction,CAN,0,1,0.067,0.61,2,1,1,2,1,1,96,0,1,0.908179444741422,0.9228291504899564,6,1,1
1915,New Goch Gold Mines Limited,cyanid,1.546147,1,6,0,6,0,0,0,0,0,0,0,0,0,0,0,0,0,0,0,0,0,0,0,0,0,0,0,0,0.08476035847561371,0.09090909090909093,32,0.33753943217665616,0.35405167748917604,0.01208005681558763,canada,extraction,CAN,0,1,0.067,0.61,2,2,1,2,2,1,98,0,1,0.8901492706922215,0.908179444741422,6,1,1
1916,New Goch Gold Mines Limited,cyanid,1.549094,1,2,0,3,0,0,0,0,0,0,0,0,0,0,0,0,0,0,0,0,0,0,0,0,0,0,0,0,0.02023442422646369,0.0755287009063444,25,0.2864864864864865,0.31545820745216585,0.02769162325198341,canada,extraction,CAN,0,1,0.067,0.61,2,2,1,2,2,1,98,0,1,0.8715313750908763,0.8901492706922215,2,1,1
1917,New Goch Gold Mines Limited,cyanid,2.143878,1,2,0,2,1,1,1,0,0,0,0.22027486665794271,0.02777777777777777,1,0.3018867924528302,0.323611111111111,0,0.2195920143360879,0.04347826086956521,2,0.40350877192982454,0.45471014492753614,0.00470308369285351,0.28515457685879886,0.04918032786885246,3,0.3860759493670886,0.43852459016393425,0.00742150892983789,0.04557872200235204,0.08035714285714286,27,0.3596392333709132,0.3895691609977301,0.03308702346783408,canada,extraction,CAN,0,1,0.067,0.61,2,2,1,2,2,1,98,0,1,0.8562317952059528,0.8715313750908763,2,1,1
1919,New Goch Gold Mines Limited,cyanid,2.143878,1,7,0,5,1,1,1,0,0,0,0.24082592586102555,0.01886792452830188,1,0.3516483516483517,0.24056603773584911,0,0.20092086786303223,0.03076923076923077,2,0.45774647887323944,0.4871794871794872,0.00626197740168328,0.2412483126146559,0.0375,3,0.425531914893617,0.4639583333333336,0.00541898778172378,0.2599912840036566,0.08426966292134831,30,0.3392857142857143,0.3669007490636682,0.00830871951255806,canada,extraction,CAN,0,1,0.067,0.631,2,2,1,2,2,1,98,0,1,0.8666171596554353,0.8554794889536566,7,1,1
1920,New Goch Gold Mines Limited,cyanid,1.190912,1,7,0,6,1,1,1,1,1,1,0.2250941433934124,0.03703703703703703,2,0.3724137931034483,0.4228395061728394,0.01616703527080886,0.30500891184535267,0.04918032786885246,3,0.4765625,0.505464480874317,0.01164422199111608,0.3865206142917759,0.0641025641025641,5,0.4457142857142858,0.4893162393162395,0.01324869597432016,0.06038826511781696,0.09375,36,0.3403669724770642,0.3770833333333304,0.02640807463310396,canada,extraction,CAN,0,1,0.067,0.631,2,1,1,2,2,1,98,0,1,0.8827313706089669,0.8666171596554353,7,1,1
1922,New Goch Gold Mines Limited,cyanid,1.439327,1,1,0,1,1,1,1,0,0,0,0.00485582659076228,0.02564102564102564,1,0.1989247311827957,0.22185592185592193,0,0.2136230806642488,0.04347826086956521,2,0.41818181818181815,0.4655797101449275,0.00370673634748646,0.20611015424354223,0.04838709677419355,3,0.38509316770186336,0.4354838709677417,0.00912539255991418,0.04429675557208801,0.01098901098901099,4,0.3193046660567246,0.33738880167451524,0,canada,extraction,CAN,0,1,0.07,0.631,2,1,1,2,2,1,98,0,1,0.9128783852142348,0.8977238173556666,1,1,1
1923,New Goch Gold Mines Limited,cyanid,1.486734,1,1,0,1,1,1,1,0,0,0,0.01268913231852065,0.0217391304347826,1,0.2471264367816092,0.2668737060041406,0,0.19848066062612757,0.05,2,0.37735849056603776,0.43541666666666673,0.00108241952359599,0.18862613507696535,0.05357142857142857,3,0.35668789808917195,0.41279761904761886,0.00325479581899203,0.13819689395310708,0.03968253968253968,15,0.32877959927140255,0.343871252204584,0,canada,extraction,CAN,0,1,0.07,0.631,2,1,1,2,2,1,98,0,1,0.9260468773507357,0.9128783852142348,1,1,1
1912,New Gold Venture Syndicate Limited,cyanid,0.2919708,1,9,0,5,0,0,0,0,0,0,0,0,0,0,0,0,0,0,0,0,0,0,0,0,0,0,0,0,0.1914588805303558,0.13099041533546327,41,0.3253968253968254,0.3952596480551742,0.02481378685870203,germany,extraction,DEU,0,0,0.078,0.587,1,1,1,1,1,1,92,1,1,0.9179453344387052,0.9090477242361656,9,1,1
1909,New Hekiot Gold,cyanid,4.645712,1,11,0,2,0,0,0,0,0,0,0,0,0,0,0,0,0,0,0,0,0,0,0,0,0,0,0,0,0.05187958695327194,0.03932584269662921,7,0.29018789144050106,0.2758783663278048,5.925172972330427e-4,united kingdom,extraction,GBR,1,1,0.028,0.73,2,2,2,2,2,1,98,3,1,0.8929159482487512,0.9055704681028238,11,1,1
1909,New Hekiot Gold,cyanid,4.645712,1,11,0,2,0,0,0,0,0,0,0,0,0,0,0,0,0,0,0,0,0,0,0,0,0,0,0,0,0.05187958695327194,0.03932584269662921,7,0.29018789144050106,0.2758783663278048,5.925172972330427e-4,canada,extraction,CAN,0,1,0.074,0.597,2,1,1,2,1,1,96,0,1,0.8929159482487512,0.9055704681028238,11,1,1
1894,New Heriot Gold Mining Company,cyanid,0.3658537,1,9,261.4279548040811,1,1,1,1,2,3,2,0.6339745962155612,0.2222222222222222,2,0.5384615384615384,0.4814814814814814,0.02777777777777777,0.6685119065585551,0.3076923076923077,4,0.5909090909090909,0.6538461538461539,0.05334060317091991,0.7928544342641095,0.3333333333333333,6,0.5625,0.6481481481481481,0.11992021255410758,0,0.16666666666666666,1,1,0.16666666666666666,0,united kingdom,extraction,GBR,1,1,0.028,0.73,2,2,NA,2,2,NA,98,3,1,0.6957655151230822,0.6304463154435564,9,1,0
1895,New Heriot Gold Mining Company,cyanid,0.3812317,1,18,0,8,2,4,2,2,0,0,0.4458083204599399,0.09375,3,0.3880597014925373,0.37760416666666674,0.06086789554531489,0.3910094710767389,0.09375,3,0.43243243243243246,0.4947916666666667,0.01004457518482764,0.5017565378748865,0.13333333333333333,6,0.4411764705882353,0.5092592592592591,0.04664705423491487,1,0.3142857142857143,11,0.43859649122807015,0.4000000000000001,0.2271057653830763,united kingdom,extraction,GBR,1,1,0.028,0.73,2,2,NA,2,2,NA,98,3,1,0.7078988530850715,0.6957655151230822,18,1,1
1919,New Ipbimrose Old,cyanid,1.43869,1,0,0,0,0,0,0,0,0,0,0,0,0,0,0,0,0,0,0,0,0,0,0,0,0,0,0,0,0,0,0,0,0,0,south africa,extraction,ZAF,1,1,0.408,0.115,-1,-1,-1,-1,-1,-1,84,2,0,0.8666171596554353,0.8554794889536566,0,1,1
1914,New Jagersfontein Mining And Exploration Company,cyanid,4.70069,1,11,0,5,0,0,0,0,1,0,0,0,0,0,0,0,0.1846703487142537,0.02777777777777777,2,0.42857142857142855,0.46759259259259256,0.00218284454000589,0.17260941511730182,0.02197802197802198,2,0.3922413793103448,0.4331501831501834,0.00113905801607464,0.26266736292246007,0.08055555555555556,29,0.31785345717234265,0.33629960317460206,0.02625002328921109,canada,extraction,CAN,0,1,0.067,0.61,2,1,1,2,1,1,96,0,1,0.908179444741422,0.9228291504899564,11,1,1
1921,New Kilburn Colliery Limited,cyanid,0.8901078,1,17,0,9,2,1,0,0,0,0,0.28522030222153083,0.0425531914893617,2,0.37815126050420167,0.41205673758865247,0.01937436539384627,0.08091713249657771,0.0196078431372549,1,0.34459459459459457,0.392156862745098,0,0.17892996731886954,0.04411764705882353,3,0.37777777777777777,0.4276960784313723,0.00682889752597075,0.22411274308842527,0.15633423180592992,58,0.4146341463414634,0.465543575920937,0.12623108111002512,canada,extraction,CAN,0,1,0.067,0.631,2,1,1,2,2,1,98,0,1,0.8977238173556666,0.8827313706089669,17,1,1
1921,New Kilburn Colliery Limited,cyanid,0.8901078,1,17,0,9,2,1,0,0,0,0,0.28522030222153083,0.0425531914893617,2,0.37815126050420167,0.41205673758865247,0.01937436539384627,0.08091713249657771,0.0196078431372549,1,0.34459459459459457,0.392156862745098,0,0.17892996731886954,0.04411764705882353,3,0.37777777777777777,0.4276960784313723,0.00682889752597075,0.22411274308842527,0.15633423180592992,58,0.4146341463414634,0.465543575920937,0.12623108111002512,united states of america,extraction,USA,0,0,0.095,0.581,1,2,1,1,2,1,98,3,1,0.8977238173556666,0.8827313706089669,17,1,1
1895,New Kleinfontein Company,cyanid,1.3382,1,13,0,6,2,2,2,0,0,0,0.2721002917988811,0.03125,1,0.3466666666666667,0.32031249999999994,0,0.3705081975279843,0.09375,3,0.4705882352941176,0.5182291666666667,0.02459041659602669,0.42824836751490614,0.08888888888888889,4,0.4326923076923077,0.48518518518518494,0.02295800856692612,0.01671463642268322,0.08571428571428572,3,0.2777777777777778,0.2497959183673468,0,united kingdom,extraction,GBR,1,1,0.028,0.73,2,2,NA,2,2,NA,98,3,1,0.7078988530850715,0.6957655151230822,13,1,1
1908,New Kleinfontein Company,cyanid,1.3382,1,10,0,2,1,1,1,0,1,0,0.16508074760008842,0.01408450704225352,1,0.29957805907172996,0.35023474178403763,0,0.22839359762720832,0.0379746835443038,3,0.4759036144578313,0.5010548523206751,0.00498623789221442,0.26259093447770104,0.03703703703703703,4,0.416988416988417,0.4591049382716052,0.00446534196635194,0.03705287604103927,0.09210526315789472,7,0.37341772151898733,0.34517543859649086,0.1517863356433314,united states of america,extraction,USA,0,0,0.117,0.581,1,1,1,1,1,1,98,1,1,0.9055704681028238,0.9101864858593508,10,1,1
1910,New Kleinfontein Company,cyanid,1.337549,1,11,0,8,2,3,2,0,0,0,0.17242523051386824,0.03508771929824561,2,0.37748344370860926,0.42397660818713423,0.02601009241876114,0.25714734266797856,0.04545454545454545,3,0.4852941176470588,0.5088383838383839,0.00937956436099091,0.30577602355823263,0.05681818181818181,5,0.44221105527638194,0.4829545454545458,0.0143647575229051,0.3886097041808747,0.16587677725118485,35,0.342911877394636,0.3912096592191379,0.01706772190104754,canada,extraction,CAN,0,1,0.074,0.597,2,1,1,2,1,1,96,0,1,0.900247987322166,0.8929159482487512,11,1,1
1912,New Kleinfontein Company,cyanid,4.722493,1,8,0,2,0,0,0,1,0,0,0.09061525051768878,0.0144927536231884,1,0.27800829875518673,0.30869565217391315,0,0,0,0,0,0,0,0.02403219351102122,0.00909090909090909,1,0.27621483375959077,0.29363636363636375,0,0.384067269906362,0.11501597444089456,36,0.32429378531073444,0.3901085247730604,0.00867358523792355,canada,extraction,CAN,0,1,0.072,0.61,2,1,1,2,1,1,96,0,1,0.9179453344387052,0.9090477242361656,8,1,1
1913,New Kleinfontein Company,cyanid,4.722493,1,2,0,1,0,0,0,0,0,0,0,0,0,0,0,0,0,0,0,0,0,0,0,0,0,0,0,0,0.24555112050791053,0.04716981132075472,15,0.28388998035363455,0.3326287356947731,0.01421440461137041,canada,extraction,CAN,0,1,0.072,0.61,2,1,1,2,1,1,96,0,1,0.9228291504899564,0.9179453344387052,2,1,1
1915,New Kleinfontein Company,cyanid,4.281637,1,8,0,8,0,1,0,0,0,0,0,0,0,0,0,0,0.06036040362501668,0.01219512195121951,1,0.3082706766917293,0.34756097560975613,0,0.05731409879995187,0.01020408163265306,1,0.3037974683544304,0.33231292517006794,0,0.6593506075874799,0.26704545454545453,94,0.3816884661117717,0.4473823051948052,0.06142071560901989,canada,extraction,CAN,0,1,0.067,0.61,2,2,1,2,2,1,98,0,1,0.8901492706922215,0.908179444741422,8,1,1
1916,New Kleinfontein Company,cyanid,4.281637,1,4,0,3,0,0,0,0,0,0,0,0,0,0,0,0,0,0,0,0,0,0,0,0,0,0,0,0,0.22701221181918652,0.0755287009063444,25,0.3426724137931034,0.3963026902603929,0.05182356624873487,canada,extraction,CAN,0,1,0.067,0.61,2,2,1,2,2,1,98,0,1,0.8715313750908763,0.8901492706922215,4,1,1
1917,New Kleinfontein Company,cyanid,5.754759,1,4,0,0,0,0,0,0,0,0,0,0,0,0,0,0,0,0,0,0,0,0,0,0,0,0,0,0,0.15732107586081995,0.03571428571428571,12,0.3275154004106776,0.3553642290249422,0.02715230408025801,canada,extraction,CAN,0,1,0.067,0.61,2,2,1,2,2,1,98,0,1,0.8562317952059528,0.8715313750908763,4,1,1
1917,New Kleinfontein Company,cyanid,5.754759,1,4,0,0,0,0,0,0,0,0,0,0,0,0,0,0,0,0,0,0,0,0,0,0,0,0,0,0,0.15732107586081995,0.03571428571428571,12,0.3275154004106776,0.3553642290249422,0.02715230408025801,united states of america,extraction,USA,0,0,0.07,0.581,1,2,1,1,2,1,98,3,1,0.8562317952059528,0.8715313750908763,4,1,1
1919,New Kleinfontein Company,cyanid,5.754759,1,4,0,0,0,0,0,0,0,0,0,0,0,0,0,0,0,0,0,0,0,0,0,0,0,0,0,0,0.03392923503689135,0.0196629213483146,7,0.3333333333333333,0.35191947565542947,0.01668989852516168,canada,extraction,CAN,0,1,0.067,0.631,2,2,1,2,2,1,98,0,1,0.8666171596554353,0.8554794889536566,4,1,1
1919,New Kleinfontein Company,cyanid,5.754759,1,4,0,0,0,0,0,0,0,0,0,0,0,0,0,0,0,0,0,0,0,0,0,0,0,0,0,0,0.03392923503689135,0.0196629213483146,7,0.3333333333333333,0.35191947565542947,0.01668989852516168,united states of america,extraction,USA,0,0,0.07,0.581,1,2,1,1,2,1,98,3,1,0.8666171596554353,0.8554794889536566,4,1,1
1920,New Kleinfontein Company,cyanid,5.754759,1,1,0,0,0,0,0,1,0,0,0.03486471210586935,0.01851851851851851,1,0.2660098522167488,0.3089506172839506,0,0,0,0,0,0,0,0.01886210190269384,0.01282051282051282,1,0.2775800711743772,0.30256410256410254,0,0.03186893418875163,0.01822916666666666,7,0.33514001806684734,0.36222718253968056,0.00523136669565262,canada,extraction,CAN,0,1,0.067,0.631,2,1,1,2,2,1,98,0,1,0.8827313706089669,0.8666171596554353,1,1,1
1920,New Kleinfontein Company,cyanid,5.754759,1,1,0,0,0,0,0,1,0,0,0.03486471210586935,0.01851851851851851,1,0.2660098522167488,0.3089506172839506,0,0,0,0,0,0,0,0.01886210190269384,0.01282051282051282,1,0.2775800711743772,0.30256410256410254,0,0.03186893418875163,0.01822916666666666,7,0.33514001806684734,0.36222718253968056,0.00523136669565262,united states of america,extraction,USA,0,0,0.078,0.581,1,2,1,1,2,1,98,3,1,0.8827313706089669,0.8666171596554353,1,1,1
1922,New Kleinfontein Company,cyanid,1.024136,1,1,0,0,0,0,0,0,0,0,0,0,0,0,0,0,0,0,0,0,0,0,0,0,0,0,0,0,0.06159047841994649,0.02472527472527472,9,0.378524945770065,0.3970238095238083,0.00929163856573467,canada,extraction,CAN,0,1,0.07,0.631,2,1,1,2,2,1,98,0,1,0.9128783852142348,0.8977238173556666,1,1,1
1922,New Kleinfontein Company,cyanid,1.024136,1,1,0,0,0,0,0,0,0,0,0,0,0,0,0,0,0,0,0,0,0,0,0,0,0,0,0,0,0.06159047841994649,0.02472527472527472,9,0.378524945770065,0.3970238095238083,0.00929163856573467,united states of america,extraction,USA,0,0,0.094,0.581,1,2,1,1,2,1,98,3,1,0.9128783852142348,0.8977238173556666,1,1,1
1923,New Kleinfontein Company,cyanid,1.057868,1,1,0,0,0,0,0,0,0,0,0,0,0,0,0,0,0,0,0,0,0,0,0,0,0,0,0,0,0.09552955589023446,0.0238095238095238,9,0.3832271762208068,0.39805996472663085,0.00598750432647499,canada,extraction,CAN,0,1,0.07,0.631,2,1,1,2,2,1,98,0,1,0.9260468773507357,0.9128783852142348,1,1,1
1923,New Kleinfontein Company,cyanid,1.057868,1,1,0,0,0,0,0,0,0,0,0,0,0,0,0,0,0,0,0,0,0,0,0,0,0,0,0,0,0.09552955589023446,0.0238095238095238,9,0.3832271762208068,0.39805996472663085,0.00598750432647499,united states of america,extraction,USA,0,0,0.096,0.581,1,2,1,1,2,1,98,3,1,0.9260468773507357,0.9128783852142348,1,1,1
1914,New Lisbon Beblyn Transvaal,cyanid,5.91716,1,2,0,0,0,0,0,0,0,0,0,0,0,0,0,0,0,0,0,0,0,0,0,0,0,0,0,0,0,0,0,0,0,0,canada,extraction,CAN,0,1,0.067,0.61,2,1,1,2,1,1,96,0,1,0.908179444741422,0.9228291504899564,2,1,1
1908,New Lisbon Berlyn Limited,cyanid,3.65319,1,2,0,0,0,0,0,0,0,0,0,0,0,0,0,0,0,0,0,0,0,0,0,0,0,0,0,0,0,0,0,0,0,0,canada,extraction,CAN,0,1,0.074,0.597,2,1,1,2,1,1,96,0,1,0.9055704681028238,0.9101864858593508,2,1,1
1910,New Lisbon Berlyn Limited,cyanid,3.65319,1,2,0,0,0,0,0,0,0,0,0,0,0,0,0,0,0,0,0,0,0,0,0,0,0,0,0,0,0,0,0,0,0,0,canada,extraction,CAN,0,1,0.074,0.597,2,1,1,2,1,1,96,0,1,0.900247987322166,0.8929159482487512,2,1,1
1912,New Lisbon Berlyn Limited,cyanid,3.65319,1,6,0,2,0,0,0,0,1,0,0,0,0,0,0,0,0.1613342171555529,0.02409638554216867,2,0.415,0.45682730923694786,6.102861837270865e-4,0.15244094640127795,0.01818181818181818,2,0.3763066202090593,0.41136363636363665,2.9325822660648446e-4,0.0192948889513836,0.00638977635782747,2,0.24508966695132364,0.2608704571963365,0,canada,extraction,CAN,0,1,0.072,0.61,2,1,1,2,1,1,96,0,1,0.9179453344387052,0.9090477242361656,6,1,1
1912,New Lisbon Berlyn Limited,cyanid,3.65319,1,6,0,2,0,0,0,0,1,0,0,0,0,0,0,0,0.1613342171555529,0.02409638554216867,2,0.415,0.45682730923694786,6.102861837270865e-4,0.15244094640127795,0.01818181818181818,2,0.3763066202090593,0.41136363636363665,2.9325822660648446e-4,0.0192948889513836,0.00638977635782747,2,0.24508966695132364,0.2608704571963365,0,united kingdom,extraction,GBR,1,1,0.028,0.73,2,2,2,2,2,2,98,3,1,0.9179453344387052,0.9090477242361656,6,1,1
1913,New Lisbon Berlyn Limited,cyanid,3.65319,1,7,0,2,0,0,0,0,0,0,0,0,0,0,0,0,0,0,0,0,0,0,0,0,0,0,0,0,0,0,0,0,0,0,canada,extraction,CAN,0,1,0.072,0.61,2,1,1,2,1,1,96,0,1,0.9228291504899564,0.9179453344387052,7,1,1
1915,New Lisbon Berlyn Limited,cyanid,3.65319,1,3,0,2,0,0,0,0,0,0,0,0,0,0,0,0,0,0,0,0,0,0,0,0,0,0,0,0,0.03018690058497741,0.00852272727272727,3,0.2833186231244484,0.29252908549783607,3.720552331199322e-5,canada,extraction,CAN,0,1,0.067,0.61,2,2,1,2,2,1,98,0,1,0.8901492706922215,0.908179444741422,3,1,1
1916,New Lisbon Berlyn Limited,cyanid,3.65319,1,2,0,1,0,0,0,0,0,0,0,0,0,0,0,0,0,0,0,0,0,0,0,0,0,0,0,0,0,0,0,0,0,0,canada,extraction,CAN,0,1,0.067,0.61,2,2,1,2,2,1,98,0,1,0.8715313750908763,0.8901492706922215,2,1,1
1917,New Lisbon Berlyn Limited,cyanid,3.65319,1,3,0,2,0,0,0,0,0,0,0,0,0,0,0,0,0,0,0,0,0,0,0,0,0,0,0,0,7.867011533337657e-5,0.00297619047619047,1,0.21366376423308775,0.21528132086167945,0,canada,extraction,CAN,0,1,0.067,0.61,2,2,1,2,2,1,98,0,1,0.8562317952059528,0.8715313750908763,3,1,1
1919,New Lisbon Berlyn Limited,cyanid,3.65319,1,4,0,3,0,0,0,0,0,0,0,0,0,0,0,0,0,0,0,0,0,0,0,0,0,0,0,0,0.00586641820395028,0.01404494382022471,5,0.27491961414790994,0.28436998394863655,0.00546493046698701,canada,extraction,CAN,0,1,0.067,0.631,2,2,1,2,2,1,98,0,1,0.8666171596554353,0.8554794889536566,4,1,1
1920,New Lisbon Berlyn Limited,cyanid,3.65319,1,7,0,5,0,0,0,0,1,0,0,0,0,0,0,0,0.09295830177022124,0.01639344262295082,1,0.3279569892473118,0.3729508196721312,0,0.08353322550810614,0.01282051282051282,1,0.3183673469387755,0.3557692307692307,0,0.00311809923362457,0.0234375,9,0.2907523510971787,0.3093625992063491,0.01095636093780733,canada,extraction,CAN,0,1,0.067,0.631,2,1,1,2,2,1,98,0,1,0.8827313706089669,0.8666171596554353,7,1,1
1921,New Lisbon Berlyn Limited,cyanid,3.65319,1,5,0,1,0,0,0,0,0,0,0,0,0,0,0,0,0,0,0,0,0,0,0,0,0,0,0,0,0.00625297577720507,0.00539083557951482,2,0.2935855263157895,0.2982929020664873,3.192100307713915e-4,canada,extraction,CAN,0,1,0.067,0.631,2,1,1,2,2,1,98,0,1,0.8977238173556666,0.8827313706089669,5,1,1
1922,New Lisbon Berlyn Limited,cyanid,3.65319,1,6,0,3,0,0,0,0,0,0,0,0,0,0,0,0,0,0,0,0,0,0,0,0,0,0,0,0,0.01477393893800486,0.02472527472527472,9,0.332697807435653,0.3451726844583975,0.01427206628540907,canada,extraction,CAN,0,1,0.07,0.631,2,1,1,2,2,1,98,0,1,0.9128783852142348,0.8977238173556666,6,1,1
1923,New Lisbon Berlyn Limited,cyanid,3.65319,1,5,0,2,0,0,0,0,0,0,0,0,0,0,0,0,0,0,0,0,0,0,0,0,0,0,0,0,0.00319074997016287,0.00529100529100529,2,0.31201382886776147,0.31560846560846506,1.6334616316992988e-4,canada,extraction,CAN,0,1,0.07,0.631,2,1,1,2,2,1,98,0,1,0.9260468773507357,0.9128783852142348,5,1,1
1908,New Modderfontein Gold Mining Company,cyanid,0.04941606,1,11,0,3,0,0,0,1,0,0,0.10876047266331984,0.01408450704225352,1,0.29218106995884774,0.33041582830315236,0,0,0,0,0,0,0,0.02308666385307566,0.00925925925925925,1,0.2819843342036554,0.30725308641975324,0,8.494291346329294e-4,0.05263157894736842,4,0.20848056537102477,0.2065476190476187,0.01511939843146937,canada,extraction,CAN,0,1,0.074,0.597,2,1,1,2,1,1,96,0,1,0.9055704681028238,0.9101864858593508,11,1,1
1909,New Modderfontein Gold Mining Company,cyanid,0.0494883,1,11,0,0,0,0,0,0,0,0,0,0,0,0,0,0,0,0,0,0,0,0,0,0,0,0,0,0,0.25843099790479596,0.05617977528089887,10,0.3357487922705314,0.3087613697164265,4.010297973481553e-4,south africa,extraction,ZAF,1,1,0.408,0.115,NA,NA,NA,NA,NA,NA,NA,-2,0,0.8929159482487512,0.9055704681028238,11,1,1
1911,New Modderfontein Gold Mining Company,cyanid,5.842259,1,8,5.797111121967143e-4,5,1,1,1,0,1,0,0.0545272089618627,0.0131578947368421,1,0.28294573643410853,0.3048245614035088,0,0.09192239306163544,0.01111111111111111,1,0.36885245901639346,0.4138888888888889,0,0.10833407432605742,0.01680672268907563,2,0.3520710059171598,0.39565826330532233,0.00113566862053642,0.5018700063085931,0.2404580152671756,63,0.3857142857142858,0.3951017811704827,0.01178348955717816,south africa,extraction,ZAF,1,1,0.408,0.115,-1,-1,-1,-1,-1,-2,84,2,0,0.9090477242361656,0.900247987322166,8,1,1
1912,New Modderfontein Gold Mining Company,cyanid,5.842259,1,6,0,5,1,0,0,0,0,0,0.03910037886917821,0.0144927536231884,1,0.24907063197026025,0.27960662525879926,0,0,0,0,0,0,0,0.01129849353695611,0.00909090909090909,1,0.26535626535626533,0.27969696969696967,0,0.635045253317387,0.22364217252396165,70,0.34330143540669855,0.4315216288858442,0.02794600243698341,united states of america,extraction,USA,0,0,0.098,0.581,1,2,1,1,2,1,98,3,1,0.9179453344387052,0.9090477242361656,6,1,1
1913,New Modderfontein Gold Mining Company,cyanid,5.842259,1,10,0,3,1,1,0,0,0,0,0.00920005992524806,0.01724137931034482,1,0.23626373626373623,0.19568965517241368,0,0.19889486051727132,0.02531645569620253,2,0.383495145631068,0.4324894514767932,0.00251262876863247,0.1981314521603004,0.03061224489795918,3,0.3675889328063241,0.39744897959183656,0.00621025284432443,0.3399665538352366,0.04716981132075472,15,0.28388998035363455,0.3354589243740183,0.00931916962285529,united states of america,extraction,USA,0,0,0.083,0.581,1,2,1,1,2,1,98,3,1,0.9228291504899564,0.9179453344387052,10,1,1
1915,New Modderfontein Gold Mining Company,cyanid,5.842259,1,1,0,1,0,0,0,0,0,0,0,0,0,0,0,0,0,0,0,0,0,0,0,0,0,0,0,0,0.23801600031289236,0.07954545454545454,28,0.35508849557522126,0.3843411796536779,0.00193260975917131,united states of america,extraction,USA,0,0,0.07,0.581,1,2,1,1,2,1,98,3,1,0.8901492706922215,0.908179444741422,1,1,1
1920,New Modderfontein Gold Mining Company,cyanid,4.397215,1,11,0,7,1,1,0,0,0,0,0.04071994238746175,0.01851851851851851,1,0.2535211267605634,0.2888888888888887,0,0.10587932409349132,0.01639344262295082,1,0.3630952380952381,0.4098360655737705,0,0.123934009126208,0.02564102564102564,2,0.35944700460829493,0.4059829059829058,0.00180040073198922,0.3854675958855724,0.15885416666666666,61,0.40502183406113534,0.461631944444447,0.04148387513260169,united states of america,extraction,USA,0,0,0.078,0.581,1,2,1,1,2,1,98,3,1,0.8827313706089669,0.8666171596554353,11,1,1
1922,New Modderfontein Gold Mining Company,cyanid,5.314438,1,11,0,0,0,0,0,0,0,0,0,0,0,0,0,0,0,0,0,0,0,0,0,0,0,0,0,0,0.1911949548084123,0.03021978021978022,11,0.3605371900826446,0.3857404500261624,9.61392257361418e-4,united states of america,extraction,USA,0,0,0.094,0.581,1,2,1,1,2,1,98,3,1,0.9128783852142348,0.8977238173556666,11,1,1
1919,New Mopdardisecrafr Ecian Isgmoarl,cyanid,5.312085,1,0,0,0,0,0,0,0,0,0,0,0,0,0,0,0,0,0,0,0,0,0,0,0,0,0,0,0,0,0,0,0,0,0,united states of america,extraction,USA,0,0,0.07,0.581,1,2,1,1,2,1,98,3,1,0.8666171596554353,0.8554794889536566,0,1,1
1913,New Nigerian And General Trust,cyanid,1.582278,1,3,0,0,0,0,0,0,0,0,0,0,0,0,0,0,0,0,0,0,0,0,0,0,0,0,0,0,0,0,0,0,0,0,south africa,extraction,ZAF,1,1,0.408,0.115,-1,-1,-1,-1,-1,-1,84,2,0,0.9228291504899564,0.9179453344387052,3,1,1
1909,New Ooch Gold,cyanid,1.583821,1,0,0,0,0,0,0,0,0,0,0,0,0,0,0,0,0,0,0,0,0,0,0,0,0,0,0,0,0,0,0,0,0,0,canada,extraction,CAN,0,1,0.074,0.597,2,1,1,2,1,1,96,0,1,0.8929159482487512,0.9055704681028238,0,1,1
1914,New Primrose Gold,cyanid,1.47929,1,6,0,3,1,2,1,0,1,0,0.03922546540084627,0.04761904761904761,3,0.27149321266968324,0.3055555555555555,0.05990783410138248,0.15393883499634362,0.02777777777777777,2,0.391304347826087,0.4398148148148148,0.0015513843436901,0.1656953171518629,0.05494505494505494,5,0.3760330578512397,0.4344322344322344,0.04626690915215228,1.222425817657952e-17,0.00833333333333333,3,1,0.00555555555555555,1.5475085112968123e-5,south africa,extraction,ZAF,1,1,0.408,0.115,-1,-1,-1,-1,-1,-1,84,2,0,0.908179444741422,0.9228291504899564,6,1,1
1909,New Primrose Gold Mining Company,cyanid,1.461988,1,4,0,2,1,0,0,1,1,1,0.4154992265903651,0.05970149253731343,4,0.36312849162011174,0.41567164179104465,0.01324965316447534,0.1433971845350925,0.02631578947368421,2,0.42696629213483145,0.4660087719298245,0.00338040922740287,0.2307434276750098,0.06185567010309278,6,0.45023696682464454,0.48109965635738855,0.01347267924085451,0.03757597922257014,0.02808988764044943,5,0.3159090909090909,0.2856942215088286,0.00292910543269405,south africa,extraction,ZAF,1,1,0.408,0.115,NA,NA,NA,NA,NA,NA,NA,-2,0,0.8929159482487512,0.9055704681028238,4,1,1
1917,New Primrose Gold Mining Company,cyanid,1.429252,1,2,0,1,1,1,1,0,0,0,0.05424052492220523,0.02777777777777777,1,0.2711864406779661,0.28194444444444433,0,0.131968440627086,0.0217391304347826,1,0.3484848484848485,0.3967391304347826,0,0.143909288024067,0.03278688524590164,2,0.34269662921348315,0.39453551912568297,0.00776244730594571,0.01904798296547768,0.0238095238095238,8,0.3046800382043935,0.326388888888889,2.0152618012730497e-4,south africa,extraction,ZAF,1,1,0.408,0.115,-1,-1,-1,-1,-1,-1,84,2,0,0.8562317952059528,0.8715313750908763,2,1,1
1908,New Primrose Gold Mining Limited,cyanid,1.459854,1,5,0,2,0,0,0,1,0,0,0.3319872548831679,0.05633802816901408,4,0.3641025641025641,0.4241784037558684,0.02873336366294111,0,0,0,0,0,0,0.06902881740796307,0.03703703703703703,4,0.3185840707964602,0.36759259259259247,0.00344814819888909,0.0151644858463227,0.05263157894736842,4,0.24481327800829877,0.2395989974937344,9.692982456140354e-4,south africa,extraction,ZAF,1,1,0.408,0.115,NA,NA,NA,NA,NA,NA,NA,-2,0,0.9055704681028238,0.9101864858593508,5,1,1
1910,New Primrose Gold Mining Limited,cyanid,1.459854,1,9,0,7,1,2,0,0,0,0,0.23513513712910267,0.07017543859649122,4,0.36774193548387096,0.4318713450292396,0.02431566786940515,0.260529201534216,0.04545454545454545,3,0.4342105263157895,0.47853535353535354,0.00377263685148659,0.3252771601169772,0.07954545454545454,7,0.43781094527363185,0.4895833333333336,0.02089401793890891,0.4786722994628903,0.17535545023696683,37,0.33583489681050654,0.35768449559918825,0.00416339716795561,south africa,extraction,ZAF,1,1,0.408,0.115,-1,-2,-3,-1,-2,-3,82,-2,0,0.900247987322166,0.8929159482487512,9,1,1
1919,New Primrose Gold Mining Limited,cyanid,2.54552,1,15,0,9,1,1,1,0,0,0,0.02526433799717423,0.01886792452830188,1,0.24806201550387597,0.17861635220125777,0,0.08172327618118086,0.01538461538461538,1,0.31862745098039214,0.3615384615384616,0,0.09141929712156852,0.025,2,0.32,0.3647916666666665,0.00119380999246443,0.9186503001282976,0.19101123595505615,68,0.3812709030100334,0.4361891385767786,0.02149810589522666,south africa,extraction,ZAF,1,1,0.408,0.115,-1,-1,-1,-1,-1,-1,84,2,0,0.8666171596554353,0.8554794889536566,15,1,1
1920,New Primrose Gold Mining Limited,cyanid,2.54552,1,6,0,4,1,1,1,0,0,0,0.0266582299163481,0.01851851851851851,1,0.25116279069767444,0.2864197530864196,0,0.09295830177022124,0.01639344262295082,1,0.3279569892473118,0.3729508196721312,0,0.11062918778700068,0.02564102564102564,2,0.32098765432098764,0.3643162393162392,5.61803693855703e-4,0.7900790242244664,0.21614583333333337,83,0.3591481122942885,0.424088541666666,0.01023174546149658,south africa,extraction,ZAF,1,1,0.408,0.115,-1,-1,-1,-1,-1,-1,84,2,0,0.8827313706089669,0.8666171596554353,6,1,1
1921,New Primrose Gold Mining Limited,cyanid,1.099304,1,14,0,6,0,0,0,0,0,0,0,0,0,0,0,0,0,0,0,0,0,0,0,0,0,0,0,0,0.4089387833955603,0.12129380053908356,45,0.3971078976640712,0.43984725965858146,0.06361383472041852,canada,extraction,CAN,0,1,0.067,0.631,2,1,1,2,2,1,98,0,1,0.8977238173556666,0.8827313706089669,14,1,1
1921,New Primrose Gold Mining Limited,cyanid,1.099304,1,14,0,6,0,0,0,0,0,0,0,0,0,0,0,0,0,0,0,0,0,0,0,0,0,0,0,0,0.4089387833955603,0.12129380053908356,45,0.3971078976640712,0.43984725965858146,0.06361383472041852,new zealand,extraction,NA,0,0,NA,NA,NA,NA,NA,NA,NA,NA,NA,NA,NA,0.8977238173556666,0.8827313706089669,14,1,1
1922,New Primrose Gold Mining Limited,cyanid,1.240035,1,6,0,2,0,0,0,0,0,0,0,0,0,0,0,0,0,0,0,0,0,0,0,0,0,0,0,0,0.35921391910097694,0.07142857142857142,26,0.3627858627858628,0.39347854526425746,0.0067766209848959,south africa,extraction,ZAF,1,1,0.408,0.115,-1,-1,-1,-1,-1,-1,84,2,0,0.9128783852142348,0.8977238173556666,6,1,1
1916,New Primrws Gold Mining Company,cyanid,1.429933,1,3,0,3,0,0,0,0,0,0,0,0,0,0,0,0,0,0,0,0,0,0,0,0,0,0,0,0,0.09081783948854694,0.10876132930513596,36,0.32153690596562184,0.3796863760609976,0.04813365423977627,south africa,extraction,ZAF,1,1,0.408,0.115,-1,-1,-1,-1,-1,-1,84,2,0,0.8715313750908763,0.8901492706922215,3,1,1
1910,New Ravenswood Limited,cyanid,0.1936527,1,8,0,0,0,0,0,0,1,0,0,0,0,0,0,0,0.2605292015342159,0.04545454545454545,3,0.4342105263157895,0.47853535353535354,0.00377263685148659,0.23337204598605044,0.03409090909090909,3,0.3876651982378855,0.4337121212121212,0.00171633844890328,0,0,0,0,0,0,united kingdom,extraction,GBR,1,1,0.028,0.73,2,2,2,2,2,2,98,3,1,0.900247987322166,0.8929159482487512,8,1,1
1910,New Scotland Land Company,cyanid,0.4134241,1,4,0,1,0,0,0,0,0,0,0,0,0,0,0,0,0,0,0,0,0,0,0,0,0,0,0,0,0.01224636226971159,0.00473933649289099,1,0.2507002801120448,0.24432031896486897,0,united states of america,extraction,USA,0,0,0.098,0.581,1,2,1,1,2,1,98,3,1,0.900247987322166,0.8929159482487512,4,1,1
1894,New Spes Bona Gold Mining,amalgama,0.5853659,1,7,482.7749624482,0,0,0,0,0,0,0,0,0,0,0,0,0,0,0,0,0,0,0,0,0,0,0,0,0,0,0,0,0,0,0,united states of america,extraction,USA,0,0,0.147,0.478,1,1,NA,1,1,NA,95,1,1,0.6957655151230822,0.6304463154435564,7,0,0
1908,New Spes Bona Gold Mining,cyanid,0.4136253,1,7,0,0,0,0,0,0,0,0,0,0,0,0,0,0,0,0,0,0,0,0,0,0,0,0,0,0,0,0,0,0,0,0,canada,extraction,CAN,0,1,0.074,0.597,2,1,1,2,1,1,96,0,1,0.9055704681028238,0.9101864858593508,7,1,1
1909,New Spes Bona Gold Mining,cyanid,0.41423,1,6,0,2,1,1,1,0,0,0,0.10791345261595832,0.01492537313432835,1,0.28634361233480177,0.314179104477612,0,0.09757762654544924,0.0131578947368421,1,0.37623762376237624,0.4210526315789473,0,0.11979997241352423,0.02061855670103092,2,0.3696498054474709,0.4046391752577318,6.941220423075401e-4,0.04305482599284107,0.02247191011235955,4,0.3028322440087146,0.2708065810593902,3.682602183555581e-4,canada,extraction,CAN,0,1,0.074,0.597,2,1,1,2,1,1,96,0,1,0.8929159482487512,0.9055704681028238,6,1,1
1911,New Spes Bona Gold Mining,cyanid,0.4132230999999999,1,6,2.8333329557698393e-4,2,0,0,0,0,0,0,0,0,0,0,0,0,0,0,0,0,0,0,0,0,0,0,0,0,0.2635473038752353,0.12213740458015268,32,0.3606010016694491,0.3651126862958916,0.002638352312352,canada,extraction,CAN,0,1,0.072,0.61,2,1,1,2,1,1,96,0,1,0.9090477242361656,0.900247987322166,6,1,1
1912,New Spes Bona Gold Mining,cyanid,0.4132230999999999,1,7,0,7,0,0,0,0,0,0,0,0,0,0,0,0,0,0,0,0,0,0,0,0,0,0,0,0,0.25565698913334006,0.15335463258785942,48,0.31263616557734203,0.3883107662660372,0.01418883268955954,canada,extraction,CAN,0,1,0.072,0.61,2,1,1,2,1,1,96,0,1,0.9179453344387052,0.9090477242361656,7,1,1
1913,New Spes Bona Gold Mining,cyanid,0.9737098,1,8,0,2,0,0,0,1,1,1,0.19784087033191036,0.01724137931034482,1,0.3706896551724138,0.30890804597701155,0,0.0546317435510724,0.01265822784810126,1,0.32113821138211385,0.36392405063291133,0,0.12222234433354284,0.02040816326530612,2,0.35094339622641507,0.3778911564625849,0.00238525724998908,0.5385786676988759,0.09748427672955975,31,0.29103726082578046,0.35085275486218825,0.03255718645186812,canada,extraction,CAN,0,1,0.072,0.61,2,1,1,2,1,1,96,0,1,0.9228291504899564,0.9179453344387052,8,1,1
1914,New Spes Bona Gold Mining,cyanid,0.9737098,1,4,0,1,0,0,0,0,0,0,0,0,0,0,0,0,0,0,0,0,0,0,0,0,0,0,0,0,0.09662456237083022,0.04722222222222222,17,0.29558541266794625,0.2959722222222227,0.1259668446336869,canada,extraction,CAN,0,1,0.067,0.61,2,1,1,2,1,1,96,0,1,0.908179444741422,0.9228291504899564,4,1,1
1915,New Spes Bona Gold Mining,cyanid,0.9737098,1,3,0,3,0,0,0,0,0,0,0,0,0,0,0,0,0,0,0,0,0,0,0,0,0,0,0,0,0.1495956764055603,0.10795454545454546,38,0.3477789815817985,0.3788487554112539,0.05136348290026611,canada,extraction,CAN,0,1,0.067,0.61,2,2,1,2,2,1,98,0,1,0.8901492706922215,0.908179444741422,3,1,1
1909,New Transvaal Chemical Company,cyanid,0.7309941999999999,1,10,170.79974429856796,2,1,0,0,0,1,0,0.4154992265903652,0.05970149253731343,4,0.36312849162011174,0.41567164179104465,0.01324965316447534,0.07415608496843451,0.0131578947368421,1,0.34234234234234234,0.3881578947368421,0,0.16983262469023402,0.05154639175257732,5,0.38461538461538464,0.4316151202749144,0.00624358451754652,0.07475014836713588,0.05617977528089887,10,0.2842535787321063,0.27026038879971476,5.587332919333638e-4,united states of america,extraction,USA,0,0,0.117,0.581,1,1,1,1,1,1,98,1,1,0.8929159482487512,0.9055704681028238,10,1,0
1895,New Unified Main Reef Gold Company,cyanid,0.729927,1,27,0,4,0,2,0,0,0,0,0,0,0,0,0,0,0.39100947107673856,0.09375,3,0.43243243243243246,0.4947916666666667,0.01004457518482764,0.3610170586661233,0.06666666666666667,3,0.3879310344827586,0.44259259259259254,0.00581481095824489,0.14046693636608015,0.05714285714285714,2,0.3333333333333333,0.28619047619047605,0.11092436974789915,united states of america,extraction,USA,0,0,0.147,0.478,1,1,NA,1,1,NA,95,1,1,0.7078988530850715,0.6957655151230822,27,1,1
1910,New Unified Main Reef Gold Company,cyanid,0.729572,1,7,0,5,1,1,1,0,0,0,0.05854674560899819,0.0175438596491228,1,0.2893401015228426,0.3239766081871345,0,0.10329347078956312,0.01515151515151515,1,0.3707865168539326,0.41666666666666663,0,0.11895281875591678,0.02272727272727272,2,0.36213991769547327,0.40624999999999983,0.0014381888716756,0.37240019956594866,0.16113744075829384,34,0.3242753623188406,0.3559805912886487,0.00809623006427887,united states of america,extraction,USA,0,0,0.098,0.581,1,2,1,1,2,1,98,3,1,0.900247987322166,0.8929159482487512,7,1,1
1912,New Unified Main Reef Gold Company,cyanid,0.729927,1,10,5.583488732197491e-4,4,0,2,0,0,0,0,0,0,0,0,0,0,0.2183552781474257,0.03614457831325301,3,0.4368421052631579,0.4769076305220884,0.00229482138534163,0.20672507802270768,0.02727272727272727,3,0.3898916967509025,0.4265151515151518,0.0011153244720199,0.17618300269343318,0.0926517571884984,29,0.2844400396432111,0.3359285460723156,2.2860784050111616e-4,united states of america,extraction,USA,0,0,0.098,0.581,1,2,1,1,2,1,98,3,1,0.9179453344387052,0.9090477242361656,10,1,1
1913,New Unified Main Reef Gold Company,cyanid,0.7302824,1,9,0,3,0,2,0,1,0,0,0.02024087199307011,0.01724137931034482,1,0.24431818181818185,0.20574712643678153,0,0.2888330581114655,0.0379746835443038,3,0.4114583333333333,0.4599156118143459,0.00663263007643864,0.28424665435898644,0.04081632653061224,4,0.39574468085106385,0.4246598639455784,0.01455931309044991,0.4696001417697191,0.06289308176100629,20,0.2537313432835821,0.2883036687281981,2.9342227887740527e-4,united states of america,extraction,USA,0,0,0.083,0.581,1,2,1,1,2,1,98,3,1,0.9228291504899564,0.9179453344387052,9,1,1
1914,New Unified Main Reef Gold Company,cyanid,0.739645,1,9,0,2,0,0,0,0,0,0,0,0,0,0,0,0,0,0,0,0,0,0,0,0,0,0,0,0,0.217883701651585,0.08888888888888889,32,0.3388338833883388,0.344583333333332,0.02014266962383544,united states of america,extraction,USA,0,0,0.079,0.581,1,2,1,1,2,1,98,3,1,0.908179444741422,0.9228291504899564,9,1,1
1915,New Unified Main Reef Gold Company,cyanid,1.284491,1,8,0,4,0,1,0,1,1,1,0.03920277219111377,0.01612903225806451,1,0.27,0.26693548387096777,0,0.22356014175627056,0.03658536585365853,3,0.44086021505376344,0.47967479674796754,0.00697481455747734,0.22522323242178224,0.04081632653061224,4,0.41379310344827586,0.4510204081632655,0.00659584680284897,0.11783863150576816,0.07954545454545454,28,0.33753943217665616,0.3598146645021633,0.00372209065887429,united states of america,extraction,USA,0,0,0.07,0.581,1,2,1,1,2,1,98,3,1,0.8901492706922215,0.908179444741422,8,1,1
1916,New Unified Main Reef Gold Company,cyanid,1.28694,1,2,0,2,0,0,0,0,0,0,0,0,0,0,0,0,0,0,0,0,0,0,0,0,0,0,0,0,0.00601397686855074,0.00906344410876133,3,0.24405218726016883,0.26297295353186706,4.426860893418665e-5,south africa,extraction,ZAF,1,1,0.408,0.115,-1,-1,-1,-1,-1,-1,84,2,0,0.8715313750908763,0.8901492706922215,2,1,1
1917,New Unified Main Reef Gold Company,cyanid,1.28694,1,1,0,1,0,0,0,0,0,0,0,0,0,0,0,0,0,0,0,0,0,0,0,0,0,0,0,0,0.03331130854362515,0.04464285714285714,15,0.30409914204003813,0.331611394557823,7.50961072585255e-4,south africa,extraction,ZAF,1,1,0.408,0.115,-1,-1,-1,-1,-1,-1,84,2,0,0.8562317952059528,0.8715313750908763,1,1,1
1919,New Unified Main Reef Gold Company,cyanid,1.195219,1,4,0,3,0,0,0,0,0,0,0,0,0,0,0,0,0,0,0,0,0,0,0,0,0,0,0,0,0.9450227741179734,0.1797752808988764,64,0.37012987012987014,0.41989700374531697,0.00582195056632802,south africa,extraction,ZAF,1,1,0.408,0.115,-1,-1,-1,-1,-1,-1,84,2,0,0.8666171596554353,0.8554794889536566,4,1,1
1920,New Unified Main Reef Gold Company,cyanid,0.9893734,1,4,0,2,0,0,0,0,0,0,0,0,0,0,0,0,0,0,0,0,0,0,0,0,0,0,0,0,0.5385314585795067,0.09114583333333331,35,0.32890070921985815,0.3674355158730139,2.729659374215992e-4,south africa,extraction,ZAF,1,1,0.408,0.115,-1,-1,-1,-1,-1,-1,84,2,0,0.8827313706089669,0.8666171596554353,4,1,1
1921,New Unified Main Reef Gold Company,cyanid,1.039261,1,4,0,4,0,0,0,0,0,0,0,0,0,0,0,0,0,0,0,0,0,0,0,0,0,0,0,0,0.5155441717914524,0.15902964959568733,59,0.3620689655172414,0.4124438454627119,0.01892068997913864,south africa,extraction,ZAF,1,1,0.408,0.115,-1,-1,-1,-1,-1,-1,84,2,0,0.8977238173556666,0.8827313706089669,4,1,1
1922,New Unified Main Reef Gold Company,cyanid,1.195748,1,7,0,6,0,0,0,0,0,0,0,0,0,0,0,0,0,0,0,0,0,0,0,0,0,0,0,0,0.5542196232816992,0.17032967032967034,62,0.368532206969377,0.41488095238095113,0.00752353204888152,south africa,extraction,ZAF,1,1,0.408,0.115,-1,-1,-1,-1,-1,-1,84,2,0,0.9128783852142348,0.8977238173556666,7,1,1
1923,New Unified Main Reef Gold Company,cyanid,1.235133,1,5,0,4,0,0,0,1,0,0,0.0118070504059853,0.0217391304347826,1,0.22631578947368425,0.24081262939958575,0,0,0,0,0,0,0,0.00807684993949829,0.01785714285714285,1,0.25339366515837103,0.2726190476190475,0,0.26333506331538237,0.1349206349206349,51,0.3840425531914894,0.42451499118165814,0.0036219508315995,united states of america,extraction,USA,0,0,0.096,0.581,1,2,1,1,2,1,98,3,1,0.9260468773507357,0.9128783852142348,5,1,1
1923,New Unified Main Reef Gold Company,cyanid,1.235133,1,5,0,4,0,0,0,1,0,0,0.0118070504059853,0.0217391304347826,1,0.22631578947368425,0.24081262939958575,0,0,0,0,0,0,0,0.00807684993949829,0.01785714285714285,1,0.25339366515837103,0.2726190476190475,0,0.26333506331538237,0.1349206349206349,51,0.3840425531914894,0.42451499118165814,0.0036219508315995,canada,extraction,CAN,0,1,0.07,0.631,2,1,1,2,2,1,98,0,1,0.9260468773507357,0.9128783852142348,5,1,1
1914,New United Reefs Sheba Limited,cyanid,0.7302824,1,4,0,0,0,0,0,0,0,0,0,0,0,0,0,0,0,0,0,0,0,0,0,0,0,0,0,0,0,0,0,0,0,0,canada,extraction,CAN,0,1,0.067,0.61,2,1,1,2,1,1,96,0,1,0.908179444741422,0.9228291504899564,4,1,1
1915,New United Reefs Sheba Limited,cyanid,0.7302824,1,4,0,2,0,1,0,0,1,0,0,0,0,0,0,0,0.2967832408738897,0.04878048780487805,4,0.5125,0.524390243902439,0.01950432892448287,0.2783229589973987,0.04081632653061224,4,0.46601941747572817,0.48299319727891177,0.01061279773539885,0.00172603579437924,0.03409090909090909,12,0.2677231025854879,0.2812872023809531,0.00842429803743189,canada,extraction,CAN,0,1,0.067,0.61,2,2,1,2,2,1,98,0,1,0.8901492706922215,0.908179444741422,4,1,1
1916,New United Reefs Sheba Limited,cyanid,0.7302824,1,4,0,0,0,0,0,0,0,0,0,0,0,0,0,0,0,0,0,0,0,0,0,0,0,0,0,0,1.0988109816692404e-5,0.00302114803625377,1,0.218707015130674,0.22793842612573909,0,canada,extraction,CAN,0,1,0.067,0.61,2,2,1,2,2,1,98,0,1,0.8715313750908763,0.8901492706922215,4,1,1
1917,New United Reefs Sheba Limited,cyanid,0.7302824,1,1,0,0,0,0,0,0,0,0,0,0,0,0,0,0,0,0,0,0,0,0,0,0,0,0,0,0,2.085450212914766e-5,0.00297619047619047,1,0.21834360027378508,0.2243090986394574,0,canada,extraction,CAN,0,1,0.067,0.61,2,2,1,2,2,1,98,0,1,0.8562317952059528,0.8715313750908763,1,1,1
1920,New United Reefs Sheba Limited,cyanid,0.7302824,1,5,0,1,0,0,0,0,0,0,0,0,0,0,0,0,0,0,0,0,0,0,0,0,0,0,0,0,5.088491593702608e-4,0.015625,6,0.28582434514637906,0.3035156250000006,0.00234633102954652,canada,extraction,CAN,0,1,0.067,0.631,2,1,1,2,2,1,98,0,1,0.8827313706089669,0.8666171596554353,5,1,1
1921,New United Reefs Sheba Limited,cyanid,0.7302824,1,2,0,3,0,0,0,0,0,0,0,0,0,0,0,0,0,0,0,0,0,0,0,0,0,0,0,0,0.07447979070287294,0.05390835579514825,20,0.36465781409601633,0.39150943396226234,0.06868918961807251,canada,extraction,CAN,0,1,0.067,0.631,2,1,1,2,2,1,98,0,1,0.8977238173556666,0.8827313706089669,2,1,1
1922,New United Reefs Sheba Limited,cyanid,0.7302824,1,4,0,2,0,1,0,0,0,0,0,0,0,0,0,0,0.2986715667675239,0.06521739130434782,3,0.4339622641509434,0.48550724637681153,0.00800039330079712,0.2727095249552072,0.04838709677419355,3,0.389937106918239,0.43951612903225784,0.00395580079719421,0.00987255844020641,0.0521978021978022,19,0.32106715731370744,0.35117085295656625,0.0488580073549373,canada,extraction,CAN,0,1,0.07,0.631,2,1,1,2,2,1,98,0,1,0.9128783852142348,0.8977238173556666,4,1,1
1895,New Zealand Jubilee Syndicate Limited,cyanid,0.106305,1,13,11060.390181355864,1,0,0,0,1,3,1,2.3002893346954454e-17,0.03125,1,1,0.03125,0,0.3910094710767386,0.09375,3,0.43243243243243246,0.4947916666666667,0.01004457518482764,0.3682132812904287,0.08888888888888889,4,0.3947368421052632,0.45740740740740726,0.05025925540268933,1.725015855319912e-17,0.02857142857142857,1,0.4166666666666667,0.07380952380952381,0,australia,extraction,AUS,0,1,0.06,0.659,NA,NA,NA,NA,NA,NA,NA,0,1,0.7078988530850715,0.6957655151230822,13,1,0
1915,New Zealand Mines Trust Limited,cyanid,0.8563273,0,11,0,1,0,0,0,0,2,0,0,0,0,0,0,0,0.1631997381312539,0.02439024390243902,2,0.405940594059406,0.4502032520325203,0.00222022715110416,0.15114676840386063,0.02040816326530612,2,0.384,0.4195578231292519,0.00120809926803674,6.2020034322286704e-18,0.00284090909090909,1,1,0.00284090909090909,0,new zealand,extraction,NA,0,0,NA,NA,NA,NA,NA,NA,NA,NA,NA,NA,NA,0.8901492706922215,0.908179444741422,11,1,1
1916,New Zealand Mines Trust Limited,cyanid,0.85796,0,9,0,6,0,3,0,0,0,0,0,0,0,0,0,0,0.3365974386988721,0.05172413793103448,3,0.4461538461538462,0.48850574712643674,0.02131900301685645,0.3274277765822702,0.04,3,0.3989361702127659,0.4459999999999999,0.01215231904522943,2.479208686796751e-4,0.01812688821752266,6,0.2459396751740139,0.2592720471874559,0.01544749854620353,new zealand,extraction,NA,0,0,NA,NA,NA,NA,NA,NA,NA,NA,NA,NA,NA,0.8715313750908763,0.8901492706922215,9,1,1
1917,New Zealand Mines Trust Limited,cyanid,0.8575512,0,4,0,2,0,1,0,0,0,0,0,0,0,0,0,0,0.11767304954076108,0.0217391304347826,1,0.3333333333333333,0.3804347826086956,0,0.11373305240735232,0.01639344262295082,1,0.31443298969072164,0.3549180327868854,0,1.583301667728652e-4,0.01488095238095238,5,0.2585089141004862,0.2669713718820869,0.00899421577067439,new zealand,extraction,NA,0,0,NA,NA,NA,NA,NA,NA,NA,NA,NA,NA,NA,0.8562317952059528,0.8715313750908763,4,1,1
1908,Newcastle Colliery Company,cyanid,0.7785888000000001,1,17,0,1,0,1,0,0,1,0,0,0,0,0,0,0,0.14683635453013705,0.02531645569620253,2,0.42934782608695654,0.4672995780590718,0.00228517516967241,0.13621731595187497,0.01851851851851851,2,0.3763066202090593,0.4189814814814818,0.00121564920346784,0.1579276000977256,0.02631578947368421,2,0.22692307692307692,0.2097117794486213,3.189792663476874e-5,canada,extraction,CAN,0,1,0.074,0.597,2,1,1,2,1,1,96,0,1,0.9055704681028238,0.9101864858593508,17,1,1
1912,Newlands Syndicate Limited,cyanid,0.7785888000000001,1,10,0,7,1,1,1,0,0,0,0.1751174839461389,0.02898550724637681,2,0.3401015228426396,0.377294685990338,0.08184143222506395,0.1497050980424422,0.02409638554216867,2,0.4191919191919192,0.459839357429719,0.00105932135345905,0.18717596809611536,0.03636363636363636,4,0.40148698884758366,0.43939393939393967,0.01226801645143899,0.09638381619100504,0.1182108626198083,37,0.3021052631578947,0.35210203357168124,0.0308477319455461,germany,extraction,DEU,0,0,0.078,0.587,1,1,1,1,1,1,92,1,1,0.9179453344387052,0.9090477242361656,10,1,1
1921,Niekerk Consolidated Limited,cyanid,4.618938,1,4,0,1,0,0,0,0,0,0,0,0,0,0,0,0,0,0,0,0,0,0,0,0,0,0,0,0,1.1962498132469087e-17,0.00808625336927223,3,1,0.00808625336927223,4.3709477671741826e-5,united states of america,extraction,USA,0,0,0.095,0.581,1,2,1,1,2,1,98,3,1,0.8977238173556666,0.8827313706089669,4,1,1
1909,Nigel Deep Limited,cyanid,0.6091618000000001,1,12,0,8,0,0,0,0,0,0,0,0,0,0,0,0,0,0,0,0,0,0,0,0,0,0,0,0,0.2697136835413072,0.12359550561797752,22,0.35917312661498707,0.35212011771000606,0.0325224589588315,canada,extraction,CAN,0,1,0.074,0.597,2,1,1,2,1,1,96,0,1,0.8929159482487512,0.9055704681028238,12,1,1
1910,Nigel Eep Jjmited,cyanid,0.6079766999999999,1,0,0,0,0,0,0,0,0,0,0,0,0,0,0,0,0,0,0,0,0,0,0,0,0,0,0,0,0,0,0,0,0,0,canada,extraction,CAN,0,1,0.074,0.597,2,1,1,2,1,1,96,0,1,0.900247987322166,0.8929159482487512,0,1,1
1909,Nigel Gold Mining Company,cyanid,0.7797271,1,12,0,9,0,2,0,0,0,0,0,0,0,0,0,0,0.17173371151388372,0.02631578947368421,2,0.4367816091954023,0.47258771929824567,0.00241327609439064,0.1552620966534917,0.02061855670103092,2,0.4008438818565401,0.430412371134021,0.0010294166973359,0.16609861814371146,0.1348314606741573,24,0.3381995133819951,0.3182718031032645,0.0199137511561629,canada,extraction,CAN,0,1,0.074,0.597,2,1,1,2,1,1,96,0,1,0.8929159482487512,0.9055704681028238,12,1,1
1910,Nigel Gold Mining Company,cyanid,0.7782101,1,1,0,0,0,0,0,0,0,0,0,0,0,0,0,0,0,0,0,0,0,0,0,0,0,0,0,0,0.02010371089969611,0.00947867298578199,2,0.28685897435897434,0.2858158429248482,0.00260071705771247,germany,extraction,DEU,0,0,0.078,0.587,1,1,1,1,1,1,92,1,1,0.900247987322166,0.8929159482487512,1,1,1
1911,Nigel Gold Mining Company,cyanid,0.7778318000000001,1,6,2.6937794157838287e-4,2,1,2,1,0,0,0,0.16342680358061704,0.02631578947368421,2,0.365,0.3958333333333331,0.01222164212598995,0.22897564057717595,0.03333333333333333,3,0.47368421052631576,0.4981481481481482,0.00602757070094527,0.27091149834615236,0.04201680672268908,5,0.4343065693430657,0.4733893557422972,0.0093584475454208,0.06715816066443032,0.05343511450381679,14,0.3297709923664122,0.31234096692112034,0.0087118739406845,germany,extraction,DEU,0,0,0.078,0.594,1,1,1,1,1,1,92,1,1,0.9090477242361656,0.900247987322166,6,1,1
1913,Nigel Gold Mining Company,cyanid,0.7789679,1,8,0,2,0,0,0,0,0,0,0,0,0,0,0,0,0,0,0,0,0,0,0,0,0,0,0,0,0.1577261997560606,0.0440251572327044,14,0.27264150943396226,0.30722158693856866,0.00359739001253357,germany,extraction,DEU,0,0,0.078,0.587,1,1,1,1,1,1,92,1,1,0.9228291504899564,0.9179453344387052,8,1,1
1914,Nigel Gold Mining Company,cyanid,0.7889546,1,4,0,3,0,0,0,0,1,0,0,0,0,0,0,0,0.07154364381956921,0.01388888888888888,1,0.3333333333333333,0.37847222222222215,0,0.0708818407772831,0.01098901098901099,1,0.3137931034482759,0.3558608058608057,0,0.11525963593971204,0.03333333333333333,12,0.29389312977099236,0.298429232804233,7.69952343371818e-4,germany,extraction,DEU,0,0,0.088,0.563,1,1,1,1,1,1,92,1,1,0.908179444741422,0.9228291504899564,4,1,1
1915,Nigel Gold Mining Company,cyanid,0.7889546,1,8,0,5,2,2,2,0,0,0,0.22137691471186363,0.03225806451612903,2,0.35064935064935066,0.3508064516129032,0.00910775281478612,0.23537769416631812,0.03658536585365853,3,0.4659090909090909,0.49491869918699194,0.00845046727080643,0.28295048421676294,0.05102040816326531,5,0.4444444444444444,0.47448979591836754,0.01077204588346373,0.06566172111883552,0.09375,33,0.32228915662650603,0.34878246753246617,0.0212552117926447,canada,extraction,CAN,0,1,0.067,0.61,2,2,1,2,2,1,98,0,1,0.8901492706922215,0.908179444741422,8,1,1
1916,Nigel Gold Mining Company,cyanid,0.28598670000000004,1,4,0,1,0,0,0,0,0,0,0,0,0,0,0,0,0,0,0,0,0,0,0,0,0,0,0,0,0.01665876918992158,0.01510574018126888,5,0.3060635226179018,0.3323550568263559,0.0264768777163224,canada,extraction,CAN,0,1,0.067,0.61,2,2,1,2,2,1,98,0,1,0.8715313750908763,0.8901492706922215,4,1,1
1917,Nigel Gold Mining Company,cyanid,0.2858504,1,5,0,4,1,2,1,0,0,0,0.22027486665794263,0.02777777777777777,1,0.3018867924528302,0.323611111111111,0,0.2042792759398079,0.04347826086956521,2,0.42592592592592593,0.4710144927536231,0.01062109719398722,0.2738072451869655,0.04918032786885246,3,0.40131578947368424,0.4508196721311474,0.01044393481472625,0.01622198505059454,0.03571428571428571,12,0.3265097236438076,0.35039682539682454,0.03821055598180043,united states of america,extraction,USA,0,0,0.07,0.581,1,2,1,1,2,1,98,3,1,0.8562317952059528,0.8715313750908763,5,1,1
1919,Nigel Gold Mining Company,cyanid,0.4426737,1,8,0,3,0,2,0,0,0,0,0,0,0,0,0,0,0.1849466155029335,0.03076923076923077,2,0.40625,0.45256410256410257,0.00281067655155207,0.1788096256178702,0.025,2,0.38461538461538464,0.4274999999999999,0.00195658704765118,0.04936875172779832,0.03089887640449438,11,0.342,0.363623595505616,0.01677358620729388,germany,extraction,DEU,0,0,0.102,0.657,1,1,1,1,1,1,84,1,1,0.8666171596554353,0.8554794889536566,8,1,1
1920,Nigel Gold Mining Company,cyanid,0.4426737,1,7,0,4,1,2,1,0,0,0,0.1835021065170803,0.01851851851851851,1,0.33540372670807456,0.38765432098765434,0,0.2166272239830563,0.03278688524590164,2,0.4357142857142857,0.4740437158469945,0.00403140674664748,0.2777430133625818,0.03846153846153846,3,0.41711229946524064,0.4594017094017093,0.00473155866519642,0.02457341297780038,0.06770833333333333,26,0.33881278538812787,0.37513020833333055,0.02714217656364631,germany,extraction,DEU,0,0,0.084,0.674,1,1,1,1,1,1,89,1,1,0.8827313706089669,0.8666171596554353,7,1,1
1921,Nigel Gold Mining Company,cyanid,0.2309469,1,5,0,3,0,0,0,0,0,0,0,0,0,0,0,0,0,0,0,0,0,0,0,0,0,0,0,0,0.02166282652598801,0.02425876010781671,9,0.3190348525469169,0.3375112309074566,0.00389902280199919,germany,extraction,DEU,0,0,0.084,0.674,1,1,1,1,1,1,89,1,1,0.8977238173556666,0.8827313706089669,5,1,1
1922,Nigel Gold Mining Company,cyanid,0.2657219,1,5,0,4,0,0,0,0,0,0,0,0,0,0,0,0,0,0,0,0,0,0,0,0,0,0,0,0,0.02666291329493246,0.05494505494505494,20,0.3161231884057971,0.3411891679748816,0.04067254531348593,germany,extraction,DEU,0,0,0.084,0.674,1,1,1,1,1,1,89,1,1,0.9128783852142348,0.8977238173556666,5,1,1
1923,Nigel Gold Mining Company,cyanid,0.27447390000000005,1,5,0,0,0,0,0,0,0,0,0,0,0,0,0,0,0,0,0,0,0,0,0,0,0,0,0,0,0.00293205512182915,0.01322751322751322,5,0.31583552055993,0.328571428571428,0.00207396211296438,germany,extraction,DEU,0,0,0.084,0.674,1,1,1,1,1,1,77,1,1,0.9260468773507357,0.9128783852142348,5,1,1
1920,Nigel Van Ryn Reefs Limited,cyanid,44.28698,1,7,0,1,0,0,0,0,0,0,0,0,0,0,0,0,0,0,0,0,0,0,0,0,0,0,0,0,5.220246083205904e-4,0.00260416666666666,1,0.25324232081911263,0.26253720238095307,0,canada,extraction,CAN,0,1,0.067,0.631,2,1,1,2,2,1,98,0,1,0.8827313706089669,0.8666171596554353,7,1,1
1909,Nile Valley Gold Mining Company,cyanid,0.1459854,1,4,0,2,0,0,0,0,0,0,0,0,0,0,0,0,0,0,0,0,0,0,0,0,0,0,0,0,0,0.01123595505617977,2,1,0.00561797752808988,0,united kingdom,extraction,GBR,1,1,0.028,0.73,2,2,2,2,2,1,98,3,1,0.8929159482487512,0.9055704681028238,4,1,1
1910,Nile Valley Gold Mining Company,cyanid,0.029239770000000002,1,4,0,0,0,0,0,0,0,0,0,0,0,0,0,0,0,0,0,0,0,0,0,0,0,0,0,0,0.0139839707078791,0.00947867298578199,2,0.28144654088050314,0.27227488151658796,0.00266305574362446,united kingdom,extraction,GBR,1,1,0.028,0.73,2,2,2,2,2,2,98,3,1,0.900247987322166,0.8929159482487512,4,1,1
1911,Nile Valley Gold Mining Company,cyanid,0.009722897,1,4,2.567453354034787e-4,0,0,0,0,0,0,0,0,0,0,0,0,0,0,0,0,0,0,0,0,0,0,0,0,0,0,0,0,0,0,0,united kingdom,extraction,GBR,1,1,0.028,0.73,2,2,2,2,2,2,98,3,1,0.9090477242361656,0.900247987322166,4,1,1
1912,Nile Valley Gold Mining Company,cyanid,0.00973236,1,4,0,3,0,0,0,0,0,0,0,0,0,0,0,0,0,0,0,0,0,0,0,0,0,0,0,0,0.00914609478864691,0.01277955271565495,4,0.22905027932960895,0.2452053626175042,0,united kingdom,extraction,GBR,1,1,0.028,0.73,2,2,2,2,2,2,98,3,1,0.9179453344387052,0.9090477242361656,4,1,1
1903,Nine Reefs Gold Mining Company,cyanid,0.547179,1,8,6761.315134140133,0,0,0,0,2,2,1,0,0.14285714285714285,2,0.75,0.17857142857142855,0.02197802197802198,0.5152034418426799,0.125,2,0.4705882352941176,0.5260416666666666,0.03888888888888889,0.5869507421123941,0.16666666666666666,4,0.42857142857142855,0.5104166666666667,0.14134748102139402,0,0,0,0,0,0,india,extraction,IND,1,1,0.032,0.509,NA,NA,NA,NA,NA,NA,NA,2,1,0.684490744492304,0.620634442833931,8,1,0
1914,Nixons Navigation Company,cyanid,3.846154,1,4,0,0,0,0,0,0,0,0,0,0,0,0,0,0,0,0,0,0,0,0,0,0,0,0,0,0,0,0,0,0,0,0,australia,extraction,AUS,0,1,0.041,0.659,2,3,2,2,3,2,99,2,1,0.908179444741422,0.9228291504899564,4,1,1
1914,North Anantapur Gold,cyanid,0.4930966,1,0,0,0,0,0,0,0,0,0,0,0,0,0,0,0,0,0,0,0,0,0,0,0,0,0,0,0,0,0,0,0,0,0,india,extraction,IND,1,1,0.032,0.509,NA,NA,NA,NA,NA,NA,NA,2,1,0.908179444741422,0.9228291504899564,0,1,1
1913,North Anantapur Gold Mines Limited,cyanid,0.4757374,1,2,403.91425132497545,0,0,0,0,0,0,0,0,0,0,0,0,0,0,0,0,0,0,0,0,0,0,0,0,0,0,0,0,0,0,0,india,extraction,IND,1,1,0.032,0.509,NA,NA,NA,NA,NA,NA,NA,2,1,0.9228291504899564,0.9179453344387052,2,1,0
1915,North Anantapur Gold Mines Limited,cyanid,0.4757374,1,2,0,1,0,0,0,0,0,0,0,0,0,0,0,0,0,0,0,0,0,0,0,0,0,0,0,0,0.00660334590318561,0.02556818181818182,9,0.2772020725388601,0.28950216450216537,0.09002406959137728,india,extraction,IND,1,1,0.032,0.509,NA,NA,NA,NA,NA,NA,NA,2,1,0.8901492706922215,0.908179444741422,2,1,1
1916,North Anantapur Gold Mines Limited,cyanid,0.4766444,1,1,0,0,0,0,0,1,1,1,0.3540506479467102,0.04761904761904761,2,0.39759036144578314,0.35317460317460325,0.00508821414744759,0.19403615086744627,0.03448275862068965,2,0.3625,0.41666666666666663,0.00639495352687997,0.3636237676317968,0.05333333333333334,4,0.3712871287128713,0.42822222222222206,0.0142531047133229,0,0,0,0,0,0,india,extraction,IND,1,1,0.032,0.509,NA,NA,NA,NA,NA,NA,NA,2,1,0.8715313750908763,0.8901492706922215,1,1,1
1917,North Anantapur Gold Mines Limited,cyanid,0.4764173,1,2,1.7492300042636658e-4,1,0,0,0,0,0,0,0,0,0,0,0,0,0,0,0,0,0,0,0,0,0,0,0,0,1.6488607407953243e-4,0.01488095238095238,5,0.2642916321458161,0.2745819160997739,0.00195811677685637,india,extraction,IND,1,1,0.032,0.509,NA,NA,NA,NA,NA,NA,NA,2,1,0.8562317952059528,0.8715313750908763,2,1,1
1919,North Anantapur Gold Mines Limited,cyanid,0.4426737,1,6,0,2,0,1,0,1,0,0,0.2408259258610258,0.01886792452830188,1,0.3516483516483517,0.24056603773584911,0,0.11021245718263524,0.01538461538461538,1,0.3611111111111111,0.4076923076923077,0,0.15160913534640796,0.025,2,0.3703703703703703,0.4149999999999998,0.00106649047962366,0.00173979988547706,0.0196629213483146,7,0.2638888888888889,0.28123327982878626,0.01157258565299565,india,extraction,IND,1,1,0.032,0.509,NA,NA,NA,NA,NA,NA,NA,2,1,0.8666171596554353,0.8554794889536566,6,1,1
1920,North Anantapur Gold Mines Limited,cyanid,0.7328692,1,11,1206.1516185547798,4,0,1,0,1,1,0,0.03486471210586938,0.01851851851851851,1,0.2660098522167488,0.3089506172839506,0,0.30987748764142636,0.04918032786885246,3,0.4236111111111111,0.4726775956284153,0.00475636264360763,0.2975542964774819,0.05128205128205128,4,0.4216216216216217,0.467948717948718,0.02131102281458,0.00186593926032537,0.06510416666666667,25,0.3234524847428073,0.3612413194444426,0.03297726548647822,india,extraction,IND,1,1,0.032,0.509,NA,NA,NA,NA,NA,NA,NA,2,1,0.8827313706089669,0.8666171596554353,11,1,0
1921,North Anantapur Gold Mines Limited,cyanid,0.7328692,1,3,0,0,0,0,0,0,0,0,0,0,0,0,0,0,0,0,0,0,0,0,0,0,0,0,0,0,0.00805300472767179,0.01347708894878706,5,0.29700499168053246,0.30741239892183314,0.00313962387454497,india,extraction,IND,1,1,0.032,0.509,NA,NA,NA,NA,NA,NA,NA,2,1,0.8977238173556666,0.8827313706089669,3,1,1
1922,North Anantapur Gold Mines Limited,cyanid,0.4428698,1,4,0,3,0,1,0,0,0,0,0,0,0,0,0,0,0.1326994970992395,0.0217391304347826,1,0.38333333333333336,0.4293478260869565,0,0.12077349902726046,0.01612903225806451,1,0.3583815028901734,0.3978494623655912,0,0.00791473635280081,0.03571428571428571,13,0.32404828226555243,0.3491562009419142,0.03137043529690066,india,extraction,IND,1,1,0.032,0.509,NA,NA,NA,NA,NA,NA,NA,2,1,0.9128783852142348,0.8977238173556666,4,1,1
1923,North Anantapur Gold Mines Limited,cyanid,0.4574565,1,1,0,1,0,0,0,0,0,0,0,0,0,0,0,0,0,0,0,0,0,0,0,0,0,0,0,0,0.02606113459856777,0.01587301587301587,6,0.3672431332655137,0.38046737213403703,0.01625044515391769,india,extraction,IND,1,1,0.032,0.509,NA,NA,NA,NA,NA,NA,NA,2,1,0.9260468773507357,0.9128783852142348,1,1,1
1908,North Randsfontein Gold Mining Limited,cyanid,1.703163,1,8,23.933233247142667,0,0,0,0,1,0,0,0.1087604726633199,0.01408450704225352,1,0.29218106995884774,0.33041582830315236,0,0,0,0,0,0,0,0.02308666385307566,0.00925925925925925,1,0.2819843342036554,0.30725308641975324,0,0,0,0,0,0,0,south africa,extraction,ZAF,1,1,0.408,0.115,NA,NA,NA,NA,NA,NA,NA,-2,0,0.9055704681028238,0.9101864858593508,8,1,1
1909,North Randsfontein Gold Mining Limited,cyanid,1.705653,1,8,0,3,1,0,0,0,0,0,0.30166497025808,0.02985074626865671,2,0.38461538461538464,0.4184079601990048,0.00786140049617903,0,0,0,0,0,0,0.08642481969485577,0.02061855670103092,2,0.3333333333333333,0.3697594501718211,6.361988368232164e-4,0.02190407047343678,0.02808988764044943,5,0.2730844793713163,0.2470394150169431,9.614849518994368e-4,united states of america,extraction,USA,0,0,0.117,0.581,1,1,1,1,1,1,98,1,1,0.8929159482487512,0.9055704681028238,8,1,1
1912,North Vttrte Feath,cyanid,0.2919708,1,4,0,2,0,0,0,0,0,0,0,0,0,0,0,0,0,0,0,0,0,0,0,0,0,0,0,0,1.148340163526799e-12,0.01277955271565495,4,0.10152104704633888,0.10736008755178084,0.01169410993692144,australia,extraction,AUS,0,1,0.041,0.659,2,3,2,2,3,2,99,2,1,0.9179453344387052,0.9090477242361656,4,1,1
1908,North White Feather Gold Mines,cyanid,1.060158,0,5,1935.325106752318,0,0,0,0,0,0,0,0,0,0,0,0,0,0,0,0,0,0,0,0,0,0,0,0,0,0,0,0,0,0,0,australia,extraction,AUS,0,1,0.041,0.659,2,2,2,2,2,2,99,2,1,0.9055704681028238,0.9101864858593508,5,1,0
1909,North White Feather Gold Mines,cyanid,1.060158,0,1,0,0,0,0,0,0,0,0,0,0,0,0,0,0,0,0,0,0,0,0,0,0,0,0,0,0,0,0,0,0,0,0,australia,extraction,AUS,0,1,0.041,0.659,2,2,2,2,2,2,99,2,1,0.8929159482487512,0.9055704681028238,1,1,1
1910,North White Feather Gold Mines,cyanid,1.060158,1,4,0,2,0,0,0,0,0,0,0,0,0,0,0,0,0,0,0,0,0,0,0,0,0,0,0,0,0,0.00947867298578199,2,0.75,0.01184834123222748,9.027307605506658e-5,australia,extraction,AUS,0,1,0.041,0.659,2,3,2,2,3,2,99,2,1,0.900247987322166,0.8929159482487512,4,1,1
1913,North White Feather Gold Mines,cyanid,1.060158,1,4,0,2,0,0,0,0,0,0,0,0,0,0,0,0,0,0,0,0,0,0,0,0,0,0,0,0,6.744939613054838e-18,0.00943396226415094,3,0.5,0.00995807127882599,7.936035553439279e-5,australia,extraction,AUS,0,1,0.041,0.659,2,3,2,2,3,2,99,2,1,0.9228291504899564,0.9179453344387052,4,1,1
1914,North White Feather Gold Mines,cyanid,1.060158,1,4,0,0,0,0,0,0,0,0,0,0,0,0,0,0,0,0,0,0,0,0,0,0,0,0,0,0,0,0,0,0,0,0,australia,extraction,AUS,0,1,0.041,0.659,2,3,2,2,3,2,99,2,1,0.908179444741422,0.9228291504899564,4,1,1
1917,North White Feather Gold Mines,cyanid,1.060158,1,1,0,1,0,0,0,0,0,0,0,0,0,0,0,0,0,0,0,0,0,0,0,0,0,0,0,0,5.839821718114682e-6,0.00892857142857142,3,0.2027972027972028,0.20569727891156556,0.00281627576403695,united states of america,extraction,USA,0,0,0.07,0.581,1,2,1,1,2,1,98,3,1,0.8562317952059528,0.8715313750908763,1,1,1
1921,North White Feather Gold Mines,cyanid,1.060158,1,3,0,2,0,0,0,0,0,0,0,0,0,0,0,0,0,0,0,0,0,0,0,0,0,0,0,0,0.02016458640430539,0.01617250673854447,6,0.32903225806451614,0.3437106918238983,0.00391579565268976,united states of america,extraction,USA,0,0,0.095,0.581,1,2,1,1,2,1,98,3,1,0.8977238173556666,0.8827313706089669,3,1,1
1922,North White Feather Gold Mines,cyanid,1.060158,1,1,0,0,0,0,0,0,0,0,0,0,0,0,0,0,0,0,0,0,0,0,0,0,0,0,0,0,0.00736823314688534,0.01098901098901099,4,0.3026886383347788,0.3118589743589744,0,united states of america,extraction,USA,0,0,0.094,0.581,1,2,1,1,2,1,98,3,1,0.9128783852142348,0.8977238173556666,1,1,1
1910,Norther Mines Limited,cyanid,0.2918288,1,3,0,1,0,0,0,0,0,0,0,0,0,0,0,0,0,0,0,0,0,0,0,0,0,0,0,0,2.901441977969018e-19,0.00473933649289099,1,1,0.00473933649289099,0,australia,extraction,AUS,0,1,0.041,0.659,2,3,2,2,3,2,99,2,1,0.900247987322166,0.8929159482487512,3,1,1
1909,Northern And General Syndicate Limited,cyanid,1.341457,1,29,0,7,1,2,1,1,2,0,0.01408761524099271,0.02985074626865671,2,0.23809523809523808,0.2589552238805971,0.02894617819990954,0.3104971299725253,0.05263157894736842,4,0.5135135135135135,0.5263157894736842,0.01279419879328662,0.2895865501157353,0.06185567010309278,6,0.4589371980676328,0.4862542955326463,0.03067323443322836,0.5943409138596496,0.15168539325842698,27,0.37669376693766937,0.36460674157303447,0.06418298336372173,south africa,extraction,ZAF,1,1,0.408,0.115,NA,NA,NA,NA,NA,NA,NA,-2,0,0.8929159482487512,0.9055704681028238,29,1,1
1909,Northern Minerals Transvaal Limited,cyanid,0.29239770000000004,1,0,0,0,0,0,0,0,0,0,0,0,0,0,0,0,0,0,0,0,0,0,0,0,0,0,0,0,0,0,0,0,0,0,australia,extraction,AUS,0,1,0.041,0.659,2,2,2,2,2,2,99,2,1,0.8929159482487512,0.9055704681028238,0,1,1
1908,Northern Natal Mining Sytndicate Limited,cyanid,0.2919708,1,2,1935.325106752318,0,0,0,0,0,0,0,0,0,0,0,0,0,0,0,0,0,0,0,0,0,0,0,0,0,0,0,0,0,0,0,australia,extraction,AUS,0,1,0.041,0.659,2,2,2,2,2,2,99,2,1,0.9055704681028238,0.9101864858593508,2,1,0
1910,Nourse Flnes Limited,cyanid,2.188716,1,8,0,5,0,0,0,0,0,0,0,0,0,0,0,0,0,0,0,0,0,0,0,0,0,0,0,0,0.5101483562790412,0.1848341232227488,39,0.3416030534351145,0.392552471225457,0.01021169474800949,canada,extraction,CAN,0,1,0.074,0.597,2,1,1,2,1,1,96,0,1,0.900247987322166,0.8929159482487512,8,1,1
1910,Nourse Flnes Limited,cyanid,2.188716,1,8,386.7861876027994,5,0,0,0,0,0,0,0,0,0,0,0,0,0,0,0,0,0,0,0,0,0,0,0,0,0.5101483562790412,0.1848341232227488,39,0.3416030534351145,0.392552471225457,0.01021169474800949,united states of america,extraction,USA,0,0,0.098,0.581,1,2,1,1,2,1,98,3,1,0.900247987322166,0.8929159482487512,8,1,0
1920,Nova Scotia Syndicate Limited,cyanid,0.06562956,1,5,0,4,0,2,0,0,0,0,0,0,0,0,0,0,0.3098774876414263,0.04918032786885246,3,0.4236111111111111,0.4726775956284153,0.00475636264360763,0.27869219457478833,0.03846153846153846,3,0.3842364532019704,0.4337606837606836,0.00236098761477348,0.00288802802171214,0.10416666666666669,40,0.3240174672489083,0.3633246527777756,0.02972199078554026,canada,extraction,CAN,0,1,0.067,0.631,2,1,1,2,2,1,98,0,1,0.8827313706089669,0.8666171596554353,5,1,1
1903,Nueva Esperanza Gold Mines Limited,cyanid,0.1831907,1,11,0,2,0,1,0,0,0,0,0,0,0,0,0,0,0.4049512958539927,0.1875,3,0.42105263157894735,0.5208333333333333,0.09305555555555552,0.35752521231442647,0.125,3,0.375,0.4513888888888889,0.06060645272601794,0.8164965809277264,0.2,2,0.6,0.2,0,united states of america,extraction,USA,0,0,0.117,0.581,1,1,1,1,1,1,98,1,1,0.684490744492304,0.620634442833931,11,1,1
1908,Nundydroog Gold Mining Company,cyanid,0.9592802,1,6,0,0,0,0,0,0,0,0,0,0,0,0,0,0,0,0,0,0,0,0,0,0,0,0,0,0,0,0,0,0,0,0,india,extraction,IND,1,1,0.032,0.509,NA,NA,NA,NA,NA,NA,NA,2,1,0.9055704681028238,0.9101864858593508,6,1,1
1909,Nundydroog Gold Mining Company,cyanid,0.04584428,1,6,0,4,1,2,1,0,0,0,0.15039945580036443,0.01492537313432835,1,0.3333333333333333,0.36368159203980094,0,0.31049712997252527,0.05263157894736842,4,0.5135135135135135,0.5263157894736842,0.01279419879328662,0.33004599965291287,0.05154639175257732,5,0.4634146341463415,0.4845360824742271,0.00798664356366922,0,0.05617977528089887,10,1,0.02808988764044943,3.618358407922301e-4,india,extraction,IND,1,1,0.032,0.509,NA,NA,NA,NA,NA,NA,NA,2,1,0.8929159482487512,0.9055704681028238,6,1,1
1910,Nundydroog Gold Mining Company,cyanid,0.01459144,1,6,0,3,0,2,0,0,0,0,0,0,0,0,0,0,0.2605292015342158,0.04545454545454545,3,0.4342105263157895,0.47853535353535354,0.00377263685148659,0.2333720459860504,0.03409090909090909,3,0.3876651982378855,0.4337121212121212,0.00171633844890328,1.6221477239255507e-17,0.05687203791469194,12,0.8888888888888888,0.03554502369668247,4.7506206273978787e-4,india,extraction,IND,1,1,0.032,0.509,NA,NA,NA,NA,NA,NA,NA,2,1,0.900247987322166,0.8929159482487512,6,1,1
1911,Nundydroog Gold Mining Company,cyanid,0.01458435,1,5,7.011744621949612e-5,4,0,1,0,0,0,0,0,0,0,0,0,0,0.2253126058546353,0.03333333333333333,3,0.4455445544554455,0.4814814814814815,0.00392534871340006,0.2032808893235928,0.02521008403361344,3,0.39144736842105265,0.4348739495798322,0.00199812056590714,2.56099520706977e-4,0.08778625954198473,23,0.22199383350462487,0.21738004362050192,0.02030475233344716,india,extraction,IND,1,1,0.032,0.509,NA,NA,NA,NA,NA,NA,NA,2,1,0.9090477242361656,0.900247987322166,5,1,1
1912,Nundydroog Gold Mining Company,cyanid,0.01459854,1,6,0,5,1,3,1,0,0,0,0.01274867019145912,0.0144927536231884,1,0.22259136212624583,0.24192546583850916,0,0.2183552781474257,0.03614457831325301,3,0.4368421052631579,0.4769076305220884,0.00229482138534163,0.2143302107701858,0.03636363636363636,4,0.3927272727272727,0.43257575757575784,0.00427654452233054,9.767399676528525e-4,0.0670926517571885,21,0.21465968586387435,0.24168453130114512,0.00611462919542567,india,extraction,IND,1,1,0.032,0.509,NA,NA,NA,NA,NA,NA,NA,2,1,0.9179453344387052,0.9090477242361656,6,1,1
1915,Nundydroog Gold Mining Company,cyanid,0.01427212,1,6,0,5,0,2,0,1,0,0,0.17900057808161823,0.01612903225806451,1,0.3375,0.331989247311828,0,0.2235601417562705,0.03658536585365853,3,0.44086021505376344,0.47967479674796754,0.00697481455747734,0.2585626830505704,0.04081632653061224,4,0.42105263157894735,0.456122448979592,0.00548764538891535,0.00295901435513052,0.09659090909090907,34,0.295852534562212,0.3266943993506491,0.09049284261205262,united kingdom,extraction,GBR,1,1,0.028,0.73,2,2,2,2,2,2,98,3,1,0.8901492706922215,0.908179444741422,6,1,1
1916,Nundydroog Gold Mining Company,cyanid,0.01429933,1,3,0.0018574801544032,1,0,0,0,1,1,1,0.3540506479467101,0.04761904761904761,2,0.39759036144578314,0.35317460317460325,0.00508821414744759,0.19403615086744633,0.03448275862068965,2,0.3625,0.41666666666666663,0.00639495352687997,0.36362376763179693,0.05333333333333334,4,0.3712871287128713,0.42822222222222206,0.0142531047133229,2.355698444829218e-5,0.00906344410876133,3,0.21976503109882511,0.2324701481801197,0,canada,extraction,CAN,0,1,0.067,0.61,2,2,1,2,2,1,98,0,1,0.8715313750908763,0.8901492706922215,3,1,1
1917,Nundydroog Gold Mining Company,cyanid,0.01429252,1,4,0,4,0,1,0,0,0,0,0,0,0,0,0,0,0.3826272781048882,0.06521739130434782,3,0.4423076923076923,0.4909420289855072,0.00889188567126558,0.3626696457458893,0.04918032786885246,3,0.3860759493670886,0.4404371584699452,0.00443888438156124,9.818906747400013e-4,0.05654761904761905,19,0.279090113735783,0.3078656462585044,0.10027014118821248,canada,extraction,CAN,0,1,0.067,0.61,2,2,1,2,2,1,98,0,1,0.8562317952059528,0.8715313750908763,4,1,1
1921,Nundydroog Mines Limited,cyanid,0.00384911499999999,1,4,0,2,0,1,0,1,0,0,0.2014347322035646,0.02127659574468085,1,0.3435114503816794,0.37127659574468097,0,0.2185144871632167,0.0392156862745098,2,0.3923076923076923,0.4444444444444443,0.00186141129151509,0.27329784865368184,0.04411764705882353,3,0.37777777777777777,0.431127450980392,0.0024254092487505,0.00533069597222123,0.01617250673854447,6,0.265625,0.2791811064048269,1.3165827506617873e-4,canada,extraction,CAN,0,1,0.067,0.631,2,1,1,2,2,1,98,0,1,0.8977238173556666,0.8827313706089669,4,1,1
1922,Nundydroog Mines Limited,cyanid,0.004428698,1,5,0,5,1,2,1,0,1,0,0,0.02564102564102564,1,1,0.02564102564102564,0,0.2986715667675239,0.06521739130434782,3,0.4339622641509434,0.48550724637681153,0.00800039330079712,0.27674621107415465,0.06451612903225806,4,0.39490445859872614,0.4502688172043008,0.03621386531332325,0.03197327017502911,0.03571428571428571,13,0.3385063045586809,0.36000784929356144,0.03232043649713337,canada,extraction,CAN,0,1,0.07,0.631,2,1,1,2,2,1,98,0,1,0.9128783852142348,0.8977238173556666,5,1,1
1923,Nundydroog Mines Limited,cyanid,0.00457456499999999,1,1,0,2,0,0,0,0,0,0,0,0,0,0,0,0,0,0,0,0,0,0,0,0,0,0,0,0,0.02247404744106652,0.0079365079365079309,3,0.31418624891209745,0.3242063492063487,0.00523914860874557,canada,extraction,CAN,0,1,0.07,0.631,2,1,1,2,2,1,98,0,1,0.9260468773507357,0.9128783852142348,1,1,1
1913,Nundydroqg Company,cyanid,0.01460565,1,2,0,2,0,1,0,0,0,0,0,0,0,0,0,0,0.11542706741356212,0.01265822784810126,1,0.34347826086956523,0.3892405063291139,0,0.10861128279129324,0.01020408163265306,1,0.3333333333333333,0.35578231292517,0,4.598956859964994e-4,0.04088050314465408,13,0.18314321926489227,0.20805104224915597,0.00583836203634745,india,extraction,IND,1,1,0.032,0.509,NA,NA,NA,NA,NA,NA,NA,2,1,0.9228291504899564,0.9179453344387052,2,1,1
1920,Obo Mining And Bail Way,cyanid,0.2198608,0,0,0,0,0,0,0,0,0,0,0,0,0,0,0,0,0,0,0,0,0,0,0,0,0,0,0,0,0,0,0,0,0,0,mexico,extraction,MEX,0,0,0.795,0.557,-2,-2,-3,-2,-2,-3,76,0,0,0.8827313706089669,0.8666171596554353,0,1,1
1921,Obo Mining And Bail Way,cyanid,0.2309469,1,0,0,0,0,0,0,0,0,0,0,0,0,0,0,0,0,0,0,0,0,0,0,0,0,0,0,0,0,0,0,0,0,0,mexico,extraction,MEX,0,0,0.795,0.557,-1,-2,-2,-1,-2,-2,85,0,0,0.8977238173556666,0.8827313706089669,0,1,1
1908,Only Plymouth Evening,amalgama,1.216545,1,7,0,0,0,0,0,0,0,0,0,0,0,0,0,0,0,0,0,0,0,0,0,0,0,0,0,0,0,0,0,0,0,0,united states of america,extraction,USA,0,0,0.117,0.581,1,1,1,1,1,1,98,1,1,0.9055704681028238,0.9101864858593508,7,0,1
1912,Ontario Porcupine Goldfields Development,cyanid,1.289538,1,13,0,1,0,0,0,0,0,0,0,0,0,0,0,0,0,0,0,0,0,0,0,0,0,0,0,0,0,0.00319488817891373,1,1,0.00319488817891373,0,india,extraction,IND,1,1,0.032,0.509,NA,NA,NA,NA,NA,NA,NA,2,1,0.9179453344387052,0.9090477242361656,13,1,1
1922,Oobegtjm Gold Mining,cyanid,1.173605,1,0,0,0,0,0,0,0,0,0,0,0,0,0,0,0,0,0,0,0,0,0,0,0,0,0,0,0,0,0,0,0,0,0,india,extraction,IND,1,1,0.032,0.509,NA,NA,NA,NA,NA,NA,NA,2,1,0.9128783852142348,0.8977238173556666,0,1,1
1923,Oobegtjm Gold Mining,cyanid,1.21226,0,0,0,0,0,0,0,0,0,0,0,0,0,0,0,0,0,0,0,0,0,0,0,0,0,0,0,0,0,0,0,0,0,0,india,extraction,IND,1,1,0.032,0.509,NA,NA,NA,NA,NA,NA,NA,2,1,0.9260468773507357,0.9128783852142348,0,1,1
1903,Ooregum Gold Mining Company,cyanid,1.288911,1,5,6761.315134140133,0,0,0,0,0,1,0,0,0,0,0,0,0,0.2768711421350804,0.0625,1,0.380952380952381,0.43749999999999994,0,0.256347287889336,0.04166666666666666,1,0.35294117647058826,0.3958333333333331,0,0,0,0,0,0,0,india,extraction,IND,1,1,0.032,0.509,NA,NA,NA,NA,NA,NA,NA,2,1,0.684490744492304,0.620634442833931,5,1,0
1914,Ooregum Gold Mining Company,cyanid,1.306706,1,6,0,2,0,1,0,0,0,0,0,0,0,0,0,0,0.17408969739500024,0.02777777777777777,2,0.41379310344827586,0.4571759259259259,0.00135147414697887,0.16356953228730875,0.02197802197802198,2,0.38235294117647056,0.4249084249084249,7.756810423699662e-4,2.3558530195225415e-4,0.04166666666666666,15,0.2028985507246377,0.2102292768959448,0.00258358092232632,chile,extraction,CHL,0,0,0.276,0.272,0,1,-1,0,1,-1,97,1,1,0.908179444741422,0.9228291504899564,6,1,1
1915,Ooregum Gold Mining Company,cyanid,1.260704,1,4,0,3,0,1,0,0,0,0,0,0,0,0,0,0,0.1631997381312539,0.02439024390243902,2,0.405940594059406,0.4502032520325203,0.00222022715110416,0.15114676840386054,0.02040816326530612,2,0.384,0.4195578231292519,0.00120809926803674,8.273735642360433e-5,0.01988636363636363,7,0.23060344827586207,0.23836016414141495,0.00858747733747734,chile,extraction,CHL,0,0,0.276,0.272,0,1,-1,0,1,-1,97,1,1,0.8901492706922215,0.908179444741422,4,1,1
1916,Ooregum Gold Mining Company,cyanid,1.263108,1,4,0,0,0,0,0,0,0,0,0,0,0,0,0,0,0,0,0,0,0,0,0,0,0,0,0,0,3.558911006597639e-6,0.00906344410876133,3,0.18629173989455183,0.19802546396201937,0,india,extraction,IND,1,1,0.032,0.509,NA,NA,NA,NA,NA,NA,NA,2,1,0.8715313750908763,0.8901492706922215,4,1,1
1917,Ooregum Gold Mining Company,cyanid,1.262506,1,2,0,2,0,1,0,0,0,0,0,0,0,0,0,0,0.2649542285641272,0.04347826086956521,2,0.3898305084745763,0.4438405797101448,0.00232017769374091,0.2489365933385367,0.03278688524590164,2,0.3546511627906977,0.4049180327868851,0.00121562830032918,8.890706560641044e-7,0.0119047619047619,4,0.18073654390934843,0.18680319349962132,0.01128287135749822,india,extraction,IND,1,1,0.032,0.509,NA,NA,NA,NA,NA,NA,NA,2,1,0.8562317952059528,0.8715313750908763,2,1,1
1919,Ooregum Gold Mining Company,cyanid,1.173085,1,4,0,4,0,1,0,0,0,0,0,0,0,0,0,0,0.28617393818635267,0.04615384615384615,3,0.43333333333333335,0.4782051282051282,0.00507965705901417,0.27038812035663995,0.0375,3,0.40816326530612246,0.45,0.00351550915648789,0.02388056371485729,0.09831460674157304,35,0.2878787878787879,0.32315409309791393,0.00514036534502117,india,extraction,IND,1,1,0.032,0.509,NA,NA,NA,NA,NA,NA,NA,2,1,0.8666171596554353,0.8554794889536566,4,1,1
1920,Ooregum Gold Mining Company,cyanid,0.9710517,1,4,0,3,0,0,0,1,1,1,0.04005780286234092,0.03703703703703703,2,0.2983425414364641,0.3416666666666667,0.0188187020225496,0.09295830177022124,0.01639344262295082,1,0.3279569892473118,0.3729508196721312,0,0.10826260465469024,0.03846153846153846,3,0.3466666666666667,0.39850427350427337,0.01060184191532218,0.00182294828599372,0.03385416666666666,13,0.2787377911344853,0.2968750000000008,2.575088690878286e-4,india,extraction,IND,1,1,0.032,0.509,NA,NA,NA,NA,NA,NA,NA,2,1,0.8827313706089669,0.8666171596554353,4,1,1
1921,Ooregum Gold Mining Company,cyanid,1.020015,1,4,0,4,0,1,0,0,0,0,0,0,0,0,0,0,0.306904259149079,0.0588235294117647,3,0.425,0.4771241830065359,0.00604333176921053,0.27679825826761656,0.04411764705882353,3,0.37777777777777777,0.431127450980392,0.00239061785560311,0.04307997270101945,0.07547169811320754,28,0.3120629370629371,0.3411949685534586,0.01104294990499569,india,extraction,IND,1,1,0.032,0.509,NA,NA,NA,NA,NA,NA,NA,2,1,0.8977238173556666,0.8827313706089669,4,1,1
1920,Ore Concentration Syndicate Limited,cyanid,1.106684,1,9,0,3,0,1,0,0,1,0,0,0,0,0,0,0,0.2120506100751314,0.03278688524590164,2,0.4295774647887324,0.4699453551912568,0.00348634413893732,0.19669119494532,0.02564102564102564,2,0.3880597014925373,0.4316239316239315,0.00150338564833832,0.00172233098215397,0.015625,6,0.283206106870229,0.29379340277777827,0.01537746295213185,united states of america,extraction,USA,0,0,0.078,0.581,1,2,1,1,2,1,98,3,1,0.8827313706089669,0.8666171596554353,9,1,1
1908,Oriental Consolidated Mining Company,cyanid,0.2213369,1,1,0,0,0,0,0,0,0,0,0,0,0,0,0,0,0,0,0,0,0,0,0,0,0,0,0,0,0,0,0,0,0,0,united states of america,extraction,USA,0,0,0.117,0.581,1,1,1,1,1,1,98,1,1,0.9055704681028238,0.9101864858593508,1,1,1
1911,Oriental Consolidated Mining Company,cyanid,0.2213369,1,3,2.3055664769700536e-4,0,0,0,0,0,1,0,0,0,0,0,0,0,0.0688558815948894,0.01111111111111111,1,0.3435114503816794,0.3888888888888889,0,0.06282619088360408,0.00840336134453781,1,0.3216216216216216,0.36148459383753495,0,0,0,0,0,0,0,united states of america,extraction,USA,0,0,0.098,0.581,1,2,1,1,2,1,98,3,1,0.9090477242361656,0.900247987322166,3,1,1
1912,Oriental Consolidated Mining Company,cyanid,0.2213369,1,7,0,1,0,1,0,1,2,1,0.02876946302685088,0.0144927536231884,1,0.23183391003460208,0.2530365769496204,0,0.2834793818776771,0.04819277108433735,4,0.5123456790123457,0.5240963855421688,0.01047248478140069,0.2813233184423614,0.04545454545454545,5,0.43724696356275305,0.4681818181818184,0.00890105233465519,0,0,0,0,0,0,united states of america,extraction,USA,0,0,0.098,0.581,1,2,1,1,2,1,98,3,1,0.9179453344387052,0.9090477242361656,7,1,1
1913,Oriental Consolidated Mining Company,cyanid,0.2213369,1,3,0,1,0,1,0,0,0,0,0,0,0,0,0,0,0.2599970085588287,0.0379746835443038,3,0.4759036144578313,0.5010548523206751,0.02576266020800553,0.2487657034996313,0.03061224489795918,3,0.43661971830985913,0.44727891156462607,0.01264744997843004,0,0.00628930817610062,2,1,0.00628930817610062,1.98400888835982e-5,united states of america,extraction,USA,0,0,0.083,0.581,1,2,1,1,2,1,98,3,1,0.9228291504899564,0.9179453344387052,3,1,1
1915,Oriental Consolidated Mining Company,cyanid,0.2213369,1,2,0,0,0,0,0,0,0,0,0,0,0,0,0,0,0,0,0,0,0,0,0,0,0,0,0,0,0,0,0,0,0,0,united states of america,extraction,USA,0,0,0.07,0.581,1,2,1,1,2,1,98,3,1,0.8901492706922215,0.908179444741422,2,1,1
1916,Oriental Consolidated Mining Company,cyanid,0.2213369,1,2,0,1,0,1,0,0,0,0,0,0,0,0,0,0,0.08545124764289423,0.01724137931034482,1,0.31521739130434784,0.3577586206896552,0,0.09965210915523023,0.01333333333333333,1,0.3073770491803279,0.34311111111111126,0,1.9526272072925667e-18,0.00302114803625377,1,1,0.00302114803625377,0,united states of america,extraction,USA,0,0,0.07,0.581,1,2,1,1,2,1,98,3,1,0.8715313750908763,0.8901492706922215,2,1,1
1919,Oriental Consolidated Mining Company,cyanid,0.2213369,1,1,0,1,0,1,0,0,0,0,0,0,0,0,0,0,0.090708410680397,0.01538461538461538,1,0.34946236559139787,0.39615384615384613,0,0.08963917726824784,0.0125,1,0.3389830508474576,0.3799999999999998,0,2.7782379196361237e-18,0.00561797752808988,2,1,0.00561797752808988,1.582528881152081e-5,united states of america,extraction,USA,0,0,0.07,0.581,1,2,1,1,2,1,98,3,1,0.8666171596554353,0.8554794889536566,1,1,1
1921,Oriental Consolidated Mining Company,cyanid,0.2213369,1,6,0,3,0,2,0,0,0,0,0,0,0,0,0,0,0.2051155143685771,0.0392156862745098,2,0.4396551724137931,0.4787581699346405,0.006187411184205,0.19014412710231268,0.02941176470588235,2,0.3953488372093023,0.4362745098039213,0.00280252660922997,0.00130091522865373,0.01617250673854447,6,0.2512315270935961,0.25817610062893154,0.01231896098305909,united states of america,extraction,USA,0,0,0.095,0.581,1,2,1,1,2,1,98,3,1,0.8977238173556666,0.8827313706089669,6,1,1
1923,Oriental Consolidated Mining Company,cyanid,0.2213369,1,1,0,1,0,1,0,0,0,0,0,0,0,0,0,0,0.12873463546897118,0.025,1,0.4,0.44375,0,0.11254870053015176,0.01785714285714285,1,0.36129032258064514,0.4023809523809522,0,1.855670617464462e-5,0.01058201058201058,4,0.20951828206616369,0.21208112874779747,0.01511515304618752,united states of america,extraction,USA,0,0,0.096,0.581,1,2,1,1,2,1,98,3,1,0.9260468773507357,0.9128783852142348,1,1,1
1895,Orion Gold Mining Company,cyanid,0.04521017,1,12,0,0,0,0,0,0,2,0,0,0,0,0,0,0,0.08960231452650926,0.03125,1,0.3333333333333333,0.3828125,0,0.08684389427578086,0.02222222222222222,1,0.3125,0.35407407407407415,0,0,0,0,0,0,0,united kingdom,extraction,GBR,1,1,0.028,0.73,2,2,NA,2,2,NA,98,3,1,0.7078988530850715,0.6957655151230822,12,1,1
1910,Orion Mines Limited,cyanid,0.1459144,1,4,172.32472524293195,1,0,0,0,0,0,0,0,0,0,0,0,0,0,0,0,0,0,0,0,0,0,0,0,0,0,0.00473933649289099,1,0.5,0.00868878357030015,0,canada,extraction,CAN,0,1,0.074,0.597,2,1,1,2,1,1,96,0,1,0.900247987322166,0.8929159482487512,4,1,0
1911,Orion Mines Limited,cyanid,0.1458435,1,1,4.837200655738758e-4,1,0,0,0,0,0,0,0,0,0,0,0,0,0,0,0,0,0,0,0,0,0,0,0,0,0,0,0,0,0,0,canada,extraction,CAN,0,1,0.072,0.61,2,1,1,2,1,1,96,0,1,0.9090477242361656,0.900247987322166,1,1,1
1912,Orion Mines Limited,cyanid,0.1459854,1,1,0,0,0,0,0,0,0,0,0,0,0,0,0,0,0,0,0,0,0,0,0,0,0,0,0,0,0,0,0,0,0,0,canada,extraction,CAN,0,1,0.072,0.61,2,1,1,2,1,1,96,0,1,0.9179453344387052,0.9090477242361656,1,1,1
1913,Orion Mines Limited,cyanid,0.1459854,1,3,0,0,0,0,0,0,0,0,0,0,0,0,0,0,0,0,0,0,0,0,0,0,0,0,0,0,0,0,0,0,0,0,canada,extraction,CAN,0,1,0.072,0.61,2,1,1,2,1,1,96,0,1,0.9228291504899564,0.9179453344387052,3,1,1
1914,Orion Mines Limited,cyanid,0.1459854,1,3,0,0,0,0,0,0,0,0,0,0,0,0,0,0,0,0,0,0,0,0,0,0,0,0,0,0,0,0,0,0,0,0,canada,extraction,CAN,0,1,0.067,0.61,2,1,1,2,1,1,96,0,1,0.908179444741422,0.9228291504899564,3,1,1
1915,Orion Mines Limited,cyanid,0.1459854,1,2,0,0,0,0,0,0,0,0,0,0,0,0,0,0,0,0,0,0,0,0,0,0,0,0,0,0,0,0,0,0,0,0,australia,extraction,AUS,0,1,0.041,0.659,2,3,3,2,3,3,99,3,1,0.8901492706922215,0.908179444741422,2,1,1
1913,Oro Mining And Railway Company,cyanid,0.28598670000000004,1,6,0,0,0,0,0,0,0,0,0,0,0,0,0,0,0,0,0,0,0,0,0,0,0,0,0,0,0,0,0,0,0,0,mexico,extraction,MEX,0,0,0.774,0.561,-3,-3,-3,-3,-3,-3,70,0,0,0.9228291504899564,0.9179453344387052,6,1,1
1916,Oro Mining And Railway Company,cyanid,0.28598670000000004,1,3,0,3,0,1,0,0,0,0,0,0,0,0,0,0,0.22801253547432007,0.03448275862068965,2,0.42028985507246375,0.4640804597701149,0.01445575239328244,0.2271720006555206,0.02666666666666667,2,0.3826530612244898,0.42711111111111094,0.00784003234546121,1.268876198226252e-4,0.02416918429003021,8,0.2148648648648649,0.2246619191483255,0.02310720498031676,mexico,extraction,MEX,0,0,0.774,0.561,-2,-2,-3,-2,-2,-3,76,0,0,0.8715313750908763,0.8901492706922215,3,1,1
1917,Oro Mining And Railway Company,cyanid,0.2858504,1,2,0,0,0,0,0,0,0,0,0,0,0,0,0,0,0,0,0,0,0,0,0,0,0,0,0,0,0,0,0,0,0,0,mexico,extraction,MEX,0,0,0.79,0.54,-2,-2,-3,-2,-2,-3,76,0,0,0.8562317952059528,0.8715313750908763,2,1,1
1911,Oro Mining And Railway Limited,cyanid,4.375304,1,2,0.00163634572172229,1,0,0,0,0,0,0,0,0,0,0,0,0,0,0,0,0,0,0,0,0,0,0,0,0,0,0.00763358778625954,2,1,0.00763358778625954,2.924746278260361e-5,mexico,extraction,MEX,0,0,0.821,0.556,-2,-2,-3,-2,-2,-3,70,0,0,0.9090477242361656,0.900247987322166,2,1,1
1922,Oro Mining And Railway Limited,cyanid,4.43787,1,4,0,3,0,2,0,0,0,0,0,0,0,0,0,0,0.24230599175818884,0.04347826086956521,2,0.4693877551020408,0.4981884057971014,0.00818308947599565,0.2211531523571032,0.03225806451612903,2,0.4105960264900662,0.4489247311827954,0.00372479475633088,9.594731834249672e-4,0.02197802197802198,8,0.25107913669064746,0.2598704866562016,0.02618593527684436,mexico,extraction,MEX,0,0,0.795,0.557,-1,-2,-2,-1,-2,-2,85,0,0,0.9128783852142348,0.8977238173556666,4,1,1
1923,Oro Mining And Railway Limited,cyanid,0.27447390000000005,1,5,0,3,1,1,1,0,0,0,0.20087660032654645,0.0217391304347826,1,0.3359375,0.3644927536231885,0,0.24088040851895057,0.05,2,0.46511627906976744,0.4979166666666666,0.00449564868682515,0.3036925924974237,0.05357142857142857,3,0.4087591240875912,0.4574404761904759,0.00335319552897256,0.01338200135233649,0.0582010582010582,22,0.3396048918156162,0.3619047619047599,0.03816763796302111,mexico,extraction,MEX,0,0,0.795,0.557,-1,-2,-2,-1,-2,-2,85,0,0,0.9260468773507357,0.9128783852142348,5,1,1
1920,Oroville Dredging Limited,cyanid,3.5,1,9,0,4,1,0,0,1,1,0,0.04045134283004752,0.03703703703703703,2,0.26865671641791045,0.3212962962962964,0.00593564658030066,0.10587932409349124,0.01639344262295082,1,0.3630952380952381,0.4098360655737705,0,0.1260888194636439,0.03846153846153846,3,0.37320574162679426,0.42414529914529897,0.01249978710323634,0.00114449940037069,0.04947916666666666,19,0.3201035375323555,0.3440972222222206,0.03188662472588152,australia,extraction,AUS,0,1,0.041,0.659,2,3,3,2,3,3,99,3,1,0.8827313706089669,0.8666171596554353,9,1,1
1921,Oroville Dredging Limited,cyanid,0.02405697,1,3,0,2,0,1,0,0,0,0,0,0,0,0,0,0,0.08838977198586223,0.0196078431372549,1,0.3227848101265823,0.3676470588235294,0,0.07844546735199966,0.01470588235294117,1,0.3119266055045872,0.34901960784313735,0,0.03580345740433742,0.02695417789757412,10,0.3278236914600551,0.34681042228211917,0.00882411263115826,australia,extraction,AUS,0,1,0.041,0.659,2,3,3,2,3,3,99,3,1,0.8977238173556666,0.8827313706089669,3,1,1
1910,Oroya Black Range Limited,cyanid,0.5350195,1,8,0,4,1,1,0,1,1,1,0.2704740002357006,0.03508771929824561,2,0.4100719424460432,0.45029239766081847,0.01019466368316435,0.2571473426679785,0.04545454545454545,3,0.4852941176470588,0.5088383838383839,0.00937956436099091,0.33555914918867297,0.05681818181818181,5,0.45595854922279794,0.49147727272727304,0.01318021441374002,4.3984476500593386e-7,0.02369668246445497,5,0.15953654188948307,0.1581603099375611,0.01995335710452088,united states of america,extraction,USA,0,0,0.098,0.581,1,2,1,1,2,1,98,3,1,0.900247987322166,0.8929159482487512,8,1,1
1909,Oroya Extended Limited,cyanid,0.3654971,1,6,1352.9073496173123,0,0,0,0,0,2,0,0,0,0,0,0,0,0.06952231889198345,0.0131578947368421,1,0.31932773109243695,0.36184210526315785,0,0.06325153257739671,0.01030927835051546,1,0.31353135313531355,0.3422680412371133,0,0,0,0,0,0,0,australia,extraction,AUS,0,1,0.041,0.659,2,2,2,2,2,2,99,2,1,0.8929159482487512,0.9055704681028238,6,1,0
1912,Oroya Leonesa Limited,cyanid,0.03649635,1,6,4.5563494578607376e-4,2,1,1,1,0,1,0,0.00821424728893512,0.0144927536231884,1,0.21967213114754097,0.23260869565217368,0,0.2183552781474258,0.03614457831325301,3,0.4368421052631579,0.4769076305220884,0.00229482138534163,0.2097765473449096,0.03636363636363636,4,0.3927272727272727,0.43257575757575784,0.01021817941026111,7.672052097471224e-9,0.01277955271565495,4,0.1413096996553422,0.15206494783172173,0.01174189672592229,nicaragua,extraction,NIC,0,0,0.887,0.34,-3,-3,-4,-3,-3,-4,75,-1,0,0.9179453344387052,0.9090477242361656,6,1,1
1911,Oroya Links Limited,cyanid,0.6076811,1,1,2.3055664769700536e-4,0,0,0,0,0,0,0,0,0,0,0,0,0,0,0,0,0,0,0,0,0,0,0,0,0,0,0,0,0,0,0,united states of america,extraction,USA,0,0,0.098,0.581,1,2,1,1,2,1,98,3,1,0.9090477242361656,0.900247987322166,1,1,1
1912,Oroya Links Limited,cyanid,0.6082725,1,2,0,0,0,0,0,0,1,0,0,0,0,0,0,0,0.14970509804244214,0.02409638554216867,2,0.4191919191919192,0.459839357429719,0.00105932135345905,0.1413966539988141,0.01818181818181818,2,0.37894736842105264,0.4136363636363639,5.020775205189642e-4,0,0,0,0,0,0,united states of america,extraction,USA,0,0,0.098,0.581,1,2,1,1,2,1,98,3,1,0.9179453344387052,0.9090477242361656,2,1,1
1914,Oroya Links Limited,cyanid,0.6163708,1,4,0,1,1,1,1,0,0,0,0.067856525792245,0.03174603174603174,2,0.29850746268656714,0.33042328042328045,0.03561614610001706,0.2254824788159128,0.04166666666666666,3,0.4556962025316456,0.4907407407407408,0.00724911023712143,0.2533497454777499,0.05494505494505494,5,0.4212962962962963,0.4688644688644692,0.00987457453774674,4.816651528466743e-6,0.00277777777777777,1,0.16435432230522945,0.14989157447490806,0,australia,extraction,AUS,0,1,0.041,0.659,2,3,2,2,3,2,99,2,1,0.908179444741422,0.9228291504899564,4,1,1
1915,Oroya Links Limited,cyanid,0.6163708,1,6,0,4,2,2,2,0,0,0,0.3388092838765036,0.04838709677419355,3,0.39705882352941174,0.39381720430107514,0.02692080673307537,0.2967832408738897,0.04878048780487805,4,0.5125,0.524390243902439,0.01950432892448287,0.3698683314344642,0.07142857142857142,7,0.4897959183673469,0.5085034013605444,0.02775126969130925,0.00427168579883044,0.03693181818181818,13,0.2986046511627907,0.31485051406926384,0.04695926656964618,australia,extraction,AUS,0,1,0.041,0.659,2,3,3,2,3,3,99,3,1,0.8901492706922215,0.908179444741422,6,1,1
1916,Oroya Links Limited,cyanid,0.02979028,1,6,0,5,1,1,1,0,0,0,0.19059796607987625,0.0238095238095238,1,0.3548387096774194,0.3134920634920636,0,0.22288058203591207,0.03448275862068965,2,0.38666666666666666,0.4382183908045977,0.00736656345580558,0.2999541883656835,0.04,3,0.3826530612244898,0.4342222222222222,0.00874610797863715,0.00833062758738371,0.05438066465256797,18,0.3045977011494253,0.33872824054092937,0.09063707072937328,australia,extraction,AUS,0,1,0.041,0.659,2,3,3,2,3,3,99,3,1,0.8715313750908763,0.8901492706922215,6,1,1
1917,Oroya Links Limited,cyanid,0.02977608,1,4,0,4,1,1,1,0,0,0,0.22027486665794271,0.02777777777777777,1,0.3018867924528302,0.323611111111111,0,0.26495422856412715,0.04347826086956521,2,0.3898305084745763,0.4438405797101448,0.00232017769374091,0.31565827811955854,0.04918032786885246,3,0.3860759493670886,0.4404371584699452,0.00733739217691418,0.00517217440024114,0.05654761904761905,19,0.31121951219512195,0.3411210317460315,0.09342861346046884,australia,extraction,AUS,0,1,0.041,0.659,2,3,3,2,3,3,99,3,1,0.8562317952059528,0.8715313750908763,4,1,1
1919,Oroya Links Limited,cyanid,0.02766711,1,4,0,0,0,0,0,0,0,0,0,0,0,0,0,0,0,0,0,0,0,0,0,0,0,0,0,0,0.02001437079410987,0.01123595505617977,4,0.2893401015228426,0.3002340823970045,3.899538292446525e-4,australia,extraction,AUS,0,1,0.041,0.659,2,3,3,2,3,3,99,3,1,0.8666171596554353,0.8554794889536566,4,1,1
1922,Oroya Links Limited,cyanid,0.02767936,1,6,0,4,1,1,1,0,1,0,0.08901619963067683,0.05128205128205128,2,0.3135593220338983,0.35,0.13765182186234817,0.4082780614264733,0.08695652173913043,4,0.5227272727272727,0.5434782608695652,0.02534242711755218,0.42549043291090866,0.0967741935483871,6,0.45255474452554745,0.5040322580645159,0.03798846529730878,0.03196416026610692,0.0521978021978022,19,0.3428290766208251,0.36840659340659154,0.07499043557282167,australia,extraction,AUS,0,1,0.041,0.659,2,3,3,2,3,3,99,3,1,0.9128783852142348,0.8977238173556666,6,1,1
1908,Ouro Preto Gold Mines Brazil,cyanid,0.486618,1,4,3079.4834477189916,0,0,0,0,0,0,0,0,0,0,0,0,0,0,0,0,0,0,0,0,0,0,0,0,0,0,0,0,0,0,0,brazil,extraction,BRA,0,0,0.78,0.63,-2,-1,-2,-2,-1,-2,91,1,0,0.9055704681028238,0.9101864858593508,4,1,0
1909,Ouro Preto Gold Mines Brazil,cyanid,0.4873294,1,4,0,0,0,0,0,0,0,0,0,0,0,0,0,0,0,0,0,0,0,0,0,0,0,0,0,0,0,0,0,0,0,0,brazil,extraction,BRA,0,0,0.78,0.63,-2,-1,-2,-2,-1,-2,91,1,0,0.8929159482487512,0.9055704681028238,4,1,1
1910,Ouro Preto Gold Mines Brazil,cyanid,0.4863813,1,4,0,1,0,0,0,0,0,0,0,0,0,0,0,0,0,0,0,0,0,0,0,0,0,0,0,0,0.00258453976105649,0.00947867298578199,2,0.23803191489361705,0.2245712028887388,9.811158191305417e-4,brazil,extraction,BRA,0,0,0.78,0.63,-2,-1,-2,-2,-1,-2,92,1,0,0.900247987322166,0.8929159482487512,4,1,1
1910,Outtrim Howitti And British Consolidated,cyanid,1.459144,1,10,0,2,0,0,0,0,0,0,0,0,0,0,0,0,0,0,0,0,0,0,0,0,0,0,0,0,0,0.00947867298578199,2,0.75,0.01184834123222748,9.027307605506658e-5,united states of america,extraction,USA,0,0,0.098,0.581,1,2,1,1,2,1,98,3,1,0.900247987322166,0.8929159482487512,10,1,1
1895,Paarl Central Gold Mining And Exploration Company,cyanid,0.8308895,1,10,0,0,0,0,0,0,2,0,0,0,0,0,0,0,0.08960231452650926,0.03125,1,0.3333333333333333,0.3828125,0,0.08684389427578082,0.02222222222222222,1,0.3125,0.35407407407407415,0,0,0,0,0,0,0,united kingdom,extraction,GBR,1,1,0.028,0.73,2,2,NA,2,2,NA,98,3,1,0.7078988530850715,0.6957655151230822,10,1,1
1908,Paarl Central Gold Mining And Exploration Company,cyanid,1.946472,1,7,0,3,1,2,1,0,0,0,0.16508074760008837,0.01408450704225352,1,0.29957805907172996,0.35023474178403763,0,0.30378575366789445,0.05063291139240506,4,0.512987012987013,0.5253164556962026,0.00997812905098481,0.33120333490779297,0.04629629629629629,5,0.43724696356275305,0.4768518518518521,0.0080013569185578,0.14121200256191987,0.13157894736842105,10,0.4013605442176871,0.3831140350877191,0.20617994309443768,south africa,extraction,ZAF,1,1,0.408,0.115,NA,NA,NA,NA,NA,NA,NA,-2,0,0.9055704681028238,0.9101864858593508,7,1,1
1893,Pahang Kabang Limited,amalgama,0.9727626,1,4,0,0,0,0,0,0,0,0,0,0,0,0,0,0,0,0,0,0,0,0,0,0,0,0,0,0,0,0,0,0,0,0,united kingdom,extraction,GBR,1,1,0.028,0.73,2,2,NA,2,2,NA,98,3,1,0.6304463154435564,0.5391385682272447,4,0,1
1894,Pahang Kabang Limited,amalgama,0.9756098,0,4,261.4279548040811,0,0,0,0,0,0,0,0,0,0,0,0,0,0,0,0,0,0,0,0,0,0,0,0,0,0,0,0,0,0,0,united kingdom,extraction,GBR,1,1,0.028,0.73,2,2,NA,2,2,NA,98,3,1,0.6957655151230822,0.6304463154435564,4,0,0
1909,Peak Hill Goldfield Limited,cyanid,1.461988,1,6,0,0,0,0,0,0,0,0,0,0,0,0,0,0,0,0,0,0,0,0,0,0,0,0,0,0,0,0,0,0,0,0,united states of america,extraction,USA,0,0,0.117,0.581,1,1,1,1,1,1,98,1,1,0.8929159482487512,0.9055704681028238,6,1,1
1911,Peak Hill Goldfield Limited,cyanid,1.458435,1,3,2.3055664769700536e-4,2,0,0,0,1,0,0,0.05452720896186269,0.0131578947368421,1,0.28294573643410853,0.3048245614035088,0,0,0,0,0,0,0,0.02495702449014501,0.00840336134453781,1,0.271689497716895,0.2939775910364148,0,0,0.00763358778625954,2,1,0.00381679389312977,0,united states of america,extraction,USA,0,0,0.098,0.581,1,2,1,1,2,1,98,3,1,0.9090477242361656,0.900247987322166,3,1,1
1912,Peak Hill Goldfield Limited,cyanid,1.459854,1,6,0,4,1,0,0,0,0,0,0.09061525051768878,0.0144927536231884,1,0.27800829875518673,0.30869565217391315,0,0,0,0,0,0,0,0.02403219351102123,0.00909090909090909,1,0.27621483375959077,0.29363636363636375,0,5.5497123763275516e-11,0.00958466453674121,3,0.11029976940814758,0.11126427525365726,0,united states of america,extraction,USA,0,0,0.098,0.581,1,2,1,1,2,1,98,3,1,0.9179453344387052,0.9090477242361656,6,1,1
1891,Persian Bank Mining Rights Corporation,amalgama,4.193322,0,10,0,0,0,0,0,0,0,0,0,0,0,0,0,0,0,0,0,0,0,0,0,0,0,0,0,0,0,0,0,0,0,0,united kingdom,extraction,GBR,1,1,0.028,0.73,2,2,NA,2,2,NA,98,3,1,0.4350369054473666,0.32042803057333596,10,0,1
1913,Phoenix Gold Mines Limited,cyanid,1.655307,1,3,0,0,0,0,0,0,0,0,0,0,0,0,0,0,0,0,0,0,0,0,0,0,0,0,0,0,0,0,0,0,0,0,canada,extraction,CAN,0,1,0.072,0.61,2,1,1,2,1,1,96,0,1,0.9228291504899564,0.9179453344387052,3,1,1
1919,Phoenix Mining And Finance Limited,cyanid,1.106684,1,5,0,2,0,1,0,0,0,0,0,0,0,0,0,0,0.08172327618118085,0.01538461538461538,1,0.31862745098039214,0.3615384615384616,0,0.07572064831326412,0.0125,1,0.3125,0.3502083333333333,0,0.09344465075047968,0.03089887640449438,11,0.32082551594746717,0.3411784376672009,3.76866044346874e-4,united states of america,extraction,USA,0,0,0.07,0.581,1,2,1,1,2,1,98,3,1,0.8666171596554353,0.8554794889536566,5,1,1
1922,Phoenix Mining And Finance Limited,cyanid,1.107174,1,6,0,2,0,0,0,0,1,0,0,0,0,0,0,0,0.2177479832025145,0.04347826086956521,2,0.41818181818181815,0.4655797101449275,0.00343718997238487,0.19850962057461516,0.03225806451612903,2,0.3803680981595092,0.42473118279569866,0.0016148365388525,0.03826591047849029,0.01648351648351648,6,0.3346116970278044,0.3550170068027194,0.00543681417250027,united kingdom,extraction,GBR,1,1,0.027,0.73,2,2,1,2,2,1,89,3,1,0.9128783852142348,0.8977238173556666,6,1,1
1909,Pigg Peak Development Company,cyanid,0.9746589,1,5,249.0143774464526,2,0,0,0,0,1,0,0,0,0,0,0,0,0.06924109956665807,0.0131578947368421,1,0.336283185840708,0.38157894736842096,0,0.06091080298477584,0.01030927835051546,1,0.32646048109965636,0.3577319587628865,0,0.01260014969560554,0.01685393258426966,3,0.2673076923076923,0.23902710897092935,9.3078976880585e-5,united states of america,extraction,USA,0,0,0.117,0.581,1,1,1,1,1,1,98,1,1,0.8929159482487512,0.9055704681028238,5,1,0
1910,Pigg Peak Development Company,cyanid,0.9727626,1,7,0,5,0,1,0,0,0,0,0,0,0,0,0,0,0.07569663544377364,0.01515151515151515,1,0.33,0.375,0,0.06662769375219539,0.01136363636363636,1,0.3176895306859206,0.3545454545454544,0,0.05463099945664592,0.03791469194312796,8,0.30915371329879104,0.3125479575716553,0.00225827269924615,united states of america,extraction,USA,0,0,0.098,0.581,1,2,1,1,2,1,98,3,1,0.900247987322166,0.8929159482487512,7,1,1
1911,Pigg Peak Development Company,cyanid,0.9722897,1,5,3.770972269469137e-4,3,0,1,0,0,0,0,0,0,0,0,0,0,0.0651928468723489,0.01111111111111111,1,0.32608695652173914,0.36944444444444446,0,0.05920920951062067,0.00840336134453781,1,0.31151832460732987,0.3478991596638655,0,0.04766621419398638,0.02290076335877862,6,0.3364485981308411,0.31797528171574013,0.002447601740155,united states of america,extraction,USA,0,0,0.098,0.581,1,2,1,1,2,1,98,3,1,0.9090477242361656,0.900247987322166,5,1,1
1912,Pigg Peak Development Company,cyanid,0.973236,1,1,0,0,0,0,0,0,0,0,0,0,0,0,0,0,0,0,0,0,0,0,0,0,0,0,0,0,0.01458566804412437,0.00319488817891373,1,0.2604355716878403,0.2859731500306591,0,united states of america,extraction,USA,0,0,0.098,0.581,1,2,1,1,2,1,98,3,1,0.9179453344387052,0.9090477242361656,1,1,1
1914,Pigg Peak Development Company,cyanid,0.9861933,1,5,0,3,0,0,0,0,0,0,0,0,0,0,0,0,0,0,0,0,0,0,0,0,0,0,0,0,0.08921264409593899,0.03333333333333333,12,0.30495049504950494,0.3054199735449733,0.00808228636422535,canada,extraction,CAN,0,1,0.067,0.61,2,1,1,2,1,1,96,0,1,0.908179444741422,0.9228291504899564,5,1,1
1922,Pre Tea Block Limited,cyanid,5.093003,0,6,0,3,1,1,1,0,0,0,0.08416037303991451,0.02564102564102564,1,0.29838709677419356,0.32008547008547,0,0.1096064946589494,0.0217391304347826,1,0.35384615384615387,0.4021739130434782,0,0.1416441571200114,0.03225806451612903,2,0.3502824858757062,0.39838709677419337,0.00136182045334437,0.00394061179511289,0.01648351648351648,6,0.2616191904047976,0.27253728414442796,0.01641567119658561,united kingdom,extraction,GBR,1,1,0.027,0.73,2,2,1,2,2,1,89,3,1,0.9128783852142348,0.8977238173556666,6,1,1
1921,Premier Transvaal Ltd,cyanid,3.271747,1,6,0,3,2,1,1,0,0,0,0.10943026981965946,0.0425531914893617,2,0.30201342281879195,0.33581560283687945,0.00433240826395313,0.30690425914907893,0.0588235294117647,3,0.425,0.4771241830065359,0.00604333176921053,0.3295903167582249,0.07352941176470588,5,0.4,0.46004901960784295,0.01270338224051009,0.01560973316722305,0.03504043126684636,13,0.3145374449339207,0.3283468104222814,0.01414939458429808,united kingdom,extraction,GBR,1,1,0.028,0.73,2,2,1,2,2,1,89,3,1,0.8977238173556666,0.8827313706089669,6,1,1
1917,Prestea Abossa Gold And Product States,cyanid,4.049547,1,1,0,1,0,0,0,0,0,0,0,0,0,0,0,0,0,0,0,0,0,0,0,0,0,0,0,0,1.0142083231825517e-6,0.00297619047619047,1,0.1797183098591549,0.17951506991685534,0,united kingdom,extraction,GBR,1,1,0.028,0.73,2,2,2,2,2,2,94,3,1,0.8562317952059528,0.8715313750908763,1,1,1
1912,Prestea Block Limited,cyanid,4.136253,0,8,0,0,0,0,0,0,0,0,0,0,0,0,0,0,0,0,0,0,0,0,0,0,0,0,0,0,0,0,0,0,0,0,united kingdom,extraction,GBR,1,1,0.028,0.73,2,2,2,2,2,2,98,3,1,0.9179453344387052,0.9090477242361656,8,1,1
1913,Prestea Block Limited,cyanid,4.138267,1,9,0,1,0,0,0,1,0,0,0.02024087199307011,0.01724137931034482,1,0.24431818181818185,0.20574712643678153,0,0,0,0,0,0,0,0.01066863810612416,0.01020408163265306,1,0.256198347107438,0.25629251700680267,0,1.0019911712094674e-4,0.00314465408805031,1,0.1712085308056872,0.1735796436268136,0,united kingdom,extraction,GBR,1,1,0.028,0.73,2,2,2,2,2,2,98,3,1,0.9228291504899564,0.9179453344387052,9,1,1
1915,Prestea Block Limited,cyanid,4.138267,0,6,0,3,2,1,1,1,0,0,0.12817078495912437,0.03225806451612903,2,0.3176470588235294,0.3204301075268818,0.02129123300461216,0.22356014175627056,0.03658536585365853,3,0.44086021505376344,0.47967479674796754,0.00697481455747734,0.24555932536020725,0.05102040816326531,5,0.43636363636363634,0.4705782312925172,0.01379911408041376,0.00397994753988401,0.02272727272727272,8,0.27249575551782684,0.2795860389610396,0.00375749486625494,united kingdom,extraction,GBR,1,1,0.028,0.73,2,2,2,2,2,2,98,3,1,0.8901492706922215,0.908179444741422,6,1,1
1916,Prestea Block Limited,cyanid,4.051478,0,6,0,0,0,0,0,0,0,0,0,0,0,0,0,0,0,0,0,0,0,0,0,0,0,0,0,0,0,0,0,0,0,0,united kingdom,extraction,GBR,1,1,0.031,0.73,2,2,2,2,2,2,94,3,1,0.8715313750908763,0.8901492706922215,6,1,1
1919,Prestea Block Limited,cyanid,5.090748,1,1,0,1,0,0,0,0,0,0,0,0,0,0,0,0,0,0,0,0,0,0,0,0,0,0,0,0,0.01700875510859878,0.00842696629213483,3,0.29457364341085274,0.30936329588015044,1.0835333554758096e-4,united kingdom,extraction,GBR,1,1,0.028,0.73,2,2,1,2,2,1,89,3,1,0.8666171596554353,0.8554794889536566,1,1,1
1920,Prestea Block Limited,cyanid,5.090748,1,1,0,0,0,0,0,0,0,0,0,0,0,0,0,0,0,0,0,0,0,0,0,0,0,0,0,0,0.00822525833515273,0.00520833333333333,2,0.29258675078864355,0.3067150297619049,9.522956022024096e-4,united kingdom,extraction,GBR,1,1,0.028,0.73,2,2,1,2,2,1,89,3,1,0.8827313706089669,0.8666171596554353,1,1,1
1923,Prestea Block Limited,cyanid,3.888381,1,4,0,3,2,2,2,0,0,0,0.0937326683201682,0.04347826086956521,2,0.2721518987341772,0.3188664596273291,0.01208862036728155,0.43936106914507816,0.1,4,0.5263157894736842,0.55,0.01722396608482581,0.42805790540341393,0.10714285714285714,6,0.4628099173553719,0.5133928571428569,0.03408599961849675,0.04655275369044692,0.05291005291005291,20,0.3631790744466801,0.3862874779541427,0.03061845936361867,united kingdom,extraction,GBR,1,1,0.027,0.73,2,2,1,2,2,1,89,3,1,0.9260468773507357,0.9128783852142348,4,1,1
1917,Primros New Gold Mining Company,cyanid,0.08785136,1,3,0,1,0,0,0,0,0,0,0,0,0,0,0,0,0,0,0,0,0,0,0,0,0,0,0,0,0.01376124935825654,0.00595238095238095,2,0.29400921658986173,0.3117984693877556,0,south africa,extraction,ZAF,1,1,0.408,0.115,-1,-1,-1,-1,-1,-1,84,2,0,0.8562317952059528,0.8715313750908763,3,1,1
1911,Prince State And Goldiwntng Limited,cyanid,0.9722897,1,12,2.3055664769700536e-4,8,0,0,0,0,0,0,0,0,0,0,0,0,0,0,0,0,0,0,0,0,0,0,0,0,0.11626745029621396,0.0916030534351145,24,0.3364485981308411,0.3362958924027627,0.00869893664818048,united states of america,extraction,USA,0,0,0.098,0.581,1,2,1,1,2,1,98,3,1,0.9090477242361656,0.900247987322166,12,1,1
1895,Princess Estate And Gold Mining,cyanid,0.7331378000000001,1,12,0,0,0,0,0,2,2,0,0.06382035357442928,0.03125,1,0.23423423423423423,0.23072916666666676,0,0.11010358807526346,0.03125,1,0.3333333333333333,0.3828125,0,0.13271932038434284,0.04444444444444444,2,0.31690140845070425,0.3725925925925927,0.00239638329147551,0,0,0,0,0,0,united kingdom,extraction,GBR,1,1,0.028,0.73,2,2,NA,2,2,NA,98,3,1,0.7078988530850715,0.6957655151230822,12,1,1
1908,Princess Estate And Gold Mining,cyanid,0.7331378000000001,1,9,0,2,0,0,0,0,1,0,0,0,0,0,0,0,0.1637817135240837,0.02531645569620253,2,0.4388888888888889,0.4736286919831224,0.0018922661490818,0.15293570138393386,0.01851851851851851,2,0.37894736842105264,0.4223765432098768,9.26343595461395e-4,7.286244354917947e-4,0.05263157894736842,4,0.2379032258064516,0.22985588972431065,0.05552897395002657,united states of america,extraction,USA,0,0,0.117,0.581,1,1,1,1,1,1,98,1,1,0.9055704681028238,0.9101864858593508,9,1,1
1909,Princess Estate And Gold Mining,cyanid,0.7331378000000001,1,8,0,7,0,1,0,0,0,0,0,0,0,0,0,0,0.1717337115138838,0.02631578947368421,2,0.4367816091954023,0.47258771929824567,0.00241327609439064,0.1552620966534917,0.02061855670103092,2,0.4008438818565401,0.430412371134021,0.0010294166973359,0.1759872934157945,0.07865168539325842,14,0.3492462311557789,0.3294609416800435,0.01237926111777053,united states of america,extraction,USA,0,0,0.117,0.581,1,1,1,1,1,1,98,1,1,0.8929159482487512,0.9055704681028238,8,1,1
1910,Princess Estate And Gold Mining,cyanid,0.7331378000000001,1,7,0,3,0,1,0,0,0,0,0,0,0,0,0,0,0.17560824736709937,0.0303030303030303,2,0.44,0.476010101010101,0.00317351560778607,0.1602407967161167,0.02272727272727272,2,0.39111111111111113,0.4318181818181818,0.00126895719133769,0.1142730976600168,0.06161137440758293,13,0.3396584440227704,0.35365605958023094,0.00703493113340168,united states of america,extraction,USA,0,0,0.098,0.581,1,2,1,1,2,1,98,3,1,0.900247987322166,0.8929159482487512,7,1,1
1913,Princess Estate And Gold Mining,cyanid,1.582278,1,4,0,0,0,0,0,0,0,0,0,0,0,0,0,0,0,0,0,0,0,0,0,0,0,0,0,0,0.06194573748575158,0.00628930817610062,2,0.24935289042277825,0.27514853245985416,0,south africa,extraction,ZAF,1,1,0.408,0.115,-1,-1,-1,-1,-1,-1,84,2,0,0.9228291504899564,0.9179453344387052,4,1,1
1915,Princess Estate And Gold Mining,cyanid,3.092293,1,9,0,4,1,2,1,0,0,0,0.04237633663024519,0.01612903225806451,1,0.23275862068965517,0.23118279569892455,0,0.13358350274263575,0.02439024390243902,2,0.3867924528301887,0.4349593495934959,0.00300929913328117,0.1386214471210864,0.03061224489795918,3,0.3779527559055118,0.4175170068027212,0.0038513613806028,0.2290636929458616,0.10227272727272728,36,0.34076433121019106,0.377049512987011,0.00751301444826668,south africa,extraction,ZAF,1,1,0.408,0.115,-1,-1,-1,-1,-1,-1,84,2,0,0.8901492706922215,0.908179444741422,9,1,1
1915,Princess Estate And Gold Mining,cyanid,3.092293,1,9,0,4,1,2,1,0,0,0,0.04237633663024519,0.01612903225806451,1,0.23275862068965517,0.23118279569892455,0,0.13358350274263575,0.02439024390243902,2,0.3867924528301887,0.4349593495934959,0.00300929913328117,0.1386214471210864,0.03061224489795918,3,0.3779527559055118,0.4175170068027212,0.0038513613806028,0.2290636929458616,0.10227272727272728,36,0.34076433121019106,0.377049512987011,0.00751301444826668,new zealand,extraction,NA,0,0,NA,NA,NA,NA,NA,NA,NA,NA,NA,NA,NA,0.8901492706922215,0.908179444741422,9,1,1
1912,Princess Royal Gold Mining Limited,cyanid,0.1852165,1,3,0,0,0,0,0,0,0,0,0,0,0,0,0,0,0,0,0,0,0,0,0,0,0,0,0,0,0,0,0,0,0,0,united states of america,extraction,USA,0,0,0.098,0.581,1,2,1,1,2,1,98,3,1,0.9179453344387052,0.9090477242361656,3,1,1
1914,Princess Sitkteikn Gold Mining Ltd,cyanid,1.602564,1,12,0,4,0,0,0,0,0,0,0,0,0,0,0,0,0,0,0,0,0,0,0,0,0,0,0,0,0.2054370955114108,0.09166666666666666,33,0.3395810363836825,0.3459722222222208,0.03811361375124204,south africa,extraction,ZAF,1,1,0.408,0.115,-1,-1,-1,-1,-1,-1,84,2,0,0.908179444741422,0.9228291504899564,12,1,1
1914,Princess Sitkteikn Gold Mining Ltd,cyanid,1.602564,1,12,0,4,0,0,0,0,0,0,0,0,0,0,0,0,0,0,0,0,0,0,0,0,0,0,0,0,0.2054370955114108,0.09166666666666666,33,0.3395810363836825,0.3459722222222208,0.03811361375124204,canada,extraction,CAN,0,1,0.067,0.61,2,1,1,2,1,1,96,0,1,0.908179444741422,0.9228291504899564,12,1,1
1911,Progress Mines New Zealand,cyanid,1.215362,0,2,0.00246619026458951,0,0,0,0,0,0,0,0,0,0,0,0,0,0,0,0,0,0,0,0,0,0,0,0,0,0,0,0,0,0,0,new zealand,extraction,NA,0,0,NA,NA,NA,NA,NA,NA,NA,NA,NA,NA,NA,0.9090477242361656,0.900247987322166,2,1,1
1908,Progress Mines New Zealand Limited,cyanid,1.216545,0,2,0,0,0,0,0,0,0,0,0,0,0,0,0,0,0,0,0,0,0,0,0,0,0,0,0,0,0,0,0,0,0,0,new zealand,extraction,NA,0,0,NA,NA,NA,NA,NA,NA,NA,NA,NA,NA,NA,0.9055704681028238,0.9101864858593508,2,1,1
1909,Progress Mines New Zealand Limited,cyanid,1.218324,0,2,0,0,0,0,0,0,0,0,0,0,0,0,0,0,0,0,0,0,0,0,0,0,0,0,0,0,0,0,0,0,0,0,new zealand,extraction,NA,0,0,NA,NA,NA,NA,NA,NA,NA,NA,NA,NA,NA,0.8929159482487512,0.9055704681028238,2,1,1
1910,Progress Mines New Zealand Limited,cyanid,1.215953,0,3,0,1,0,0,0,0,0,0,0,0,0,0,0,0,0,0,0,0,0,0,0,0,0,0,0,0,6.395972703848882e-4,0.00473933649289099,1,0.21284185493460167,0.20171706913413115,0,new zealand,extraction,NA,0,0,NA,NA,NA,NA,NA,NA,NA,NA,NA,NA,NA,0.900247987322166,0.8929159482487512,3,1,1
1914,Progress Mines New Zealand Limited,cyanid,1.232742,1,1,0,0,0,0,0,0,0,0,0,0,0,0,0,0,0,0,0,0,0,0,0,0,0,0,0,0,0,0,0,0,0,0,new zealand,extraction,NA,0,0,NA,NA,NA,NA,NA,NA,NA,NA,NA,NA,NA,0.908179444741422,0.9228291504899564,1,1,1
1910,Rand Collieries Limited,cyanid,1.945525,1,7,0,5,2,1,1,0,0,0,0.16101929907524737,0.0175438596491228,1,0.3630573248407643,0.4035087719298244,0,0.1756082473670994,0.0303030303030303,2,0.44,0.476010101010101,0.00317351560778607,0.22385577034049833,0.03409090909090909,3,0.4170616113744075,0.4564393939393943,0.00326005356289657,0.05666487207768985,0.0947867298578199,20,0.29635761589403975,0.30153464229293686,0.0014282831006621,canada,extraction,CAN,0,1,0.074,0.597,2,1,1,2,1,1,96,0,1,0.900247987322166,0.8929159482487512,7,1,1
1920,Rand Fontein Central,cyanid,4.049102,1,0,0,0,0,0,0,0,0,0,0,0,0,0,0,0,0,0,0,0,0,0,0,0,0,0,0,0,0,0,0,0,0,0,united states of america,extraction,USA,0,0,0.078,0.581,1,2,1,1,2,1,98,3,1,0.8827313706089669,0.8666171596554353,0,1,1
1911,Rand Tettcerwra Gold Mining Ltd,cyanid,9.722897,1,14,2.8333329557698393e-4,8,1,0,0,0,0,0,0.07510244523651506,0.0131578947368421,1,0.30416666666666664,0.3282894736842106,0,0,0,0,0,0,0,0.02588369600770078,0.00840336134453781,1,0.2833333333333333,0.3089635854341738,0,0.4227914370195569,0.25190839694656486,66,0.4145873320537428,0.434223918575063,0.06976290207934097,canada,extraction,CAN,0,1,0.072,0.61,2,1,1,2,1,1,96,0,1,0.9090477242361656,0.900247987322166,14,1,1
1921,Rande Fontein Central,cyanid,4.253272,1,0,0,0,0,0,0,0,0,0,0,0,0,0,0,0,0,0,0,0,0,0,0,0,0,0,0,0,0,0,0,0,0,0,united states of america,extraction,USA,0,0,0.095,0.581,1,2,1,1,2,1,98,3,1,0.8977238173556666,0.8827313706089669,0,1,1
1914,Randfontein Central Gold Mining,cyanid,5.448718,1,4,0,1,0,0,0,0,0,0,0,0,0,0,0,0,0,0,0,0,0,0,0,0,0,0,0,0,0.01595607149526333,0.00555555555555555,2,0.24758842443729903,0.23255952380952463,1.4068259193607383e-6,south africa,extraction,ZAF,1,1,0.408,0.115,-1,-1,-1,-1,-1,-1,84,2,0,0.908179444741422,0.9228291504899564,4,1,1
1922,Randfontein Central Gold Mining,cyanid,4.893711,1,4,0,0,0,0,0,0,0,0,0,0,0,0,0,0,0,0,0,0,0,0,0,0,0,0,0,0,0,0,0,0,0,0,united states of america,extraction,USA,0,0,0.094,0.581,1,2,1,1,2,1,98,3,1,0.9128783852142348,0.8977238173556666,4,1,1
1915,Randfontein Central Gold Mining Limited,cyanid,9.514748,1,14,0,7,1,0,0,1,1,1,0.2386174781672079,0.04838709677419355,3,0.4090909090909091,0.40188172043010745,0.0946059904018656,0.0614055467075716,0.01219512195121951,1,0.3178294573643411,0.3597560975609756,0,0.13387266915373405,0.04081632653061224,4,0.3636363636363637,0.4113945578231292,0.00645054398241491,0.3319032200590289,0.1278409090909091,45,0.3474025974025974,0.38756087662337474,0.01047317574702203,south africa,extraction,ZAF,1,1,0.408,0.115,-1,-1,-1,-1,-1,-1,84,2,0,0.8901492706922215,0.908179444741422,14,1,1
1916,Randfontein Central Gold Mining Limited,cyanid,14.824347,1,14,0,0,0,0,0,0,0,0,0,0,0,0,0,0,0,0,0,0,0,0,0,0,0,0,0,0,0.16958875739194412,0.03625377643504532,12,0.3202416918429003,0.3545604948928204,0.00115661974266349,south africa,extraction,ZAF,1,1,0.408,0.115,-1,-1,-1,-1,-1,-1,84,2,0,0.8715313750908763,0.8901492706922215,14,1,1
1917,Randfontein Central Gold Mining Limited,cyanid,14.824347,1,1,0,0,0,0,0,1,0,0,0.1885771010956025,0.02777777777777777,1,0.2909090909090909,0.3097222222222221,0,0,0,0,0,0,0,0.05071787498253811,0.01639344262295082,1,0.2772727272727273,0.30819672131147535,0,0.09873100892056769,0.0238095238095238,8,0.31772908366533864,0.3475623582766431,7.011136936621114e-4,south africa,extraction,ZAF,1,1,0.408,0.115,-1,-1,-1,-1,-1,-1,84,2,0,0.8562317952059528,0.8715313750908763,1,1,1
1912,Randfontein Estates Gold Mining Company,cyanid,9.73236,1,17,0,9,0,0,0,0,0,0,0,0,0,0,0,0,0,0,0,0,0,0,0,0,0,0,0,0,0.3821310856507228,0.1597444089456869,50,0.3380447585394582,0.4182235407475014,0.03295936179036014,south africa,extraction,ZAF,1,1,0.408,0.115,-1,-1,-1,-1,-1,-2,84,2,0,0.9179453344387052,0.9090477242361656,17,1,1
1908,Randfontein South Gold Mining Limited,cyanid,9.727626,1,3,0,0,0,0,0,1,0,0,0.10876047266331992,0.01408450704225352,1,0.29218106995884774,0.33041582830315236,0,0,0,0,0,0,0,0.02308666385307565,0.00925925925925925,1,0.2819843342036554,0.30725308641975324,0,0,0,0,0,0,0,united states of america,extraction,USA,0,0,0.117,0.581,1,1,1,1,1,1,98,1,1,0.9055704681028238,0.9101864858593508,3,1,1
1910,Randfontein South Gold Mining Limited,cyanid,9.727626,1,40,0,19,6,1,0,2,1,1,0.39615443620434976,0.08771929824561403,5,0.4789915966386555,0.516081871345029,0.09463261831130028,0.17899010623333675,0.0303030303030303,2,0.4024390243902439,0.44949494949494945,0.00103454424642898,0.31478461381454403,0.07954545454545454,7,0.43781094527363185,0.4895833333333336,0.02340803202881351,0.43933162121691455,0.26540284360189575,56,0.3891304347826086,0.42259083728277974,0.1393755529720571,canada,extraction,CAN,0,1,0.074,0.597,2,1,1,2,1,1,96,0,1,0.900247987322166,0.8929159482487512,40,1,1
1910,Randfontein South Gold Mining Limited,cyanid,9.727626,1,40,0,19,6,1,0,2,1,1,0.39615443620434976,0.08771929824561403,5,0.4789915966386555,0.516081871345029,0.09463261831130028,0.17899010623333675,0.0303030303030303,2,0.4024390243902439,0.44949494949494945,0.00103454424642898,0.31478461381454403,0.07954545454545454,7,0.43781094527363185,0.4895833333333336,0.02340803202881351,0.43933162121691455,0.26540284360189575,56,0.3891304347826086,0.42259083728277974,0.1393755529720571,united states of america,extraction,USA,0,0,0.098,0.581,1,2,1,1,2,1,98,3,1,0.900247987322166,0.8929159482487512,40,1,1
1911,Randfontein South Gold Mining Limited,amalgama,9.727626,1,7,1.0013217677085525e-4,4,1,0,0,0,0,0,0.1486233253291119,0.0131578947368421,1,0.35096153846153844,0.37719298245614014,0,0,0,0,0,0,0,0.05436797624831659,0.00840336134453781,1,0.30512820512820515,0.33949579831932764,0,0.29083931116460615,0.1068702290076336,28,0.3737024221453287,0.36504907306433937,0.00798689644306919,united kingdom,extraction,GBR,1,1,0.028,0.73,2,2,2,2,2,2,98,3,1,0.9090477242361656,0.900247987322166,7,0,1
1911,Randfontein South Gold Mining Limited,cyanid,9.727626,1,7,2.8333329557698393e-4,4,1,0,0,0,0,0,0.1486233253291119,0.0131578947368421,1,0.35096153846153844,0.37719298245614014,0,0,0,0,0,0,0,0.05436797624831659,0.00840336134453781,1,0.30512820512820515,0.33949579831932764,0,0.29083931116460615,0.1068702290076336,28,0.3737024221453287,0.36504907306433937,0.00798689644306919,canada,extraction,CAN,0,1,0.072,0.61,2,1,1,2,1,1,96,0,1,0.9090477242361656,0.900247987322166,7,1,1
1911,Randfontein South Gold Mining Limited,cyanid,9.727626,1,7,4.730119723897761e-4,4,1,0,0,0,0,0,0.1486233253291119,0.0131578947368421,1,0.35096153846153844,0.37719298245614014,0,0,0,0,0,0,0,0.05436797624831659,0.00840336134453781,1,0.30512820512820515,0.33949579831932764,0,0.29083931116460615,0.1068702290076336,28,0.3737024221453287,0.36504907306433937,0.00798689644306919,south africa,extraction,ZAF,1,1,0.408,0.115,-1,-1,-1,-1,-1,-2,84,2,0,0.9090477242361656,0.900247987322166,7,1,1
1923,Randfontein South Gold Mining Limited,cyanid,5.054895,1,7,0,0,0,0,0,0,0,0,0,0,0,0,0,0,0,0,0,0,0,0,0,0,0,0,0,0,0.07023507032401434,0.01851851851851851,7,0.37604166666666666,0.3892416225749548,0.00187614660611041,united states of america,extraction,USA,0,0,0.096,0.581,1,2,1,1,2,1,98,3,1,0.9260468773507357,0.9128783852142348,7,1,1
1919,Rano Selection Corporation Limited,cyanid,19.920319,1,18,0,11,2,3,2,0,1,0,0.30929192559672797,0.05660377358490566,3,0.4155844155844156,0.289308176100629,0.11901306240928884,0.3768823488667497,0.06153846153846154,4,0.5158730158730159,0.5307692307692308,0.01899609558977301,0.4307629681667552,0.0875,7,0.4819277108433735,0.5177083333333337,0.03790391159391869,0.8946284267494666,0.22191011235955055,79,0.3908571428571429,0.4544475655430717,0.04073069042104763,united states of america,extraction,USA,0,0,0.07,0.581,1,2,1,1,2,1,98,3,1,0.8666171596554353,0.8554794889536566,18,1,1
1914,Raub Australian Mining Company,cyanid,0.9861933,1,4,0,1,0,0,0,1,1,1,0.05307708369982995,0.03174603174603174,2,0.2764976958525346,0.29788359788359786,0.0042901031380294,0.25621399253382304,0.04166666666666666,3,0.4931506849315068,0.5115740740740741,0.00865076347309619,0.2718571069666028,0.05494505494505494,5,0.441747572815534,0.48260073260073294,0.01252932615992739,4.0886704527627465e-18,0.00277777777777777,1,1,0.00277777777777777,0,australia,extraction,AUS,0,1,0.041,0.659,2,3,2,2,3,2,99,2,1,0.908179444741422,0.9228291504899564,4,1,1
1895,Ravenscliff Mining Company,cyanid,0.6302439,1,5,11827.770990862378,0,0,0,0,0,0,0,0,0,0,0,0,0,0,0,0,0,0,0,0,0,0,0,0,0,0,0,0,0,0,0,new zealand,extraction,NA,0,0,NA,NA,NA,NA,NA,NA,NA,NA,NA,NA,NA,0.7078988530850715,0.6957655151230822,5,1,0
1921,Renong Tin Dredging Company,cyanid,0.269438,1,9,0,3,1,0,0,0,0,0,0.01438191861587627,0.02127659574468085,1,0.2356020942408377,0.2489361702127658,0,0,0,0,0,0,0,0.0062249732510473,0.01470588235294117,1,0.2518518518518518,0.26691176470588235,0,0.03575349228043664,0.02425876010781671,9,0.3380681818181818,0.3526504941599264,0.00911161291679744,united states of america,extraction,USA,0,0,0.095,0.581,1,2,1,1,2,1,98,3,1,0.8977238173556666,0.8827313706089669,9,1,1
1914,Rex Consolidated Limited,cyanid,0.2465483,1,4,0,0,0,0,0,0,1,0,0,0,0,0,0,0,0.1024106055564552,0.01388888888888888,1,0.375,0.4201388888888888,0,0.09572347977228024,0.01098901098901099,1,0.35,0.39267399267399256,0,0,0,0,0,0,0,canada,extraction,CAN,0,1,0.067,0.61,2,1,1,2,1,1,96,0,1,0.908179444741422,0.9228291504899564,4,1,1
1911,Rex Gold Mines Limited,cyanid,0.486618,0,3,2.8333329557698393e-4,0,0,0,0,0,0,0,0,0,0,0,0,0,0,0,0,0,0,0,0,0,0,0,0,0,0,0,0,0,0,0,canada,extraction,CAN,0,1,0.072,0.61,2,1,1,2,1,1,96,0,1,0.9090477242361656,0.900247987322166,3,1,1
1912,Rex Gold Mines Limited,cyanid,0.486618,1,7,0,3,0,0,0,1,0,0,0.09061525051768882,0.0144927536231884,1,0.27800829875518673,0.30869565217391315,0,0,0,0,0,0,0,0.02403219351102122,0.00909090909090909,1,0.27621483375959077,0.29363636363636375,0,0,0.00319488817891373,1,1,0.00319488817891373,0,canada,extraction,CAN,0,1,0.072,0.61,2,1,1,2,1,1,96,0,1,0.9179453344387052,0.9090477242361656,7,1,1
1912,Rex Gold Mines Limited,cyanid,0.486618,1,7,0,3,0,0,0,1,0,0,0.09061525051768882,0.0144927536231884,1,0.27800829875518673,0.30869565217391315,0,0,0,0,0,0,0,0.02403219351102122,0.00909090909090909,1,0.27621483375959077,0.29363636363636375,0,0,0.00319488817891373,1,1,0.00319488817891373,0,united states of america,extraction,USA,0,0,0.098,0.581,1,2,1,1,2,1,98,3,1,0.9179453344387052,0.9090477242361656,7,1,1
1913,Rex Gold Mines Limited,cyanid,0.4868549,1,7,0,0,0,0,0,0,0,0,0,0,0,0,0,0,0,0,0,0,0,0,0,0,0,0,0,0,0,0,0,0,0,0,canada,extraction,CAN,0,1,0.072,0.61,2,1,1,2,1,1,96,0,1,0.9228291504899564,0.9179453344387052,7,1,1
1914,Rex Zaaiplam Mines Limited,cyanid,0.3451677,1,8,0,5,1,1,0,0,1,0,0.00704798045108695,0.01587301587301587,1,0.2033898305084746,0.2145880574452,0,0.1024106055564552,0.01388888888888888,1,0.375,0.4201388888888888,0,0.09931053675838238,0.02197802197802198,2,0.35271317829457366,0.3999999999999999,0.0047280205532215,0.03453522200500818,0.03055555555555555,11,0.2634730538922156,0.2623291446208123,0.01472894730947338,united states of america,extraction,USA,0,0,0.079,0.581,1,2,1,1,2,1,98,3,1,0.908179444741422,0.9228291504899564,8,1,1
1919,Rezen Mines Limited,cyanid,0.30987159999999997,1,5,0,2,0,0,0,0,0,0,0,0,0,0,0,0,0,0,0,0,0,0,0,0,0,0,0,0,0.01659847322016432,0.01685393258426966,6,0.2775974025974026,0.2936396468699848,0.00895742155175977,united states of america,extraction,USA,0,0,0.07,0.581,1,2,1,1,2,1,98,3,1,0.8666171596554353,0.8554794889536566,5,1,1
1911,Rezende Mines Limited,cyanid,0.34030140000000003,1,6,2.3055664769700536e-4,3,0,2,0,1,0,0,0.14862332532911188,0.0131578947368421,1,0.35096153846153844,0.37719298245614014,0,0.16077827465652475,0.02222222222222222,2,0.4411764705882353,0.47407407407407415,0.00252787565884868,0.20057121696783312,0.02521008403361344,3,0.4160839160839161,0.4537815126050423,0.00372051914511839,0.00990962290661738,0.01145038167938931,3,0.2805194805194805,0.25582515448927734,0.00629092437100646,united states of america,extraction,USA,0,0,0.098,0.581,1,2,1,1,2,1,98,3,1,0.9090477242361656,0.900247987322166,6,1,1
1913,Rezende Mines Limited,cyanid,0.3407984,1,2,0,0,0,0,0,1,0,0,0.00877395597368891,0.01724137931034482,1,0.22631578947368425,0.1890804597701148,0,0,0,0,0,0,0,0.00585946017166223,0.01020408163265306,1,0.25067385444743934,0.24897959183673463,0,0.02181630816695495,0.00943396226415094,3,0.23438767234387672,0.2600092692073831,0.00402714581286319,united states of america,extraction,USA,0,0,0.083,0.581,1,2,1,1,2,1,98,3,1,0.9228291504899564,0.9179453344387052,2,1,1
1915,Rezende Mines Limited,cyanid,0.3330162,1,1,0,1,1,0,0,0,0,0,0.11743236916464056,0.01612903225806451,1,0.3,0.29811827956989256,0,0,0,0,0,0,0,0.0299983000627593,0.01020408163265306,1,0.2774566473988439,0.29812925170068033,0,0.02601962847633932,0.01420454545454545,5,0.30368968779564803,0.3151920995670992,0.0056692703122693,united states of america,extraction,USA,0,0,0.07,0.581,1,2,1,1,2,1,98,3,1,0.8901492706922215,0.908179444741422,1,1,1
1916,Rezende Mines Limited,cyanid,0.3336511,1,2,0,1,0,0,0,0,0,0,0,0,0,0,0,0,0,0,0,0,0,0,0,0,0,0,0,0,2.4589688662492827e-4,0.00604229607250755,2,0.22505307855626328,0.23347360092073197,0.00580426622722695,united states of america,extraction,USA,0,0,0.07,0.581,1,2,1,1,2,1,98,3,1,0.8715313750908763,0.8901492706922215,2,1,1
1917,Rezende Mines Limited,cyanid,0.33349209999999996,1,6,0,6,3,1,0,0,0,0,0.5721589041346612,0.1111111111111111,4,0.4705882352941176,0.46990740740740744,0.25121315192743765,0.0866062263990468,0.0217391304347826,1,0.3333333333333333,0.3804347826086956,0,0.2658928830534831,0.08196721311475409,5,0.3860759493670886,0.4540983606557376,0.04045667292131633,0.00395603629682109,0.03273809523809524,11,0.28894927536231885,0.30397534013605493,0.02500145450693864,united states of america,extraction,USA,0,0,0.07,0.581,1,2,1,1,2,1,98,3,1,0.8562317952059528,0.8715313750908763,6,1,1
1920,Rezende Mines Limited,cyanid,0.2565042,1,5,0,4,1,1,1,0,0,0,0.18350210651708013,0.01851851851851851,1,0.33540372670807456,0.38765432098765434,0,0.32279850996469645,0.04918032786885246,3,0.4765625,0.505464480874317,0.00901434259787971,0.3732625176182162,0.05128205128205128,4,0.4406779661016949,0.480769230769231,0.00864997615872829,0.04288337801330271,0.05208333333333333,20,0.3435185185185185,0.3720920138888862,0.01335709133346586,united states of america,extraction,USA,0,0,0.078,0.581,1,2,1,1,2,1,98,3,1,0.8827313706089669,0.8666171596554353,5,1,1
1922,Rezende Mines Limited,cyanid,0.2565042,1,5,0,3,2,1,1,0,0,0,0.2332465551098065,0.05128205128205128,2,0.32456140350877194,0.3743589743589744,0.048582995951417,0.32735447786146404,0.06521739130434782,3,0.5,0.5235507246376812,0.016365160465796,0.3777482865360794,0.08064516129032258,5,0.45925925925925926,0.5013440860215052,0.04660746982594929,0.1837275166124308,0.07142857142857142,26,0.3777056277056277,0.4091575091575082,0.03606690807087064,united states of america,extraction,USA,0,0,0.094,0.581,1,2,1,1,2,1,98,3,1,0.9128783852142348,0.8977238173556666,5,1,1
1923,Rezende Mines Limited,cyanid,0.2565042,1,4,0,3,2,1,1,0,1,0,0.21268365073253168,0.04347826086956521,2,0.3524590163934426,0.3898550724637682,0.0657973720889322,0.3402733768325012,0.075,3,0.5128205128205128,0.5333333333333333,0.01082020235640145,0.396995193496929,0.08928571428571429,5,0.4552845528455284,0.501488095238095,0.04826010466018943,0.20378150103805853,0.07407407407407407,28,0.40022172949002216,0.42716049382716154,0.01472074670034982,united states of america,extraction,USA,0,0,0.096,0.581,1,2,1,1,2,1,98,3,1,0.9260468773507357,0.9128783852142348,4,1,1
1920,Rhb Oeeabzatanga Junction Railway And,cyanid,0.2491755,1,12,0,7,1,1,1,2,2,2,0.11416329993661344,0.07407407407407407,4,0.3312883435582822,0.396604938271605,0.07321009223987397,0.4157568117349176,0.06557377049180328,4,0.5169491525423728,0.5327868852459017,0.01904668915210136,0.46495377920028097,0.10256410256410256,8,0.4615384615384616,0.5149572649572651,0.04375673322040784,0.00446223963075931,0.05208333333333333,20,0.32919254658385094,0.3543402777777758,0.05712164535151473,united states of america,extraction,USA,0,0,0.078,0.581,1,2,1,1,2,1,98,3,1,0.8827313706089669,0.8666171596554353,12,1,1
1919,Rhodebia Katanga Junction,cyanid,1.847162,1,5,0,2,0,0,0,0,0,0,0,0,0,0,0,0,0,0,0,0,0,0,0,0,0,0,0,0,1.3498615365115408e-4,0.00842696629213483,3,0.2067714631197098,0.211857945425363,2.2662765183534045e-4,united states of america,extraction,USA,0,0,0.07,0.581,1,2,1,1,2,1,98,3,1,0.8666171596554353,0.8554794889536566,5,1,1
1910,Rhodesia Consolidated Limited,cyanid,2.712032,1,4,0,4,0,2,0,0,0,0,0,0,0,0,0,0,0.2605292015342159,0.04545454545454545,3,0.4342105263157895,0.47853535353535354,0.00377263685148659,0.2333720459860504,0.03409090909090909,3,0.3876651982378855,0.4337121212121212,0.00171633844890328,2.0346456437997707e-6,0.05213270142180094,11,0.18645833333333336,0.18421349582487023,0.01323943163363291,united states of america,extraction,USA,0,0,0.098,0.581,1,2,1,1,2,1,98,3,1,0.900247987322166,0.8929159482487512,4,1,1
1909,Rhodesia Exploration Development Limited,cyanid,1.459854,1,9,0,2,0,1,0,2,2,0,0.15392137005147383,0.02985074626865671,2,0.33678756476683935,0.37363184079601974,0.02894617819990954,0.16681872611210732,0.02631578947368421,2,0.4367816091954023,0.47258771929824567,0.00249758164193993,0.20071242313700804,0.04123711340206185,4,0.4222222222222222,0.4544673539518904,0.02266794035917028,4.558911045017515e-7,0.01123595505617977,2,0.14479166666666668,0.12924266744491447,0.00876023614549609,united states of america,extraction,USA,0,0,0.117,0.581,1,1,1,1,1,1,98,1,1,0.8929159482487512,0.9055704681028238,9,1,1
1921,Rhodesia Exploration Development Limited,cyanid,0.1506999,1,7,0,2,0,0,0,1,0,0,0.01047585471800595,0.02127659574468085,1,0.22167487684729065,0.2402735562310028,0,0,0,0,0,0,0,0.0079166565738064,0.01470588235294117,1,0.24817518248175183,0.2654411764705882,0,0.00100853450531009,0.00808625336927223,3,0.2348684210526316,0.2419458349377498,0.00523643673964034,united states of america,extraction,USA,0,0,0.095,0.581,1,2,1,1,2,1,98,3,1,0.8977238173556666,0.8827313706089669,7,1,1
1911,Rhodesia Gold Mining Investment Limited,cyanid,1.47929,1,6,4.5913793676987665e-4,3,1,1,0,0,0,0,0.1486233253291119,0.0131578947368421,1,0.35096153846153844,0.37719298245614014,0,0.15711523993398427,0.02222222222222222,2,0.4128440366972478,0.4546296296296297,0.00148674662290827,0.19695423559484984,0.02521008403361344,3,0.39403973509933776,0.43697478991596667,0.00261580625206568,6.219462195374963e-4,0.03053435114503816,8,0.23003194888178913,0.21688022537259205,0.00632232653817281,united states of america,extraction,USA,0,0,0.098,0.581,1,2,1,1,2,1,98,3,1,0.9090477242361656,0.900247987322166,6,1,1
1912,Rhodesia Gold Mining Investment Limited,cyanid,1.47929,1,5,0,1,0,0,0,0,0,0,0,0,0,0,0,0,0,0,0,0,0,0,0,0,0,0,0,0,4.218751166058871e-4,0.01277955271565495,4,0.2292332268370607,0.24332000977368445,0.10262429969286534,united states of america,extraction,USA,0,0,0.098,0.581,1,2,1,1,2,1,98,3,1,0.9179453344387052,0.9090477242361656,5,1,1
1913,Rhodesia Gold Mining Investment Limited,cyanid,1.47929,1,1,0,0,0,0,0,0,0,0,0,0,0,0,0,0,0,0,0,0,0,0,0,0,0,0,0,0,8.306211113981575e-4,0.00943396226415094,3,0.2020979020979021,0.2086204588563081,0.0090227453333937,united states of america,extraction,USA,0,0,0.083,0.581,1,2,1,1,2,1,98,3,1,0.9228291504899564,0.9179453344387052,1,1,1
1914,Rhodesia Gold Mining Investment Limited,cyanid,1.47929,1,1,0,1,0,0,0,0,0,0,0,0,0,0,0,0,0,0,0,0,0,0,0,0,0,0,0,0,0,0,0,0,0,0,united states of america,extraction,USA,0,0,0.079,0.581,1,2,1,1,2,1,98,3,1,0.908179444741422,0.9228291504899564,1,1,1
1915,Rhodesia Gold Mining Investment Limited,cyanid,1.47929,1,1,0,0,0,0,0,0,0,0,0,0,0,0,0,0,0,0,0,0,0,0,0,0,0,0,0,0,2.3034145511335925e-4,0.00568181818181818,2,0.24081020255063765,0.2407433712121216,0,united states of america,extraction,USA,0,0,0.07,0.581,1,2,1,1,2,1,98,3,1,0.8901492706922215,0.908179444741422,1,1,1
1916,Rhodesia Gold Mining Investment Limited,cyanid,1.47929,1,2,0,0,0,0,0,0,0,0,0,0,0,0,0,0,0,0,0,0,0,0,0,0,0,0,0,0,6.812447501620269e-4,0.00906344410876133,3,0.232626188734455,0.24210904905769065,0.00109452605392036,united states of america,extraction,USA,0,0,0.07,0.581,1,2,1,1,2,1,98,3,1,0.8715313750908763,0.8901492706922215,2,1,1
1917,Rhodesia Gold Mining Investment Limited,cyanid,1.47929,0,2,0,1,0,0,0,0,0,0,0,0,0,0,0,0,0,0,0,0,0,0,0,0,0,0,0,0,6.596618525866023e-5,0.00595238095238095,2,0.22338935574229693,0.22784509637188333,0,united states of america,extraction,USA,0,0,0.07,0.581,1,2,1,1,2,1,98,3,1,0.8562317952059528,0.8715313750908763,2,1,1
1920,Rhodesia Gold Mining Investment Limited,cyanid,1.47929,1,3,0,0,0,0,0,0,0,0,0,0,0,0,0,0,0,0,0,0,0,0,0,0,0,0,0,0,0.00509563703448511,0.01041666666666666,4,0.2994350282485876,0.31435391865079343,9.151620230617978e-4,united states of america,extraction,USA,0,0,0.078,0.581,1,2,1,1,2,1,98,3,1,0.8827313706089669,0.8666171596554353,3,1,1
1922,Rhodesia Gold Mining Investment Limited,cyanid,1.47929,1,2,0,2,0,0,0,0,0,0,0,0,0,0,0,0,0,0,0,0,0,0,0,0,0,0,0,0,0.01297717685409465,0.01923076923076923,7,0.3045375218150087,0.31385400313971723,8.324434640028145e-4,united states of america,extraction,USA,0,0,0.094,0.581,1,2,1,1,2,1,98,3,1,0.9128783852142348,0.8977238173556666,2,1,1
1923,Rhodesia Gold Mining Investment Limited,cyanid,0.6861848,1,5,0,1,0,0,0,0,0,0,0,0,0,0,0,0,0,0,0,0,0,0,0,0,0,0,0,0,0.00491024930031365,0.01322751322751322,5,0.3010842368640534,0.30529100529100517,6.705657572635076e-4,united kingdom,extraction,GBR,1,1,0.027,0.73,2,2,1,2,2,1,89,3,1,0.9260468773507357,0.9128783852142348,5,1,1
1910,Rhodesia Katanga Junction Railway Company,cyanid,0.1191043,1,5,0,2,1,2,1,0,0,0,0.01140593143862082,0.0175438596491228,1,0.24050632911392408,0.26403508771929807,0,0.17899010623333678,0.0303030303030303,2,0.4024390243902439,0.44949494949494945,0.00103454424642898,0.1670772593501547,0.03409090909090909,3,0.3713080168776371,0.4195075757575756,0.00441945906830868,6.857442910549734e-8,0.01421800947867298,3,0.16512915129151293,0.16135560069209368,0.01388178770122856,united states of america,extraction,USA,0,0,0.098,0.581,1,2,1,1,2,1,98,3,1,0.900247987322166,0.8929159482487512,5,1,1
1915,Rhodesia Katanga Junction Railway Company,cyanid,0.1191043,1,12,0,7,3,1,1,0,0,0,0.3388092838765035,0.04838709677419355,3,0.39705882352941174,0.39381720430107514,0.02692080673307537,0.1017941914236823,0.01219512195121951,1,0.36936936936936937,0.41463414634146345,0,0.185772593685984,0.04081632653061224,4,0.396694214876033,0.4382653061224492,0.00571339133715032,0.00553038195288382,0.05965909090909091,21,0.3045540796963947,0.3238298160173156,0.04625602366107415,south africa,extraction,ZAF,1,1,0.408,0.115,-1,-1,-1,-1,-1,-1,84,2,0,0.8901492706922215,0.908179444741422,12,1,1
1917,Rhodesia Katanga Junction Railway Company,cyanid,0.1191043,1,12,0,0,0,0,0,0,0,0,0,0,0,0,0,0,0,0,0,0,0,0,0,0,0,0,0,0,5.789207260024895e-4,0.00595238095238095,2,0.24057315233785825,0.2508255385487536,0,united states of america,extraction,USA,0,0,0.07,0.581,1,2,1,1,2,1,98,3,1,0.8562317952059528,0.8715313750908763,12,1,1
1921,Rhodesia Katanga Junction Railway Company,cyanid,0.1191043,1,4,0,2,0,0,0,0,0,0,0,0,0,0,0,0,0,0,0,0,0,0,0,0,0,0,0,0,0.02473389700327049,0.01617250673854447,6,0.3233695652173913,0.3353998203054799,0.00662131978363543,united states of america,extraction,USA,0,0,0.095,0.581,1,2,1,1,2,1,98,3,1,0.8977238173556666,0.8827313706089669,4,1,1
1913,Rhodesia Lands Limited,cyanid,0.4002726,1,7,0,1,0,1,0,1,0,0,0.1978408703319103,0.01724137931034482,1,0.3706896551724138,0.30890804597701155,0,0.19889486051727137,0.02531645569620253,2,0.383495145631068,0.4324894514767932,0.00251262876863247,0.255645939878067,0.03061224489795918,3,0.39574468085106385,0.42040816326530633,0.00477620249538022,9.29123261254774e-4,0.01886792452830188,6,0.20055517002081888,0.21209614110557548,0.00504645128458186,united states of america,extraction,USA,0,0,0.083,0.581,1,2,1,1,2,1,98,3,1,0.9228291504899564,0.9179453344387052,7,1,1
1913,Rhodesia Lands Limited,cyanid,0.4002726,1,7,0,1,0,1,0,1,0,0,0.1978408703319103,0.01724137931034482,1,0.3706896551724138,0.30890804597701155,0,0.19889486051727137,0.02531645569620253,2,0.383495145631068,0.4324894514767932,0.00251262876863247,0.255645939878067,0.03061224489795918,3,0.39574468085106385,0.42040816326530633,0.00477620249538022,9.29123261254774e-4,0.01886792452830188,6,0.20055517002081888,0.21209614110557548,0.00504645128458186,united kingdom,extraction,GBR,1,1,0.028,0.73,2,2,2,2,2,2,98,3,1,0.9228291504899564,0.9179453344387052,7,1,1
1912,Rhodesian Exploration And Develiopment Company,cyanid,7.384428,1,9,0,2,1,1,1,0,0,0,0.3035856130474295,0.04347826086956521,3,0.3701657458563536,0.41231884057971,0.02250627710609658,0.22645832088580417,0.03614457831325301,3,0.494047619047619,0.5100401606425703,0.00647756617664988,0.29571004262857803,0.05454545454545454,6,0.463519313304721,0.4878787878787881,0.01635162610247639,0.03921126396800988,0.02875399361022364,9,0.2872872872872873,0.32461331710532965,0.02892372828846517,united states of america,extraction,USA,0,0,0.098,0.581,1,2,1,1,2,1,98,3,1,0.9179453344387052,0.9090477242361656,9,1,1
1917,Rhymney Iron Company,amalgama,0.01003337,1,3,0,1,0,0,0,0,0,0,0,0,0,0,0,0,0,0,0,0,0,0,0,0,0,0,0,0,0.01162741502502911,0.01785714285714285,6,0.29591836734693877,0.30901360544217715,0.00126085862548406,united states of america,extraction,USA,0,0,0.07,0.581,1,2,1,1,2,1,98,3,1,0.8562317952059528,0.8715313750908763,3,0,1
1911,Rio Del Oro Company,cyanid,0.2916869,1,6,2162.7019829152305,0,0,0,0,0,0,0,0,0,0,0,0,0,0,0,0,0,0,0,0,0,0,0,0,0,0,0,0,0,0,0,venezuela,extraction,VEN,0,0,0.507,0.684,-1,-1,-2,-1,-1,-2,91,0,0,0.9090477242361656,0.900247987322166,6,1,0
1912,Rio Del Oro Company,cyanid,0.2919708,1,4,175.64277368023116,1,0,0,0,0,0,0,0,0,0,0,0,0,0,0,0,0,0,0,0,0,0,0,0,0,4.198810867368263e-5,0.00319488817891373,1,0.19889119889119888,0.20443112088479579,0,united states of america,extraction,USA,0,0,0.098,0.581,1,2,1,1,2,1,98,3,1,0.9179453344387052,0.9090477242361656,4,1,0
1912,Rio Grande Dolores Silver Mining,cyanid,0.0486618,1,4,0,1,0,0,0,1,0,0,0.0391003788691782,0.0144927536231884,1,0.24907063197026025,0.27960662525879926,0,0,0,0,0,0,0,0.0112984935369561,0.00909090909090909,1,0.26535626535626533,0.27969696969696967,0,0,0.00319488817891373,1,0.6666666666666666,0.0047923322683706,0,mexico,extraction,MEX,0,0,0.816,0.561,-2,-2,-3,-2,-2,-3,70,0,0,0.9179453344387052,0.9090477242361656,4,1,1
1911,Rio Plata Mining Company,cyanid,2,1,8,627.0111058584271,1,0,0,0,0,0,0,0,0,0,0,0,0,0,0,0,0,0,0,0,0,0,0,0,0,0,0,0,0,0,0,mexico,extraction,MEX,0,0,0.821,0.556,-2,-2,-3,-2,-2,-3,70,0,0,0.9090477242361656,0.900247987322166,8,1,0
1911,Rio Plata Mining Company,cyanid,2,1,8,112.63455011202518,1,0,0,0,0,0,0,0,0,0,0,0,0,0,0,0,0,0,0,0,0,0,0,0,0,0,0,0,0,0,0,united states of america,extraction,USA,0,0,0.098,0.581,1,2,1,1,2,1,98,3,1,0.9090477242361656,0.900247987322166,8,1,0
1911,Rio Plata Mining Company,cyanid,2,1,8,0.00435676846971385,1,0,0,0,0,0,0,0,0,0,0,0,0,0,0,0,0,0,0,0,0,0,0,0,0,0,0,0,0,0,0,united states of america,extraction,USA,0,0,0.098,0.581,1,2,1,1,2,1,98,3,1,0.9090477242361656,0.900247987322166,8,1,1
1913,Rio Plata Mining Company,cyanid,2,1,1,0,1,0,0,0,0,0,0,0,0,0,0,0,0,0,0,0,0,0,0,0,0,0,0,0,0,7.611098375356513e-13,0.00628930817610062,2,0.08578213119620065,0.09059994425560466,0.00571394559847628,mexico,extraction,MEX,0,0,0.774,0.561,-3,-3,-3,-3,-3,-3,70,0,0,0.9228291504899564,0.9179453344387052,1,1,1
1913,Rio Plata Mining Company,amalgama,2,1,1,0,1,0,0,0,0,0,0,0,0,0,0,0,0,0,0,0,0,0,0,0,0,0,0,0,0,7.611098375356513e-13,0.00628930817610062,2,0.08578213119620065,0.09059994425560466,0.00571394559847628,united states of america,extraction,USA,0,0,0.083,0.581,1,2,1,1,2,1,98,3,1,0.9228291504899564,0.9179453344387052,1,0,1
1914,Rio Plata Mining Company,cyanid,2,1,1,0,0,0,0,0,0,0,0,0,0,0,0,0,0,0,0,0,0,0,0,0,0,0,0,0,0,4.6148784417542106e-18,0.00277777777777777,1,0.6666666666666666,0.00416666666666666,0,mexico,extraction,MEX,0,0,0.774,0.561,-3,-3,-3,-3,-3,-3,69,0,0,0.908179444741422,0.9228291504899564,1,1,1
1914,Rio Plata Mining Company,amalgama,2,1,1,0,0,0,0,0,0,0,0,0,0,0,0,0,0,0,0,0,0,0,0,0,0,0,0,0,0,4.6148784417542106e-18,0.00277777777777777,1,0.6666666666666666,0.00416666666666666,0,united states of america,extraction,USA,0,0,0.079,0.581,1,2,1,1,2,1,98,3,1,0.908179444741422,0.9228291504899564,1,0,1
1916,Rio Plata Mining Company,cyanid,2,1,1,280.02415740760955,0,0,0,0,0,0,0,0,0,0,0,0,0,0,0,0,0,0,0,0,0,0,0,0,0,0,0,0,0,0,0,mexico,extraction,MEX,0,0,0.774,0.561,-2,-2,-3,-2,-2,-3,76,0,0,0.8715313750908763,0.8901492706922215,1,1,0
1916,Rio Plata Mining Company,amalgama,2,1,1,0,0,0,0,0,0,0,0,0,0,0,0,0,0,0,0,0,0,0,0,0,0,0,0,0,0,0,0,0,0,0,0,united states of america,extraction,USA,0,0,0.07,0.581,1,2,1,1,2,1,98,3,1,0.8715313750908763,0.8901492706922215,1,0,1
1917,Rio Plata Mining Company,cyanid,2,1,1,0.00209206075133487,0,0,0,0,0,0,0,0,0,0,0,0,0,0,0,0,0,0,0,0,0,0,0,0,0,0,0,0,0,0,0,mexico,extraction,MEX,0,0,0.79,0.54,-2,-2,-3,-2,-2,-3,76,0,0,0.8562317952059528,0.8715313750908763,1,1,1
1917,Rio Plata Mining Company,amalgama,2,1,1,0,0,0,0,0,0,0,0,0,0,0,0,0,0,0,0,0,0,0,0,0,0,0,0,0,0,0,0,0,0,0,0,united states of america,extraction,USA,0,0,0.07,0.581,1,2,1,1,2,1,98,3,1,0.8562317952059528,0.8715313750908763,1,0,1
1908,Road Block Gold Mfnes India,cyanid,0.0729927,1,0,0,0,0,0,0,0,0,0,0,0,0,0,0,0,0,0,0,0,0,0,0,0,0,0,0,0,0,0,0,0,0,0,india,extraction,IND,1,1,0.032,0.509,NA,NA,NA,NA,NA,NA,NA,2,1,0.9055704681028238,0.9101864858593508,0,1,1
1920,Robinsobi Gold Mining Limited,cyanid,0.1955845,1,1,0,0,0,0,0,1,1,1,0.22422204890454203,0.03703703703703703,2,0.3624161073825503,0.4209876543209875,0.02245710949003586,0.2037062016597862,0.03278688524590164,2,0.3860759493670886,0.4371584699453552,0.00187446870204288,0.28286686661752564,0.05128205128205128,4,0.4126984126984127,0.46153846153846145,0.00832391232199393,0,0,0,0,0,0,canada,extraction,CAN,0,1,0.067,0.631,2,1,1,2,2,1,98,0,1,0.8827313706089669,0.8666171596554353,1,1,1
1921,Robinsobi Gold Mining Limited,cyanid,0.2054465,1,1,0,1,1,1,1,0,0,0,0.2854377489508228,0.0425531914893617,2,0.3982300884955752,0.42553191489361686,0.02882812531286167,0.18270587727707943,0.0392156862745098,2,0.3642857142857142,0.41993464052287577,0.00185082820376938,0.2776434122831143,0.0588235294117647,4,0.39080459770114945,0.4465686274509802,0.00713602423137251,3.860293516180818e-18,0.00269541778975741,1,1,0.00269541778975741,0,canada,extraction,CAN,0,1,0.067,0.631,2,1,1,2,2,1,98,0,1,0.8977238173556666,0.8827313706089669,1,1,1
1914,Robinson Deep Gold Company,cyanid,4.684418,1,9,0,4,0,0,0,0,0,0,0,0,0,0,0,0,0,0,0,0,0,0,0,0,0,0,0,0,0.361565582241601,0.08888888888888889,32,0.3297644539614561,0.3447255291005276,0.00587798390585842,south africa,extraction,ZAF,1,1,0.408,0.115,-1,-1,-1,-1,-1,-1,84,2,0,0.908179444741422,0.9228291504899564,9,1,1
1914,Robinson Deep Gold Company,cyanid,4.684418,1,9,0,4,0,0,0,0,0,0,0,0,0,0,0,0,0,0,0,0,0,0,0,0,0,0,0,0,0.361565582241601,0.08888888888888889,32,0.3297644539614561,0.3447255291005276,0.00587798390585842,canada,extraction,CAN,0,1,0.067,0.61,2,1,1,2,1,1,96,0,1,0.908179444741422,0.9228291504899564,9,1,1
1910,Robinson Gold Mining Company,cyanid,0.259606,1,9,0,6,0,0,0,1,0,0,0.1610192990752473,0.0175438596491228,1,0.3630573248407643,0.4035087719298244,0,0,0,0,0,0,0,0.06361497362438166,0.01136363636363636,1,0.3176895306859206,0.3532196969696968,0,0.6057516954727651,0.20853080568720375,44,0.3396584440227704,0.38702324531708426,0.00857833989397745,canada,extraction,CAN,0,1,0.074,0.597,2,1,1,2,1,1,96,0,1,0.900247987322166,0.8929159482487512,9,1,1
1920,Rodide Poorji United Main Beef,cyanid,1.685599,1,0,0,0,0,0,0,0,0,0,0,0,0,0,0,0,0,0,0,0,0,0,0,0,0,0,0,0,0,0,0,0,0,0,south africa,extraction,ZAF,1,1,0.408,0.115,-1,-1,-1,-1,-1,-1,84,2,0,0.8827313706089669,0.8666171596554353,0,1,1
1913,Romola Nigel Gold Mining Limited,cyanid,0.2465483,1,1,0,0,0,0,0,0,1,0,0,0,0,0,0,0,0.08346779310370925,0.01265822784810126,1,0.3134920634920635,0.35443037974683544,0,0.08162996540898496,0.01020408163265306,1,0.3089700996677741,0.32772108843537406,0,0,0,0,0,0,0,united states of america,extraction,USA,0,0,0.083,0.581,1,2,1,1,2,1,98,3,1,0.9228291504899564,0.9179453344387052,1,1,1
1914,Romola Nigel Gold Mining Limited,cyanid,0.2465483,1,4,0,0,0,0,0,0,0,0,0,0,0,0,0,0,0,0,0,0,0,0,0,0,0,0,0,0,0,0,0,0,0,0,united states of america,extraction,USA,0,0,0.079,0.581,1,2,1,1,2,1,98,3,1,0.908179444741422,0.9228291504899564,4,1,1
1894,Roodepoort Gold Mining Company,cyanid,0.6341463,1,19,261.4279548040811,0,0,0,0,0,3,0,0,0,0,0,0,0,0.5441192665025065,0.2307692307692308,3,0.5,0.5833333333333334,0.01047600170903338,0.5087848504210749,0.16666666666666666,3,0.42857142857142855,0.5092592592592592,0.00499429666723182,0,0,0,0,0,0,united kingdom,extraction,GBR,1,1,0.028,0.73,2,2,NA,2,2,NA,98,3,1,0.6957655151230822,0.6304463154435564,19,1,0
1910,Roodepoort Gold Mining Company,cyanid,0.7456226,1,14,0,5,2,2,1,0,0,0,0.16530520254856626,0.03508771929824561,2,0.36774193548387096,0.41520467836257285,0.03508771929824561,0.17560824736709943,0.0303030303030303,2,0.44,0.476010101010101,0.00317351560778607,0.22579343537929636,0.04545454545454545,4,0.42105263157894735,0.4640151515151519,0.02598732629016931,0.07884535865771887,0.08530805687203792,18,0.3403041825095057,0.35645452493793806,0.03423399173421163,south africa,extraction,ZAF,1,1,0.408,0.115,-1,-2,-3,-1,-2,-3,82,-2,0,0.900247987322166,0.8929159482487512,14,1,1
1908,Roodepoort United Main Reef Gold Mining Company,cyanid,2.236266,1,5,0,0,0,0,0,0,0,0,0,0,0,0,0,0,0,0,0,0,0,0,0,0,0,0,0,0,0,0,0,0,0,0,south africa,extraction,ZAF,1,1,0.408,0.115,NA,NA,NA,NA,NA,NA,NA,-2,0,0.9055704681028238,0.9101864858593508,5,1,1
1911,Roodepoort United Main Reef Gold Mining Company,cyanid,2.236266,1,5,6.783971077916973e-4,5,1,0,0,0,0,0,0.14862332532911193,0.0131578947368421,1,0.35096153846153844,0.37719298245614014,0,0,0,0,0,0,0,0.05436797624831659,0.00840336134453781,1,0.30512820512820515,0.33949579831932764,0,0.05678465366806219,0.08778625954198473,23,0.313953488372093,0.30229007633587907,0.00315280687174172,south africa,extraction,ZAF,1,1,0.408,0.115,-1,-1,-1,-1,-1,-2,84,2,0,0.9090477242361656,0.900247987322166,5,1,1
1912,Roodepoort United Main Reef Gold Mining Company,cyanid,2.236266,1,5,0,0,0,0,0,0,0,0,0,0,0,0,0,0,0,0,0,0,0,0,0,0,0,0,0,0,0.04895353855165954,0.02875399361022364,9,0.281648675171737,0.31990085704143206,4.77539528980054e-4,south africa,extraction,ZAF,1,1,0.408,0.115,-1,-1,-1,-1,-1,-2,84,2,0,0.9179453344387052,0.9090477242361656,5,1,1
1913,Roodepoort United Main Reef Gold Mining Company,cyanid,2.239533,1,4,0,0,0,0,0,0,0,0,0,0,0,0,0,0,0,0,0,0,0,0,0,0,0,0,0,0,0.00549348236540805,0.00628930817610062,2,0.21218795888399417,0.22321848312414355,0,south africa,extraction,ZAF,1,1,0.408,0.115,-1,-1,-1,-1,-1,-1,84,2,0,0.9228291504899564,0.9179453344387052,4,1,1
1914,Roodepoort United Main Reef Gold Mining Company,cyanid,2.761341,1,4,0,1,1,0,0,0,0,0,0.18714380158545035,0.01587301587301587,1,0.32786885245901637,0.3542328042328043,0,0,0,0,0,0,0,0.04811949376023233,0.01098901098901099,1,0.2993421052631579,0.3335164835164835,0,0.02827785365814069,0.03888888888888889,14,0.29961089494163423,0.29981812169312166,0.00542703672082542,south africa,extraction,ZAF,1,1,0.408,0.115,-1,-1,-1,-1,-1,-1,84,2,0,0.908179444741422,0.9228291504899564,4,1,1
1915,Roodepoort United Main Reef Gold Mining Company,cyanid,2.188392,1,5,0,2,1,1,1,0,0,0,0.17900057808161815,0.01612903225806451,1,0.3375,0.331989247311828,0,0.17501729054130144,0.02439024390243902,2,0.43617021276595747,0.47154471544715454,0.00347988074351149,0.21419112888926264,0.03061224489795918,3,0.4247787610619469,0.45323129251700706,0.00347718378630928,0.05261306932186944,0.0284090909090909,10,0.3178217821782178,0.3278070887445881,5.416988817293635e-5,south africa,extraction,ZAF,1,1,0.408,0.115,-1,-1,-1,-1,-1,-1,84,2,0,0.8901492706922215,0.908179444741422,5,1,1
1915,Roodepoort United Main Reef Gold Mining Company,cyanid,2.188392,1,5,0,2,1,1,1,0,0,0,0.17900057808161815,0.01612903225806451,1,0.3375,0.331989247311828,0,0.17501729054130144,0.02439024390243902,2,0.43617021276595747,0.47154471544715454,0.00347988074351149,0.21419112888926264,0.03061224489795918,3,0.4247787610619469,0.45323129251700706,0.00347718378630928,0.05261306932186944,0.0284090909090909,10,0.3178217821782178,0.3278070887445881,5.416988817293635e-5,canada,extraction,CAN,0,1,0.067,0.61,2,2,1,2,2,1,98,0,1,0.8901492706922215,0.908179444741422,5,1,1
1916,Roodepoort United Main Reef Gold Mining Company,cyanid,2.192564,1,5,0,4,0,1,0,0,0,0,0,0,0,0,0,0,0.11371685666296016,0.01724137931034482,1,0.31868131868131866,0.3620689655172414,0,0.12207196417879182,0.01333333333333333,1,0.3048780487804878,0.34355555555555567,0,0.0190963516412888,0.07854984894259819,26,0.2846911369740376,0.3097683786505547,0.03634922139238118,south africa,extraction,ZAF,1,1,0.408,0.115,-1,-1,-1,-1,-1,-1,84,2,0,0.8715313750908763,0.8901492706922215,5,1,1
1916,Roodepoort United Main Reef Gold Mining Company,cyanid,2.192564,1,5,0,4,0,1,0,0,0,0,0,0,0,0,0,0,0.11371685666296016,0.01724137931034482,1,0.31868131868131866,0.3620689655172414,0,0.12207196417879182,0.01333333333333333,1,0.3048780487804878,0.34355555555555567,0,0.0190963516412888,0.07854984894259819,26,0.2846911369740376,0.3097683786505547,0.03634922139238118,canada,extraction,CAN,0,1,0.067,0.61,2,2,1,2,2,1,98,0,1,0.8715313750908763,0.8901492706922215,5,1,1
1917,Roodepoort United Main Reef Gold Mining Company,cyanid,2.192564,1,3,0,1,0,0,0,0,0,0,0,0,0,0,0,0,0,0,0,0,0,0,0,0,0,0,0,0,0.01681729845496868,0.03273809523809524,11,0.3009433962264151,0.3178925736961454,1.44141229660669e-5,south africa,extraction,ZAF,1,1,0.408,0.115,-1,-1,-1,-1,-1,-1,84,2,0,0.8562317952059528,0.8715313750908763,3,1,1
1919,Roodepoort United Main Reef Gold Mining Company,cyanid,2.036299,1,6,0,4,1,2,1,0,0,0,0.24082592586102575,0.01886792452830188,1,0.3516483516483517,0.24056603773584911,0,0.2951590726855688,0.04615384615384615,3,0.4924242424242424,0.5128205128205129,0.01135002415685261,0.3304187609642783,0.05,4,0.4545454545454546,0.48645833333333377,0.00978298251638782,0.24670241631176176,0.08146067415730338,29,0.32695984703632885,0.34700374531835104,0.00550878889010265,south africa,extraction,ZAF,1,1,0.408,0.115,-1,-1,-1,-1,-1,-1,84,2,0,0.8666171596554353,0.8554794889536566,6,1,1
1921,Roodepoort United Main Reef Gold Mining Company,cyanid,1.770593,1,5,0,2,1,1,1,0,0,0,0.20143473220356464,0.02127659574468085,1,0.3435114503816794,0.37127659574468097,0,0.2051155143685772,0.0392156862745098,2,0.4396551724137931,0.4787581699346405,0.006187411184205,0.2650891848403779,0.04411764705882353,3,0.4146341463414634,0.45710784313725467,0.00546563471678652,0.510745045890957,0.07816711590296496,29,0.3555776892430279,0.3835130278526479,0.00233033797087751,south africa,extraction,ZAF,1,1,0.408,0.115,-1,-1,-1,-1,-1,-1,84,2,0,0.8977238173556666,0.8827313706089669,5,1,1
1923,Roodepoort United Main Reef Gold Mining Company,cyanid,2.1043,1,7,0,4,1,2,1,0,0,0,0.20087660032654628,0.0217391304347826,1,0.3359375,0.3644927536231885,0,0.3402733768325012,0.075,3,0.5128205128205128,0.5333333333333333,0.01082020235640145,0.3889183435574303,0.07142857142857142,4,0.4409448818897638,0.48511904761904734,0.00681260804696538,0.26417804231443026,0.10317460317460315,39,0.3431558935361217,0.3633597883597862,6.974413726114906e-4,south africa,extraction,ZAF,1,1,0.408,0.115,-1,-1,-1,-1,-1,-1,84,2,0,0.9260468773507357,0.9128783852142348,7,1,1
1922,Roodeport Main Reef Gold Mining,cyanid,2.037201,1,1,0,0,0,0,0,0,0,0,0,0,0,0,0,0,0,0,0,0,0,0,0,0,0,0,0,0,0,0,0,0,0,0,united states of america,extraction,USA,0,0,0.094,0.581,1,2,1,1,2,1,98,3,1,0.9128783852142348,0.8977238173556666,1,1,1
1919,Ropp Tin Limited,cyanid,3.098716,1,14,0,11,1,1,1,0,0,0,0.02303939449652587,0.01886792452830188,1,0.23703703703703705,0.1644654088050314,0,0.28617393818635267,0.04615384615384615,3,0.43333333333333335,0.4782051282051282,0.00507965705901417,0.2795890793387189,0.05,4,0.41237113402061853,0.4583333333333333,0.01063685477987066,0.4193521730835068,0.16853932584269662,60,0.397212543554007,0.4525280898876412,0.0631217371469768,canada,extraction,CAN,0,1,0.067,0.631,2,2,1,2,2,1,98,0,1,0.8666171596554353,0.8554794889536566,14,1,1
1908,Rose Deep Limited,cyanid,1.142996,1,11,0,2,0,1,0,0,3,0,0,0,0,0,0,0,0.23917386956476971,0.0379746835443038,3,0.4817073170731707,0.5042194092827005,0.00531693610450937,0.22154810181402573,0.02777777777777777,3,0.4044943820224719,0.4459876543209879,0.0027234667513481,0.11817538226082086,0.05263157894736842,4,0.28365384615384615,0.2694235588972433,0.00155175150560518,canada,extraction,CAN,0,1,0.074,0.597,2,1,1,2,1,1,96,0,1,0.9055704681028238,0.9101864858593508,11,1,1
1910,Rose Deep Limited,cyanid,1.142996,1,10,0,5,0,1,0,0,0,0,0,0,0,0,0,0,0.08153909530087917,0.01515151515151515,1,0.336734693877551,0.3825757575757575,0,0.07410751992681493,0.01136363636363636,1,0.32234432234432236,0.3602272727272725,0,1,0.3459715639810427,73,0.3908296943231442,0.4564206725344164,0.03574558964968092,canada,extraction,CAN,0,1,0.074,0.597,2,1,1,2,1,1,96,0,1,0.900247987322166,0.8929159482487512,10,1,1
1911,Rose Deep Limited,cyanid,1.142996,1,8,2.8333329557698393e-4,7,0,2,0,0,0,0,0,0,0,0,0,0,0.13404872846723823,0.02222222222222222,2,0.42452830188679247,0.462962962962963,0.00334755303818315,0.12203540039422472,0.01680672268907563,2,0.3742138364779874,0.4186274509803925,0.0015286813433771,1,0.3702290076335878,97,0.4509394572025052,0.4606870229007624,0.05004576558088011,canada,extraction,CAN,0,1,0.072,0.61,2,1,1,2,1,1,96,0,1,0.9090477242361656,0.900247987322166,8,1,1
1912,Rose Deep Limited,cyanid,1.946472,1,12,0,5,0,2,0,0,0,0,0,0,0,0,0,0,0.14970509804244217,0.02409638554216867,2,0.4191919191919192,0.459839357429719,0.00105932135345905,0.141396653998814,0.01818181818181818,2,0.37894736842105264,0.4136363636363639,5.020775205189642e-4,0.5811155654689536,0.1757188498402556,55,0.3333333333333333,0.41460266747806623,0.01735202218601508,canada,extraction,CAN,0,1,0.072,0.61,2,1,1,2,1,1,96,0,1,0.9179453344387052,0.9090477242361656,12,1,1
1913,Rose Deep Limited,cyanid,1.754937,1,12,0,0,0,0,0,0,0,0,0,0,0,0,0,0,0,0,0,0,0,0,0,0,0,0,0,0,0.19979129571192109,0.03459119496855346,11,0.28140214216163584,0.3186200504596733,0.00120050831625133,canada,extraction,CAN,0,1,0.072,0.61,2,1,1,2,1,1,96,0,1,0.9228291504899564,0.9179453344387052,12,1,1
1914,Rose Deep Limited,cyanid,1.754937,1,8,0,3,0,1,0,0,0,0,0,0,0,0,0,0,0.08225974315779858,0.01388888888888888,1,0.3364485981308411,0.3819444444444443,0,0.0768859353450215,0.01098901098901099,1,0.325,0.3639194139194138,0,0.5332750989491573,0.09444444444444444,34,0.3488108720271801,0.368244047619046,0.01290319353457169,canada,extraction,CAN,0,1,0.067,0.61,2,1,1,2,1,1,96,0,1,0.908179444741422,0.9228291504899564,8,1,1
1915,Rose Deep Limited,cyanid,1.754937,1,4,0,2,0,1,0,0,0,0,0,0,0,0,0,0,0.07322309911761911,0.01219512195121951,1,0.33884297520661155,0.3841463414634146,0,0.06986209179358624,0.01020408163265306,1,0.3333333333333333,0.3656462585034011,0,0.4738536188801972,0.20454545454545456,72,0.3943488943488944,0.4474770021645025,0.02415268548549543,canada,extraction,CAN,0,1,0.067,0.61,2,2,1,2,2,1,98,0,1,0.8901492706922215,0.908179444741422,4,1,1
1917,Rose Deep Limited,cyanid,1.754937,1,1,0,0,0,0,0,0,0,0,0,0,0,0,0,0,0,0,0,0,0,0,0,0,0,0,0,0,0.219568141207299,0.05952380952380952,20,0.33368200836820083,0.3721655328798176,3.512838312496772e-4,canada,extraction,CAN,0,1,0.067,0.61,2,2,1,2,2,1,98,0,1,0.8562317952059528,0.8715313750908763,1,1,1
1920,Rose Deep Limited,cyanid,1.754937,1,8,0,7,0,1,0,0,0,0,0,0,0,0,0,0,0.10587932409349124,0.01639344262295082,1,0.3630952380952381,0.4098360655737705,0,0.1011716906896851,0.01282051282051282,1,0.3436123348017621,0.3846153846153844,0,0.3741900991200102,0.22916666666666663,88,0.4131403118040089,0.4815848214285738,0.04171352598108414,canada,extraction,CAN,0,1,0.067,0.631,2,1,1,2,2,1,98,0,1,0.8827313706089669,0.8666171596554353,8,1,1
1921,Rose Deep Limited,cyanid,1.754937,1,5,0,2,0,0,0,0,0,0,0,0,0,0,0,0,0,0,0,0,0,0,0,0,0,0,0,0,0.213050783071748,0.06199460916442048,23,0.36503067484662577,0.3913746630727744,0.00278057986749987,canada,extraction,CAN,0,1,0.067,0.631,2,1,1,2,2,1,98,0,1,0.8977238173556666,0.8827313706089669,5,1,1
1922,Rose Deep Limited,cyanid,1.754937,1,9,0,8,0,0,0,0,0,0,0,0,0,0,0,0,0,0,0,0,0,0,0,0,0,0,0,0,0.9134183137064416,0.2115384615384615,77,0.38351648351648354,0.4281593406593405,0.01259066162406367,canada,extraction,CAN,0,1,0.07,0.631,2,1,1,2,2,1,98,0,1,0.9128783852142348,0.8977238173556666,9,1,1
1923,Rose Deep Limited,cyanid,1.754937,1,7,0,4,0,0,0,0,0,0,0,0,0,0,0,0,0,0,0,0,0,0,0,0,0,0,0,0,0.678126136869487,0.164021164021164,62,0.3832271762208068,0.42178130511463857,0.00529942637711408,canada,extraction,CAN,0,1,0.07,0.631,2,1,1,2,2,1,98,0,1,0.9260468773507357,0.9128783852142348,7,1,1
1916,Russo Asiatic Consolidated Limited,cyanid,1.47929,1,7,95.74891217354292,4,1,1,1,0,0,0,0.01852224537148426,0.0238095238095238,1,0.24444444444444444,0.2142857142857142,0,0.25627814449438613,0.03448275862068965,2,0.4084507042253521,0.4554597701149425,0.00755748603417089,0.26293423614145817,0.04,3,0.3787878787878788,0.4293333333333332,0.0122389290624216,0.00366833559845752,0.02416918429003021,8,0.28909090909090907,0.3042871529276369,0.02224846922493952,united states of america,extraction,USA,0,0,0.07,0.581,1,2,1,1,2,1,98,3,1,0.8715313750908763,0.8901492706922215,7,1,0
1917,Russo Asiatic Consolidated Limited,cyanid,1.47929,1,9,3.672284701870992e-4,6,0,0,0,0,0,0,0,0,0,0,0,0,0,0,0,0,0,0,0,0,0,0,0,0,0.00303851216969948,0.04464285714285714,15,0.2866127583108715,0.3051516439909303,0.04261742227723177,united states of america,extraction,USA,0,0,0.07,0.581,1,2,1,1,2,1,98,3,1,0.8562317952059528,0.8715313750908763,9,1,1
1920,Russo Asiatic Consolidated Limited,cyanid,1.47929,1,6,0,3,2,1,1,1,1,1,0.08500551652943712,0.07407407407407407,4,0.32727272727272727,0.3941358024691358,0.13074633981959177,0.4157568117349176,0.06557377049180328,4,0.5169491525423728,0.5327868852459017,0.01904668915210136,0.4405530429291227,0.10256410256410256,8,0.484472049689441,0.5277777777777779,0.08222594164264549,0.00644532586161742,0.01822916666666666,7,0.3066115702479339,0.32086433531745984,0.00271432364949884,united states of america,extraction,USA,0,0,0.078,0.581,1,2,1,1,2,1,98,3,1,0.8827313706089669,0.8666171596554353,6,1,1
1920,Russo Asiatic Consolidated Limited,cyanid,1.47929,1,6,99.01792617439946,3,2,1,1,1,1,1,0.08500551652943712,0.07407407407407407,4,0.32727272727272727,0.3941358024691358,0.13074633981959177,0.4157568117349176,0.06557377049180328,4,0.5169491525423728,0.5327868852459017,0.01904668915210136,0.4405530429291227,0.10256410256410256,8,0.484472049689441,0.5277777777777779,0.08222594164264549,0.00644532586161742,0.01822916666666666,7,0.3066115702479339,0.32086433531745984,0.00271432364949884,united states of america,extraction,USA,0,0,0.078,0.581,1,2,1,1,2,1,98,3,1,0.8827313706089669,0.8666171596554353,6,1,0
1921,Russo Asiatic Consolidated Limited,cyanid,2.364192,1,6,0,0,0,0,0,0,0,0,0,0,0,0,0,0,0,0,0,0,0,0,0,0,0,0,0,0,0.00281667650919782,0.00539083557951482,2,0.25554760200429494,0.2649018097805168,0,united states of america,extraction,USA,0,0,0.095,0.581,1,2,1,1,2,1,98,3,1,0.8977238173556666,0.8827313706089669,6,1,1
1921,Russo Asiatic Consolidated Limited,cyanid,2.364192,1,6,2.242506377813642e-4,0,0,0,0,0,0,0,0,0,0,0,0,0,0,0,0,0,0,0,0,0,0,0,0,0,0.00281667650919782,0.00539083557951482,2,0.25554760200429494,0.2649018097805168,0,russia,extraction,RUS,0,0,0.233,0.027,-1,-1,-2,-1,-1,-2,82,0,0,0.8977238173556666,0.8827313706089669,6,1,1
1922,Russo Asiatic Consolidated Limited,cyanid,2.719739,1,6,0,0,0,0,0,0,0,0,0,0,0,0,0,0,0,0,0,0,0,0,0,0,0,0,0,0,0.00427819873724633,0.00549450549450549,2,0.2940185341196293,0.3017497383568813,6.094361643605482e-4,united states of america,extraction,USA,0,0,0.094,0.581,1,2,1,1,2,1,98,3,1,0.9128783852142348,0.8977238173556666,6,1,1
1922,Russo Asiatic Consolidated Limited,cyanid,2.719739,1,6,0,0,0,0,0,0,0,0,0,0,0,0,0,0,0,0,0,0,0,0,0,0,0,0,0,0,0.00427819873724633,0.00549450549450549,2,0.2940185341196293,0.3017497383568813,6.094361643605482e-4,united states of america,extraction,USA,0,0,0.094,0.581,1,2,1,1,2,1,98,3,1,0.9128783852142348,0.8977238173556666,6,1,1
1923,Russo Asiatic Consolidated Limited,cyanid,2.809318,1,6,0,0,0,0,0,0,0,0,0,0,0,0,0,0,0,0,0,0,0,0,0,0,0,0,0,0,0.0019578580509175,0.01587301587301587,6,0.27081770442610653,0.27432602670697925,0.0012505639850488,russia,extraction,RUS,0,0,0.24,0.044,-1,-1,-1,-1,-1,-1,96,0,0,0.9260468773507357,0.9128783852142348,6,1,1
1912,Sabi Gold Mining Company,cyanid,0.973236,1,3,0,0,0,0,0,0,0,0,0,0,0,0,0,0,0,0,0,0,0,0,0,0,0,0,0,0,0,0,0,0,0,0,united states of america,extraction,USA,0,0,0.098,0.581,1,2,1,1,2,1,98,3,1,0.9179453344387052,0.9090477242361656,3,1,1
1913,Sabi Gold Mining Company,cyanid,0.9737098,1,4,0,2,0,1,0,0,1,0,0,0,0,0,0,0,0.25999700855882857,0.0379746835443038,3,0.4759036144578313,0.5010548523206751,0.02576266020800553,0.24876570349963115,0.03061224489795918,3,0.43661971830985913,0.44727891156462607,0.01264744997843004,0.01503274658751816,0.01572327044025157,5,0.23157051282051283,0.25531100625440317,0.00490355937985527,united states of america,extraction,USA,0,0,0.083,0.581,1,2,1,1,2,1,98,3,1,0.9228291504899564,0.9179453344387052,4,1,1
1914,Sabi Gold Mining Company,cyanid,0.9861933,1,4,0,3,0,2,0,0,0,0,0,0,0,0,0,0,0.256213992533823,0.04166666666666666,3,0.4931506849315068,0.5115740740740741,0.00865076347309619,0.24349125589458492,0.03296703296703297,3,0.43333333333333335,0.46794871794871834,0.00446019112793173,0.03174806450275973,0.03055555555555555,11,0.2682926829268293,0.27424713403880174,0.03054349598449698,united states of america,extraction,USA,0,0,0.079,0.581,1,2,1,1,2,1,98,3,1,0.908179444741422,0.9228291504899564,4,1,1
1909,Salisbury Extension Gold Mining Company,cyanid,0.4873294,1,1,0,1,0,0,0,0,0,0,0,0,0,0,0,0,0,0,0,0,0,0,0,0,0,0,0,0,0.02377052444982488,0.01685393258426966,3,0.29764453961456105,0.2613429641519529,9.040533432772108e-5,united kingdom,extraction,GBR,1,1,0.028,0.73,2,2,2,2,2,1,98,3,1,0.8929159482487512,0.9055704681028238,1,1,1
1893,Salisbury Gold Mining Company,cyanid,0.07804878,1,6,0,0,0,0,0,0,0,0,1,0.5,2,1,0.5,0.16666666666666666,0.7953336454431278,0.5,3,0.6,0.7222222222222221,0.11555555555555556,1,0.5,5,0.6666666666666666,0.6333333333333333,0.32740740740740737,0,0,0,0,0,0,united states of america,extraction,USA,0,0,0.147,0.478,1,1,NA,1,1,NA,95,1,1,0.6304463154435564,0.5391385682272447,6,1,1
1894,Salisbury Gold Mining Company,cyanid,0.07804878,1,11,0,2,1,1,1,3,3,3,0.7320508075688771,0.3333333333333333,3,0.6363636363636364,0.5555555555555556,0.19444444444444445,0.5441192665025063,0.2307692307692308,3,0.5,0.5833333333333334,0.01047600170903338,0.7021708277648849,0.3333333333333333,6,0.5294117647058824,0.6342592592592593,0.1767020216251699,0,0.16666666666666666,1,1,0.16666666666666666,0,united states of america,extraction,USA,0,0,0.147,0.478,1,1,NA,1,1,NA,95,1,1,0.6957655151230822,0.6304463154435564,11,1,1
1895,Salisbury Gold Mining Company,cyanid,0.8511673000000001,1,18,0,10,4,4,4,0,0,0,0.4139506928201517,0.09375,3,0.3880597014925373,0.37760416666666674,0.08129320276497695,0.28090588300147523,0.0625,2,0.3902439024390244,0.45052083333333337,0.00146179790289187,0.387790882399261,0.1111111111111111,5,0.4090909090909091,0.4777777777777776,0.05982334528467665,0.9326715684876924,0.22857142857142856,8,0.35714285714285715,0.32571428571428573,0.00126050420168067,united kingdom,extraction,GBR,1,1,0.028,0.73,2,2,NA,2,2,NA,98,3,1,0.7078988530850715,0.6957655151230822,18,1,1
1895,Salisbury Gold Mining Company,cyanid,0.8511673000000001,1,18,0,10,4,4,4,0,0,0,0.4139506928201517,0.09375,3,0.3880597014925373,0.37760416666666674,0.08129320276497695,0.28090588300147523,0.0625,2,0.3902439024390244,0.45052083333333337,0.00146179790289187,0.387790882399261,0.1111111111111111,5,0.4090909090909091,0.4777777777777776,0.05982334528467665,0.9326715684876924,0.22857142857142856,8,0.35714285714285715,0.32571428571428573,0.00126050420168067,united states of america,extraction,USA,0,0,0.147,0.478,1,1,NA,1,1,NA,95,1,1,0.7078988530850715,0.6957655151230822,18,1,1
1910,Salisbury Gold Mining Company,cyanid,0.8511673000000001,1,9,0,5,1,1,1,1,2,1,0.18613736278474252,0.05263157894736842,3,0.3825503355704698,0.4356725146198828,0.03749785216503482,0.1848325660904423,0.0303030303030303,2,0.4074074074074074,0.45328282828282823,0.00134438714031826,0.24318423907466455,0.05681818181818181,5,0.4018264840182648,0.4545454545454548,0.01538990863427017,0.0103273338295381,0.04739336492890995,10,0.28917609046849757,0.2940871135183938,0.02801545132452493,united states of america,extraction,USA,0,0,0.098,0.581,1,2,1,1,2,1,98,3,1,0.900247987322166,0.8929159482487512,9,1,1
1910,Salisbury Gold Mining Company,cyanid,0.8511673000000001,1,9,0,5,1,1,1,1,2,1,0.18613736278474252,0.05263157894736842,3,0.3825503355704698,0.4356725146198828,0.03749785216503482,0.1848325660904423,0.0303030303030303,2,0.4074074074074074,0.45328282828282823,0.00134438714031826,0.24318423907466455,0.05681818181818181,5,0.4018264840182648,0.4545454545454548,0.01538990863427017,0.0103273338295381,0.04739336492890995,10,0.28917609046849757,0.2940871135183938,0.02801545132452493,united kingdom,extraction,GBR,1,1,0.028,0.73,2,2,2,2,2,2,98,3,1,0.900247987322166,0.8929159482487512,9,1,1
1911,Salisbury Gold Mining Company,cyanid,0.8511673000000001,1,6,4.5913793676987665e-4,4,2,2,2,0,0,0,0.16342680358061698,0.02631578947368421,2,0.365,0.3958333333333331,0.01222164212598995,0.22897564057717584,0.03333333333333333,3,0.47368421052631576,0.4981481481481482,0.00602757070094527,0.2709114983461526,0.04201680672268908,5,0.4343065693430657,0.4733893557422972,0.0093584475454208,0.07425735340674565,0.07633587786259542,20,0.3257918552036199,0.3100508905852426,0.01657702701798711,united states of america,extraction,USA,0,0,0.098,0.581,1,2,1,1,2,1,98,3,1,0.9090477242361656,0.900247987322166,6,1,1
1912,Salisbury Gold Mining Company,cyanid,0.486618,1,8,0,5,2,2,2,0,0,0,0.1985315310560224,0.02898550724637681,2,0.3401015228426396,0.377294685990338,0.01344842284739982,0.21482920177269335,0.03614457831325301,3,0.5,0.5130522088353414,0.00690006232154246,0.25898941857484226,0.04545454545454545,5,0.4481327800829876,0.47500000000000026,0.00966023195221017,0.03765749898008964,0.07028753993610223,22,0.262580054894785,0.2987385262944377,0.01004716487354161,united states of america,extraction,USA,0,0,0.098,0.581,1,2,1,1,2,1,98,3,1,0.9179453344387052,0.9090477242361656,8,1,1
1913,Salisbury Gold Mining Company,cyanid,0.486618,1,8,0,0,0,0,0,0,0,0,0,0,0,0,0,0,0,0,0,0,0,0,0,0,0,0,0,0,0.04068857857604473,0.00943396226415094,3,0.25440140845070425,0.2750815658834537,0,united states of america,extraction,USA,0,0,0.083,0.581,1,2,1,1,2,1,98,3,1,0.9228291504899564,0.9179453344387052,8,1,1
1908,San Carlos Gold Mining Limited,cyanid,0.4868549,1,1,95.69603621704636,0,0,0,0,0,0,0,0,0,0,0,0,0,0,0,0,0,0,0,0,0,0,0,0,0,0,0,0,0,0,0,mexico,extraction,MEX,0,0,0.853,0.556,-2,-2,-2,-2,-2,-2,96,1,0,0.9055704681028238,0.9101864858593508,1,1,0
1912,San Carlos Gold Mining Limited,cyanid,0.4868549,1,9,0.00440308840658332,3,0,0,0,0,1,0,0,0,0,0,0,0,0.06512410373025118,0.01204819277108433,1,0.3487394957983193,0.39457831325301207,0,0.06353937471985925,0.00909090909090909,1,0.32238805970149254,0.35833333333333334,0,1.6018176555518862e-4,0.01277955271565495,4,0.1960382513661202,0.20623844561544277,0.01748996477430982,mexico,extraction,MEX,0,0,0.816,0.561,-2,-2,-3,-2,-2,-3,70,0,0,0.9179453344387052,0.9090477242361656,9,1,1
1913,San Carlos Gold Mining Limited,cyanid,0.4868549,1,9,0,0,0,0,0,0,0,0,0,0,0,0,0,0,0,0,0,0,0,0,0,0,0,0,0,0,0,0,0,0,0,0,mexico,extraction,MEX,0,0,0.774,0.561,-3,-3,-3,-3,-3,-3,70,0,0,0.9228291504899564,0.9179453344387052,9,1,1
1914,San Carlos Gold Mining Limited,cyanid,0.4868549,1,9,0,0,0,0,0,0,0,0,0,0,0,0,0,0,0,0,0,0,0,0,0,0,0,0,0,0,2.966776103606123e-18,0.00277777777777777,1,0.5,0.00787037037037037,0,mexico,extraction,MEX,0,0,0.774,0.561,-3,-3,-3,-3,-3,-3,69,0,0,0.908179444741422,0.9228291504899564,9,1,1
1913,San Martin Mining Company,cyanid,0.9861933,1,5,0,0,0,0,0,0,0,0,0,0,0,0,0,0,0,0,0,0,0,0,0,0,0,0,0,0,0,0,0,0,0,0,mexico,extraction,MEX,0,0,0.774,0.561,-3,-3,-3,-3,-3,-3,70,0,0,0.9228291504899564,0.9179453344387052,5,1,1
1914,San Martin Mining Company,cyanid,0.9861933,1,5,0,1,0,1,0,1,1,1,0.18714380158545033,0.01587301587301587,1,0.32786885245901637,0.3542328042328043,0,0.17395424937602436,0.02777777777777777,2,0.4444444444444444,0.4780092592592592,0.00378050851000623,0.2147248143097956,0.03296703296703297,3,0.41743119266055045,0.4595238095238099,0.00530330054317418,0.01830909657756347,0.01111111111111111,4,0.2481869460112812,0.23978284832451588,6.535894176144657e-5,mexico,extraction,MEX,0,0,0.774,0.561,-3,-3,-3,-3,-3,-3,69,0,0,0.908179444741422,0.9228291504899564,5,1,1
1915,San Martin Mining Company,cyanid,0.9861933,1,4,302.44202177027597,1,0,0,0,0,0,0,0,0,0,0,0,0,0,0,0,0,0,0,0,0,0,0,0,0,0,0,0,0,0,0,mexico,extraction,MEX,0,0,0.774,0.561,-3,-3,-3,-3,-3,-3,70,0,0,0.8901492706922215,0.908179444741422,4,1,0
1911,Santa Gertrudis Company,cyanid,0.7292173000000001,1,4,1.0013217677085525e-4,0,0,0,0,0,0,0,0,0,0,0,0,0,0,0,0,0,0,0,0,0,0,0,0,0,0,0,0,0,0,0,united kingdom,extraction,GBR,1,1,0.028,0.73,2,2,2,2,2,2,98,3,1,0.9090477242361656,0.900247987322166,4,1,1
1911,Santa Isabel United Gold Mines,cyanid,0.4861449000000001,1,2,1510.009931942592,0,0,0,0,0,0,0,0,0,0,0,0,0,0,0,0,0,0,0,0,0,0,0,0,0,0,0,0,0,0,0,colombia,extraction,COL,0,0,0.57,0.189,-1,-1,-2,-1,-1,-2,78,0,0,0.9090477242361656,0.900247987322166,2,1,0
1917,Scottish Australian Mining Company,cyanid,0.4287756,1,5,0,0,0,0,0,2,3,2,0.12190388269580736,0.08333333333333333,3,0.3137254901960784,0.34027777777777773,0.22063492063492063,0.219592014336088,0.04347826086956521,2,0.40350877192982454,0.45471014492753614,0.00470308369285351,0.27383217428741463,0.08196721311475409,5,0.3860759493670886,0.45218579234972667,0.05450346215254997,0,0,0,0,0,0,australia,extraction,AUS,0,1,0.041,0.659,2,3,3,2,3,3,99,3,1,0.8562317952059528,0.8715313750908763,5,1,1
1919,Scottlsh Gympie Gold Mines Limited,cyanid,3.098716,1,2,0,0,0,0,0,0,0,0,0,0,0,0,0,0,0,0,0,0,0,0,0,0,0,0,0,0,0,0,0,0,0,0,australia,extraction,AUS,0,1,0.041,0.659,2,3,3,2,3,3,99,3,1,0.8666171596554353,0.8554794889536566,2,1,1
1908,Sekond And Tarkwa Company,cyanid,0.6812651999999999,1,12,382.0578442854707,0,0,0,0,2,2,2,0.30701358086795866,0.05633802816901408,4,0.3756613756613757,0.4363849765258215,0.11211185193076544,0.30378575366789445,0.05063291139240506,4,0.512987012987013,0.5253164556962026,0.00997812905098481,0.370057416624469,0.07407407407407407,8,0.463519313304721,0.5046296296296298,0.02999455799613365,0,0,0,0,0,0,united states of america,extraction,USA,0,0,0.117,0.581,1,1,1,1,1,1,98,1,1,0.9055704681028238,0.9101864858593508,12,1,0
1912,Selu Kwe Gold Mining Company,cyanid,0.2670457,1,3,0,2,1,1,1,0,0,0,0.3035856130474294,0.04347826086956521,3,0.3701657458563536,0.41231884057971,0.02250627710609658,0.22645832088580412,0.03614457831325301,3,0.494047619047619,0.5100401606425703,0.00647756617664988,0.295710042628578,0.05454545454545454,6,0.463519313304721,0.4878787878787881,0.01635162610247639,2.473345862309995e-4,0.01916932907348242,6,0.2,0.2129508226952322,1.9534955637192064e-4,united states of america,extraction,USA,0,0,0.098,0.581,1,2,1,1,2,1,98,3,1,0.9179453344387052,0.9090477242361656,3,1,1
1915,Selu Kwe Gold Mining Company,cyanid,0.2670457,1,3,0,0,0,0,0,0,0,0,0,0,0,0,0,0,0,0,0,0,0,0,0,0,0,0,0,0,0,0,0,0,0,0,united states of america,extraction,USA,0,0,0.07,0.581,1,2,1,1,2,1,98,3,1,0.8901492706922215,0.908179444741422,3,1,1
1910,Selukwe Columbia Gold Mine Limited,cyanid,0.6809339,1,4,0,2,2,2,2,0,0,0,0.23157419227679976,0.07017543859649122,4,0.42857142857142855,0.47807017543859626,0.0955285340734257,0.3328439781117521,0.06060606060606061,4,0.515625,0.5303030303030303,0.01672811650116574,0.3977333334554818,0.09090909090909093,8,0.4808743169398907,0.5198863636363639,0.06510472128484181,2.4832652789744835e-5,0.02369668246445497,5,0.1804435483870968,0.17515609719401218,0.02396750169262017,united states of america,extraction,USA,0,0,0.098,0.581,1,2,1,1,2,1,98,3,1,0.900247987322166,0.8929159482487512,4,1,1
1911,Selukwe Columbia Gold Mine Limited,cyanid,0.6809339,0,4,4.5913793676987665e-4,2,1,1,1,0,0,0,0.22157373222209023,0.03947368421052631,3,0.4055555555555555,0.43421052631578927,0.03255113732958772,0.22597112152887375,0.03333333333333333,3,0.4838709677419355,0.5037037037037038,0.00736217531994011,0.2967783528586512,0.05042016806722689,6,0.4541984732824427,0.48949579831932793,0.01470299760815816,8.428922303436843e-5,0.01908396946564885,5,0.2222222222222222,0.20437113776808455,0.01250329033956304,united states of america,extraction,USA,0,0,0.098,0.581,1,2,1,1,2,1,98,3,1,0.9090477242361656,0.900247987322166,4,1,1
1913,Selukwe Columbia Gold Mine Limited,cyanid,0.6809339,1,1,0,1,0,0,0,0,0,0,0,0,0,0,0,0,0,0,0,0,0,0,0,0,0,0,0,0,8.790439556399996e-5,0.00314465408805031,1,0.16637881404720783,0.16741761906856226,0,united states of america,extraction,USA,0,0,0.083,0.581,1,2,1,1,2,1,98,3,1,0.9228291504899564,0.9179453344387052,1,1,1
1914,Selukwe Columbia Gold Mine Limited,cyanid,0.6809339,1,1,0,0,0,0,0,0,0,0,0,0,0,0,0,0,0,0,0,0,0,0,0,0,0,0,0,0,0.02952816646481875,0.00555555555555555,2,0.26666666666666666,0.26313602292769067,7.561006524790411e-4,chile,extraction,CHL,0,0,0.276,0.272,0,1,-1,0,1,-1,97,1,1,0.908179444741422,0.9228291504899564,1,1,1
1915,Selukwe Columbia Gold Mine Limited,cyanid,0.6809339,1,3,0,0,0,0,0,0,0,0,0,0,0,0,0,0,0,0,0,0,0,0,0,0,0,0,0,0,0.00817097119970613,0.00568181818181818,2,0.28558718861209964,0.28843682359307404,2.0166010707251355e-4,united states of america,extraction,USA,0,0,0.07,0.581,1,2,1,1,2,1,98,3,1,0.8901492706922215,0.908179444741422,3,1,1
1916,Selukwe Columbia Gold Mine Limited,cyanid,0.6809339,1,2,0,2,0,0,0,0,0,0,0,0,0,0,0,0,0,0,0,0,0,0,0,0,0,0,0,0,0.02639083102085178,0.01510574018126888,5,0.318,0.3365558912386704,0.02135108905338961,united states of america,extraction,USA,0,0,0.07,0.581,1,2,1,1,2,1,98,3,1,0.8715313750908763,0.8901492706922215,2,1,1
1917,Selukwe Columbia Gold Mine Limited,cyanid,0.6809339,1,2,0,2,0,0,0,0,0,0,0,0,0,0,0,0,0,0,0,0,0,0,0,0,0,0,0,0,0.02598659126719989,0.01488095238095238,5,0.33263816475495306,0.3487599206349196,0.01723055445028494,united states of america,extraction,USA,0,0,0.07,0.581,1,2,1,1,2,1,98,3,1,0.8562317952059528,0.8715313750908763,2,1,1
1911,Selukwe Gold Mining Company,cyanid,0.739645,1,4,1.0013217677085525e-4,1,0,1,0,0,0,0,0,0,0,0,0,0,0.06885588159488941,0.01111111111111111,1,0.3435114503816794,0.3888888888888889,0,0.06282619088360408,0.00840336134453781,1,0.3216216216216216,0.36148459383753495,0,1.8294412893310151e-6,0.00763358778625954,2,0.17970049916805325,0.1600190839694658,0.00628820449825977,united kingdom,extraction,GBR,1,1,0.028,0.73,2,2,2,2,2,2,98,3,1,0.9090477242361656,0.900247987322166,4,1,1
1913,Selukwe Gold Mining Company,cyanid,0.739645,1,2,0,0,0,0,0,1,1,1,0.00960806925417996,0.01724137931034482,1,0.2388888888888889,0.1999999999999999,0,0.05463174355107243,0.01265822784810126,1,0.32113821138211385,0.36392405063291133,0,0.06417660552347862,0.02040816326530612,2,0.3217993079584775,0.34727891156462576,0.00319287764169995,0,0.00314465408805031,1,0.6,0.00628930817610062,0,united states of america,extraction,USA,0,0,0.083,0.581,1,2,1,1,2,1,98,3,1,0.9228291504899564,0.9179453344387052,2,1,1
1916,Selukwe Gold Mining Company,cyanid,0.739645,1,2,0,0,0,0,0,0,1,0,0,0,0,0,0,0,0.14256128783142594,0.01724137931034482,1,0.34523809523809523,0.3922413793103448,0,0.12751989150029022,0.01333333333333333,1,0.3232758620689655,0.36622222222222206,0,5.469336059907906e-4,0.00302114803625377,1,0.23538119911176905,0.24117393180837396,0,united states of america,extraction,USA,0,0,0.07,0.581,1,2,1,1,2,1,98,3,1,0.8715313750908763,0.8901492706922215,2,1,1
1917,Selukwe Gold Mining Company,cyanid,0.739645,1,5,0,1,0,0,0,0,0,0,0,0,0,0,0,0,0,0,0,0,0,0,0,0,0,0,0,0,0.00370401806517212,0.01488095238095238,5,0.2714893617021277,0.2841198979591844,0.01940906345648612,united states of america,extraction,USA,0,0,0.07,0.581,1,2,1,1,2,1,98,3,1,0.8562317952059528,0.8715313750908763,5,1,1
1919,Selukwe Gold Mining Company,cyanid,1,1,5,0,2,0,0,0,1,1,1,4.064157969257354e-17,0.01886792452830188,1,0.6666666666666666,0.02830188679245283,0,0.09423820482253656,0.01538461538461538,1,0.3282828282828283,0.3730769230769231,0,0.09326863870395864,0.025,2,0.32786885245901637,0.37270833333333314,0.00471063043847853,1.780659841297028e-4,0.00280898876404494,1,0.21577287066246056,0.21748261102193825,0,united states of america,extraction,USA,0,0,0.07,0.581,1,2,1,1,2,1,98,3,1,0.8666171596554353,0.8554794889536566,5,1,1
1909,Set Rtwe Goi Limited,cyanid,0.6822611999999999,1,7,0,3,1,1,1,1,0,0,0.15392137005147394,0.02985074626865671,2,0.33678756476683935,0.37363184079601974,0.02894617819990954,0.24125603040586727,0.03947368421052631,3,0.4634146341463415,0.49451754385964913,0.00519714926705838,0.27121828961742916,0.05154639175257732,5,0.4418604651162791,0.47164948453608274,0.02413087334255067,0.00270152186394084,0.02247191011235955,4,0.2425828970331588,0.2118178170144463,0,united states of america,extraction,USA,0,0,0.117,0.581,1,1,1,1,1,1,98,1,1,0.8929159482487512,0.9055704681028238,7,1,1
1919,Seville Sulphur And Copper Limited,cyanid,5.312085,1,15,0,4,0,0,0,0,1,0,0,0,0,0,0,0,0.11021245718263532,0.01538461538461538,1,0.3611111111111111,0.4076923076923077,0,0.1054970236937536,0.0125,1,0.34782608695652173,0.3893749999999998,0,0.04950181890430836,0.03651685393258427,13,0.3356231599607458,0.3519662921348301,0.00336490152432118,united states of america,extraction,USA,0,0,0.07,0.581,1,2,1,1,2,1,98,3,1,0.8666171596554353,0.8554794889536566,15,1,1
1919,Seville Sulphur And Copper Limited,cyanid,5.312085,1,15,0,4,0,0,0,0,1,0,0,0,0,0,0,0,0.11021245718263532,0.01538461538461538,1,0.3611111111111111,0.4076923076923077,0,0.1054970236937536,0.0125,1,0.34782608695652173,0.3893749999999998,0,0.04950181890430836,0.03651685393258427,13,0.3356231599607458,0.3519662921348301,0.00336490152432118,canada,extraction,CAN,0,1,0.067,0.631,2,2,1,2,2,1,98,0,1,0.8666171596554353,0.8554794889536566,15,1,1
1914,Shamva Mines Limited,cyanid,5.321992,1,9,0,3,1,1,1,0,0,0,0.08121042681447752,0.01587301587301587,1,0.2843601895734597,0.3076719576719577,0,0.08225974315779858,0.01388888888888888,1,0.3364485981308411,0.3819444444444443,0,0.1082753855051118,0.02197802197802198,2,0.3473282442748092,0.3932234432234431,0.00149738613359251,0.00132872338534619,0.01388888888888888,5,0.21256038647342995,0.2066975308641984,0.00948622717424945,canada,extraction,CAN,0,1,0.067,0.61,2,1,1,2,1,1,96,0,1,0.908179444741422,0.9228291504899564,9,1,1
1916,Shamva Mines Limited,cyanid,5.321992,1,2,0,0,0,0,0,0,1,0,0,0,0,0,0,0,0.08031929420448602,0.01724137931034482,1,0.3020833333333333,0.34051724137931033,0,0.0778359209031883,0.01333333333333333,1,0.29296875,0.32622222222222225,0,0,0,0,0,0,0,united states of america,extraction,USA,0,0,0.07,0.581,1,2,1,1,2,1,98,3,1,0.8715313750908763,0.8901492706922215,2,1,1
1917,Shamva Mines Limited,cyanid,5.321992,1,7,0,5,0,1,0,0,1,0,0,0,0,0,0,0,0.131968440627086,0.0217391304347826,1,0.3484848484848485,0.3967391304347826,0,0.12385620925935108,0.01639344262295082,1,0.324468085106383,0.36721311475409846,0,0.01483809212593225,0.05357142857142857,18,0.299812030075188,0.3212089002267575,0.00805011101933702,united states of america,extraction,USA,0,0,0.07,0.581,1,2,1,1,2,1,98,3,1,0.8562317952059528,0.8715313750908763,7,1,1
1920,Shamva Mines Limited,cyanid,5.321992,0,10,0,5,0,0,0,0,0,0,0,0,0,0,0,0,0,0,0,0,0,0,0,0,0,0,0,0,0.0131795777968859,0.06510416666666667,25,0.363013698630137,0.39131944444444305,0.05129412681466775,united states of america,extraction,USA,0,0,0.078,0.581,1,2,1,1,2,1,98,3,1,0.8827313706089669,0.8666171596554353,10,1,1
1921,Shamva Mines Limited,cyanid,5.321992,0,9,0,6,0,0,0,0,0,0,0,0,0,0,0,0,0,0,0,0,0,0,0,0,0,0,0,0,0.140705022950877,0.10242587601078168,38,0.3901639344262295,0.420709793351303,0.04421426477815503,united states of america,extraction,USA,0,0,0.095,0.581,1,2,1,1,2,1,98,3,1,0.8977238173556666,0.8827313706089669,9,1,1
1923,Shamva Mines Limited,cyanid,5.321992,1,11,0,6,0,0,0,0,0,0,0,0,0,0,0,0,0,0,0,0,0,0,0,0,0,0,0,0,0.05482797809710119,0.08465608465608465,32,0.3984547461368653,0.42993827160493936,0.06333597874910266,united states of america,extraction,USA,0,0,0.096,0.581,1,2,1,1,2,1,98,3,1,0.9260468773507357,0.9128783852142348,11,1,1
1911,Shashi And Macloutsie Exploration And,cyanid,5.246962,1,4,2.8333329557698393e-4,3,1,1,1,0,0,0,0.07510244523651512,0.0131578947368421,1,0.30416666666666664,0.3282894736842106,0,0.06819736592065102,0.01111111111111111,1,0.32608695652173914,0.36944444444444446,0,0.08657832598476055,0.01680672268907563,2,0.3342696629213483,0.3787114845938374,0.00131312303719303,0.00607300530678941,0.01526717557251908,4,0.27341772151898736,0.24736459469283956,2.1805875417494063e-4,canada,extraction,CAN,0,1,0.072,0.61,2,1,1,2,1,1,96,0,1,0.9090477242361656,0.900247987322166,4,1,1
1894,Sheba Gold Mining Company,cyanid,5.259747,1,4,179.97291655653515,1,0,0,0,0,0,0,0,0,0,0,0,0,0,0,0,0,0,0,0,0,0,0,0,0,0,0.16666666666666666,1,0.6666666666666666,0.25,0,united kingdom,extraction,GBR,1,1,0.028,0.73,2,2,NA,2,2,NA,98,3,1,0.6957655151230822,0.6304463154435564,4,1,0
1895,Sheba Gold Mining Company,cyanid,5.259747,1,10,0,4,0,0,0,0,0,0,0,0,0,0,0,0,0,0,0,0,0,0,0,0,0,0,0,0,0.00277046978168017,0.05714285714285714,2,0.2136752136752137,0.19986394557823145,0.04033613445378151,united kingdom,extraction,GBR,1,1,0.028,0.73,2,2,NA,2,2,NA,98,3,1,0.7078988530850715,0.6957655151230822,10,1,1
1908,Sheba Gold Mining Company,cyanid,5.259747,1,8,711.1078147307508,1,0,0,0,2,1,1,0.27384122026340846,0.02816901408450704,2,0.3756613756613757,0.4246478873239435,0.02603270416147678,0.06461188410312478,0.01265822784810126,1,0.32644628099173556,0.370253164556962,0,0.13274189694684269,0.02777777777777777,3,0.3540983606557377,0.40308641975308646,0.00411309091091551,0,0.0131578947368421,1,1,0.0131578947368421,0,united states of america,extraction,USA,0,0,0.117,0.581,1,1,1,1,1,1,98,1,1,0.9055704681028238,0.9101864858593508,8,1,0
1909,Sheba Gold Mining Company,cyanid,5.259747,1,10,0,2,2,1,1,0,1,0,0.3016649702580801,0.02985074626865671,2,0.38461538461538464,0.4184079601990048,0.00786140049617903,0.24125603040586724,0.03947368421052631,3,0.4634146341463415,0.49451754385964913,0.00519714926705838,0.30493844892574445,0.05154639175257732,5,0.45023696682464454,0.4768041237113405,0.00764317131495299,0,0.00561797752808988,1,1,0.00561797752808988,0,united states of america,extraction,USA,0,0,0.117,0.581,1,1,1,1,1,1,98,1,1,0.8929159482487512,0.9055704681028238,10,1,1
1910,Sheba Gold Mining Company,cyanid,5.249514,1,8,0,6,2,1,1,0,0,0,0.2704740002357006,0.03508771929824561,2,0.4100719424460432,0.45029239766081847,0.01019466368316435,0.08153909530087915,0.01515151515151515,1,0.336734693877551,0.3825757575757575,0,0.17531835247255648,0.03409090909090909,3,0.3776824034334764,0.42518939393939376,0.00329665572476698,0.02231711861976604,0.01895734597156398,4,0.31793960923623443,0.31104716768223967,0.0445145716958871,united states of america,extraction,USA,0,0,0.098,0.581,1,2,1,1,2,1,98,3,1,0.900247987322166,0.8929159482487512,8,1,1
1912,Sheba Gold Mining Company,cyanid,5.252068,1,6,0.00348295034700063,4,1,1,1,0,0,0,0.03910037886917818,0.0144927536231884,1,0.24907063197026025,0.27960662525879926,0,0.0570210609918728,0.01204819277108433,1,0.31679389312977096,0.358433734939759,0,0.06558262515838591,0.01818181818181818,2,0.32432432432432434,0.360151515151515,0.0027009460474185,0.01588921024379674,0.03514376996805112,11,0.2805474095796676,0.3075006108552441,0.10704896632506758,united states of america,extraction,USA,0,0,0.098,0.581,1,2,1,1,2,1,98,3,1,0.9179453344387052,0.9090477242361656,6,1,1
1913,Sheba Gold Mining Company,cyanid,5.254625,1,5,0,2,1,1,1,0,0,0,0.0202408719930701,0.01724137931034482,1,0.24431818181818185,0.20574712643678153,0,0.08993819759419414,0.01265822784810126,1,0.3134920634920635,0.35443037974683544,0,0.0927029960883518,0.02040816326530612,2,0.31313131313131315,0.33826530612244887,0.00263687099288863,0.01831206939732337,0.01257861635220125,4,0.2250778816199377,0.25173049347577714,5.211260085744937e-4,united kingdom,extraction,GBR,1,1,0.028,0.73,2,2,2,2,2,2,98,3,1,0.9228291504899564,0.9179453344387052,5,1,1
1915,Sheba Gold Mining Company,cyanid,5.134634,1,2,0,1,0,1,0,0,0,0,0,0,0,0,0,0,0.17501729054130144,0.02439024390243902,2,0.43617021276595747,0.47154471544715454,0.00347988074351149,0.1640893130425046,0.02040816326530612,2,0.41025641025641024,0.4387755102040819,0.00205987102120933,0.00585265182605345,0.01420454545454545,5,0.28232189973614774,0.29058779761904824,0.00159964827161879,canada,extraction,CAN,0,1,0.067,0.61,2,2,1,2,2,1,98,0,1,0.8901492706922215,0.908179444741422,2,1,1
1916,Sheba Gold Mining Company,cyanid,5.144423,1,3,0,2,1,1,1,0,0,0,0.16345268186683368,0.0238095238095238,1,0.32673267326732675,0.2952380952380952,0,0.14256128783142596,0.01724137931034482,1,0.34523809523809523,0.3922413793103448,0,0.19663739808790176,0.02666666666666667,2,0.35714285714285715,0.4068888888888887,0.00592522896233117,0.00336905551595775,0.00906344410876133,3,0.2529832935560859,0.2668824629549716,0.001233183048818,united kingdom,extraction,GBR,1,1,0.031,0.73,2,2,2,2,2,2,94,3,1,0.8715313750908763,0.8901492706922215,3,1,1
1917,Sheba Gold Mining Company,cyanid,5.144423,1,2,0,0,0,0,0,0,0,0,0,0,0,0,0,0,0,0,0,0,0,0,0,0,0,0,0,0,6.596618525866221e-5,0.00595238095238095,2,0.22338935574229693,0.22784509637188333,0,united states of america,extraction,USA,0,0,0.07,0.581,1,2,1,1,2,1,98,3,1,0.8562317952059528,0.8715313750908763,2,1,1
1920,Sheba Gold Mining Company,cyanid,5.144423,1,5,0,3,1,1,1,0,0,0,0.04071994238746174,0.01851851851851851,1,0.2535211267605634,0.2888888888888887,0,0.110747899889565,0.01639344262295082,1,0.34269662921348315,0.3893442622950819,0,0.12240178324757,0.02564102564102564,2,0.33766233766233766,0.3835470085470083,8.781857958355799e-4,0.01859607959210008,0.03385416666666666,13,0.31520815632965166,0.3334511408730151,0.00630577370214108,canada,extraction,CAN,0,1,0.067,0.631,2,1,1,2,2,1,98,0,1,0.8827313706089669,0.8666171596554353,5,1,1
1921,Sheba Gold Mining Company,cyanid,5.144423,1,4,0,3,1,1,1,0,0,0,0.0840030167472581,0.02127659574468085,1,0.2980132450331126,0.3216312056737588,0,0.08838977198586222,0.0196078431372549,1,0.3227848101265823,0.3676470588235294,0,0.11648785111618018,0.02941176470588235,2,0.3300970873786408,0.37549019607843126,0.00120697832378381,0.03777929901435844,0.0431266846361186,16,0.3263254113345521,0.35327942497753656,0.01150075221645591,canada,extraction,CAN,0,1,0.067,0.631,2,1,1,2,2,1,98,0,1,0.8977238173556666,0.8827313706089669,4,1,1
1922,Sheba Gold Mining Company,cyanid,5.144423,1,4,0,4,1,1,1,0,0,0,0.098163861118758,0.02564102564102564,1,0.27611940298507465,0.3025641025641024,0,0.08504848610327509,0.0217391304347826,1,0.3108108108108108,0.3532608695652174,0,0.1047194796660096,0.03225806451612903,2,0.32124352331606215,0.36801075268817207,0.00328721405813935,0.01411305509805988,0.04120879120879121,15,0.3193046660567246,0.33812140240711597,0.02809191406052945,canada,extraction,CAN,0,1,0.07,0.631,2,1,1,2,2,1,98,0,1,0.9128783852142348,0.8977238173556666,4,1,1
1908,Simmer And Jack Proprietary Mines,cyanid,1.217137,1,9,0,1,0,0,0,1,0,0,0.01015406138516517,0.01408450704225352,1,0.22118380062305296,0.24590878604963107,0,0,0,0,0,0,0,0.00281922388767812,0.00925925925925925,1,0.2482758620689655,0.2612654320987654,0,0.05260494833964642,0.0131578947368421,1,0.23412698412698413,0.21743421052631556,0,canada,extraction,CAN,0,1,0.074,0.597,2,1,1,2,1,1,96,0,1,0.9055704681028238,0.9101864858593508,9,1,1
1909,Simmer And Jack Proprietary Mines,cyanid,1.217137,1,16,0,10,1,0,0,0,0,0,3.780435946489608e-17,0.01492537313432835,1,1,0.01492537313432835,0,0,0,0,0,0,0,0,0.01030927835051546,1,1,0.01030927835051546,0,0.6920220678256646,0.20786516853932585,37,0.388268156424581,0.3777755484216164,0.02769035827258362,canada,extraction,CAN,0,1,0.074,0.597,2,1,1,2,1,1,96,0,1,0.8929159482487512,0.9055704681028238,16,1,1
1912,Simmer And Jack Proprietary Mines,cyanid,1.217137,1,11,0,8,1,0,0,0,0,0,0,0.0144927536231884,1,1,0.0144927536231884,0,0,0,0,0,0,0,1.318299036138649e-17,0.00909090909090909,1,1,0.00909090909090909,0,0.47733110007610896,0.16932907348242812,53,0.2847222222222222,0.3491520637686765,0.01106044695015303,canada,extraction,CAN,0,1,0.072,0.61,2,1,1,2,1,1,96,0,1,0.9179453344387052,0.9090477242361656,11,1,1
1913,Simmer And Jack Proprietary Mines,cyanid,1.217137,1,20,0,12,2,0,0,0,0,0,0,0.01724137931034482,1,0.6666666666666666,0.02586206896551724,0,0,0,0,0,0,0,0,0.01020408163265306,1,0.6666666666666666,0.01530612244897959,0,0.28380623529155635,0.13522012578616352,43,0.3042105263157895,0.36552780727308903,0.07904555246112156,canada,extraction,CAN,0,1,0.072,0.61,2,1,1,2,1,1,96,0,1,0.9228291504899564,0.9179453344387052,20,1,1
1916,Simmer And Jack Proprietary Mines,cyanid,1.217137,1,4,0,1,0,0,0,0,0,0,0,0,0,0,0,0,0,0,0,0,0,0,0,0,0,0,0,0,0.05445254272171386,0.0513595166163142,17,0.29201101928374656,0.3150625809236087,9.778877795952015e-4,south africa,extraction,ZAF,1,1,0.408,0.115,-1,-1,-1,-1,-1,-1,84,2,0,0.8715313750908763,0.8901492706922215,4,1,1
1917,Simmer And Jack Proprietary Mines,cyanid,1.217137,1,4,0,0,0,0,0,0,0,0,0,0,0,0,0,0,0,0,0,0,0,0,0,0,0,0,0,0,0.01560947613993564,0.0238095238095238,8,0.2953703703703704,0.3191255668934245,6.587956413651848e-4,canada,extraction,CAN,0,1,0.067,0.61,2,2,1,2,2,1,98,0,1,0.8562317952059528,0.8715313750908763,4,1,1
1919,Simmer And Jack Proprietary Mines,cyanid,1.217137,1,9,0,4,0,0,0,0,0,0,0,0,0,0,0,0,0,0,0,0,0,0,0,0,0,0,0,0,0.17748819401844473,0.05898876404494382,21,0.3260247855100095,0.34770599250936235,0.00125041578470805,united states of america,extraction,USA,0,0,0.07,0.581,1,2,1,1,2,1,98,3,1,0.8666171596554353,0.8554794889536566,9,1,1
1922,Simmer And Jack Proprietary Mines,cyanid,1.03163,1,1,0,0,0,0,0,0,0,0,0,0,0,0,0,0,0,0,0,0,0,0,0,0,0,0,0,0,0.00234513378643152,0.00274725274725274,1,0.2532656023222061,0.2626013867085301,0,united states of america,extraction,USA,0,0,0.094,0.581,1,2,1,1,2,1,98,3,1,0.9128783852142348,0.8977238173556666,1,1,1
1923,Simmer And Jack Proprietary Mines,cyanid,1.03163,1,10,0,6,1,1,1,0,0,0,0.257184505627813,0.04347826086956521,2,0.3771929824561403,0.4090579710144928,0.03890958007511623,0.12873463546897113,0.025,1,0.4,0.44375,0,0.23814787294894343,0.05357142857142857,3,0.4087591240875912,0.45535714285714257,0.01019535559857028,0.073044404780814,0.07407407407407407,28,0.3396048918156162,0.36631393298059745,0.01927046987554295,united states of america,extraction,USA,0,0,0.096,0.581,1,2,1,1,2,1,98,3,1,0.9260468773507357,0.9128783852142348,10,1,1
1908,Simmer Deep Limited,cyanid,4.863813e-4,1,12,0,0,0,0,0,1,0,0,0.01015406138516518,0.01408450704225352,1,0.22118380062305296,0.24590878604963107,0,0,0,0,0,0,0,0.00281922388767811,0.00925925925925925,1,0.2482758620689655,0.2612654320987654,0,0,0,0,0,0,0,canada,extraction,CAN,0,1,0.074,0.597,2,1,1,2,1,1,96,0,1,0.9055704681028238,0.9101864858593508,12,1,1
1910,Simmer Deep Limited,cyanid,4.863813e-4,1,9,0,5,0,0,0,0,0,0,0,0,0,0,0,0,0,0,0,0,0,0,0,0,0,0,0,0,0.4527876979582091,0.2037914691943128,43,0.36016096579476864,0.4088241931843823,0.03724877079665549,canada,extraction,CAN,0,1,0.074,0.597,2,1,1,2,1,1,96,0,1,0.900247987322166,0.8929159482487512,9,1,1
1911,Simmer Deep Limited,cyanid,4.861449e-4,1,6,2.8333329557698393e-4,3,0,0,0,0,0,0,0,0,0,0,0,0,0,0,0,0,0,0,0,0,0,0,0,0,0.44943733649977075,0.183206106870229,48,0.4122137404580153,0.41456743002544433,0.0259146932168369,canada,extraction,CAN,0,1,0.072,0.61,2,1,1,2,1,1,96,0,1,0.9090477242361656,0.900247987322166,6,1,1
1912,Simmer Deep Limited,cyanid,4.86618e-4,1,8,0,7,0,0,0,0,0,0,0,0,0,0,0,0,0,0,0,0,0,0,0,0,0,0,0,0,0.5776124759072019,0.24600638977635783,77,0.2983367983367983,0.39132458773033774,0.0261343022045051,canada,extraction,CAN,0,1,0.072,0.61,2,1,1,2,1,1,96,0,1,0.9179453344387052,0.9090477242361656,8,1,1
1914,Simmer Deep Limited,cyanid,4.930966e-4,1,6,0,4,0,0,0,0,0,0,0,0,0,0,0,0,0,0,0,0,0,0,0,0,0,0,0,0,0.2071762212538416,0.07222222222222222,26,0.32049947970863685,0.3316699735449726,0.00893691165915463,canada,extraction,CAN,0,1,0.067,0.61,2,1,1,2,1,1,96,0,1,0.908179444741422,0.9228291504899564,6,1,1
1915,Simmer Deep Limited,cyanid,4.757374e-4,1,11,0,7,0,0,0,0,0,0,0,0,0,0,0,0,0,0,0,0,0,0,0,0,0,0,0,0,0.14633442372091196,0.09943181818181818,35,0.35043668122270744,0.3723011363636345,0.01014974634927489,canada,extraction,CAN,0,1,0.067,0.61,2,2,1,2,2,1,98,0,1,0.8901492706922215,0.908179444741422,11,1,1
1916,Simmer Deep Limited,cyanid,4.757374e-4,1,8,0,5,0,0,0,0,0,0,0,0,0,0,0,0,0,0,0,0,0,0,0,0,0,0,0,0,0.12891983414800734,0.09063444108761327,30,0.35412026726057905,0.3895266868076517,0.04891655132439923,canada,extraction,CAN,0,1,0.067,0.61,2,2,1,2,2,1,98,0,1,0.8715313750908763,0.8901492706922215,8,1,1
1917,Simmer Deep Limited,cyanid,4.757374e-4,1,3,0,1,0,0,0,0,0,0,0,0,0,0,0,0,0,0,0,0,0,0,0,0,0,0,0,0,0.07214176700984168,0.05059523809523809,17,0.3298862461220269,0.36140873015872904,0.00411922890811893,canada,extraction,CAN,0,1,0.067,0.61,2,2,1,2,2,1,98,0,1,0.8562317952059528,0.8715313750908763,3,1,1
1919,Simmer Deep Limited,cyanid,4.426737e-4,1,9,0,8,0,0,0,0,0,0,0,0,0,0,0,0,0,0,0,0,0,0,0,0,0,0,0,0,0.35703811590747064,0.13202247191011235,47,0.3787375415282392,0.4223314606741564,0.01802669863188722,united states of america,extraction,USA,0,0,0.07,0.581,1,2,1,1,2,1,98,3,1,0.8666171596554353,0.8554794889536566,9,1,1
1920,Simmer Deep Limited,cyanid,4.426737e-4,1,11,0,6,1,1,1,0,0,0,0.21836681862294952,0.03703703703703703,2,0.40601503759398494,0.4506172839506171,0.07329442474189053,0.10587932409349128,0.01639344262295082,1,0.3630952380952381,0.4098360655737705,0,0.19696565045422845,0.03846153846153846,3,0.4041450777202073,0.44978632478632463,0.01404506773796733,0.13368902617540657,0.11458333333333331,44,0.3917634635691658,0.4365327380952395,0.04276207530810205,united states of america,extraction,USA,0,0,0.078,0.581,1,2,1,1,2,1,98,3,1,0.8827313706089669,0.8666171596554353,11,1,1
1921,Simmer Jack Proprietary,cyanid,0.7772171,1,0,0,0,0,0,0,0,0,0,0,0,0,0,0,0,0,0,0,0,0,0,0,0,0,0,0,0,0,0,0,0,0,0,united states of america,extraction,USA,0,0,0.095,0.581,1,2,1,1,2,1,98,3,1,0.8977238173556666,0.8827313706089669,0,1,1
1914,Sondage Syndicate Limited,cyanid,1.429252,1,12,0,7,0,1,0,0,0,0,0,0,0,0,0,0,0.25634944055279896,0.04166666666666666,3,0.4556962025316456,0.4907407407407408,0.00508570303067487,0.24045546763233033,0.03296703296703297,3,0.4099099099099099,0.45146520146520186,0.00265941265303459,0.02095549406250929,0.03333333333333333,12,0.2664359861591695,0.26873787477954236,0.03473487682129982,united states of america,extraction,USA,0,0,0.079,0.581,1,2,1,1,2,1,98,3,1,0.908179444741422,0.9228291504899564,12,1,1
1917,Sondage Syndicate Limited,cyanid,1.429252,1,1,0,1,0,0,0,0,0,0,0,0,0,0,0,0,0,0,0,0,0,0,0,0,0,0,0,0,-0,0.00892857142857142,3,1,0.00892857142857142,5.3304904051172706e-5,united states of america,extraction,USA,0,0,0.07,0.581,1,2,1,1,2,1,98,3,1,0.8562317952059528,0.8715313750908763,1,1,1
1911,Sons Gwalia Limited,cyanid,0.1458435,1,4,1.0013217677085525e-4,2,0,0,0,0,0,0,0,0,0,0,0,0,0,0,0,0,0,0,0,0,0,0,0,0,8.593911919400882e-4,0.01145038167938931,3,0.225,0.2005498000727014,1.949830852173574e-5,united kingdom,extraction,GBR,1,1,0.028,0.73,2,2,2,2,2,2,98,3,1,0.9090477242361656,0.900247987322166,4,1,1
1911,Sons Gwalia Limited,cyanid,0.1458435,1,4,0.00363285253464586,2,0,0,0,0,0,0,0,0,0,0,0,0,0,0,0,0,0,0,0,0,0,0,0,0,8.593911919400882e-4,0.01145038167938931,3,0.225,0.2005498000727014,1.949830852173574e-5,australia,extraction,AUS,0,1,0.041,0.659,2,3,2,2,3,2,99,2,1,0.9090477242361656,0.900247987322166,4,1,1
1915,Sons Gwalia Limited,cyanid,1.427212,1,1,0,1,0,0,0,0,0,0,0,0,0,0,0,0,0,0,0,0,0,0,0,0,0,0,0,0,1.5952924891632482e-17,0.00568181818181818,2,1,0.00568181818181818,1.618751618751619e-5,united states of america,extraction,USA,0,0,0.07,0.581,1,2,1,1,2,1,98,3,1,0.8901492706922215,0.908179444741422,1,1,1
1916,Sons Gwalia Limited,cyanid,4.426737,1,1,0,0,0,0,0,0,0,0,0,0,0,0,0,0,0,0,0,0,0,0,0,0,0,0,0,0,0,0,0,0,0,0,united states of america,extraction,USA,0,0,0.07,0.581,1,2,1,1,2,1,98,3,1,0.8715313750908763,0.8901492706922215,1,1,1
1919,Sons Gwalia Limited,cyanid,4.426737,1,17,0,9,1,2,0,0,0,0,3.823318978486548e-17,0.01886792452830188,1,0.6666666666666666,0.02830188679245283,0,0.2826441440442132,0.04615384615384615,3,0.4924242424242424,0.5128205128205129,0.01287251759154338,0.274955039629602,0.05,4,0.4545454545454546,0.4879166666666671,0.02810402883160449,0.04138616217180021,0.06179775280898876,22,0.3157894736842105,0.34377340823969976,0.05603967389322219,united states of america,extraction,USA,0,0,0.07,0.581,1,2,1,1,2,1,98,3,1,0.8666171596554353,0.8554794889536566,17,1,1
1920,Sons Gwalia Limited,cyanid,4.426737,1,6,0,3,0,2,0,0,0,0,0,0,0,0,0,0,0.4157568117349176,0.06557377049180328,4,0.5169491525423728,0.5327868852459017,0.01904668915210136,0.37986388526447307,0.05128205128205128,4,0.4406779661016949,0.480769230769231,0.0081536293402848,1.2943920323901583e-4,0.02864583333333333,11,0.25728155339805825,0.277318948412699,0.02731271982884876,united states of america,extraction,USA,0,0,0.078,0.581,1,2,1,1,2,1,98,3,1,0.8827313706089669,0.8666171596554353,6,1,1
1921,Sons Gwalia Limited,cyanid,1.154734,1,4,0,2,0,1,0,0,0,0,0,0,0,0,0,0,0.30690425914907893,0.0588235294117647,3,0.425,0.4771241830065359,0.00604333176921053,0.27679825826761667,0.04411764705882353,3,0.37777777777777777,0.431127450980392,0.00239061785560311,0.00876282084678705,0.01078167115902965,4,0.29700499168053246,0.3110062893081764,0.01050034622738438,united states of america,extraction,USA,0,0,0.095,0.581,1,2,1,1,2,1,98,3,1,0.8977238173556666,0.8827313706089669,4,1,1
1922,Sons Gwalia Limited,cyanid,1.328609,1,7,0,4,0,1,0,0,0,0,0,0,0,0,0,0,0.10960649465894934,0.0217391304347826,1,0.35384615384615387,0.4021739130434782,0,0.10037965332984287,0.01612903225806451,1,0.33513513513513515,0.3755376344086021,0,0.00553208774831309,0.02472527472527472,9,0.2858312858312858,0.3025902668759818,0.02715611759253613,united states of america,extraction,USA,0,0,0.094,0.581,1,2,1,1,2,1,98,3,1,0.9128783852142348,0.8977238173556666,7,1,1
1923,Sons Gwalia Limited,cyanid,1.37237,1,4,0,3,0,0,0,0,0,0,0,0,0,0,0,0,0,0,0,0,0,0,0,0,0,0,0,0,0.00602344713525535,0.01587301587301587,6,0.31174438687392053,0.3206790123456785,0.00624825694776304,united states of america,extraction,USA,0,0,0.096,0.581,1,2,1,1,2,1,98,3,1,0.9260468773507357,0.9128783852142348,4,1,1
1909,South African Gold And Copper Synd Ltd,cyanid,0.8519960999999999,1,24,0,6,1,1,1,1,0,0,0.15039945580036448,0.01492537313432835,1,0.3333333333333333,0.36368159203980094,0,0.24125603040586716,0.03947368421052631,3,0.4634146341463415,0.49451754385964913,0.00519714926705838,0.26913519666813673,0.04123711340206185,4,0.4377880184331797,0.4647766323024058,0.00394186990612456,0.202989192731913,0.09550561797752807,17,0.37066666666666664,0.35361824505082995,0.05166995802329636,united states of america,extraction,USA,0,0,0.117,0.581,1,1,1,1,1,1,98,1,1,0.8929159482487512,0.9055704681028238,24,1,1
1908,South African Gold Trust,cyanid,2.43309,1,0,382.0578442854707,0,0,0,0,0,0,0,0,0,0,0,0,0,0,0,0,0,0,0,0,0,0,0,0,0,0,0,0,0,0,0,united states of america,extraction,USA,0,0,0.117,0.581,1,1,1,1,1,1,98,1,1,0.9055704681028238,0.9101864858593508,0,1,0
1911,South African Gold Trust,cyanid,2.916869,0,0,4.5913793676987665e-4,0,0,0,0,0,0,0,0,0,0,0,0,0,0,0,0,0,0,0,0,0,0,0,0,0,0,0,0,0,0,0,united states of america,extraction,USA,0,0,0.098,0.581,1,2,1,1,2,1,98,3,1,0.9090477242361656,0.900247987322166,0,1,1
1912,South African Metallurgical Company,cyanid,2.43309,1,0,0,0,0,0,0,0,0,0,0,0,0,0,0,0,0,0,0,0,0,0,0,0,0,0,0,0,0,0,0,0,0,0,united states of america,extraction,USA,0,0,0.098,0.581,1,2,1,1,2,1,98,3,1,0.9179453344387052,0.9090477242361656,0,1,1
1888,South African Mineral Association Limited,amalgama,0.04870920999999999,1,13,0,0,0,0,0,0,0,0,0,0,0,0,0,0,0.8660254037844384,0.3333333333333333,2,0.5714285714285714,0.4722222222222222,0.2,0.8660254037844387,0.25,2,0.5714285714285714,0.3541666666666667,0.10714285714285714,0,0,0,0,0,0,united kingdom,extraction,GBR,1,1,0.028,0.73,2,2,NA,2,2,NA,98,3,1,0.14085179033431106,0.10122114063590426,13,0,1
1917,South African Mining Syndicate Limited,cyanid,1.619819,1,7,207.1310340282008,3,0,0,0,0,0,0,0,0,0,0,0,0,0,0,0,0,0,0,0,0,0,0,0,0,0.00465020824962657,0.02976190476190476,10,0.3026565464895636,0.3195932539682541,0.04338182358397366,united states of america,extraction,USA,0,0,0.07,0.581,1,2,1,1,2,1,98,3,1,0.8562317952059528,0.8715313750908763,7,1,0
1920,South African Option Syndicate Limited,cyanid,1.832173,1,14,0,6,0,0,0,0,0,0,0,0,0,0,0,0,0,0,0,0,0,0,0,0,0,0,0,0,0.03504394762666164,0.05729166666666666,22,0.34737827715355807,0.37008308531745815,0.0283550714644666,brazil,extraction,BRA,0,0,0.78,0.63,-2,-1,-2,-2,-1,-2,92,1,0,0.8827313706089669,0.8666171596554353,14,1,1
1915,South African Real Estate Trust Ltd,cyanid,2.378687,1,19,0,9,0,1,0,1,0,0,0,0.01612903225806451,1,1,0.01612903225806451,0,0.17501729054130138,0.02439024390243902,2,0.43617021276595747,0.47154471544715454,0.00347988074351149,0.16555927564388778,0.03061224489795918,3,0.41379310344827586,0.4455782312925172,0.02204724741506584,0.17382887561122937,0.10511363636363635,37,0.3485342019543974,0.37787472943722694,0.02493311286320276,brazil,extraction,BRA,0,0,0.78,0.63,-2,-1,-2,-2,-1,-2,92,1,0,0.8901492706922215,0.908179444741422,19,1,1
1915,South Great Eastern Gold Mining,cyanid,0.05708849,1,3,0,2,0,0,0,0,0,0,0,0,0,0,0,0,0,0,0,0,0,0,0,0,0,0,0,0,1.277760551988104e-17,0.00568181818181818,2,1,0.00284090909090909,0,australia,extraction,AUS,0,1,0.041,0.659,2,3,3,2,3,3,99,3,1,0.8901492706922215,0.908179444741422,3,1,1
1908,South Western Colliery Company,cyanid,0.005060827,1,3,0,0,0,0,0,0,1,0,0,0,0,0,0,0,0.16772967107531855,0.02531645569620253,2,0.42473118279569894,0.46413502109704646,0.00113949478575515,0.15394318629224277,0.01851851851851851,2,0.3737024221453287,0.41666666666666696,5.814739524188651e-4,0,0,0,0,0,0,canada,extraction,CAN,0,1,0.074,0.597,2,1,1,2,1,1,96,0,1,0.9055704681028238,0.9101864858593508,3,1,1
1921,Southern Van Ryn Gold Mining,cyanid,2.723649,1,1,0,0,0,0,0,1,1,1,0.03579246415518034,0.0425531914893617,2,0.2571428571428571,0.2921985815602835,0.01120735570319288,0.38782139164565654,0.0784313725490196,4,0.5204081632653061,0.5392156862745098,0.03255060918718952,0.3822848307597451,0.08823529411764706,6,0.4594594594594595,0.5049019607843137,0.05600136497619876,0,0,0,0,0,0,germany,extraction,DEU,0,0,0.084,0.674,1,1,1,1,1,1,89,1,1,0.8977238173556666,0.8827313706089669,1,1,1
1922,Southern Van Ryn Gold Mining,cyanid,2.723649,1,5,0,1,0,0,0,1,1,1,0.22177456628148332,0.02564102564102564,1,0.31896551724137934,0.3572649572649573,0,0.13269949709923953,0.0217391304347826,1,0.38333333333333336,0.4293478260869565,0,0.1941225852219564,0.03225806451612903,2,0.3803680981595092,0.42473118279569866,0.0026473905998101,1.531836913430005e-18,0.00274725274725274,1,1,0.00274725274725274,0,canada,extraction,CAN,0,1,0.07,0.631,2,1,1,2,2,1,98,0,1,0.9128783852142348,0.8977238173556666,5,1,1
1923,Southern Van Ryn Gold Mining,cyanid,2.813358,1,5,0,0,0,0,0,0,0,0,0,0,0,0,0,0,0,0,0,0,0,0,0,0,0,0,0,0,8.851387696175465e-19,0.00264550264550264,1,1,0.00264550264550264,0,germany,extraction,DEU,0,0,0.084,0.674,1,1,1,1,1,1,77,1,1,0.9260468773507357,0.9128783852142348,5,1,1
1895,Spitzkop Farm Gold Company,cyanid,0.1466276,1,2,364.5081822685136,0,0,0,0,0,0,0,0,0,0,0,0,0,0,0,0,0,0,0,0,0,0,0,0,0,0,0,0,0,0,0,united states of america,extraction,USA,0,0,0.147,0.478,1,1,NA,1,1,NA,95,1,1,0.7078988530850715,0.6957655151230822,2,1,0
1908,Spitzkop Farm Gold Company,cyanid,0.1466276,1,2,0,0,0,0,0,0,0,0,0,0,0,0,0,0,0,0,0,0,0,0,0,0,0,0,0,0,0,0,0,0,0,0,canada,extraction,CAN,0,1,0.074,0.597,2,1,1,2,1,1,96,0,1,0.9055704681028238,0.9101864858593508,2,1,1
1917,Springs Mines Limited,cyanid,4.428698,1,2,0,1,0,0,0,0,0,0,0,0,0,0,0,0,0,0,0,0,0,0,0,0,0,0,0,0,0.03864332056364961,0.02976190476190476,10,0.30880929332042595,0.33499858276643973,0.00124921301320057,canada,extraction,CAN,0,1,0.067,0.61,2,2,1,2,2,1,98,0,1,0.8562317952059528,0.8715313750908763,2,1,1
1920,Springs Mines Limited,cyanid,4.428698,1,8,0,4,1,2,1,1,1,1,0.2320353816706755,0.05555555555555555,3,0.3673469387755102,0.4333333333333333,0.05949414652707292,0.3095855257532774,0.04918032786885246,3,0.49193548387096775,0.5136612021857924,0.01267845107159928,0.38801011672593305,0.07692307692307693,6,0.4615384615384616,0.5042735042735045,0.04138110267424055,0.04517981906361533,0.0390625,15,0.31574468085106383,0.3409598214285699,5.124308632124626e-4,canada,extraction,CAN,0,1,0.067,0.631,2,1,1,2,2,1,98,0,1,0.8827313706089669,0.8666171596554353,8,1,1
1922,Springs Mines Limited,cyanid,4.428698,1,9,0,9,3,4,3,0,0,0,0.431304341884387,0.10256410256410256,4,0.3627450980392157,0.4341880341880342,0.04934130197288092,0.4082780614264731,0.08695652173913043,4,0.5227272727272727,0.5434782608695652,0.02534242711755218,0.5103651464028451,0.12903225806451613,8,0.5040650406504065,0.545698924731183,0.07333053159647232,0.24854034484799856,0.07967032967032966,29,0.37526881720430105,0.4030219780219768,0.02159274915628853,canada,extraction,CAN,0,1,0.07,0.631,2,1,1,2,2,1,98,0,1,0.9128783852142348,0.8977238173556666,9,1,1
1923,Springs Mines Limited,cyanid,4.428698,1,6,0,5,1,2,1,0,0,0,0,0.0217391304347826,1,0.6666666666666666,0.03260869565217391,0,0.12873463546897113,0.025,1,0.4,0.44375,0,0.11547417169289918,0.03571428571428571,2,0.3660130718954248,0.4142857142857141,0.01753246753246753,0.17526934504753242,0.07671957671957672,29,0.38486140724946694,0.4059082892416223,0.00549997054115681,canada,extraction,CAN,0,1,0.07,0.631,2,1,1,2,2,1,98,0,1,0.9260468773507357,0.9128783852142348,6,1,1
1914,St Erth Syndicate Limited,cyanid,0.1775148,1,9,0,4,1,2,1,0,0,0,0.00786516094650767,0.01587301587301587,1,0.20618556701030927,0.21802721088435345,0,0.17408969739500024,0.02777777777777777,2,0.41379310344827586,0.4571759259259259,0.00135147414697887,0.16789807212156688,0.03296703296703297,3,0.3855932203389831,0.4322344322344323,0.00777220290336069,6.54935446337914e-7,0.02777777777777777,10,0.13987284287011809,0.14020943562610275,0.03293098112039616,australia,extraction,AUS,0,1,0.041,0.659,2,3,2,2,3,2,99,2,1,0.908179444741422,0.9228291504899564,9,1,1
1919,Steyn Estate Gold Mines Limited,cyanid,2.1027,1,9,0,4,0,0,0,0,0,0,0,0,0,0,0,0,0,0,0,0,0,0,0,0,0,0,0,0,0.1074959782745914,0.05898876404494382,21,0.3433734939759036,0.3727996254681625,0.0045746468324316,united states of america,extraction,USA,0,0,0.07,0.581,1,2,1,1,2,1,98,3,1,0.8666171596554353,0.8554794889536566,9,1,1
1922,Steyn Estate Gold Mines Limited,cyanid,2.103632,1,11,0,6,0,0,0,0,0,0,0,0,0,0,0,0,0,0,0,0,0,0,0,0,0,0,0,0,0.0833170093655721,0.10164835164835163,37,0.3388349514563107,0.3818485086342204,0.07158872865775193,united states of america,extraction,USA,0,0,0.094,0.581,1,2,1,1,2,1,98,3,1,0.9128783852142348,0.8977238173556666,11,1,1
1922,Steyn Estate Gold Mines Limited,cyanid,2.103632,1,11,0,6,0,0,0,0,0,0,0,0,0,0,0,0,0,0,0,0,0,0,0,0,0,0,0,0,0.0833170093655721,0.10164835164835163,37,0.3388349514563107,0.3818485086342204,0.07158872865775193,germany,extraction,DEU,0,0,0.084,0.674,1,1,1,1,1,1,89,1,1,0.9128783852142348,0.8977238173556666,11,1,1
1923,Steyn Estate Gold Mines Limited,cyanid,2.172919,1,11,0,4,1,1,1,0,0,0,0.2571845056278131,0.04347826086956521,2,0.3771929824561403,0.4090579710144928,0.03890958007511623,0.12873463546897115,0.025,1,0.4,0.44375,0,0.23814787294894357,0.05357142857142857,3,0.4087591240875912,0.45535714285714257,0.01019535559857028,0.071343784023262,0.0582010582010582,22,0.3389671361502347,0.36600529100528895,0.0200685436601966,united states of america,extraction,USA,0,0,0.096,0.581,1,2,1,1,2,1,98,3,1,0.9260468773507357,0.9128783852142348,11,1,1
1923,Steyn Estate Gold Mines Limited,cyanid,2.172919,1,11,0,4,1,1,1,0,0,0,0.2571845056278131,0.04347826086956521,2,0.3771929824561403,0.4090579710144928,0.03890958007511623,0.12873463546897115,0.025,1,0.4,0.44375,0,0.23814787294894357,0.05357142857142857,3,0.4087591240875912,0.45535714285714257,0.01019535559857028,0.071343784023262,0.0582010582010582,22,0.3389671361502347,0.36600529100528895,0.0200685436601966,canada,extraction,CAN,0,1,0.07,0.631,2,1,1,2,2,1,98,0,1,0.9260468773507357,0.9128783852142348,11,1,1
1914,Straits And General Development Limited,cyanid,1.725838,1,11,0,4,0,0,0,1,1,1,0.2683542283999278,0.03174603174603174,2,0.3726708074534162,0.4044973544973543,0.0267933338209836,0.25621399253382304,0.04166666666666666,3,0.4931506849315068,0.5115740740740741,0.00865076347309619,0.3230001998149075,0.05494505494505494,5,0.4690721649484536,0.4990842490842494,0.01597841403476586,0.0813491540923939,0.05277777777777778,19,0.32696390658174096,0.3307440476190464,0.02753657161046209,united states of america,extraction,USA,0,0,0.079,0.581,1,2,1,1,2,1,98,3,1,0.908179444741422,0.9228291504899564,11,1,1
1910,Suakin Mining Syndicate Limited,cyanid,2.310311,1,8,0,4,0,0,0,0,0,0,0,0,0,0,0,0,0,0,0,0,0,0,0,0,0,0,0,0,0.10055927837982452,0.05213270142180094,11,0.2745398773006135,0.2898781313473263,6.36485587343972e-4,united states of america,extraction,USA,0,0,0.098,0.581,1,2,1,1,2,1,98,3,1,0.900247987322166,0.8929159482487512,8,1,1
1911,Sub Nigel Limited,cyanid,1.701507,1,10,361.4368250161558,9,0,1,0,0,0,0,0,0,0,0,0,0,0.09192239306163544,0.01111111111111111,1,0.36885245901639346,0.4138888888888889,0,0.08337704983591247,0.00840336134453781,1,0.3439306358381503,0.38375350140056025,0,0.12553643353444147,0.10305343511450382,27,0.35121951219512193,0.3445656125045435,0.00625036556353021,united states of america,extraction,USA,0,0,0.098,0.581,1,2,1,1,2,1,98,3,1,0.9090477242361656,0.900247987322166,10,1,0
1912,Sub Nigel Limited,cyanid,1.703163,1,13,0,8,0,1,0,0,0,0,0,0,0,0,0,0,0.09268403705056942,0.01204819277108433,1,0.3878504672897196,0.4307228915662651,0,0.08711252237738422,0.00909090909090909,1,0.3588039867109635,0.39166666666666666,0,0.2098719960319026,0.08626198083067092,27,0.27229601518026564,0.3268715221590621,0.00411702324607976,united states of america,extraction,USA,0,0,0.098,0.581,1,2,1,1,2,1,98,3,1,0.9179453344387052,0.9090477242361656,13,1,1
1913,Sub Nigel Limited,cyanid,1.703992,1,5,0,1,0,0,0,0,0,0,0,0,0,0,0,0,0,0,0,0,0,0,0,0,0,0,0,0,0.09175158894674468,0.03144654088050314,10,0.26709796672828096,0.30408683734155495,0.00742291197796491,united states of america,extraction,USA,0,0,0.083,0.581,1,2,1,1,2,1,98,3,1,0.9228291504899564,0.9179453344387052,5,1,1
1915,Sub Nigel Limited,cyanid,1.703992,1,8,0,3,0,0,0,0,0,0,0,0,0,0,0,0,0,0,0,0,0,0,0,0,0,0,0,0,0.07974011733822836,0.07102272727272728,25,0.3515881708652793,0.3744656385281367,0.0398702964109454,united states of america,extraction,USA,0,0,0.07,0.581,1,2,1,1,2,1,98,3,1,0.8901492706922215,0.908179444741422,8,1,1
1916,Sub Nigel Limited,cyanid,1.703992,1,2,0,1,0,0,0,0,1,0,0,0,0,0,0,0,0.14256128783142594,0.01724137931034482,1,0.34523809523809523,0.3922413793103448,0,0.12751989150029022,0.01333333333333333,1,0.3232758620689655,0.36622222222222206,0,0.05123151395723815,0.04531722054380664,15,0.2864864864864865,0.3065026614875565,1.0010223361619082e-4,united states of america,extraction,USA,0,0,0.07,0.581,1,2,1,1,2,1,98,3,1,0.8715313750908763,0.8901492706922215,2,1,1
1917,Sub Nigel Limited,cyanid,1.667461,1,4,0,2,0,0,0,0,0,0,0,0,0,0,0,0,0,0,0,0,0,0,0,0,0,0,0,0,0.02745129794997491,0.04166666666666666,14,0.28973660308810173,0.3131164965986399,0.00193153705975747,united states of america,extraction,USA,0,0,0.07,0.581,1,2,1,1,2,1,98,3,1,0.8562317952059528,0.8715313750908763,4,1,1
1920,Sub Nigel Limited,cyanid,1.667461,1,9,0,4,1,1,1,0,0,0,0.21836681862294952,0.03703703703703703,2,0.40601503759398494,0.4506172839506171,0.07329442474189053,0.1058793240934913,0.01639344262295082,1,0.3630952380952381,0.4098360655737705,0,0.1969656504542284,0.03846153846153846,3,0.4041450777202073,0.44978632478632463,0.01404506773796733,0.08561160447158643,0.05989583333333333,23,0.36019417475728155,0.3984685019841257,0.00705195756018011,united states of america,extraction,USA,0,0,0.078,0.581,1,2,1,1,2,1,98,3,1,0.8827313706089669,0.8666171596554353,9,1,1
1921,Sub Nigel Limited,cyanid,1.828329,1,8,0,8,1,1,1,0,0,0,0.2852203022215309,0.0425531914893617,2,0.37815126050420167,0.41205673758865247,0.01937436539384627,0.08091713249657766,0.0196078431372549,1,0.34459459459459457,0.392156862745098,0,0.17892996731886943,0.04411764705882353,3,0.37777777777777777,0.4276960784313723,0.00682889752597075,0.15295104492292758,0.08355795148247978,31,0.357,0.38782569631626,0.01859985779083731,united states of america,extraction,USA,0,0,0.095,0.581,1,2,1,1,2,1,98,3,1,0.8977238173556666,0.8827313706089669,8,1,1
1921,Sub Nigel Limited,cyanid,1.828329,1,8,0,8,1,1,1,0,0,0,0.2852203022215309,0.0425531914893617,2,0.37815126050420167,0.41205673758865247,0.01937436539384627,0.08091713249657766,0.0196078431372549,1,0.34459459459459457,0.392156862745098,0,0.17892996731886943,0.04411764705882353,3,0.37777777777777777,0.4276960784313723,0.00682889752597075,0.15295104492292758,0.08355795148247978,31,0.357,0.38782569631626,0.01859985779083731,canada,extraction,CAN,0,1,0.067,0.631,2,1,1,2,2,1,98,0,1,0.8977238173556666,0.8827313706089669,8,1,1
1915,Sudan Gold Field Company,cyanid,0.6640106,1,5,4.176970860642289e-4,1,0,0,0,1,1,1,0.15980870579488565,0.03225806451612903,2,0.313953488372093,0.3209677419354839,0.00663925650705132,0.06036040362501666,0.01219512195121951,1,0.3082706766917293,0.34756097560975613,0,0.0987576553902594,0.03061224489795918,3,0.3333333333333333,0.37653061224489787,0.0024180408053582,1.7077832144409358e-4,0.03693181818181818,13,0.23126801152737753,0.2485400883838392,5.220207143284065e-4,australia,extraction,AUS,0,1,0.041,0.659,2,3,3,2,3,3,99,3,1,0.8901492706922215,0.908179444741422,5,1,1
1917,Sudan Gold Field Company,cyanid,0.6640106,1,5,0,3,0,1,0,0,0,0,0,0,0,0,0,0,0.08660622639904678,0.0217391304347826,1,0.3333333333333333,0.3804347826086956,0,0.09335250799859136,0.01639344262295082,1,0.3177083333333333,0.35710382513661215,0,2.2382743730064932e-4,0.0238095238095238,8,0.2651704073150457,0.2786281179138328,0.04912033027666537,australia,extraction,AUS,0,1,0.041,0.659,2,3,3,2,3,3,99,3,1,0.8562317952059528,0.8715313750908763,5,1,1
1919,Sudan Gold Field Company,cyanid,0.6640106,1,5,0,0,0,0,0,0,0,0,0,0,0,0,0,0,0,0,0,0,0,0,0,0,0,0,0,0,0.00311121471761806,0.00842696629213483,3,0.2671875,0.2787720706260038,0,australia,extraction,AUS,0,1,0.041,0.659,2,3,3,2,3,3,99,3,1,0.8666171596554353,0.8554794889536566,5,1,1
1920,Sudan Gold Field Company,cyanid,0.6640106,1,2,0,2,0,0,0,0,0,0,0,0,0,0,0,0,0,0,0,0,0,0,0,0,0,0,0,0,9.279649722236472e-4,0.04166666666666666,16,0.2772795216741405,0.30315600198412773,9.834965126984457e-4,australia,extraction,AUS,0,1,0.041,0.659,2,3,3,2,3,3,99,3,1,0.8827313706089669,0.8666171596554353,2,1,1
1909,Sulphide Corporation Limited,cyanid,4.757374,1,19,0,3,1,2,1,1,1,0,0.17115841645684443,0.02985074626865671,2,0.3439153439153439,0.3810945273631839,0.01280737203396634,0.2363410450040909,0.03947368421052631,3,0.4578313253012048,0.4912280701754386,0.00519496040188331,0.27060774473734744,0.05154639175257732,5,0.4298642533936652,0.46391752577319617,0.00868542640910029,0.00689130560533442,0.02247191011235955,4,0.2652671755725191,0.2369136793294098,0.05097441757125626,new zealand,extraction,NA,0,0,NA,NA,NA,NA,NA,NA,NA,NA,NA,NA,NA,0.8929159482487512,0.9055704681028238,19,1,1
1922,Sungel Best Mines Limited,cyanid,0.8857396,1,6,0,4,0,3,0,0,0,0,0,0,0,0,0,0,0.27557856432723377,0.06521739130434782,3,0.42592592592592593,0.4800724637681159,0.0100154113216852,0.2523156792577897,0.04838709677419355,3,0.38509316770186336,0.4354838709677417,0.00501461485338652,1.0218634686601834e-4,0.01373626373626373,5,0.20505287896592245,0.20877812663527143,0.01051599915236279,united states of america,extraction,USA,0,0,0.094,0.581,1,2,1,1,2,1,98,3,1,0.9128783852142348,0.8977238173556666,6,1,1
1920,Surprise Gold Mining,cyanid,0.7328692,1,0,0,0,0,0,0,0,0,0,0,0,0,0,0,0,0,0,0,0,0,0,0,0,0,0,0,0,0,0,0,0,0,0,united states of america,extraction,USA,0,0,0.078,0.581,1,2,1,1,2,1,98,3,1,0.8827313706089669,0.8666171596554353,0,1,1
1911,Surprise Gold Mining Company,cyanid,0.9722897,1,7,1.0013217677085525e-4,6,0,1,0,0,0,0,0,0,0,0,0,0,0.06519284687234889,0.01111111111111111,1,0.32608695652173914,0.36944444444444446,0,0.05920920951062067,0.00840336134453781,1,0.31151832460732987,0.3478991596638655,0,0.00293494074174289,0.04580152671755725,12,0.2776349614395887,0.2608142493638683,0.02169870810292357,united kingdom,extraction,GBR,1,1,0.028,0.73,2,2,2,2,2,2,98,3,1,0.9090477242361656,0.900247987322166,7,1,1
1911,Surprise Gold Mining Company,cyanid,0.9722897,1,7,2.8333329557698393e-4,6,0,1,0,0,0,0,0,0,0,0,0,0,0.06519284687234889,0.01111111111111111,1,0.32608695652173914,0.36944444444444446,0,0.05920920951062067,0.00840336134453781,1,0.31151832460732987,0.3478991596638655,0,0.00293494074174289,0.04580152671755725,12,0.2776349614395887,0.2608142493638683,0.02169870810292357,canada,extraction,CAN,0,1,0.072,0.61,2,1,1,2,1,1,96,0,1,0.9090477242361656,0.900247987322166,7,1,1
1912,Surprise Gold Mining Company,cyanid,0.973236,1,10,0,3,0,1,0,0,0,0,0,0,0,0,0,0,0.06865018010498351,0.01204819277108433,1,0.332,0.3765060240963855,0,0.06532842402389367,0.00909090909090909,1,0.31671554252199413,0.3483333333333332,0,0.00569157559689525,0.03514376996805112,11,0.26162260711030083,0.28962445080656046,0.02624156912381359,united states of america,extraction,USA,0,0,0.098,0.581,1,2,1,1,2,1,98,3,1,0.9179453344387052,0.9090477242361656,10,1,1
1912,Surprise Gold Mining Company,cyanid,0.973236,1,10,0,3,0,1,0,0,0,0,0,0,0,0,0,0,0.06865018010498351,0.01204819277108433,1,0.332,0.3765060240963855,0,0.06532842402389367,0.00909090909090909,1,0.31671554252199413,0.3483333333333332,0,0.00569157559689525,0.03514376996805112,11,0.26162260711030083,0.28962445080656046,0.02624156912381359,united kingdom,extraction,GBR,1,1,0.028,0.73,2,2,2,2,2,2,98,3,1,0.9179453344387052,0.9090477242361656,10,1,1
1912,Surprise Gold Mining Company,cyanid,0.973236,1,10,0,3,0,1,0,0,0,0,0,0,0,0,0,0,0.06865018010498351,0.01204819277108433,1,0.332,0.3765060240963855,0,0.06532842402389367,0.00909090909090909,1,0.31671554252199413,0.3483333333333332,0,0.00569157559689525,0.03514376996805112,11,0.26162260711030083,0.28962445080656046,0.02624156912381359,canada,extraction,CAN,0,1,0.072,0.61,2,1,1,2,1,1,96,0,1,0.9179453344387052,0.9090477242361656,10,1,1
1913,Surprise Gold Mining Company,cyanid,0.9737098,0,2,0,1,0,1,0,0,0,0,0,0,0,0,0,0,0.08346779310370923,0.01265822784810126,1,0.3134920634920635,0.35443037974683544,0,0.08162996540898496,0.01020408163265306,1,0.3089700996677741,0.32772108843537406,0,0.00232463772340269,0.01572327044025157,5,0.21172161172161172,0.22521591790459744,0.00305983933388523,united kingdom,extraction,GBR,1,1,0.028,0.73,2,2,2,2,2,2,98,3,1,0.9228291504899564,0.9179453344387052,2,1,1
1914,Surprise Gold Mining Company,cyanid,0.9861933,1,1,414.22319093851655,0,0,0,0,0,0,0,0,0,0,0,0,0,0,0,0,0,0,0,0,0,0,0,0,0,5.65141545477711e-5,0.00555555555555555,2,0.1830065359477124,0.16691909171075853,0,united states of america,extraction,USA,0,0,0.079,0.581,1,2,1,1,2,1,98,3,1,0.908179444741422,0.9228291504899564,1,1,0
1915,Surprise Gold Mining Company,cyanid,0.9514748,1,3,0,1,0,0,0,0,0,0,0,0,0,0,0,0,0,0,0,0,0,0,0,0,0,0,0,0,6.147889730326814e-5,0.01420454545454545,5,0.20723047127178823,0.2064055735930747,0.00518000518000518,united states of america,extraction,USA,0,0,0.07,0.581,1,2,1,1,2,1,98,3,1,0.8901492706922215,0.908179444741422,3,1,1
1916,Surprise Gold Mining Company,cyanid,0.9532888,1,2,0,1,0,0,0,0,0,0,0,0,0,0,0,0,0,0,0,0,0,0,0,0,0,0,0,0,0,0,0,0,0,0,united states of america,extraction,USA,0,0,0.07,0.581,1,2,1,1,2,1,98,3,1,0.8715313750908763,0.8901492706922215,2,1,1
1917,Surprise Gold Mining Company,cyanid,0.9528347,1,1,0,0,0,0,0,0,1,0,0,0,0,0,0,0,0.2195920143360879,0.04347826086956521,2,0.40350877192982454,0.45471014492753614,0.00470308369285351,0.2184328920777772,0.03278688524590164,2,0.3674698795180723,0.4153005464480873,0.00252269038915297,2.630729149597331e-5,0.00297619047619047,1,0.2087696335078534,0.2109871031746043,0,united states of america,extraction,USA,0,0,0.07,0.581,1,2,1,1,2,1,98,3,1,0.8562317952059528,0.8715313750908763,1,1,1
1919,Surprise Gold Mining Company,cyanid,0.8853475,1,2,0,1,0,0,0,0,0,0,0,0,0,0,0,0,0,0,0,0,0,0,0,0,0,0,0,0,0.00646875600756154,0.01123595505617977,4,0.2923076923076923,0.301805778491172,0.00573545667242753,united states of america,extraction,USA,0,0,0.07,0.581,1,2,1,1,2,1,98,3,1,0.8666171596554353,0.8554794889536566,2,1,1
1921,Surprise Gold Mining Company,cyanid,0.7698229,1,1,0,1,0,0,0,0,0,0,0,0,0,0,0,0,0,0,0,0,0,0,0,0,0,0,0,0,0.04397319300591237,0.02425876010781671,9,0.3324022346368715,0.347753818508534,0.00978701032101427,united states of america,extraction,USA,0,0,0.095,0.581,1,2,1,1,2,1,98,3,1,0.8977238173556666,0.8827313706089669,1,1,1
1923,Surprise Gold Mining Company,cyanid,0.9149131,1,2,0,2,0,0,0,0,0,0,0,0,0,0,0,0,0,0,0,0,0,0,0,0,0,0,0,0,0.03181555701554104,0.01587301587301587,6,0.3434823977164605,0.3570987654320969,0.01025321430617099,united states of america,extraction,USA,0,0,0.096,0.581,1,2,1,1,2,1,98,3,1,0.9260468773507357,0.9128783852142348,2,1,1
1895,Sutherland Reef Limited,amalgama,1.221896,1,6,0,0,0,0,0,0,0,0,0,0,0,0,0,0,0,0,0,0,0,0,0,0,0,0,0,0,0,0,0,0,0,0,canada,extraction,CAN,0,1,0.074,0.597,2,1,NA,2,1,NA,96,0,1,0.7078988530850715,0.6957655151230822,6,0,1
1908,Sutherland Reef Limited,cyanid,1.221896,1,3,0,0,0,0,0,0,1,0,0,0,0,0,0,0,0.07144419848945106,0.01265822784810126,1,0.34347826086956523,0.3892405063291139,0,0.06760491552178303,0.00925925925925925,1,0.31671554252199413,0.3574074074074073,0,0,0,0,0,0,0,canada,extraction,CAN,0,1,0.074,0.597,2,1,1,2,1,1,96,0,1,0.9055704681028238,0.9101864858593508,3,1,1
1909,Sutherland Reef Limited,cyanid,1.221896,1,4,0,1,0,0,0,0,0,0,0,0,0,0,0,0,0,0,0,0,0,0,0,0,0,0,0,0,0,0.00561797752808988,1,1,0.00561797752808988,0,canada,extraction,CAN,0,1,0.074,0.597,2,1,1,2,1,1,96,0,1,0.8929159482487512,0.9055704681028238,4,1,1
1914,Tabkwa Banket West,cyanid,0.2218935,1,4,0,0,0,0,0,0,1,0,0,0,0,0,0,0,0.07154364381956922,0.01388888888888888,1,0.3333333333333333,0.37847222222222215,0,0.0708818407772831,0.01098901098901099,1,0.3137931034482759,0.3558608058608057,0,0,0,0,0,0,0,united kingdom,extraction,GBR,1,1,0.028,0.73,2,2,2,2,2,2,98,3,1,0.908179444741422,0.9228291504899564,4,1,1
1908,Taitapu Gold Estates Limited,cyanid,0.8515815,1,2,0,0,0,0,0,0,1,0,0,0,0,0,0,0,0.16772967107531864,0.02531645569620253,2,0.42473118279569894,0.46413502109704646,0.00113949478575515,0.1539431862922427,0.01851851851851851,2,0.3737024221453287,0.41666666666666696,5.814739524188651e-4,0,0,0,0,0,0,new zealand,extraction,NA,0,0,NA,NA,NA,NA,NA,NA,NA,NA,NA,NA,NA,0.9055704681028238,0.9101864858593508,2,1,1
1911,Taitapu Gold Estates Limited,cyanid,1.473019,1,5,0.00246619026458951,2,0,0,0,0,0,0,0,0,0,0,0,0,0,0,0,0,0,0,0,0,0,0,0,0,0.01748969691712735,0.01526717557251908,4,0.2962962962962963,0.2778989458378781,0.01298831653112516,new zealand,extraction,NA,0,0,NA,NA,NA,NA,NA,NA,NA,NA,NA,NA,NA,0.9090477242361656,0.900247987322166,5,1,1
1910,Talisman Consolidated Limited,cyanid,1.50365,1,5,0,0,0,0,0,0,0,0,0,0,0,0,0,0,0,0,0,0,0,0,0,0,0,0,0,0,0,0,0,0,0,0,new zealand,extraction,NA,0,0,NA,NA,NA,NA,NA,NA,NA,NA,NA,NA,NA,0.900247987322166,0.8929159482487512,5,1,1
1912,Talisman Consolidated Limited,cyanid,1.50365,0,2,0,0,0,0,0,0,0,0,0,0,0,0,0,0,0,0,0,0,0,0,0,0,0,0,0,0,0,0,0,0,0,0,new zealand,extraction,NA,0,0,NA,NA,NA,NA,NA,NA,NA,NA,NA,NA,NA,0.9179453344387052,0.9090477242361656,2,1,1
1914,Talisman Consolidated Limited,cyanid,1.47929,0,4,0,0,0,0,0,0,1,0,0,0,0,0,0,0,0.1740896973950002,0.02777777777777777,2,0.41379310344827586,0.4571759259259259,0.00135147414697887,0.16356953228730878,0.02197802197802198,2,0.38235294117647056,0.4249084249084249,7.756810423699662e-4,0,0,0,0,0,0,new zealand,extraction,NA,0,0,NA,NA,NA,NA,NA,NA,NA,NA,NA,NA,NA,0.908179444741422,0.9228291504899564,4,1,1
1915,Talisman Consolidated Limited,cyanid,1.427212,0,1,0,0,0,0,0,0,0,0,0,0,0,0,0,0,0,0,0,0,0,0,0,0,0,0,0,0,0,0,0,0,0,0,new zealand,extraction,NA,0,0,NA,NA,NA,NA,NA,NA,NA,NA,NA,NA,NA,0.8901492706922215,0.908179444741422,1,1,1
1916,Talisman Consolidated Limited,cyanid,1.429933,0,2,0,1,0,0,0,0,0,0,0,0,0,0,0,0,0,0,0,0,0,0,0,0,0,0,0,0,1.1073914781064841e-8,0.00302114803625377,1,0.15347490347490347,0.1562640867021541,0,new zealand,extraction,NA,0,0,NA,NA,NA,NA,NA,NA,NA,NA,NA,NA,NA,0.8715313750908763,0.8901492706922215,2,1,1
1921,Talisman Consolidated Limited,cyanid,1.732102,1,12,0,0,0,0,0,0,0,0,0,0,0,0,0,0,0,0,0,0,0,0,0,0,0,0,0,0,0,0,0,0,0,0,new zealand,extraction,NA,0,0,NA,NA,NA,NA,NA,NA,NA,NA,NA,NA,NA,0.8977238173556666,0.8827313706089669,12,1,1
1915,Tanalyk Corporation Limited,cyanid,1.427212,1,5,0,2,1,1,1,0,1,0,0.02041412789447574,0.01612903225806451,1,0.2571428571428571,0.246774193548387,0,0.23642283724887303,0.03658536585365853,3,0.4767441860465117,0.5010162601626017,0.01174044238482851,0.23109780113151085,0.04081632653061224,4,0.4485981308411215,0.4727891156462587,0.01468254884371051,7.504843544250707e-5,0.00852272727272727,3,0.22400558269364967,0.22286593614718725,6.103566190979362e-4,united states of america,extraction,USA,0,0,0.07,0.581,1,2,1,1,2,1,98,3,1,0.8901492706922215,0.908179444741422,5,1,1
1916,Tanalyk Corporation Limited,cyanid,1.429933,1,1,0,0,0,0,0,0,0,0,0,0,0,0,0,0,0,0,0,0,0,0,0,0,0,0,0,0,1.0214705597958332e-4,0.00302114803625377,1,0.2244177840508116,0.22749244712991049,0,united states of america,extraction,USA,0,0,0.07,0.581,1,2,1,1,2,1,98,3,1,0.8715313750908763,0.8901492706922215,1,1,1
1917,Tanalyk Corporation Limited,cyanid,1.429252,1,3,0,2,0,0,0,0,1,0,0,0,0,0,0,0,0.3826272781048882,0.06521739130434782,3,0.4423076923076923,0.4909420289855072,0.00889188567126558,0.36266964574588945,0.04918032786885246,3,0.3860759493670886,0.4404371584699452,0.00443888438156124,9.180870052118636e-4,0.01785714285714285,6,0.25098347757671124,0.25661848072562393,0,russia,extraction,RUS,0,0,0.377,0.294,-1,-1,-2,-1,-1,-2,82,-1,0,0.8562317952059528,0.8715313750908763,3,1,1
1911,Taquah Mining,cyanid,1.701507,1,1,1.0013217677085525e-4,0,0,0,0,0,0,0,0,0,0,0,0,0,0,0,0,0,0,0,0,0,0,0,0,0,0,0,0,0,0,0,united kingdom,extraction,GBR,1,1,0.028,0.73,2,2,2,2,2,2,98,3,1,0.9090477242361656,0.900247987322166,1,1,1
1908,Taquah Mining And Exploration Limited,cyanid,1.157119,1,7,0,0,0,0,0,0,0,0,0,0,0,0,0,0,0,0,0,0,0,0,0,0,0,0,0,0,0,0,0,0,0,0,united kingdom,extraction,GBR,1,1,0.028,0.73,2,2,2,2,2,1,98,3,1,0.9055704681028238,0.9101864858593508,7,1,1
1909,Taquah Mining And Exploration Limited,cyanid,1.158796,1,1,373.76695325394866,1,0,0,0,0,0,0,0,0,0,0,0,0,0,0,0,0,0,0,0,0,0,0,0,0,0,0,0,0,0,0,united states of america,extraction,USA,0,0,0.117,0.581,1,1,1,1,1,1,98,1,1,0.8929159482487512,0.9055704681028238,1,1,0
1910,Taquah Mining And Exploration Limited,cyanid,1.702335,1,10,0,5,0,0,0,0,0,0,0,0,0,0,0,0,0,0,0,0,0,0,0,0,0,0,0,0,0,0,0,0,0,0,united kingdom,extraction,GBR,1,1,0.028,0.73,2,2,2,2,2,2,98,3,1,0.900247987322166,0.8929159482487512,10,1,1
1912,Taquah Mining And Exploration Limited,cyanid,1.703163,1,9,0,4,0,0,0,0,0,0,0,0,0,0,0,0,0,0,0,0,0,0,0,0,0,0,0,0,2.632640340748768e-4,0.01277955271565495,4,0.1889400921658986,0.19699989396475068,0.00585729499467518,united kingdom,extraction,GBR,1,1,0.028,0.73,2,2,2,2,2,2,98,3,1,0.9179453344387052,0.9090477242361656,9,1,1
1913,Taquah Mining And Exploration Limited,cyanid,1.703992,1,7,0,5,0,0,0,0,0,0,0,0,0,0,0,0,0,0,0,0,0,0,0,0,0,0,0,0,8.362983423139467e-6,0.01572327044025157,5,0.14508032128514056,0.1465486775628294,0.00571394559847628,united kingdom,extraction,GBR,1,1,0.028,0.73,2,2,2,2,2,2,98,3,1,0.9228291504899564,0.9179453344387052,7,1,1
1914,Taquah Mining And Exploration Limited,cyanid,1.725838,1,4,0,4,0,1,0,0,0,0,0,0,0,0,0,0,0.1024106055564552,0.01388888888888888,1,0.375,0.4201388888888888,0,0.09572347977228028,0.01098901098901099,1,0.35,0.39267399267399256,0,0.00196549831347419,0.01944444444444444,7,0.24425059476605868,0.23440145502645585,0.01233376698744448,united kingdom,extraction,GBR,1,1,0.028,0.73,2,2,2,2,2,2,98,3,1,0.908179444741422,0.9228291504899564,4,1,1
1915,Taquah Mining And Exploration Limited,cyanid,1.725838,1,6,0,5,0,1,0,0,0,0,0,0,0,0,0,0,0.10179419142368232,0.01219512195121951,1,0.36936936936936937,0.41463414634146345,0,0.09422722124891846,0.01020408163265306,1,0.35555555555555557,0.3897959183673468,0,0.00124309015439962,0.03125,11,0.2734241908006814,0.2776176948051956,0.0053234141140156,united kingdom,extraction,GBR,1,1,0.028,0.73,2,2,2,2,2,2,98,3,1,0.8901492706922215,0.908179444741422,6,1,1
1916,Taquah Mining And Exploration Limited,cyanid,1.133403,1,5,0,4,0,1,0,0,0,0,0,0,0,0,0,0,0.14256128783142596,0.01724137931034482,1,0.34523809523809523,0.3922413793103448,0,0.12751989150029022,0.01333333333333333,1,0.3232758620689655,0.36622222222222206,0,0.00118760494658975,0.03625377643504532,12,0.2710997442455243,0.2908933966335788,0.01243805341302985,united kingdom,extraction,GBR,1,1,0.031,0.73,2,2,2,2,2,2,94,3,1,0.8715313750908763,0.8901492706922215,5,1,1
1917,Taquah Mining And Exploration Limited,cyanid,1.132863,1,1,0,1,0,0,0,0,0,0,0,0,0,0,0,0,0,0,0,0,0,0,0,0,0,0,0,0,0,0.00297619047619047,1,1,0.00297619047619047,0,united states of america,extraction,USA,0,0,0.07,0.581,1,2,1,1,2,1,98,3,1,0.8562317952059528,0.8715313750908763,1,1,1
1919,Taquah Mining And Exploration Limited,cyanid,2.213369,1,5,0,4,0,1,0,0,0,0,0,0,0,0,0,0,0.1102124571826353,0.01538461538461538,1,0.3611111111111111,0.4076923076923077,0,0.10549702369375362,0.0125,1,0.34782608695652173,0.3893749999999998,0,0.00334420122842364,0.02808988764044943,10,0.27580645161290324,0.29108480470840115,0.00596046859588221,united kingdom,extraction,GBR,1,1,0.028,0.73,2,2,1,2,2,1,89,3,1,0.8666171596554353,0.8554794889536566,5,1,1
1920,Taquah Mining And Exploration Limited,cyanid,2.213369,1,4,0,4,0,0,0,0,0,0,0,0,0,0,0,0,0,0,0,0,0,0,0,0,0,0,0,0,0.0073268183476857,0.04166666666666666,16,0.3254385964912281,0.3466455853174584,0.02531053048333053,united kingdom,extraction,GBR,1,1,0.028,0.73,2,2,1,2,2,1,89,3,1,0.8827313706089669,0.8666171596554353,4,1,1
1921,Taquah Mining And Exploration Limited,cyanid,0.9152733,1,5,0,2,0,1,0,0,0,0,0,0,0,0,0,0,0.3878213916456566,0.0784313725490196,4,0.5204081632653061,0.5392156862745098,0.03255060918718952,0.3548000978831813,0.0588235294117647,4,0.44155844155844154,0.4816176470588233,0.01369487263556168,0.03983229222466649,0.02695417789757412,10,0.3266239707227813,0.34317160826594684,0.01185380158538092,united kingdom,extraction,GBR,1,1,0.028,0.73,2,2,1,2,2,1,89,3,1,0.8977238173556666,0.8827313706089669,5,1,1
1922,Taquah Mining And Exploration Limited,cyanid,1.053091,1,8,0,7,0,1,0,0,0,0,0,0,0,0,0,0,0.1326994970992395,0.0217391304347826,1,0.38333333333333336,0.4293478260869565,0,0.12077349902726046,0.01612903225806451,1,0.3583815028901734,0.3978494623655912,0,0.01237824009654448,0.05769230769230769,21,0.33174904942965777,0.3524725274725262,0.02454046452945435,united states of america,extraction,USA,0,0,0.094,0.581,1,2,1,1,2,1,98,3,1,0.9128783852142348,0.8977238173556666,8,1,1
1923,Taquah Mining And Exploration Limited,cyanid,1.37237,1,12,0,9,0,1,0,0,0,0,0,0,0,0,0,0,0.11214577304997948,0.025,1,0.3508771929824561,0.4,0,0.09466191116073322,0.01785714285714285,1,0.32748538011695905,0.3687500000000001,0,0.04083200928227219,0.10052910052910052,38,0.4015572858731925,0.43985890652557463,0.07860045138414377,united kingdom,extraction,GBR,1,1,0.027,0.73,2,2,1,2,2,1,89,3,1,0.9260468773507357,0.9128783852142348,12,1,1
1911,Tarkwa Banket Mining Siyndicate Limited,cyanid,0.3891051,1,5,1.0013217677085525e-4,0,0,0,0,0,0,0,0,0,0,0,0,0,0,0,0,0,0,0,0,0,0,0,0,0,0,0,0,0,0,0,united kingdom,extraction,GBR,1,1,0.028,0.73,2,2,2,2,2,2,98,3,1,0.9090477242361656,0.900247987322166,5,1,1
1912,Tarkwa Banket Mining Siyndicate Limited,cyanid,0.2189781,0,9,0,4,1,1,1,5,5,5,0.16976206802917143,0.0144927536231884,1,0.33004926108374383,0.36038647342995167,0,0.2183552781474258,0.03614457831325301,3,0.4368421052631579,0.4769076305220884,0.00229482138534163,0.2497196021790824,0.03636363636363636,4,0.4075471698113208,0.4439393939393942,0.00357857279437014,0,0.00319488817891373,1,1,0.00319488817891373,0,united kingdom,extraction,GBR,1,1,0.028,0.73,2,2,2,2,2,2,98,3,1,0.9179453344387052,0.9090477242361656,9,1,1
1913,Tarkwa Banket West Limited,cyanid,0.2190847,0,1,0,0,0,0,0,0,0,0,0,0,0,0,0,0,0,0,0,0,0,0,0,0,0,0,0,0,0,0,0,0,0,0,united kingdom,extraction,GBR,1,1,0.028,0.73,2,2,2,2,2,2,98,3,1,0.9228291504899564,0.9179453344387052,1,1,1
1920,Tarkwa Banket West Limited,cyanid,0.1648956,0,5,0,3,0,1,0,0,0,0,0,0,0,0,0,0,0.10587932409349132,0.01639344262295082,1,0.3630952380952381,0.4098360655737705,0,0.10117169068968512,0.01282051282051282,1,0.3436123348017621,0.3846153846153844,0,9.45593875492611e-5,0.015625,6,0.25067567567567567,0.26157614087301656,0.00635969246854009,united kingdom,extraction,GBR,1,1,0.028,0.73,2,2,1,2,2,1,89,3,1,0.8827313706089669,0.8666171596554353,5,1,1
1912,Tasmanian And Crown Lyell Extended,cyanid,0.3649635,1,13,959.9955790031456,3,0,1,0,1,2,1,0.1897478941181411,0.04347826086956521,3,0.33668341708542715,0.3797101449275361,0.03629480777818376,0.21835527814742575,0.03614457831325301,3,0.4368421052631579,0.4769076305220884,0.00229482138534163,0.2562897627963129,0.05454545454545454,6,0.41379310344827586,0.4560606060606063,0.02740618305639565,0.01303933244991093,0.06389776357827476,20,0.2692307692307692,0.31057759244660255,0.08385208234735377,australia,extraction,AUS,0,1,0.041,0.659,2,3,2,2,3,2,99,2,1,0.9179453344387052,0.9090477242361656,13,1,0
1913,Tasmanian Gold Mining Company,cyanid,1.217137,1,9,66.74367743964203,0,0,0,0,0,0,0,0,0,0,0,0,0,0,0,0,0,0,0,0,0,0,0,0,0,0,0,0,0,0,0,united states of america,extraction,USA,0,0,0.083,0.581,1,2,1,1,2,1,98,3,1,0.9228291504899564,0.9179453344387052,9,1,0
1914,Tasmanian Gold Mining Company,cyanid,1.217137,1,9,0,2,1,1,1,2,1,1,0.34976763149107865,0.09523809523809525,6,0.4316546762589928,0.47460317460317447,0.19671689464316192,0.25634944055279874,0.04166666666666666,3,0.4556962025316456,0.4907407407407408,0.00508570303067487,0.3574841096223194,0.0989010989010989,9,0.4739583333333333,0.5201465201465204,0.08246446517940376,1.263041915614635e-4,0.01666666666666666,6,0.20026007802340703,0.19629409171075907,0.00490799538371821,australia,extraction,AUS,0,1,0.041,0.659,2,3,2,2,3,2,99,2,1,0.908179444741422,0.9228291504899564,9,1,1
1908,Tasmanian Smelting Company,cyanid,2.189781,1,8,1935.325106752318,0,0,0,0,2,0,0,0.00956872891046486,0.01408450704225352,1,0.2158054711246201,0.2365191146881286,0,0,0,0,0,0,0,0.00210638301814438,0.00925925925925925,1,0.2405345211581292,0.2527777777777778,0,0,0,0,0,0,0,australia,extraction,AUS,0,1,0.041,0.659,2,2,2,2,2,2,99,2,1,0.9055704681028238,0.9101864858593508,8,1,0
1912,Tasmanian Syndicate Limited,cyanid,0.007766423,1,5,670.2485225146698,1,0,0,0,0,0,0,0,0,0,0,0,0,0,0,0,0,0,0,0,0,0,0,0,0,6.684055995328198e-4,0.00319488817891373,1,0.21102941176470588,0.22028765519180865,0,mexico,extraction,MEX,0,0,0.816,0.561,-2,-2,-3,-2,-2,-3,70,0,0,0.9179453344387052,0.9090477242361656,5,1,0
1894,Teutonia Gold Mining Company,cyanid,0.3658537,1,7,261.4279548040811,0,0,0,0,0,0,0,0,0,0,0,0,0,0,0,0,0,0,0,0,0,0,0,0,0,0,0,0,0,0,0,united kingdom,extraction,GBR,1,1,0.028,0.73,2,2,NA,2,2,NA,98,3,1,0.6957655151230822,0.6304463154435564,7,1,0
1917,Tharsis Sulphur And Copper Company,cyanid,6.085686,1,2,0,1,0,0,0,1,1,1,0.00692257088673288,0.02777777777777777,1,0.20253164556962025,0.22037037037037055,0,0.351560454963174,0.06521739130434782,3,0.4693877551020408,0.5072463768115941,0.02304761371955716,0.35835651459071943,0.06557377049180328,4,0.4178082191780822,0.4699453551912567,0.03372819401073572,3.0801540213088454e-5,0.00595238095238095,2,0.20795306388526727,0.21112882653061335,0.0056503198294243,chile,extraction,CHL,0,0,0.276,0.272,0,1,-1,0,1,-1,97,1,1,0.8562317952059528,0.8715313750908763,2,1,1
1908,Thistle Consolidated Mines Limited,cyanid,0.8763389,1,4,0,0,0,0,0,0,0,0,0,0,0,0,0,0,0,0,0,0,0,0,0,0,0,0,0,0,0,0,0,0,0,0,canada,extraction,CAN,0,1,0.074,0.597,2,1,1,2,1,1,96,0,1,0.9055704681028238,0.9101864858593508,4,1,1
1911,Thistle Consolidated Mines Limited,cyanid,0.8763389,1,1,2.8333329557698393e-4,1,0,0,0,0,0,0,0,0,0,0,0,0,0,0,0,0,0,0,0,0,0,0,0,0,0,0.00381679389312977,1,1,0.00381679389312977,0,canada,extraction,CAN,0,1,0.072,0.61,2,1,1,2,1,1,96,0,1,0.9090477242361656,0.900247987322166,1,1,1
1912,Thistle Consolidated Mines Limited,cyanid,0.8763389,1,2,0,2,0,0,0,0,0,0,0,0,0,0,0,0,0,0,0,0,0,0,0,0,0,0,0,0,0.00491223988153938,0.01277955271565495,4,0.2292332268370607,0.24680280670696103,0.00585729499467518,canada,extraction,CAN,0,1,0.072,0.61,2,1,1,2,1,1,96,0,1,0.9179453344387052,0.9090477242361656,2,1,1
1913,Thistle Consolidated Mines Limited,cyanid,0.8763389,1,3,0,3,0,0,0,0,0,0,0,0,0,0,0,0,0,0,0,0,0,0,0,0,0,0,0,0,0.01071262510614323,0.00943396226415094,3,0.22299382716049385,0.24048620841073728,0.01140805110806896,canada,extraction,CAN,0,1,0.072,0.61,2,1,1,2,1,1,96,0,1,0.9228291504899564,0.9179453344387052,3,1,1
1914,Thistle Consolidated Mines Limited,cyanid,0.887574,1,2,0,0,0,0,0,0,0,0,0,0,0,0,0,0,0,0,0,0,0,0,0,0,0,0,0,0,0,0,0,0,0,0,canada,extraction,CAN,0,1,0.067,0.61,2,1,1,2,1,1,96,0,1,0.908179444741422,0.9228291504899564,2,1,1
1911,Thistle Etna Gold Mines Limited,cyanid,0.3163017,1,2,4.5913793676987665e-4,0,0,0,0,0,0,0,0,0,0,0,0,0,0,0,0,0,0,0,0,0,0,0,0,0,0,0,0,0,0,0,united states of america,extraction,USA,0,0,0.098,0.581,1,2,1,1,2,1,98,3,1,0.9090477242361656,0.900247987322166,2,1,1
1912,Thistle Etna Gold Mines Limited,cyanid,0.3163017,1,2,0,1,1,1,1,0,0,0,0.3035856130474297,0.04347826086956521,3,0.3701657458563536,0.41231884057971,0.02250627710609658,0.22645832088580423,0.03614457831325301,3,0.494047619047619,0.5100401606425703,0.00647756617664988,0.2957100426285781,0.05454545454545454,6,0.463519313304721,0.4878787878787881,0.01635162610247639,2.088346269662333e-4,0.01597444089456869,5,0.2,0.2129508226952322,1.5387745020332882e-4,chile,extraction,CHL,0,0,0.276,0.272,0,1,-1,0,1,-1,97,1,1,0.9179453344387052,0.9090477242361656,2,1,1
1915,Thistle Etna Gold Mines Limited,cyanid,0.356803,1,4,0,1,0,0,0,0,0,0,0,0,0,0,0,0,0,0,0,0,0,0,0,0,0,0,0,0,2.128662027121388e-5,0.00284090909090909,1,0.20239596469104665,0.19590548340548417,0,chile,extraction,CHL,0,0,0.276,0.272,0,1,-1,0,1,-1,97,1,1,0.8901492706922215,0.908179444741422,4,1,1
1916,Thistle Etna Gold Mines Limited,cyanid,0.3574833,1,1,0,1,0,0,0,0,0,0,0,0,0,0,0,0,0,0,0,0,0,0,0,0,0,0,0,0,2.3283323572677585e-4,0.00302114803625377,1,0.2203742203742204,0.2239821608401681,0,chile,extraction,CHL,0,0,0.276,0.272,0,1,-1,0,1,-1,97,1,1,0.8715313750908763,0.8901492706922215,1,1,1
1913,Thistle Etna Gold Mlnes Limited,cyanid,0.6085686,1,5,0,2,0,0,0,0,1,0,0,0,0,0,0,0,0.17340599069790336,0.02531645569620253,2,0.35909090909090907,0.410337552742616,0.00200062732960572,0.164966733461569,0.02040816326530612,2,0.34572490706319703,0.3727891156462584,0.0011511462429235,0.00134780244919456,0.00628930817610062,2,0.1903820816864295,0.1981528691434358,5.894065648994976e-4,united states of america,extraction,USA,0,0,0.083,0.581,1,2,1,1,2,1,98,3,1,0.9228291504899564,0.9179453344387052,5,1,1
1914,Thistle Etna Gold Mlnes Limited,cyanid,0.6085686,1,5,0,2,0,0,0,0,0,0,0,0,0,0,0,0,0,0,0,0,0,0,0,0,0,0,0,0,0.01492640336199092,0.01666666666666666,6,0.2704126426690079,0.2646329365079376,0.00222124903266937,united states of america,extraction,USA,0,0,0.079,0.581,1,2,1,1,2,1,98,3,1,0.908179444741422,0.9228291504899564,5,1,1
1903,Timar Mining Syndicate Limited,amalgama,0.1945525,1,3,403.9522735311646,0,0,0,0,0,0,0,0,0,0,0,0,0,0,0,0,0,0,0,0,0,0,0,0,0,0,0,0,0,0,0,united states of america,extraction,USA,0,0,0.117,0.581,1,1,1,1,1,1,98,1,1,0.684490744492304,0.620634442833931,3,0,0
1903,Timar Mining Syndicate Limited,amalgama,0.1945525,1,3,1049.89592900531,0,0,0,0,0,0,0,0,0,0,0,0,0,0,0,0,0,0,0,0,0,0,0,0,0,0,0,0,0,0,0,spain,extraction,ESP,0,0,0.49,0.618,0,1,0,0,1,0,100,2,1,0.684490744492304,0.620634442833931,3,0,0
1909,Tindal Gold Mines Development Limited,cyanid,1.218324,1,3,0,0,0,0,0,0,0,0,0,0,0,0,0,0,0,0,0,0,0,0,0,0,0,0,0,0,0,0,0,0,0,0,australia,extraction,AUS,0,1,0.041,0.659,2,2,2,2,2,2,99,2,1,0.8929159482487512,0.9055704681028238,3,1,1
1914,Tolima Mining Company,cyanid,1.427212,1,9,0,2,1,0,0,0,0,0,0.1871438015854502,0.01587301587301587,1,0.32786885245901637,0.3542328042328043,0,0,0,0,0,0,0,0.04811949376023238,0.01098901098901099,1,0.2993421052631579,0.3335164835164835,0,1.4393088545132718e-4,0.00555555555555555,2,0.18689320388349517,0.17264550264550269,0.00475085112968121,mexico,extraction,MEX,0,0,0.774,0.561,-3,-3,-3,-3,-3,-3,69,0,0,0.908179444741422,0.9228291504899564,9,1,1
1915,Tolima Mining Company,cyanid,1.427212,1,9,767.5714544509678,4,0,1,0,0,1,0,0,0,0,0,0,0,0.16319973813125388,0.02439024390243902,2,0.405940594059406,0.4502032520325203,0.00222022715110416,0.15114676840386057,0.02040816326530612,2,0.384,0.4195578231292519,0.00120809926803674,0.04688057337127609,0.01988636363636363,7,0.31563421828908556,0.32662337662337604,0.00503149033820486,argentina,extraction,ARG,0,0,0.243,0.515,0,0,0,0,0,0,92,1,1,0.8901492706922215,0.908179444741422,9,1,0
1913,Tomboy Gold Mines Company,cyanid,1.703992,1,4,0,1,1,1,1,1,1,1,0.21808174232498043,0.03448275862068965,2,0.39814814814814814,0.3333333333333333,0.04073401895543457,0.19889486051727137,0.02531645569620253,2,0.383495145631068,0.4324894514767932,0.00251262876863247,0.2663145779841911,0.04081632653061224,4,0.4025974025974026,0.42976190476190496,0.01370184149559587,0,0.00314465408805031,1,1,0.00314465408805031,0,mexico,extraction,MEX,0,0,0.774,0.561,-3,-3,-3,-3,-3,-3,70,0,0,0.9228291504899564,0.9179453344387052,4,1,1
1916,Tomboy Gold Mines Company,cyanid,1.429933,1,4,0,4,1,1,1,0,0,0,0.1905979660798763,0.0238095238095238,1,0.3548387096774194,0.3134920634920636,0,0.1991681043058544,0.03448275862068965,2,0.37662337662337664,0.4295977011494253,0.00727259008571342,0.31632244929622727,0.04,3,0.36764705882352944,0.4177777777777776,0.00672820064605789,0.08086798896502706,0.05740181268882175,19,0.363013698630137,0.3986404833836837,0.1101191803536458,argentina,extraction,ARG,0,0,0.236,0.551,1,0,0,1,0,0,92,1,1,0.8715313750908763,0.8901492706922215,4,1,1
1917,Tomboy Gold Mines Company,cyanid,1.429252,1,4,3.7604060509083704e-4,0,0,0,0,0,0,0,0,0,0,0,0,0,0,0,0,0,0,0,0,0,0,0,0,0,0.02158366923745798,0.00595238095238095,2,0.2972972972972973,0.3188917233560093,3.543077744375935e-4,argentina,extraction,ARG,0,0,0.222,0.551,1,1,0,1,1,0,92,1,1,0.8562317952059528,0.8715313750908763,4,1,1
1919,Tomboy Gold Mines Company,cyanid,1.549358,1,7,0,2,1,0,0,0,1,0,4.1103904540928206e-17,0.01886792452830188,1,1,0.01886792452830188,0,0.11021245718263524,0.01538461538461538,1,0.3611111111111111,0.4076923076923077,0,0.10668438052315964,0.025,2,0.3508771929824561,0.3977083333333331,0.025,0,0.00842696629213483,3,1,0.00842696629213483,4.747586643456243e-5,argentina,extraction,ARG,0,0,0.222,0.551,1,1,0,1,1,0,92,1,1,0.8666171596554353,0.8554794889536566,7,1,1
1920,Tomboy Gold Mines Company,cyanid,1.099304,1,1,0,1,0,0,0,0,0,0,0,0,0,0,0,0,0,0,0,0,0,0,0,0,0,0,0,0,0.00448422089424055,0.01041666666666666,4,0.2930489731437599,0.3119233630952382,0.01004949956483899,argentina,extraction,ARG,0,0,0.222,0.551,1,1,0,1,1,0,92,1,1,0.8827313706089669,0.8666171596554353,1,1,1
1910,Tominil Mexican Mining Company,cyanid,1.702335,1,3,0,0,0,0,0,0,0,0,0,0,0,0,0,0,0,0,0,0,0,0,0,0,0,0,0,0,0,0,0,0,0,0,united states of america,extraction,USA,0,0,0.098,0.581,1,2,1,1,2,1,98,3,1,0.900247987322166,0.8929159482487512,3,1,1
1911,Tominil Mexican Mining Company,cyanid,1.702335,1,4,0.00295336889707065,2,0,0,0,1,1,1,0.20315053429097463,0.02631578947368421,2,0.3882978723404255,0.4155701754385963,0.01065034282495655,0.15711523993398438,0.02222222222222222,2,0.4128440366972478,0.4546296296296297,0.00148674662290827,0.2219112600849945,0.03361344537815126,4,0.4047619047619048,0.4488795518207286,0.00610933058339289,0,0,0,0,0,0,united states of america,extraction,USA,0,0,0.098,0.581,1,2,1,1,2,1,98,3,1,0.9090477242361656,0.900247987322166,4,1,1
1915,Tominil Mexican Mining Company,cyanid,1.702335,1,4,0,0,0,0,0,0,0,0,0,0,0,0,0,0,0,0,0,0,0,0,0,0,0,0,0,0,0,0,0,0,0,0,united states of america,extraction,USA,0,0,0.07,0.581,1,2,1,1,2,1,98,3,1,0.8901492706922215,0.908179444741422,4,1,1
1916,Tominil Mexican Mining Company,cyanid,1.702335,1,2,0,1,1,1,1,0,0,0,0,0.0238095238095238,1,0.5714285714285714,0.05952380952380952,0,0.142561287831426,0.01724137931034482,1,0.34523809523809523,0.3922413793103448,0,0.14150690023035606,0.02666666666666667,2,0.32894736842105265,0.37844444444444425,0.0036601014054733,2.942603652113962e-4,0.02114803625377643,7,0.2467028704422033,0.2658466407711128,0.02405873892805276,united states of america,extraction,USA,0,0,0.07,0.581,1,2,1,1,2,1,98,3,1,0.8715313750908763,0.8901492706922215,2,1,1
1917,Tominil Mexican Mining Company,cyanid,1.702335,1,2,0,0,0,0,0,0,0,0,0,0,0,0,0,0,0,0,0,0,0,0,0,0,0,0,0,0,0,0,0,0,0,0,united states of america,extraction,USA,0,0,0.07,0.581,1,2,1,1,2,1,98,3,1,0.8562317952059528,0.8715313750908763,2,1,1
1916,Toront Rhodesia Syndicate Limited,cyanid,0.2383222,1,7,0,0,0,0,0,0,0,0,0,0,0,0,0,0,0,0,0,0,0,0,0,0,0,0,0,0,0,0,0,0,0,0,united states of america,extraction,USA,0,0,0.07,0.581,1,2,1,1,2,1,98,3,1,0.8715313750908763,0.8901492706922215,7,1,1
1919,Toront Rhodesia Syndicate Limited,cyanid,0.2213369,1,7,5.637754847977668e-4,1,0,0,0,0,0,0,0,0,0,0,0,0,0,0,0,0,0,0,0,0,0,0,0,0,3.473392918130308e-4,0.01123595505617977,4,0.24710982658959535,0.2565609951845913,0.00146595917616921,canada,extraction,CAN,0,1,0.067,0.631,2,2,1,2,2,1,98,0,1,0.8666171596554353,0.8554794889536566,7,1,1
1920,Toront Rhodesia Syndicate Limited,cyanid,0.1832173,1,6,0,2,0,0,0,1,1,1,0.18350210651708015,0.01851851851851851,1,0.33540372670807456,0.38765432098765434,0,0.41575681173491774,0.06557377049180328,4,0.5169491525423728,0.5327868852459017,0.01904668915210136,0.4567957431263229,0.0641025641025641,5,0.467065868263473,0.5021367521367524,0.01518606074847973,5.938236183270116e-4,0.02083333333333333,8,0.3028571428571429,0.3174913194444443,0.00219413121722212,canada,extraction,CAN,0,1,0.067,0.631,2,1,1,2,2,1,98,0,1,0.8827313706089669,0.8666171596554353,6,1,1
1921,Toront Rhodesia Syndicate Limited,cyanid,0.1924557,1,6,0,1,0,0,0,0,0,0,0,0,0,0,0,0,0,0,0,0,0,0,0,0,0,0,0,0,0.02705006922530616,0.03234501347708895,12,0.3184656556645852,0.3384097035040424,0.00462980948355383,canada,extraction,CAN,0,1,0.067,0.631,2,1,1,2,2,1,98,0,1,0.8977238173556666,0.8827313706089669,6,1,1
1922,Toront Rhodesia Syndicate Limited,cyanid,0.2214349,1,5,0,2,1,1,1,0,0,0,0.22177456628148337,0.02564102564102564,1,0.31896551724137934,0.3572649572649573,0,0.4082780614264734,0.08695652173913043,4,0.5227272727272727,0.5434782608695652,0.02534242711755218,0.4464382644797457,0.08064516129032258,5,0.46616541353383456,0.5053763440860213,0.02066037172454348,0.0088298063638601,0.01648351648351648,6,0.3155515370705244,0.3281135531135528,0.00313846820091617,canada,extraction,CAN,0,1,0.07,0.631,2,1,1,2,2,1,98,0,1,0.9128783852142348,0.8977238173556666,5,1,1
1923,Toront Rhodesia Syndicate Limited,cyanid,0.2287283,1,7,0,5,0,0,0,0,0,0,0,0,0,0,0,0,0,0,0,0,0,0,0,0,0,0,0,0,0.152540058198787,0.08994708994708994,34,0.4262101534828808,0.4537477954144642,0.03497534904524943,canada,extraction,CAN,0,1,0.07,0.631,2,1,1,2,2,1,98,0,1,0.9260468773507357,0.9128783852142348,7,1,1
1917,Toserco Rhodesia Syndicate,cyanid,0.2382087,1,0,68.14249924481801,0,0,0,0,0,0,0,0,0,0,0,0,0,0,0,0,0,0,0,0,0,0,0,0,0,0,0,0,0,0,0,canada,extraction,CAN,0,1,0.067,0.61,2,2,1,2,2,1,98,0,1,0.8562317952059528,0.8715313750908763,0,1,0
1916,Tough Oakes Gold Mines Limited,cyanid,4.766444e-4,1,2,41.73661179926606,1,0,0,0,0,0,0,0,0,0,0,0,0,0,0,0,0,0,0,0,0,0,0,0,0,3.0590250603082634e-6,0.00302114803625377,1,0.18705882352941175,0.18798614108281775,0,united states of america,extraction,USA,0,0,0.07,0.581,1,2,1,1,2,1,98,3,1,0.8715313750908763,0.8901492706922215,2,1,1
1917,Tough Oakes Gold Mines Limited,cyanid,2.656042,1,2,0,1,0,0,0,0,0,0,0,0,0,0,0,0,0,0,0,0,0,0,0,0,0,0,0,0,5.8398217181107095e-6,0.00892857142857142,3,0.2027972027972028,0.20569727891156556,0.00281627576403695,canada,extraction,CAN,0,1,0.067,0.61,2,2,1,2,2,1,98,0,1,0.8562317952059528,0.8715313750908763,2,1,1
1908,Trans Continental Transportation And Mining,cyanid,0.400545,1,2,0,0,0,0,0,0,0,0,0,0,0,0,0,0,0,0,0,0,0,0,0,0,0,0,0,0,0,0,0,0,0,0,united kingdom,extraction,GBR,1,1,0.028,0.73,2,2,2,2,2,1,98,3,1,0.9055704681028238,0.9101864858593508,2,1,1
1923,Transvaal And Rhodesian Estates,cyanid,4.516802,1,0,0,0,0,0,0,0,0,0,0,0,0,0,0,0,0,0,0,0,0,0,0,0,0,0,0,0,0,0,0,0,0,0,united states of america,extraction,USA,0,0,0.096,0.581,1,2,1,1,2,1,98,3,1,0.9260468773507357,0.9128783852142348,0,1,1
1914,Transvaal And Rhodesian Estates Limited,cyanid,4.370841,1,3,0,0,0,0,0,0,0,0,0,0,0,0,0,0,0,0,0,0,0,0,0,0,0,0,0,0,0,0,0,0,0,0,united states of america,extraction,USA,0,0,0.079,0.581,1,2,1,1,2,1,98,3,1,0.908179444741422,0.9228291504899564,3,1,1
1915,Transvaal And Rhodesian Estates Limited,cyanid,4.370841,1,3,0,0,0,0,0,0,0,0,0,0,0,0,0,0,0,0,0,0,0,0,0,0,0,0,0,0,0,0,0,0,0,0,united states of america,extraction,USA,0,0,0.07,0.581,1,2,1,1,2,1,98,3,1,0.8901492706922215,0.908179444741422,3,1,1
1916,Transvaal And Rhodesian Estates Limited,cyanid,4.370841,1,3,0,0,0,0,0,1,0,0,0.16345268186683384,0.0238095238095238,1,0.32673267326732675,0.2952380952380952,0,0,0,0,0,0,0,0.06911750658761154,0.01333333333333333,1,0.2798507462686567,0.30777777777777776,0,0,0,0,0,0,0,united states of america,extraction,USA,0,0,0.07,0.581,1,2,1,1,2,1,98,3,1,0.8715313750908763,0.8901492706922215,3,1,1
1917,Transvaal And Rhodesian Estates Limited,cyanid,4.370841,1,3,0,0,0,0,0,0,0,0,0,0,0,0,0,0,0,0,0,0,0,0,0,0,0,0,0,0,0,0,0,0,0,0,united states of america,extraction,USA,0,0,0.07,0.581,1,2,1,1,2,1,98,3,1,0.8562317952059528,0.8715313750908763,3,1,1
1919,Transvaal And Rhodesian Estates Limited,cyanid,4.370841,1,7,0,2,0,1,0,0,0,0,0,0,0,0,0,0,0.1102124571826353,0.01538461538461538,1,0.3611111111111111,0.4076923076923077,0,0.10549702369375372,0.0125,1,0.34782608695652173,0.3893749999999998,0,0.00908066014882774,0.03089887640449438,11,0.30212014134275617,0.32031835205992504,0.01743412842120959,united states of america,extraction,USA,0,0,0.07,0.581,1,2,1,1,2,1,98,3,1,0.8666171596554353,0.8554794889536566,7,1,1
1922,Transvaal And Rhodesian Estates Limited,cyanid,4.372777,1,15,0,2,0,0,0,0,1,0,0,0,0,0,0,0,0.10960649465894934,0.0217391304347826,1,0.35384615384615387,0.4021739130434782,0,0.10037965332984285,0.01612903225806451,1,0.33513513513513515,0.3755376344086021,0,0.03242354434347724,0.01923076923076923,7,0.3216589861751152,0.33766352694924046,0.00361283816059138,canada,extraction,CAN,0,1,0.07,0.631,2,1,1,2,2,1,98,0,1,0.9128783852142348,0.8977238173556666,15,1,1
1921,Transvaal Estates And Development Company,cyanid,1.924557,1,20,0,12,0,0,0,0,1,0,0,0,0,0,0,0,0.1241983818719995,0.0196078431372549,1,0.3642857142857142,0.4117647058823529,0,0.11214228748674776,0.01470588235294117,1,0.34,0.3821078431372547,0,0.12315891975349624,0.07277628032345014,27,0.3722627737226277,0.3998203054806816,0.03327723145373625,united states of america,extraction,USA,0,0,0.095,0.581,1,2,1,1,2,1,98,3,1,0.8977238173556666,0.8827313706089669,20,1,1
1914,Transvaal Gem Mining Limited,cyanid,0.9861933,1,10,0,7,2,3,2,0,1,0,0.09685230876195068,0.03174603174603174,2,0.28708133971291866,0.3182539682539683,0.00396825396825396,0.25621399253382293,0.04166666666666666,3,0.4931506849315068,0.5115740740740741,0.00865076347309619,0.28072863963469424,0.05494505494505494,5,0.4504950495049505,0.4880952380952384,0.01846777726935575,0.22781289017597808,0.07777777777777778,28,0.31237322515212984,0.32018849206349137,0.00490207381435686,canada,extraction,CAN,0,1,0.067,0.61,2,1,1,2,1,1,96,0,1,0.908179444741422,0.9228291504899564,10,1,1
1919,Transvaal Gold Mining Ates,cyanid,2.833112,1,0,0,0,0,0,0,0,0,0,0,0,0,0,0,0,0,0,0,0,0,0,0,0,0,0,0,0,0,0,0,0,0,0,canada,extraction,CAN,0,1,0.067,0.631,2,2,1,2,2,1,98,0,1,0.8666171596554353,0.8554794889536566,0,1,1
1909,Transvaal Gold Mining Estates,cyanid,0.9746589,1,0,0,0,0,0,0,0,0,0,0,0,0,0,0,0,0,0,0,0,0,0,0,0,0,0,0,0,0,0,0,0,0,0,canada,extraction,CAN,0,1,0.074,0.597,2,1,1,2,1,1,96,0,1,0.8929159482487512,0.9055704681028238,0,1,1
1910,Transvaal Gold Mining Estates,cyanid,0.9746589,1,0,0,0,0,0,0,0,0,0,0,0,0,0,0,0,0,0,0,0,0,0,0,0,0,0,0,0,0,0,0,0,0,0,south africa,extraction,ZAF,1,1,0.408,0.115,-1,-2,-3,-1,-2,-3,82,-2,0,0.900247987322166,0.8929159482487512,0,1,1
1917,Transvaal Gold Mining Estates,cyanid,0.9528347,1,0,0,0,0,0,0,0,0,0,0,0,0,0,0,0,0,0,0,0,0,0,0,0,0,0,0,0,0,0,0,0,0,0,canada,extraction,CAN,0,1,0.067,0.61,2,2,1,2,2,1,98,0,1,0.8562317952059528,0.8715313750908763,0,1,1
1911,Transvaal Gold Mining Estates Limited,cyanid,0.9722897,1,16,2.8333329557698393e-4,7,2,3,1,2,1,1,0.22372577056562695,0.02631578947368421,2,0.4010989010989011,0.4254385964912279,0.01073127892732146,0.22897564057717584,0.03333333333333333,3,0.47368421052631576,0.4981481481481482,0.00602757070094527,0.28714954295259365,0.04201680672268908,5,0.4541984732824427,0.48599439775910386,0.01347084424103878,0.2920709331855097,0.12595419847328243,33,0.3870967741935484,0.3809796437659024,0.01470412825271973,canada,extraction,CAN,0,1,0.072,0.61,2,1,1,2,1,1,96,0,1,0.9090477242361656,0.900247987322166,16,1,1
1912,Transvaal Gold Mining Estates Limited,cyanid,0.973236,1,23,0,6,2,3,1,0,0,0,0.03910037886917819,0.0144927536231884,1,0.24907063197026025,0.27960662525879926,0,0.15780814078082056,0.02409638554216867,2,0.4715909090909091,0.4929718875502009,0.00353035756494714,0.16195039063419955,0.02727272727272727,3,0.43373493975903615,0.4583333333333336,0.01245691966963857,0.2622304140797247,0.11182108626198084,35,0.31607929515418504,0.37661772909376656,0.05152644406041015,canada,extraction,CAN,0,1,0.072,0.61,2,1,1,2,1,1,96,0,1,0.9179453344387052,0.9090477242361656,23,1,1
1912,Transvaal Gold Mining Estates Limited,cyanid,0.973236,1,23,0,6,2,3,1,0,0,0,0.03910037886917819,0.0144927536231884,1,0.24907063197026025,0.27960662525879926,0,0.15780814078082056,0.02409638554216867,2,0.4715909090909091,0.4929718875502009,0.00353035756494714,0.16195039063419955,0.02727272727272727,3,0.43373493975903615,0.4583333333333336,0.01245691966963857,0.2622304140797247,0.11182108626198084,35,0.31607929515418504,0.37661772909376656,0.05152644406041015,south africa,extraction,ZAF,1,1,0.408,0.115,-1,-1,-1,-1,-1,-2,84,2,0,0.9179453344387052,0.9090477242361656,23,1,1
1913,Transvaal Gold Mining Estates Limited,cyanid,0.9737098,1,3,0,1,0,0,0,0,0,0,0,0,0,0,0,0,0,0,0,0,0,0,0,0,0,0,0,0,0.11088620496183164,0.02830188679245283,9,0.25620567375886527,0.2958433512678802,0.00252655405237132,canada,extraction,CAN,0,1,0.072,0.61,2,1,1,2,1,1,96,0,1,0.9228291504899564,0.9179453344387052,3,1,1
1916,Transvaal Gold Mining Estates Limited,cyanid,0.9532888,1,19,0,11,1,3,1,0,0,0,0.1634526818668339,0.0238095238095238,1,0.32673267326732675,0.2952380952380952,0,0.1991681043058545,0.03448275862068965,2,0.37662337662337664,0.4295977011494253,0.00727259008571342,0.2908415799216337,0.04,3,0.375,0.4244444444444443,0.00993916677377203,0.3834820303867298,0.2114803625377643,70,0.3741176470588235,0.4498992950654566,0.05143802490651712,canada,extraction,CAN,0,1,0.067,0.61,2,2,1,2,2,1,98,0,1,0.8715313750908763,0.8901492706922215,19,1,1
1917,Transvaal Gold Mining Estates Limited,cyanid,0.6991424,1,10,0,6,0,1,0,0,0,0,0,0,0,0,0,0,0.08660622639904678,0.0217391304347826,1,0.3333333333333333,0.3804347826086956,0,0.0933525079985914,0.01639344262295082,1,0.3177083333333333,0.35710382513661215,0,0.31249227030145393,0.1875,63,0.3709302325581395,0.43912273242630223,0.02528206646775389,canada,extraction,CAN,0,1,0.067,0.61,2,2,1,2,2,1,98,0,1,0.8562317952059528,0.8715313750908763,10,1,1
1919,Transvaal Gold Mining Estates Limited,cyanid,0.6496236999999999,1,12,0,6,1,1,1,1,1,1,0.2408259258610258,0.01886792452830188,1,0.3516483516483517,0.24056603773584911,0,0.3768823488667496,0.06153846153846154,4,0.5158730158730159,0.5307692307692308,0.01899609558977301,0.4061394092775423,0.0625,5,0.4705882352941176,0.501041666666667,0.01543682697691149,0.7580591536903724,0.20786516853932585,74,0.43018867924528303,0.4850187265917631,0.06429400526149937,canada,extraction,CAN,0,1,0.067,0.631,2,2,1,2,2,1,98,0,1,0.8666171596554353,0.8554794889536566,12,1,1
1922,Transvaal Gold Mining Estates Limited,cyanid,0.8857396,1,12,0,8,2,1,1,0,0,0,0.22177456628148337,0.02564102564102564,1,0.31896551724137934,0.3572649572649573,0,0.32735447786146404,0.06521739130434782,3,0.5,0.5235507246376812,0.016365160465796,0.3722383600991538,0.06451612903225806,4,0.45255474452554745,0.49059139784946215,0.01434940530982027,0.4036952369394,0.14835164835164835,54,0.3984018264840183,0.447390109890111,0.08304564231684405,canada,extraction,CAN,0,1,0.07,0.631,2,1,1,2,2,1,98,0,1,0.9128783852142348,0.8977238173556666,12,1,1
1922,Transvaal Gold Mining Estates Limited,cyanid,0.8857396,1,12,0,8,2,1,1,0,0,0,0.22177456628148337,0.02564102564102564,1,0.31896551724137934,0.3572649572649573,0,0.32735447786146404,0.06521739130434782,3,0.5,0.5235507246376812,0.016365160465796,0.3722383600991538,0.06451612903225806,4,0.45255474452554745,0.49059139784946215,0.01434940530982027,0.4036952369394,0.14835164835164835,54,0.3984018264840183,0.447390109890111,0.08304564231684405,south africa,extraction,ZAF,1,1,0.408,0.115,-1,-1,-1,-1,-1,-1,84,2,0,0.9128783852142348,0.8977238173556666,12,1,1
1894,Transvaal Lands Company,cyanid,0.03851417,1,8,602.1632138322101,4,0,2,0,0,1,0,0,0,0,0,0,0,0.5441192665025064,0.2307692307692308,3,0.5,0.5833333333333334,0.01047600170903338,0.5087848504210749,0.16666666666666666,3,0.42857142857142855,0.5092592592592592,0.00499429666723182,0.9999999999999996,0.6666666666666666,4,1,0.16666666666666666,0,canada,extraction,CAN,0,1,0.074,0.597,2,1,NA,2,1,NA,96,0,1,0.6957655151230822,0.6304463154435564,8,1,0
1895,Transvaal Lands Company,cyanid,0.03851417,1,8,0,0,0,0,0,0,0,0,0,0,0,0,0,0,0,0,0,0,0,0,0,0,0,0,0,0,3.179467918045857e-17,0.05714285714285714,2,0.75,0.07142857142857142,8.403361344537816e-4,canada,extraction,CAN,0,1,0.074,0.597,2,1,NA,2,1,NA,96,0,1,0.7078988530850715,0.6957655151230822,8,1,1
1915,Transvaal Lands Company,cyanid,0.9514748,1,8,0,3,1,2,1,0,0,0,0.02041412789447574,0.01612903225806451,1,0.2571428571428571,0.246774193548387,0,0.17501729054130136,0.02439024390243902,2,0.43617021276595747,0.47154471544715454,0.00347988074351149,0.17417825397656886,0.03061224489795918,3,0.42105263157894735,0.45068027210884376,0.00825747404565355,0.00320192481399113,0.02556818181818182,9,0.3039772727272727,0.3126488095238093,0.01815993134211285,canada,extraction,CAN,0,1,0.067,0.61,2,2,1,2,2,1,98,0,1,0.8901492706922215,0.908179444741422,8,1,1
1920,Transvaal Lands Company,cyanid,0.7328692,1,8,0,0,0,0,0,0,0,0,0,0,0,0,0,0,0,0,0,0,0,0,0,0,0,0,0,0,6.135174215381514e-5,0.00260416666666666,1,0.2448844884488449,0.25441468253968325,0,canada,extraction,CAN,0,1,0.067,0.631,2,1,1,2,2,1,98,0,1,0.8827313706089669,0.8666171596554353,8,1,1
1923,Transvaal Tin Fields Limited,cyanid,1.143641,1,3,0,1,0,0,0,0,0,0,0,0,0,0,0,0,0,0,0,0,0,0,0,0,0,0,0,0,0.02552243758246305,0.0291005291005291,11,0.3484555984555985,0.3618606701940014,0.00150769762593672,canada,extraction,CAN,0,1,0.07,0.631,2,1,1,2,2,1,98,0,1,0.9260468773507357,0.9128783852142348,3,1,1
1923,Transvaal Tin Fields Limited,cyanid,1.143641,1,3,0,1,0,0,0,0,0,0,0,0,0,0,0,0,0,0,0,0,0,0,0,0,0,0,0,0,0.02552243758246305,0.0291005291005291,11,0.3484555984555985,0.3618606701940014,0.00150769762593672,south africa,extraction,ZAF,1,1,0.408,0.115,-1,-1,-1,-1,-1,-1,84,2,0,0.9260468773507357,0.9128783852142348,3,1,1
1910,Transvaal United Trust Finance Limited,cyanid,1.322957,1,26,0,9,1,2,0,1,1,0,0.1732413396052307,0.03508771929824561,2,0.36774193548387096,0.41520467836257285,0.01140990359256612,0.25130488281087304,0.04545454545454545,3,0.4714285714285714,0.5012626262626262,0.00912836228322155,0.2965937301944368,0.05681818181818181,5,0.43781094527363185,0.4801136363636367,0.01579358827814917,0.3625720332296501,0.16113744075829384,34,0.3530571992110454,0.3983976529000222,0.025621795079503,canada,extraction,CAN,0,1,0.074,0.597,2,1,1,2,1,1,96,0,1,0.900247987322166,0.8929159482487512,26,1,1
1895,Treasury Gold Mining Company,cyanid,0.1955034,1,20,0,0,0,0,0,4,4,2,0.30072292238945597,0.0625,2,0.3880597014925373,0.3645833333333334,0.1774193548387097,0.08960231452650926,0.03125,1,0.3333333333333333,0.3828125,0,0.17595048945290157,0.06666666666666667,3,0.3629032258064516,0.4255555555555556,0.03759203974989959,0,0,0,0,0,0,united states of america,extraction,USA,0,0,0.147,0.478,1,1,NA,1,1,NA,95,1,1,0.7078988530850715,0.6957655151230822,20,1,1
1909,Treasury Gold Mining Company,cyanid,0.1955034,1,1,0,1,0,1,0,0,0,0,0,0,0,0,0,0,0.07415608496843451,0.0131578947368421,1,0.34234234234234234,0.3881578947368421,0,0.0676236163526022,0.01030927835051546,1,0.3310104529616725,0.3628865979381442,0,0.01265754834170443,0.01123595505617977,2,0.27416173570019725,0.23943953986088823,0,canada,extraction,CAN,0,1,0.074,0.597,2,1,1,2,1,1,96,0,1,0.8929159482487512,0.9055704681028238,1,1,1
1911,Treasury Gold Mining Company,cyanid,0.06931287,1,1,2.8333329557698393e-4,1,0,1,0,0,0,0,0,0,0,0,0,0,0.06885588159488937,0.01111111111111111,1,0.3435114503816794,0.3888888888888889,0,0.06282619088360404,0.00840336134453781,1,0.3216216216216216,0.36148459383753495,0,0.10504631654015716,0.04961832061068702,13,0.3385579937304075,0.3264358415121776,0.00362455355981754,canada,extraction,CAN,0,1,0.072,0.61,2,1,1,2,1,1,96,0,1,0.9090477242361656,0.900247987322166,1,1,1
1913,Treasury Gold Mining Company,cyanid,0.194742,1,5,0,2,1,1,1,0,0,0,0.19784087033191028,0.01724137931034482,1,0.3706896551724138,0.30890804597701155,0,0.19889486051727132,0.02531645569620253,2,0.383495145631068,0.4324894514767932,0.00251262876863247,0.25564593987806705,0.03061224489795918,3,0.39574468085106385,0.42040816326530633,0.00477620249538022,0.23960010562485037,0.04716981132075472,15,0.2752380952380952,0.32576623237000585,0.0083231188271191,canada,extraction,CAN,0,1,0.072,0.61,2,1,1,2,1,1,96,0,1,0.9228291504899564,0.9179453344387052,5,1,1
1912,Trinity Gold Mining Awd Reduction,cyanid,2.92113,0,7,0,2,0,0,0,0,0,0,0,0,0,0,0,0,0,0,0,0,0,0,0,0,0,0,0,0,0,0.00638977635782747,2,0.6666666666666666,0.0047923322683706,0,united states of america,extraction,USA,0,0,0.098,0.581,1,2,1,1,2,1,98,3,1,0.9179453344387052,0.9090477242361656,7,1,1
1913,Trinity Gold Mining Awd Reduction,cyanid,2.92113,1,5,0.00234141045505775,1,0,0,0,0,0,0,0,0,0,0,0,0,0,0,0,0,0,0,0,0,0,0,0,0,1.4826211034154897e-11,0.01257861635220125,4,0.09373986376905612,0.10279304901946372,0.02271690177171993,russia,extraction,RUS,0,0,0.41,0.358,0,0,-1,0,0,-1,99,2,0,0.9228291504899564,0.9179453344387052,5,1,1
1914,Trinity Gold Mining Awd Reduction,cyanid,2.92113,1,9,0,2,0,0,0,1,0,0,0.01269443744384758,0.01587301587301587,1,0.2352941176470588,0.24421768707482985,0,0,0,0,0,0,0,0.00330591341762977,0.01098901098901099,1,0.24594594594594596,0.25897435897435905,0,8.714149204804974e-18,0.00555555555555555,2,1,0.00555555555555555,1.5475085112968123e-5,united states of america,extraction,USA,0,0,0.079,0.581,1,2,1,1,2,1,98,3,1,0.908179444741422,0.9228291504899564,9,1,1
1908,Troitzk Golwleldst Limited,cyanid,1.703163,1,11,5192.370137763148,0,0,0,0,1,2,0,0.08034517948465006,0.01408450704225352,1,0.26394052044609667,0.29966465459423214,0,0.22839359762720848,0.0379746835443038,3,0.4759036144578313,0.5010548523206751,0.00498623789221442,0.23226813596181511,0.03703703703703703,4,0.41379310344827586,0.4567901234567904,0.00486942271795935,0,0,0,0,0,0,russia,extraction,RUS,0,0,0.41,0.36,0,0,-1,0,0,-1,98,2,0,0.9055704681028238,0.9101864858593508,11,1,0
1912,Troitzk Golwleldst Limited,cyanid,2.919708,1,11,0,0,0,0,0,0,0,0,0,0,0,0,0,0,0,0,0,0,0,0,0,0,0,0,0,0,5.043154582030853e-12,0.00638977635782747,2,0.11093931194433708,0.11658908888518024,0,chile,extraction,CHL,0,0,0.276,0.272,0,1,-1,0,1,-1,97,1,1,0.9179453344387052,0.9090477242361656,11,1,1
1914,Troitzk Golwleldst Limited,cyanid,2.95858,1,5,0,0,0,0,0,1,4,1,0.03137863184459955,0.01587301587301587,1,0.26666666666666666,0.27989417989417986,0,0.3278930843723681,0.05555555555555555,4,0.5142857142857142,0.5277777777777778,0.01456393743411243,0.33114642323020416,0.05494505494505494,5,0.4504950495049505,0.4880952380952384,0.01070117578430248,0,0,0,0,0,0,chile,extraction,CHL,0,0,0.276,0.272,0,1,-1,0,1,-1,97,1,1,0.908179444741422,0.9228291504899564,5,1,1
1915,Troitzk Golwleldst Limited,cyanid,2.95858,1,3,0,1,0,0,0,0,0,0,0,0,0,0,0,0,0,0,0,0,0,0,0,0,0,0,0,0,1.476773959800847e-4,0.00568181818181818,2,0.24189902034664656,0.24013122294372335,0.00518000518000518,russia,extraction,RUS,0,0,0.44,0.299,-1,-1,-1,-1,-1,-1,93,1,0,0.8901492706922215,0.908179444741422,3,1,1
1915,Troitzk Golwleldst Limited,cyanid,2.95858,1,3,0,1,0,0,0,0,0,0,0,0,0,0,0,0,0,0,0,0,0,0,0,0,0,0,0,0,1.476773959800847e-4,0.00568181818181818,2,0.24189902034664656,0.24013122294372335,0.00518000518000518,chile,extraction,CHL,0,0,0.276,0.272,0,1,-1,0,1,-1,97,1,1,0.8901492706922215,0.908179444741422,3,1,1
1916,Troitzk Golwleldst Limited,cyanid,0.3772402,1,3,0,0,0,0,0,0,0,0,0,0,0,0,0,0,0,0,0,0,0,0,0,0,0,0,0,0,2.3197143763818625e-4,0.00302114803625377,1,0.23365172667156503,0.24231045892677425,0,chile,extraction,CHL,0,0,0.276,0.272,0,1,-1,0,1,-1,97,1,1,0.8715313750908763,0.8901492706922215,3,1,1
1912,U The U C Anglo French Ticapampa Silver Mining,amalgama,1.5286,1,11,0,0,0,0,0,1,0,0,0.16976206802917135,0.0144927536231884,1,0.33004926108374383,0.36038647342995167,0,0,0,0,0,0,0,0.04299452415637461,0.00909090909090909,1,0.2975206611570248,0.3222727272727272,0,0,0,0,0,0,0,mexico,extraction,MEX,0,0,0.816,0.561,-2,-2,-3,-2,-2,-3,70,0,0,0.9179453344387052,0.9090477242361656,11,0,1
1914,U The U C Anglo French Ticapampa Silver Mining,amalgama,1.5286,0,1,0,0,0,0,0,0,0,0,0,0,0,0,0,0,0,0,0,0,0,0,0,0,0,0,0,0,0,0,0,0,0,0,united kingdom,extraction,GBR,1,1,0.028,0.73,2,2,2,2,2,2,98,3,1,0.908179444741422,0.9228291504899564,1,0,1
1908,United Gold Coast Mining Properties,cyanid,0.2189781,1,1,378.3480440444157,0,0,0,0,0,0,0,0,0,0,0,0,0,0,0,0,0,0,0,0,0,0,0,0,0,0,0,0,0,0,0,united states of america,extraction,USA,0,0,0.117,0.581,1,1,1,1,1,1,98,1,1,0.9055704681028238,0.9101864858593508,1,1,0
1910,United Ivt Reef,cyanid,0.2188716,1,0,0,0,0,0,0,0,0,0,0,0,0,0,0,0,0,0,0,0,0,0,0,0,0,0,0,0,0,0,0,0,0,0,united states of america,extraction,USA,0,0,0.098,0.581,1,2,1,1,2,1,98,3,1,0.900247987322166,0.8929159482487512,0,1,1
1894,United Ivy Reef Gold Mining,cyanid,0.2192982,1,9,602.1632138322101,0,0,0,0,1,0,0,0.3660254037844389,0.1111111111111111,1,0.4666666666666667,0.40740740740740744,0,0,0,0,0,0,0,0.09385405144447276,0.05555555555555555,1,0.32142857142857145,0.3722222222222222,0,0,0,0,0,0,0,canada,extraction,CAN,0,1,0.074,0.597,2,1,NA,2,1,NA,96,0,1,0.6957655151230822,0.6304463154435564,9,1,0
1909,United Ivy Reef Gold Mining,cyanid,0.2192982,1,1,0,0,0,0,0,0,0,0,0,0,0,0,0,0,0,0,0,0,0,0,0,0,0,0,0,0,0,0,0,0,0,0,united states of america,extraction,USA,0,0,0.117,0.581,1,1,1,1,1,1,98,1,1,0.8929159482487512,0.9055704681028238,1,1,1
1911,United Ivy Reef Gold Mining,cyanid,0.2187652,1,1,4.294177219852692e-4,0,0,0,0,0,0,0,0,0,0,0,0,0,0,0,0,0,0,0,0,0,0,0,0,0,0,0,0,0,0,0,united states of america,extraction,USA,0,0,0.098,0.581,1,2,1,1,2,1,98,3,1,0.9090477242361656,0.900247987322166,1,1,1
1895,United Langlaagte Gold Mining Company,cyanid,0.4878049,1,14,0,0,0,0,0,2,4,2,0.06382035357442925,0.03125,1,0.23423423423423423,0.23072916666666676,0,0.3705081975279843,0.09375,3,0.4705882352941176,0.5182291666666667,0.02459041659602669,0.37985825621311425,0.08888888888888889,4,0.42452830188679247,0.4796296296296294,0.02357571676560332,0,0,0,0,0,0,united kingdom,extraction,GBR,1,1,0.028,0.73,2,2,NA,2,2,NA,98,3,1,0.7078988530850715,0.6957655151230822,14,1,1
1913,Uruguay Consolidated Gold Mines,cyanid,0.9737098,0,3,0,0,0,0,0,0,0,0,0,0,0,0,0,0,0,0,0,0,0,0,0,0,0,0,0,0,0,0,0,0,0,0,united kingdom,extraction,GBR,1,1,0.028,0.73,2,2,2,2,2,2,98,3,1,0.9228291504899564,0.9179453344387052,3,1,1
1909,Vaal River Gold Estates Limited,cyanid,1.461988,1,2,0,0,0,0,0,0,0,0,0,0,0,0,0,0,0,0,0,0,0,0,0,0,0,0,0,0,0,0,0,0,0,0,canada,extraction,CAN,0,1,0.074,0.597,2,1,1,2,1,1,96,0,1,0.8929159482487512,0.9055704681028238,2,1,1
1911,Vaal River Gold Estates Limited,cyanid,1.461988,1,1,2.8333329557698393e-4,0,0,0,0,0,0,0,0,0,0,0,0,0,0,0,0,0,0,0,0,0,0,0,0,0,0,0,0,0,0,0,canada,extraction,CAN,0,1,0.072,0.61,2,1,1,2,1,1,96,0,1,0.9090477242361656,0.900247987322166,1,1,1
1913,Vaal River Gold Estates Limited,cyanid,1.461988,1,7,0,0,0,0,0,1,1,0,0.19784087033191036,0.01724137931034482,1,0.3706896551724138,0.30890804597701155,0,0.2888330581114654,0.0379746835443038,3,0.4114583333333333,0.4599156118143459,0.00663263007643864,0.3389827079306512,0.04081632653061224,4,0.4170403587443946,0.439965986394558,0.00879039243893187,0,0,0,0,0,0,canada,extraction,CAN,0,1,0.072,0.61,2,1,1,2,1,1,96,0,1,0.9228291504899564,0.9179453344387052,7,1,1
1914,Vaal River Gold Estates Limited,cyanid,1.461988,1,7,0,4,0,1,0,0,0,0,0,0,0,0,0,0,0.10241060555645518,0.01388888888888888,1,0.375,0.4201388888888888,0,0.09572347977228028,0.01098901098901099,1,0.35,0.39267399267399256,0,0.01948699582325929,0.025,9,0.2802547770700637,0.27037367724867795,0.00520034322542211,canada,extraction,CAN,0,1,0.067,0.61,2,1,1,2,1,1,96,0,1,0.908179444741422,0.9228291504899564,7,1,1
1915,Vaal River Gold Estates Limited,cyanid,1.461988,1,1,0,1,0,0,0,0,0,0,0,0,0,0,0,0,0,0,0,0,0,0,0,0,0,0,0,0,0.00149793751753188,0.00284090909090909,1,0.2580385852090032,0.25591856060606105,0,canada,extraction,CAN,0,1,0.067,0.61,2,2,1,2,2,1,98,0,1,0.8901492706922215,0.908179444741422,1,1,1
1916,Vaal River Gold Estates Limited,cyanid,1.461988,1,2,0,2,0,0,0,0,0,0,0,0,0,0,0,0,0,0,0,0,0,0,0,0,0,0,0,0,6.908865720154866e-6,0.00604229607250755,2,0.1977611940298507,0.2029779887785929,0.00580426622722695,canada,extraction,CAN,0,1,0.067,0.61,2,2,1,2,2,1,98,0,1,0.8715313750908763,0.8901492706922215,2,1,1
1922,Van Byn Gold Mines,cyanid,0.8857396,1,1,0,0,0,0,0,0,0,0,0,0,0,0,0,0,0,0,0,0,0,0,0,0,0,0,0,0,0,0,0,0,0,0,canada,extraction,CAN,0,1,0.07,0.631,2,1,1,2,2,1,98,0,1,0.9128783852142348,0.8977238173556666,1,1,1
1908,Van Rydn Deep Limited,cyanid,3.555134,1,4,0,0,0,0,0,0,0,0,0,0,0,0,0,0,0,0,0,0,0,0,0,0,0,0,0,0,0,0,0,0,0,0,south africa,extraction,ZAF,1,1,0.408,0.115,NA,NA,NA,NA,NA,NA,NA,-2,0,0.9055704681028238,0.9101864858593508,4,1,1
1895,Van Ryn Gold Mining Company,cyanid,0.9746589,1,12,0,0,0,0,0,2,0,0,0.27210029179888134,0.03125,1,0.3466666666666667,0.32031249999999994,0,0,0,0,0,0,0,0.08074842312956837,0.02222222222222222,1,0.3,0.3374074074074074,0,0,0,0,0,0,0,united kingdom,extraction,GBR,1,1,0.028,0.73,2,2,NA,2,2,NA,98,3,1,0.7078988530850715,0.6957655151230822,12,1,1
1909,Van Ryn Gold Mining Company,cyanid,0.9746589,1,6,0,4,0,0,0,0,0,0,0,0,0,0,0,0,0,0,0,0,0,0,0,0,0,0,0,0,0.06672259801992544,0.10112359550561796,18,0.33737864077669905,0.32014446227929444,0.0612857838735741,united kingdom,extraction,GBR,1,1,0.028,0.73,2,2,2,2,2,1,98,3,1,0.8929159482487512,0.9055704681028238,6,1,1
1910,Van Ryn Gold Mining Company,cyanid,1.945525,1,6,0,0,0,0,0,0,0,0,0,0,0,0,0,0,0,0,0,0,0,0,0,0,0,0,0,0,0.03845040122432618,0.04265402843601896,9,0.2775193798449612,0.27474046490634213,0,united kingdom,extraction,GBR,1,1,0.028,0.73,2,2,2,2,2,2,98,3,1,0.900247987322166,0.8929159482487512,6,1,1
1911,Van Ryn Gold Mining Company,cyanid,1.944579,1,3,1.0013217677085525e-4,2,0,0,0,0,0,0,0,0,0,0,0,0,0,0,0,0,0,0,0,0,0,0,0,0,0.05962017568407028,0.0648854961832061,17,0.3375,0.3220737913486009,0.00240552832398425,united kingdom,extraction,GBR,1,1,0.028,0.73,2,2,2,2,2,2,98,3,1,0.9090477242361656,0.900247987322166,3,1,1
1913,Van Ryn Gold Mining Company,cyanid,1.94742,1,7,0,2,1,0,0,0,0,0,0.1978408703319103,0.01724137931034482,1,0.3706896551724138,0.30890804597701155,0,0,0,0,0,0,0,0.06540469167778877,0.01020408163265306,1,0.29523809523809524,0.31224489795918364,0,0.04880671076530613,0.02515723270440251,8,0.276555023923445,0.3041304781870827,0.11157318890551672,canada,extraction,CAN,0,1,0.072,0.61,2,1,1,2,1,1,96,0,1,0.9228291504899564,0.9179453344387052,7,1,1
1914,Van Ryn Gold Mining Company,cyanid,1.972387,1,3,0,3,0,0,0,0,0,0,0,0,0,0,0,0,0,0,0,0,0,0,0,0,0,0,0,0,0.02273649380805904,0.04722222222222222,17,0.2978723404255319,0.2995866402116403,0.01298508510417475,canada,extraction,CAN,0,1,0.067,0.61,2,1,1,2,1,1,96,0,1,0.908179444741422,0.9228291504899564,3,1,1
1915,Van Ryn Gold Mining Company,cyanid,1.972387,1,3,0,0,0,0,0,0,0,0,0,0,0,0,0,0,0,0,0,0,0,0,0,0,0,0,0,0,0.06038928397607929,0.03125,11,0.33024691358024694,0.3372632575757566,0.00129470948482665,canada,extraction,CAN,0,1,0.067,0.61,2,2,1,2,2,1,98,0,1,0.8901492706922215,0.908179444741422,3,1,1
1916,Van Ryn Gold Mining Company,cyanid,1.972387,1,2,0,0,0,0,0,0,0,0,0,0,0,0,0,0,0,0,0,0,0,0,0,0,0,0,0,0,0.00219037918230436,0.0120845921450151,4,0.22300140252454417,0.2319594302978001,0,canada,extraction,CAN,0,1,0.067,0.61,2,2,1,2,2,1,98,0,1,0.8715313750908763,0.8901492706922215,2,1,1
1917,Van Ryn Gold Mining Company,cyanid,1.972387,1,3,0,2,0,0,0,0,0,0,0,0,0,0,0,0,0,0,0,0,0,0,0,0,0,0,0,0,0.01202724149186315,0.02083333333333333,7,0.28868778280542984,0.3038548752834475,0,canada,extraction,CAN,0,1,0.067,0.61,2,2,1,2,2,1,98,0,1,0.8562317952059528,0.8715313750908763,3,1,1
1919,Van Ryn Gold Mining Company,cyanid,1.972387,1,5,0,3,0,0,0,0,0,0,0,0,0,0,0,0,0,0,0,0,0,0,0,0,0,0,0,0,0.20817961512706612,0.07865168539325842,28,0.3402985074626866,0.3711142322097354,0.00909366789149124,canada,extraction,CAN,0,1,0.067,0.631,2,2,1,2,2,1,98,0,1,0.8666171596554353,0.8554794889536566,5,1,1
1920,Van Ryn Gold Mining Company,cyanid,1.972387,1,2,0,1,1,0,0,0,0,0,0.1835021065170802,0.01851851851851851,1,0.33540372670807456,0.38765432098765434,0,0,0,0,0,0,0,0.07693185786184956,0.01282051282051282,1,0.3107569721115538,0.3506410256410256,0,0.00986425404054484,0.02083333333333333,8,0.292817679558011,0.31349826388888913,0.01057214083173586,canada,extraction,CAN,0,1,0.067,0.631,2,1,1,2,2,1,98,0,1,0.8827313706089669,0.8666171596554353,2,1,1
1921,Van Ryn Gold Mining Company,cyanid,0.7698229,1,1,0,1,0,1,0,0,0,0,0,0,0,0,0,0,0.08838977198586222,0.0196078431372549,1,0.3227848101265823,0.3676470588235294,0,0.07844546735199971,0.01470588235294117,1,0.3119266055045872,0.34901960784313735,0,0.2323626391989725,0.03234501347708895,12,0.33395696913002804,0.35619946091644,0.00578611504960988,canada,extraction,CAN,0,1,0.067,0.631,2,1,1,2,2,1,98,0,1,0.8977238173556666,0.8827313706089669,1,1,1
1923,Van Ryn Gold Mining Company,cyanid,0.9149131,1,4,0,3,0,0,0,0,0,0,0,0,0,0,0,0,0,0,0,0,0,0,0,0,0,0,0,0,0.17097403360760907,0.07936507936507936,30,0.35426889106967613,0.37694003527336617,0.00367169847655497,canada,extraction,CAN,0,1,0.07,0.631,2,1,1,2,2,1,98,0,1,0.9260468773507357,0.9128783852142348,4,1,1
1910,Victory Charters Towers Gold Mining,cyanid,1.929601,1,13,0,5,0,0,0,0,1,0,0,0,0,0,0,0,0.08153909530087916,0.01515151515151515,1,0.336734693877551,0.3825757575757575,0,0.07410751992681495,0.01136363636363636,1,0.32234432234432236,0.3602272727272725,0,0.02015511333327594,0.03317535545023697,7,0.26998491704374056,0.27268111035883574,0.00815172286125326,australia,extraction,AUS,0,1,0.041,0.659,2,3,2,2,3,2,99,2,1,0.900247987322166,0.8929159482487512,13,1,1
1914,Vilaque Bolivian Tin Mines Limited,amalgama,0.3451677,1,7,10.49300016015282,0,0,0,0,0,0,0,0,0,0,0,0,0,0,0,0,0,0,0,0,0,0,0,0,0,0,0,0,0,0,0,united states of america,extraction,USA,0,0,0.079,0.581,1,2,1,1,2,1,98,3,1,0.908179444741422,0.9228291504899564,7,0,1
1914,Village Deep Limited,cyanid,2.92113,1,16,0,4,0,0,0,1,2,1,0.1871438015854502,0.01587301587301587,1,0.32786885245901637,0.3542328042328043,0,0.2562139925338229,0.04166666666666666,3,0.4931506849315068,0.5115740740740741,0.00865076347309619,0.29161074965481726,0.04395604395604396,4,0.455,0.4862637362637366,0.00965060861689739,0.18739659390238575,0.07777777777777778,28,0.3380900109769484,0.35250330687830567,0.02604080629395178,united states of america,extraction,USA,0,0,0.079,0.581,1,2,1,1,2,1,98,3,1,0.908179444741422,0.9228291504899564,16,1,1
1920,Village Deep Limited,cyanid,2.198608,1,7,0,3,0,0,0,0,0,0,0,0,0,0,0,0,0,0,0,0,0,0,0,0,0,0,0,0,0.1142265188474455,0.09375,36,0.3747474747474748,0.42342509920634935,0.00747071334571412,united states of america,extraction,USA,0,0,0.078,0.581,1,2,1,1,2,1,98,3,1,0.8827313706089669,0.8666171596554353,7,1,1
1895,Village Main Reef Gold Mining Company,cyanid,1.313869,1,18,0,0,0,0,0,0,2,0,0,0,0,0,0,0,0.11010358807526348,0.03125,1,0.3333333333333333,0.3828125,0,0.10036100855656632,0.02222222222222222,1,0.3082191780821918,0.35222222222222227,0,0,0,0,0,0,0,united kingdom,extraction,GBR,1,1,0.028,0.73,2,2,NA,2,2,NA,98,3,1,0.7078988530850715,0.6957655151230822,18,1,1
1908,Village Main Reef Gold Mining Company,cyanid,1.313869,1,10,0,1,1,1,1,1,1,1,0.2712360655084191,0.02816901408450704,2,0.3497536945812808,0.40164319248826275,0.01014481159350375,0.23917386956476971,0.0379746835443038,3,0.4817073170731707,0.5042194092827005,0.00531693610450937,0.29308003563404333,0.04629629629629629,5,0.4444444444444444,0.48148148148148173,0.010751061999139,0.3932570489512967,0.10526315789473684,8,0.30412371134020616,0.31986215538847107,0.05787301727915966,united states of america,extraction,USA,0,0,0.117,0.581,1,1,1,1,1,1,98,1,1,0.9055704681028238,0.9101864858593508,10,1,1
1909,Village Main Reef Gold Mining Company,cyanid,1.315789,1,9,0,5,2,2,2,0,0,0,0.25831290841632265,0.02985074626865671,2,0.37572254335260113,0.4109452736318406,0.01004320913626062,0.2409748110805418,0.03947368421052631,3,0.4871794871794872,0.5076754385964912,0.00829126696373345,0.29895595918815093,0.05154639175257732,5,0.4634146341463415,0.4845360824742271,0.00908488763993516,0.22151950382466823,0.11235955056179776,20,0.3871866295264624,0.3643793472445164,0.03797802201845322,united states of america,extraction,USA,0,0,0.117,0.581,1,1,1,1,1,1,98,1,1,0.8929159482487512,0.9055704681028238,9,1,1
1910,Village Main Reef Gold Mining Company,cyanid,1.31323,1,11,0,4,0,1,0,0,0,0,0,0,0,0,0,0,0.0723147765775363,0.01515151515151515,1,0.3473684210526316,0.3939393939393939,0,0.06760396440907661,0.01136363636363636,1,0.3295880149812734,0.36874999999999986,0,0.17806120648960652,0.07109004739336493,15,0.3272394881170018,0.3504513653802763,0.00466412832238074,united states of america,extraction,USA,0,0,0.098,0.581,1,2,1,1,2,1,98,3,1,0.900247987322166,0.8929159482487512,11,1,1
1911,Village Main Reef Gold Mining Company,cyanid,1.312591,1,10,4.056828286154255e-4,8,2,3,2,0,0,0,0.20315053429097463,0.02631578947368421,2,0.3882978723404255,0.4155701754385963,0.01065034282495655,0.22597112152887375,0.03333333333333333,3,0.4838709677419355,0.5037037037037038,0.00736217531994011,0.28473745096859876,0.04201680672268908,5,0.45075757575757575,0.4838935574229694,0.01168280984602733,0.27136390724370507,0.133587786259542,35,0.3857142857142858,0.383206106870228,0.03604999209650292,united states of america,extraction,USA,0,0,0.098,0.581,1,2,1,1,2,1,98,3,1,0.9090477242361656,0.900247987322166,10,1,1
1912,Village Main Reef Gold Mining Company,cyanid,1.313869,1,11,0,6,0,1,0,0,0,0,0,0,0,0,0,0,0.06512410373025118,0.01204819277108433,1,0.3487394957983193,0.39457831325301207,0,0.06353937471985924,0.00909090909090909,1,0.32238805970149254,0.35833333333333334,0,0.1921064478842203,0.08626198083067092,27,0.29864724245577523,0.3608486738678426,0.00270720570014475,united states of america,extraction,USA,0,0,0.098,0.581,1,2,1,1,2,1,98,3,1,0.9179453344387052,0.9090477242361656,11,1,1
1913,Village Main Reef Gold Mining Company,cyanid,1.314508,1,9,0,1,0,0,0,0,0,0,0,0,0,0,0,0,0,0,0,0,0,0,0,0,0,0,0,0,0.15494724014563685,0.04088050314465408,13,0.2887112887112887,0.33303304836323677,0.00582511727262022,united states of america,extraction,USA,0,0,0.083,0.581,1,2,1,1,2,1,98,3,1,0.9228291504899564,0.9179453344387052,9,1,1
1915,Village Main Reef Gold Mining Company,cyanid,1.314508,1,12,0,11,1,1,1,0,0,0,0.11743236916464052,0.01612903225806451,1,0.3,0.29811827956989256,0,0.07322309911761911,0.01219512195121951,1,0.33884297520661155,0.3841463414634146,0,0.09986039185634552,0.02040816326530612,2,0.35294117647058826,0.39030612244897944,0.00164262293581385,0.13607343800538202,0.12215909090909093,43,0.3723897911832947,0.413717532467531,0.06542712954890165,united states of america,extraction,USA,0,0,0.07,0.581,1,2,1,1,2,1,98,3,1,0.8901492706922215,0.908179444741422,12,1,1
1916,Village Main Reef Gold Mining Company,cyanid,0.6291706,1,4,0,2,0,0,0,1,0,0,0.16345268186683382,0.0238095238095238,1,0.32673267326732675,0.2952380952380952,0,0,0,0,0,0,0,0.06911750658761155,0.01333333333333333,1,0.2798507462686567,0.30777777777777776,0,0.13903007249494623,0.0634441087613293,21,0.34230355220667386,0.38413897280966647,0.03184406781824581,united states of america,extraction,USA,0,0,0.07,0.581,1,2,1,1,2,1,98,3,1,0.8715313750908763,0.8901492706922215,4,1,1
1917,Village Main Reef Gold Mining Company,cyanid,0.6288709,1,1,0,1,0,0,0,0,0,0,0,0,0,0,0,0,0,0,0,0,0,0,0,0,0,0,0,0,0.1264156790285707,0.0625,21,0.3386411889596603,0.38094529478457934,0.03018842924942068,united states of america,extraction,USA,0,0,0.07,0.581,1,2,1,1,2,1,98,3,1,0.8562317952059528,0.8715313750908763,1,1,1
1919,Village Main Reef Gold Mining Company,cyanid,0.5843293,1,11,0,8,0,1,0,0,0,0,0,0,0,0,0,0,0.2009208678630323,0.03076923076923077,2,0.45774647887323944,0.4871794871794872,0.00626197740168328,0.19513620096200143,0.025,2,0.42105263157894735,0.45562500000000017,0.00364495784409067,0.5109660594682587,0.16573033707865167,59,0.4211822660098522,0.4778558052434482,0.07367856538000712,united states of america,extraction,USA,0,0,0.07,0.581,1,2,1,1,2,1,98,3,1,0.8666171596554353,0.8554794889536566,11,1,1
1921,Village Main Reef Gold Mining Company,cyanid,0.5080831,1,11,0,0,0,0,0,0,0,0,0,0,0,0,0,0,0,0,0,0,0,0,0,0,0,0,0,0,0.09249576683612122,0.01617250673854447,6,0.35664335664335667,0.3720575022461792,0.00129660164717806,united states of america,extraction,USA,0,0,0.095,0.581,1,2,1,1,2,1,98,3,1,0.8977238173556666,0.8827313706089669,11,1,1
1895,Viner Gold Mining Company,cyanid,0.05865103,1,18,0,4,0,0,0,2,2,2,0.03648249433312279,0.03125,1,0.23853211009174313,0.22812500000000008,0,0.11010358807526346,0.03125,1,0.3333333333333333,0.3828125,0,0.11712698494627646,0.04444444444444444,2,0.31690140845070425,0.3725925925925927,0.00395151326523875,0.09959193992249492,0.08571428571428572,3,0.31645569620253167,0.2940816326530611,0.02556237879767291,united kingdom,extraction,GBR,1,1,0.028,0.73,2,2,NA,2,2,NA,98,3,1,0.7078988530850715,0.6957655151230822,18,1,1
1894,Virginia Transvaal Gold,cyanid,0.2682927,1,0,1682.6272314207872,0,0,0,0,0,0,0,0,0,0,0,0,0,0,0,0,0,0,0,0,0,0,0,0,0,0,0,0,0,0,0,united states of america,extraction,USA,0,0,0.147,0.478,1,1,NA,1,1,NA,95,1,1,0.6957655151230822,0.6304463154435564,0,1,0
1893,Virginia Transvaal Gold Mining And,cyanid,0.3210117,1,4,0,0,0,0,0,0,0,0,0,0,0,0,0,0,0.7953336454431279,0.5,3,0.6,0.7222222222222221,0.11555555555555556,0.763088969729399,0.3,3,0.5,0.49999999999999994,0.0562962962962963,0,0,0,0,0,0,united states of america,extraction,USA,0,0,0.147,0.478,1,1,NA,1,1,NA,95,1,1,0.6304463154435564,0.5391385682272447,4,1,1
1919,Vivian And Sons Limited,cyanid,0.004426737,1,31,0,11,2,3,1,1,0,0,0.35117183117312967,0.05660377358490566,3,0.4155844155844156,0.289308176100629,0.07665699080793419,0.20092086786303223,0.03076923076923077,2,0.45774647887323944,0.4871794871794872,0.00626197740168328,0.2675308683916433,0.0625,5,0.43478260869565216,0.4806250000000004,0.02044692561399906,0.17355505139624772,0.08146067415730338,29,0.3323615160349854,0.35819288389512977,0.04749720776700324,canada,extraction,CAN,0,1,0.067,0.631,2,2,1,2,2,1,98,0,1,0.8666171596554353,0.8554794889536566,31,1,1
1908,Vogelstruis Consolidated Deep Limited,cyanid,1.946472,1,15,0,2,0,0,0,1,4,0,0.1087604726633199,0.01408450704225352,1,0.29218106995884774,0.33041582830315236,0,0.2391738695647696,0.0379746835443038,3,0.4817073170731707,0.5042194092827005,0.00531693610450937,0.24463476566710143,0.03703703703703703,4,0.43724696356275305,0.4729938271604941,0.0113411888002825,0.01106528434004655,0.02631578947368421,2,0.28640776699029125,0.2546052631578947,0.03416955767417611,canada,extraction,CAN,0,1,0.074,0.597,2,1,1,2,1,1,96,0,1,0.9055704681028238,0.9101864858593508,15,1,1
1909,Vogelstruis Consolidated Deep Limited,cyanid,1.949318,1,13,0,6,0,2,0,2,1,1,0.30166497025808026,0.02985074626865671,2,0.38461538461538464,0.4184079601990048,0.00786140049617903,0.17173371151388372,0.02631578947368421,2,0.4367816091954023,0.47258771929824567,0.00241327609439064,0.24168691634834732,0.04123711340206185,4,0.4377880184331797,0.4647766323024058,0.00562934172546427,0.12128841868682276,0.07303370786516854,13,0.34068627450980393,0.32360888175494984,0.02576411271311792,united states of america,extraction,USA,0,0,0.117,0.581,1,1,1,1,1,1,98,1,1,0.8929159482487512,0.9055704681028238,13,1,1
1909,Vogelstruis Consolidated Deep Limited,cyanid,1.949318,1,13,0,6,0,2,0,2,1,1,0.30166497025808026,0.02985074626865671,2,0.38461538461538464,0.4184079601990048,0.00786140049617903,0.17173371151388372,0.02631578947368421,2,0.4367816091954023,0.47258771929824567,0.00241327609439064,0.24168691634834732,0.04123711340206185,4,0.4377880184331797,0.4647766323024058,0.00562934172546427,0.12128841868682276,0.07303370786516854,13,0.34068627450980393,0.32360888175494984,0.02576411271311792,canada,extraction,CAN,0,1,0.074,0.597,2,1,1,2,1,1,96,0,1,0.8929159482487512,0.9055704681028238,13,1,1
1910,Vogelstruis Consolidated Deep Limited,cyanid,1.945525,1,17,0,12,2,4,0,1,1,1,0.34273287811557307,0.07017543859649122,4,0.4634146341463415,0.4999999999999998,0.07234288922701132,0.2295505073221892,0.04545454545454545,3,0.4925373134328358,0.5126262626262627,0.01117566950663241,0.3408781770082136,0.07954545454545454,7,0.4861878453038674,0.5179924242424245,0.03779260779015217,0.5289268238842931,0.22748815165876776,48,0.35943775100401604,0.40744752877454254,0.03689461575548192,united states of america,extraction,USA,0,0,0.098,0.581,1,2,1,1,2,1,98,3,1,0.900247987322166,0.8929159482487512,17,1,1
1910,Vogelstruis Consolidated Deep Limited,cyanid,1.945525,1,17,0,12,2,4,0,1,1,1,0.34273287811557307,0.07017543859649122,4,0.4634146341463415,0.4999999999999998,0.07234288922701132,0.2295505073221892,0.04545454545454545,3,0.4925373134328358,0.5126262626262627,0.01117566950663241,0.3408781770082136,0.07954545454545454,7,0.4861878453038674,0.5179924242424245,0.03779260779015217,0.5289268238842931,0.22748815165876776,48,0.35943775100401604,0.40744752877454254,0.03689461575548192,canada,extraction,CAN,0,1,0.074,0.597,2,1,1,2,1,1,96,0,1,0.900247987322166,0.8929159482487512,17,1,1
1911,Vogelstruis Consolidated Deep Limited,cyanid,1.457948,1,18,2.3055664769700536e-4,13,2,4,0,0,0,0,0.22372577056562704,0.02631578947368421,2,0.4010989010989011,0.4254385964912279,0.01073127892732146,0.20224609438788935,0.03333333333333333,3,0.46875,0.4953703703703704,0.0070105640778352,0.26298170262730175,0.04201680672268908,5,0.4407407407407408,0.4795518207282915,0.01274630635486124,0.6887114910865714,0.2748091603053435,72,0.40373831775700936,0.4150763358778617,0.03161241790330237,united states of america,extraction,USA,0,0,0.098,0.581,1,2,1,1,2,1,98,3,1,0.9090477242361656,0.900247987322166,18,1,1
1911,Vogelstruis Consolidated Deep Limited,cyanid,1.457948,1,18,2.8333329557698393e-4,13,2,4,0,0,0,0,0.22372577056562704,0.02631578947368421,2,0.4010989010989011,0.4254385964912279,0.01073127892732146,0.20224609438788935,0.03333333333333333,3,0.46875,0.4953703703703704,0.0070105640778352,0.26298170262730175,0.04201680672268908,5,0.4407407407407408,0.4795518207282915,0.01274630635486124,0.6887114910865714,0.2748091603053435,72,0.40373831775700936,0.4150763358778617,0.03161241790330237,canada,extraction,CAN,0,1,0.072,0.61,2,1,1,2,1,1,96,0,1,0.9090477242361656,0.900247987322166,18,1,1
1912,Vogelstruis Consolidated Deep Limited,cyanid,1.459367,1,7,0,4,0,2,0,0,0,0,0,0,0,0,0,0,0.2148292017726933,0.03614457831325301,3,0.5,0.5130522088353414,0.00690006232154246,0.2049360287186732,0.02727272727272727,3,0.4268774703557312,0.4537878787878791,0.00359119644299189,0.40330122974482385,0.13099041533546327,41,0.3428912783751493,0.410578629747958,0.1593692443044105,canada,extraction,CAN,0,1,0.072,0.61,2,1,1,2,1,1,96,0,1,0.9179453344387052,0.9090477242361656,7,1,1
1914,Vogelstruis Consolidated Deep Limited,cyanid,1.972387,1,15,0,8,1,3,1,1,3,1,0.30483212234757323,0.04761904761904761,3,0.425531914893617,0.4470899470899469,0.13484809694487118,0.24563334121456945,0.04166666666666666,3,0.47368421052631576,0.5011574074074074,0.00814229812733238,0.3318871190047405,0.06593406593406594,6,0.4690721649484536,0.503663003663004,0.02235506574501296,0.7384751260290806,0.15555555555555556,56,0.3528064146620848,0.3874570105820088,0.0916650441832474,united states of america,extraction,USA,0,0,0.079,0.581,1,2,1,1,2,1,98,3,1,0.908179444741422,0.9228291504899564,15,1,1
1914,Vogelstruis Consolidated Deep Limited,cyanid,1.972387,1,15,0,8,1,3,1,1,3,1,0.30483212234757323,0.04761904761904761,3,0.425531914893617,0.4470899470899469,0.13484809694487118,0.24563334121456945,0.04166666666666666,3,0.47368421052631576,0.5011574074074074,0.00814229812733238,0.3318871190047405,0.06593406593406594,6,0.4690721649484536,0.503663003663004,0.02235506574501296,0.7384751260290806,0.15555555555555556,56,0.3528064146620848,0.3874570105820088,0.0916650441832474,canada,extraction,CAN,0,1,0.067,0.61,2,1,1,2,1,1,96,0,1,0.908179444741422,0.9228291504899564,15,1,1
1915,Vogelstruis Consolidated Deep Limited,cyanid,1.74001,1,13,0,10,1,4,1,0,0,0,0.2964329472462585,0.03225806451612903,2,0.3857142857142858,0.379032258064516,0.01117379741123792,0.23537769416631812,0.03658536585365853,3,0.4659090909090909,0.49491869918699194,0.00845046727080643,0.30150352775197353,0.05102040816326531,5,0.4528301886792453,0.4795918367346941,0.01163101164618253,0.9150787768364578,0.3068181818181818,108,0.39532019704433496,0.45489042207792274,0.06604694528384679,south africa,extraction,ZAF,1,1,0.408,0.115,-1,-1,-1,-1,-1,-1,84,2,0,0.8901492706922215,0.908179444741422,13,1,1
1915,Vogelstruis Consolidated Deep Limited,cyanid,1.74001,1,13,0,10,1,4,1,0,0,0,0.2964329472462585,0.03225806451612903,2,0.3857142857142858,0.379032258064516,0.01117379741123792,0.23537769416631812,0.03658536585365853,3,0.4659090909090909,0.49491869918699194,0.00845046727080643,0.30150352775197353,0.05102040816326531,5,0.4528301886792453,0.4795918367346941,0.01163101164618253,0.9150787768364578,0.3068181818181818,108,0.39532019704433496,0.45489042207792274,0.06604694528384679,canada,extraction,CAN,0,1,0.067,0.61,2,2,1,2,2,1,98,0,1,0.8901492706922215,0.908179444741422,13,1,1
1916,Vogelstruis Consolidated Deep Limited,cyanid,1.743327,1,6,0,4,2,2,1,0,0,0,0.47282275030292686,0.07142857142857142,3,0.42857142857142855,0.38095238095238104,0.01728759045832216,0.1991681043058545,0.03448275862068965,2,0.37662337662337664,0.4295977011494253,0.00727259008571342,0.43851753787755393,0.06666666666666667,5,0.390625,0.4488888888888888,0.01856431281795923,0.6783799036628636,0.1691842900302115,56,0.38083832335329343,0.438167170191338,0.09046327926633883,united states of america,extraction,USA,0,0,0.07,0.581,1,2,1,1,2,1,98,3,1,0.8715313750908763,0.8901492706922215,6,1,1
1916,Vogelstruis Consolidated Deep Limited,cyanid,1.743327,1,6,0,4,2,2,1,0,0,0,0.47282275030292686,0.07142857142857142,3,0.42857142857142855,0.38095238095238104,0.01728759045832216,0.1991681043058545,0.03448275862068965,2,0.37662337662337664,0.4295977011494253,0.00727259008571342,0.43851753787755393,0.06666666666666667,5,0.390625,0.4488888888888888,0.01856431281795923,0.6783799036628636,0.1691842900302115,56,0.38083832335329343,0.438167170191338,0.09046327926633883,canada,extraction,CAN,0,1,0.067,0.61,2,2,1,2,2,1,98,0,1,0.8715313750908763,0.8901492706922215,6,1,1
1917,Vogelstruis Consolidated Deep Limited,cyanid,1.742496,1,17,0,9,2,4,1,0,0,0,0.5179183792124559,0.08333333333333333,3,0.4,0.4166666666666667,0.05636054421768708,0.33624771656689384,0.06521739130434782,3,0.5111111111111111,0.5289855072463767,0.03065495827359992,0.4834290659554705,0.09836065573770492,6,0.4765625,0.5204918032786884,0.04676547114983465,0.755839416608774,0.3125,105,0.4002509410288582,0.4770833333333341,0.08308318909158259,united states of america,extraction,USA,0,0,0.07,0.581,1,2,1,1,2,1,98,3,1,0.8562317952059528,0.8715313750908763,17,1,1
1917,Vogelstruis Consolidated Deep Limited,cyanid,1.742496,1,17,0,9,2,4,1,0,0,0,0.5179183792124559,0.08333333333333333,3,0.4,0.4166666666666667,0.05636054421768708,0.33624771656689384,0.06521739130434782,3,0.5111111111111111,0.5289855072463767,0.03065495827359992,0.4834290659554705,0.09836065573770492,6,0.4765625,0.5204918032786884,0.04676547114983465,0.755839416608774,0.3125,105,0.4002509410288582,0.4770833333333341,0.08308318909158259,canada,extraction,CAN,0,1,0.067,0.61,2,2,1,2,2,1,98,0,1,0.8562317952059528,0.8715313750908763,17,1,1
1920,Vogelstruis Consolidated Deep Limited,cyanid,1.742496,1,6,0,4,0,1,0,0,0,0,0,0,0,0,0,0,0.10617128598164016,0.01639344262295082,1,0.33516483516483514,0.3811475409836066,0,0.09551950425563484,0.01282051282051282,1,0.32098765432098764,0.3604700854700853,0,0.06679691761794139,0.06770833333333333,26,0.3856548856548857,0.42052951388888943,0.06280806138500024,canada,extraction,CAN,0,1,0.067,0.631,2,1,1,2,2,1,98,0,1,0.8827313706089669,0.8666171596554353,6,1,1
1921,Vogelstruis Consolidated Deep Limited,cyanid,1.742496,1,5,0,3,1,1,1,0,0,0,0.08400301674725809,0.02127659574468085,1,0.2980132450331126,0.3216312056737588,0,0.12419838187199954,0.0196078431372549,1,0.3642857142857142,0.4117647058823529,0,0.15018467125092824,0.02941176470588235,2,0.3617021276595745,0.4085784313725488,0.00151808149976013,0.06392670152767455,0.03234501347708895,12,0.35771543086172347,0.3819856244384525,0.01672645921549291,canada,extraction,CAN,0,1,0.067,0.631,2,1,1,2,2,1,98,0,1,0.8977238173556666,0.8827313706089669,5,1,1
1922,Vogelstruis Consolidated Deep Limited,cyanid,1.742496,1,6,0,4,1,0,0,0,0,0,0.3199384274002415,0.05128205128205128,2,0.3490566037735849,0.4,0.0225563909774436,0,0,0,0,0,0,0.10033244431335075,0.03225806451612903,2,0.31155778894472363,0.35967741935483877,0.00303179060483874,0.13788114084984768,0.06318681318681318,23,0.4034682080924856,0.4337257980115133,0.06006117032403645,canada,extraction,CAN,0,1,0.07,0.631,2,1,1,2,2,1,98,0,1,0.9128783852142348,0.8977238173556666,6,1,1
1895,Waihi Gold Mining Company,cyanid,4.249172,0,6,11827.770990862378,0,0,0,0,1,1,1,1.6889313662008623e-17,0.03125,1,1,0.03125,0,0.12976502571620724,0.03125,1,0.3404255319148936,0.39062500000000006,0,0.12326660759509638,0.04444444444444444,2,0.32608695652173914,0.37851851851851864,0.04444444444444444,0,0,0,0,0,0,new zealand,extraction,NA,0,0,NA,NA,NA,NA,NA,NA,NA,NA,NA,NA,NA,0.7078988530850715,0.6957655151230822,6,1,0
1911,Waihi Gold Mining Company,cyanid,4.249172,1,6,0.00246619026458951,3,1,0,0,0,0,0,0.0545272089618627,0.0131578947368421,1,0.28294573643410853,0.3048245614035088,0,0,0,0,0,0,0,0.02495702449014501,0.00840336134453781,1,0.271689497716895,0.2939775910364148,0,0,0.01145038167938931,3,1,0.00763358778625954,2.924746278260361e-5,new zealand,extraction,NA,0,0,NA,NA,NA,NA,NA,NA,NA,NA,NA,NA,NA,0.9090477242361656,0.900247987322166,6,1,1
1922,Waihi Gold Mining Company,cyanid,1.328609,1,9,0,3,0,0,0,0,2,0,0,0,0,0,0,0,0.24230599175818887,0.04347826086956521,2,0.4693877551020408,0.4981884057971014,0.00818308947599565,0.2211531523571033,0.03225806451612903,2,0.4105960264900662,0.4489247311827954,0.00372479475633088,6.730047187782707e-4,0.02197802197802198,8,0.2720187061574435,0.2846415489272638,0.00423480765121359,new zealand,extraction,NA,0,0,NA,NA,NA,NA,NA,NA,NA,NA,NA,NA,NA,0.9128783852142348,0.8977238173556666,9,1,1
1910,Waihi Grand Junction Gold Limited,cyanid,0.9727626,1,8,0,2,0,0,0,1,0,0,0.05854674560899815,0.0175438596491228,1,0.2893401015228426,0.3239766081871345,0,0,0,0,0,0,0,0.02631598644887671,0.01136363636363636,1,0.277602523659306,0.30170454545454545,0,1.8124664075661996e-19,0.00947867298578199,2,1,0.00473933649289099,0,new zealand,extraction,NA,0,0,NA,NA,NA,NA,NA,NA,NA,NA,NA,NA,NA,0.900247987322166,0.8929159482487512,8,1,1
1912,Waihi Grand Junction Gold Limited,cyanid,0.9727626,1,6,0,3,0,0,0,0,0,0,0,0,0,0,0,0,0,0,0,0,0,0,0,0,0,0,0,0,0,0.00958466453674121,3,1,0.00638977635782747,2.0480052428934218e-5,new zealand,extraction,NA,0,0,NA,NA,NA,NA,NA,NA,NA,NA,NA,NA,NA,0.9179453344387052,0.9090477242361656,6,1,1
1914,Waihi Grand Junction Gold Limited,cyanid,0.9861933,0,7,0,5,1,0,0,0,1,0,0.03647789394764543,0.01587301587301587,1,0.26666666666666666,0.28439153439153436,0,0.07167909183854503,0.01388888888888888,1,0.32432432432432434,0.3680555555555554,0,0.08577285453485468,0.02197802197802198,2,0.3204225352112676,0.3630036630036629,4.916162045402704e-4,2.039620939243265e-17,0.01388888888888888,5,1,0.00555555555555555,1.5475085112968123e-5,new zealand,extraction,NA,0,0,NA,NA,NA,NA,NA,NA,NA,NA,NA,NA,NA,0.908179444741422,0.9228291504899564,7,1,1
1915,Waihi Grand Junction Gold Limited,cyanid,1.427212,0,7,0,5,0,1,0,0,0,0,0,0,0,0,0,0,0.06140554670757157,0.01219512195121951,1,0.3178294573643411,0.3597560975609756,0,0.05691954715494212,0.01020408163265306,1,0.3096774193548387,0.34115646258503396,0,2.122393494825457e-17,0.00852272727272727,3,1,0.00568181818181818,1.618751618751619e-5,new zealand,extraction,NA,0,0,NA,NA,NA,NA,NA,NA,NA,NA,NA,NA,NA,0.8901492706922215,0.908179444741422,7,1,1
1916,Waihi Grand Junction Gold Limited,cyanid,1.429933,1,7,0,4,0,1,0,0,0,0,0,0,0,0,0,0,0.0854512476428942,0.01724137931034482,1,0.31521739130434784,0.3577586206896552,0,0.09965210915523032,0.01333333333333333,1,0.3073770491803279,0.34311111111111126,0,1.799375417078951e-18,0.00604229607250755,2,1,0.00604229607250755,1.8309988098507736e-5,new zealand,extraction,NA,0,0,NA,NA,NA,NA,NA,NA,NA,NA,NA,NA,NA,0.8715313750908763,0.8901492706922215,7,1,1
1919,Waihi Grand Junction Gold Limited,cyanid,1.770695,1,4,0,0,0,0,0,0,0,0,0,0,0,0,0,0,0,0,0,0,0,0,0,0,0,0,0,0,0,0,0,0,0,0,new zealand,extraction,NA,0,0,NA,NA,NA,NA,NA,NA,NA,NA,NA,NA,NA,0.8666171596554353,0.8554794889536566,4,1,1
1920,Waihi Grand Junction Gold Limited,cyanid,1.770695,1,2,0,1,0,0,0,0,0,0,0,0,0,0,0,0,0,0,0,0,0,0,0,0,0,0,0,0,0,0,0,0,0,0,new zealand,extraction,NA,0,0,NA,NA,NA,NA,NA,NA,NA,NA,NA,NA,NA,0.8827313706089669,0.8666171596554353,2,1,1
1921,Waihl Grand Junction Gold,cyanid,1.154734,0,2,0,2,0,0,0,0,0,0,0,0,0,0,0,0,0,0,0,0,0,0,0,0,0,0,0,0,6.8812308648858635e-18,0.00539083557951482,2,1,0.00269541778975741,0,new zealand,extraction,NA,0,0,NA,NA,NA,NA,NA,NA,NA,NA,NA,NA,NA,0.8977238173556666,0.8827313706089669,2,1,1
1923,Waihl Grand Junction Gold,cyanid,1.37237,1,3,0,1,0,0,0,0,0,0,0,0,0,0,0,0,0,0,0,0,0,0,0,0,0,0,0,0,0,0.00264550264550264,1,1,0.00264550264550264,0,new zealand,extraction,NA,0,0,NA,NA,NA,NA,NA,NA,NA,NA,NA,NA,NA,0.9260468773507357,0.9128783852142348,3,1,1
1908,Walker Fork Gold Dredging Limited,amalgama,0.8515815,1,6,2499.8721368189013,0,0,0,0,0,0,0,0,0,0,0,0,0,0,0,0,0,0,0,0,0,0,0,0,0,0,0,0,0,0,0,united states of america,extraction,USA,0,0,0.117,0.581,1,1,1,1,1,1,98,1,1,0.9055704681028238,0.9101864858593508,6,0,0
1910,Walker Fork Gold Dredging Limited,amalgama,0.8515815,1,2,2436.1861246645135,0,0,0,0,0,0,0,0,0,0,0,0,0,0,0,0,0,0,0,0,0,0,0,0,0,0,0,0,0,0,0,united states of america,extraction,USA,0,0,0.098,0.581,1,2,1,1,2,1,98,3,1,0.900247987322166,0.8929159482487512,2,0,0
1912,Wallis Extended Limited,cyanid,4.86618e-4,1,6,0,2,1,1,1,0,0,0,0.04320829450056929,0.0144927536231884,1,0.2255892255892256,0.2474810213940648,0,0.21835527814742572,0.03614457831325301,3,0.4368421052631579,0.4769076305220884,0.00229482138534163,0.21942808186275284,0.03636363636363636,4,0.3927272727272727,0.43257575757575784,0.00322663223593529,0.0048092448478106,0.01916932907348242,6,0.24934839270199827,0.26913659645289134,0.0263669909321439,united kingdom,extraction,GBR,1,1,0.028,0.73,2,2,2,2,2,2,98,3,1,0.9179453344387052,0.9090477242361656,6,1,1
1909,Wam And Junction Gold Company,cyanid,0.9746589,0,7,0,0,0,0,0,1,0,0,0.15039945580036443,0.01492537313432835,1,0.3333333333333333,0.36368159203980094,0,0,0,0,0,0,0,0.05062156743724837,0.01030927835051546,1,0.3054662379421222,0.33195876288659787,0,0,0,0,0,0,0,new zealand,extraction,NA,0,0,NA,NA,NA,NA,NA,NA,NA,NA,NA,NA,NA,0.8929159482487512,0.9055704681028238,7,1,1
1908,Wanderer Tselukwel Gold Mines Limited,cyanid,1.459854,1,6,382.0578442854707,1,1,1,1,1,1,1,0.29990301281217313,0.04225352112676056,3,0.3879781420765027,0.4410798122065726,0.06002163776308642,0.30378575366789456,0.05063291139240506,4,0.512987012987013,0.5253164556962026,0.00997812905098481,0.3642220007234735,0.06481481481481481,7,0.47161572052401746,0.5054012345679014,0.02627774066320004,0,0.0131578947368421,1,1,0.0131578947368421,0,united states of america,extraction,USA,0,0,0.117,0.581,1,1,1,1,1,1,98,1,1,0.9055704681028238,0.9101864858593508,6,1,0
1909,Wanderer Tselukwel Gold Mines Limited,cyanid,1.461988,1,8,0,6,2,2,2,0,0,0,0.31543024317022766,0.04477611940298507,3,0.3987730061349693,0.4340796019900496,0.05232182185785265,0.3104971299725254,0.05263157894736842,4,0.5135135135135135,0.5263157894736842,0.01279419879328662,0.373787199377222,0.07216494845360824,7,0.482233502538071,0.5034364261168387,0.02078554863559606,0.03497147318704789,0.0449438202247191,8,0.317351598173516,0.2934991974317821,0.07591708973335032,united states of america,extraction,USA,0,0,0.117,0.581,1,1,1,1,1,1,98,1,1,0.8929159482487512,0.9055704681028238,8,1,1
1910,Wanderer Tselukwel Gold Mines Limited,cyanid,1.461988,0,1,0,0,0,0,0,0,0,0,0,0,0,0,0,0,0,0,0,0,0,0,0,0,0,0,0,0,0,0,0,0,0,0,united states of america,extraction,USA,0,0,0.098,0.581,1,2,1,1,2,1,98,3,1,0.900247987322166,0.8929159482487512,1,1,1
1911,Wanderer Tselukwel Gold Mines Limited,cyanid,1.461988,1,1,4.5913793676987665e-4,1,1,1,1,0,0,0,0.2237257705656269,0.02631578947368421,2,0.4010989010989011,0.4254385964912279,0.01073127892732146,0.0688558815948894,0.01111111111111111,1,0.3435114503816794,0.3888888888888889,0,0.14307786313962145,0.02521008403361344,3,0.3814102564102564,0.4284313725490199,0.00487173257583743,0.005728012509853,0.01526717557251908,4,0.29427792915531337,0.2736005089058534,0.00184800254791067,united states of america,extraction,USA,0,0,0.098,0.581,1,2,1,1,2,1,98,3,1,0.9090477242361656,0.900247987322166,1,1,1
1913,Wanderer Tselukwel Gold Mines Limited,cyanid,1.461988,0,2,0,0,0,0,0,1,1,1,0,0.01724137931034482,1,0.3888888888888889,0.05747126436781609,0,0.05463174355107239,0.01265822784810126,1,0.32113821138211385,0.36392405063291133,0,0.06298299820081694,0.02040816326530612,2,0.31958762886597936,0.34591836734693865,0.00315401212378196,0.011156280583062,0.00628930817610062,2,0.2372742200328407,0.25194173401720604,0.00271537979340021,united states of america,extraction,USA,0,0,0.083,0.581,1,2,1,1,2,1,98,3,1,0.9228291504899564,0.9179453344387052,2,1,1
1914,Wanderer Tselukwel Gold Mines Limited,cyanid,1.461988,0,2,0,0,0,0,0,0,0,0,0,0,0,0,0,0,0,0,0,0,0,0,0,0,0,0,0,0,8.069811532167904e-4,0.00277777777777777,1,0.21052631578947367,0.1984766313932988,0,united states of america,extraction,USA,0,0,0.079,0.581,1,2,1,1,2,1,98,3,1,0.908179444741422,0.9228291504899564,2,1,1
1915,Wanderer Tselukwel Gold Mines Limited,cyanid,1.461988,1,2,0,0,0,0,0,0,0,0,0,0,0,0,0,0,0,0,0,0,0,0,0,0,0,0,0,0,4.822440881160769e-4,0.01136363636363636,4,0.2393736017897092,0.23992153679653724,5.7791891004654175e-5,united states of america,extraction,USA,0,0,0.07,0.581,1,2,1,1,2,1,98,3,1,0.8901492706922215,0.908179444741422,2,1,1
1916,Wanderer Tselukwel Gold Mines Limited,cyanid,1.461988,1,4,0,0,0,0,0,0,1,0,0,0,0,0,0,0,0.222880582035912,0.03448275862068965,2,0.38666666666666666,0.4382183908045977,0.00736656345580558,0.20535581240347864,0.02666666666666667,2,0.35377358490566035,0.4035555555555554,0.00396014203408891,1.3807008820062574e-4,0.00604229607250755,2,0.24018126888217525,0.24688534023881553,0.00512396048924475,united states of america,extraction,USA,0,0,0.07,0.581,1,2,1,1,2,1,98,3,1,0.8715313750908763,0.8901492706922215,4,1,1
1917,Wanderer Tselukwel Gold Mines Limited,cyanid,1.461988,1,4,0,3,1,1,1,0,0,0,0,0.02777777777777777,1,1,0.02777777777777777,0,0.3826272781048881,0.06521739130434782,3,0.4423076923076923,0.4909420289855072,0.00889188567126558,0.368433830786152,0.06557377049180328,4,0.391025641025641,0.45136612021857914,0.03722576962746288,0.00224728335023689,0.0238095238095238,8,0.27957931638913236,0.2960211167800461,0.03448931716392756,united states of america,extraction,USA,0,0,0.07,0.581,1,2,1,1,2,1,98,3,1,0.8562317952059528,0.8715313750908763,4,1,1
1919,Wanderer Tselukwel Gold Mines Limited,cyanid,1.461988,1,6,0,4,1,1,1,0,0,0,0.02303939449652588,0.01886792452830188,1,0.23703703703703705,0.1644654088050314,0,0.2861739381863526,0.04615384615384615,3,0.43333333333333335,0.4782051282051282,0.00507965705901417,0.2795890793387189,0.05,4,0.41237113402061853,0.4583333333333333,0.01063685477987066,0.0211571648839514,0.03089887640449438,11,0.30866425992779783,0.3306647940074905,0.00195087396787392,united states of america,extraction,USA,0,0,0.07,0.581,1,2,1,1,2,1,98,3,1,0.8666171596554353,0.8554794889536566,6,1,1
1909,Wassau Extetjoe Ztgottdgomines Limited,cyanid,1.705653,1,10,0,3,2,0,0,1,1,1,0.3962214752752357,0.04477611940298507,3,0.40372670807453415,0.43955223880597,0.02527405736326654,0.06952231889198343,0.0131578947368421,1,0.31932773109243695,0.36184210526315785,0,0.1715017304695561,0.04123711340206185,4,0.37254901960784315,0.415807560137457,0.00373988747010336,0.00305123253617828,0.02247191011235955,4,0.25364963503649635,0.2231139646869987,0.00876023614549609,united kingdom,extraction,GBR,1,1,0.028,0.73,2,2,2,2,2,1,98,3,1,0.8929159482487512,0.9055704681028238,10,1,1
1908,Wassau Gold Coast Mining Company,cyanid,1.703163,1,7,0,1,1,0,0,1,1,0,0.24542592708473857,0.02816901408450704,2,0.35323383084577115,0.4035211267605632,0.01894517286871411,0.09233751503463264,0.01265822784810126,1,0.3798076923076923,0.4240506329113924,0,0.15011807436442334,0.02777777777777777,3,0.3763066202090593,0.4239197530864201,0.002386636703474,0.03031715115906728,0.0131578947368421,1,0.18849840255591055,0.17105785296574752,0,united kingdom,extraction,GBR,1,1,0.028,0.73,2,2,2,2,2,1,98,3,1,0.9055704681028238,0.9101864858593508,7,1,1
1910,Wassau Gold Coast Mining Company,cyanid,1.703163,1,1,0,0,0,0,0,0,0,0,0,0,0,0,0,0,0,0,0,0,0,0,0,0,0,0,0,0,0,0,0,0,0,0,united states of america,extraction,USA,0,0,0.098,0.581,1,2,1,1,2,1,98,3,1,0.900247987322166,0.8929159482487512,1,1,1
1911,Wassau Gold Coast Mining Company,cyanid,1.703163,1,4,1.0013217677085525e-4,1,0,0,0,0,1,0,0,0,0,0,0,0,0.06885588159488938,0.01111111111111111,1,0.3435114503816794,0.3888888888888889,0,0.06282619088360404,0.00840336134453781,1,0.3216216216216216,0.36148459383753495,0,0.02043104224933494,0.00381679389312977,1,0.3004172461752434,0.27974372955289084,0,united kingdom,extraction,GBR,1,1,0.028,0.73,2,2,2,2,2,2,98,3,1,0.9090477242361656,0.900247987322166,4,1,1
1919,Wassau Gold Coast Mining Company,cyanid,1.372289,1,1,0,0,0,0,0,0,0,0,0,0,0,0,0,0,0,0,0,0,0,0,0,0,0,0,0,0,0,0,0,0,0,0,united kingdom,extraction,GBR,1,1,0.028,0.73,2,2,1,2,2,1,89,3,1,0.8666171596554353,0.8554794889536566,1,1,1
1913,West African Prospectors Limited,cyanid,0.6640106,1,6,136.38107982417645,0,0,0,0,1,2,1,0.0092000599252481,0.01724137931034482,1,0.23626373626373623,0.19568965517241368,0,0.2053652650077562,0.02531645569620253,2,0.3798076923076923,0.4293248945147679,0.00211937397820044,0.19983825480389947,0.03061224489795918,3,0.3647058823529411,0.3948979591836733,0.00700035264441178,0,0,0,0,0,0,united states of america,extraction,USA,0,0,0.083,0.581,1,2,1,1,2,1,98,3,1,0.9228291504899564,0.9179453344387052,6,1,0
1912,West Band Consolidated,cyanid,0.6085686,1,0,0,0,0,0,0,0,0,0,0,0,0,0,0,0,0,0,0,0,0,0,0,0,0,0,0,0,0,0,0,0,0,0,canada,extraction,CAN,0,1,0.072,0.61,2,1,1,2,1,1,96,0,1,0.9179453344387052,0.9090477242361656,0,1,1
1923,West Band Consolidated,cyanid,0.6085686,1,0,0,0,0,0,0,0,0,0,0,0,0,0,0,0,0,0,0,0,0,0,0,0,0,0,0,0,0,0,0,0,0,0,canada,extraction,CAN,0,1,0.07,0.631,2,1,1,2,2,1,98,0,1,0.9260468773507357,0.9128783852142348,0,1,1
1913,West Esfiiwd Gged Wwgtww Limited,cyanid,0.02008277,1,3,0,0,0,0,0,0,0,0,0,0,0,0,0,0,0,0,0,0,0,0,0,0,0,0,0,0,0,0,0,0,0,0,south africa,extraction,ZAF,1,1,0.408,0.115,-1,-1,-1,-1,-1,-1,84,2,0,0.9228291504899564,0.9179453344387052,3,1,1
1913,West Griqualand Vexelgliation Syndicate Limited,cyanid,0.4868549,1,0,0,0,0,0,0,0,0,0,0,0,0,0,0,0,0,0,0,0,0,0,0,0,0,0,0,0,0,0,0,0,0,0,canada,extraction,CAN,0,1,0.072,0.61,2,1,1,2,1,1,96,0,1,0.9228291504899564,0.9179453344387052,0,1,1
1913,West Indian Mines Limited,cyanid,0.8276534,1,5,765.5693320878819,1,0,1,0,0,0,0,0,0,0,0,0,0,0.0546317435510724,0.01265822784810126,1,0.32113821138211385,0.36392405063291133,0,0.05681765265575402,0.01020408163265306,1,0.31313131313131315,0.3340136054421768,0,1.5921088102640447e-5,0.00943396226415094,3,0.16055555555555556,0.16457120796743463,0.01140805110806896,mexico,extraction,MEX,0,0,0.774,0.561,-3,-3,-3,-3,-3,-3,70,0,0,0.9228291504899564,0.9179453344387052,5,1,0
1912,West Mexican Mines Limited,cyanid,2.469586,1,5,84.20011485589905,1,0,1,0,0,0,0,0,0,0,0,0,0,0.06512410373025121,0.01204819277108433,1,0.3487394957983193,0.39457831325301207,0,0.06353937471985921,0.00909090909090909,1,0.32238805970149254,0.35833333333333334,0,3.038332285867542e-6,0.00638977635782747,2,0.1671520093185789,0.16873972672694723,0.00585729499467518,mexico,extraction,NA,0,0,NA,NA,NA,NA,NA,NA,NA,NA,NA,NA,NA,0.9179453344387052,0.9090477242361656,5,1,0
1914,West Mexican Mines Limited,cyanid,2.317554,1,2,0,1,0,0,0,0,0,0,0,0,0,0,0,0,0,0,0,0,0,0,0,0,0,0,0,0,0,0,0,0,0,0,mexico,extraction,MEX,0,0,0.774,0.561,-3,-3,-3,-3,-3,-3,69,0,0,0.908179444741422,0.9228291504899564,2,1,1
1915,West Mexican Mines Limited,cyanid,2.317554,1,2,0,0,0,0,0,0,0,0,0,0,0,0,0,0,0,0,0,0,0,0,0,0,0,0,0,0,0,0,0,0,0,0,mexico,extraction,MEX,0,0,0.774,0.561,-3,-3,-3,-3,-3,-3,70,0,0,0.8901492706922215,0.908179444741422,2,1,1
1922,West Mexican Mines Limited,cyanid,2.317554,1,13,0,10,1,3,1,0,0,0,0.22177456628148337,0.02564102564102564,1,0.31896551724137934,0.3572649572649573,0,0.24230599175818887,0.04347826086956521,2,0.4693877551020408,0.4981884057971014,0.00818308947599565,0.2945022385517991,0.04838709677419355,3,0.43356643356643354,0.4717741935483869,0.0090627349791395,0.4076114745896656,0.23901098901098905,87,0.43516209476309226,0.4975274725274754,0.13844965281953744,canada,extraction,CAN,0,1,0.07,0.631,2,1,1,2,2,1,98,0,1,0.9128783852142348,0.8977238173556666,13,1,1
1923,West Mexican Mines Limited,cyanid,2.317554,1,1,0.00129416429614935,0,0,0,0,0,0,0,0,0,0,0,0,0,0,0,0,0,0,0,0,0,0,0,0,0,0.17244202578304066,0.03703703703703703,14,0.3617234468937875,0.3790123456790103,2.0909324568156424e-4,mexico,extraction,NA,0,0,NA,NA,NA,NA,NA,NA,NA,NA,NA,NA,NA,0.9260468773507357,0.9128783852142348,1,1,1
1908,West Rand Consolidated Mines Limited,cyanid,2.189781,1,21,0,2,1,1,1,0,4,0,0.1650807476000884,0.01408450704225352,1,0.29957805907172996,0.35023474178403763,0,0.22839359762720848,0.0379746835443038,3,0.4759036144578313,0.5010548523206751,0.00498623789221442,0.26259093447770077,0.03703703703703703,4,0.416988416988417,0.4591049382716052,0.00446534196635194,0.01642582427519937,0.05263157894736842,4,0.3105263157894737,0.28837719298245623,0.09856675279897643,canada,extraction,CAN,0,1,0.074,0.597,2,1,1,2,1,1,96,0,1,0.9055704681028238,0.9101864858593508,21,1,1
1910,West Rand Consolidated Mines Limited,cyanid,7.417315,1,10,0,7,1,2,0,0,0,0,0.05854674560899824,0.0175438596491228,1,0.2893401015228426,0.3239766081871345,0,0.1756082473670994,0.0303030303030303,2,0.44,0.476010101010101,0.00317351560778607,0.1865567831649934,0.03409090909090909,3,0.4018264840182648,0.4450757575757578,0.00494012527185411,0.3854050745689483,0.17535545023696683,37,0.37136929460580914,0.40874520424283417,0.08709168963738516,canada,extraction,CAN,0,1,0.074,0.597,2,1,1,2,1,1,96,0,1,0.900247987322166,0.8929159482487512,10,1,1
1911,West Rand Consolidated Mines Limited,cyanid,7.413709,1,10,2.8333329557698393e-4,6,1,2,0,0,0,0,0.05452720896186269,0.0131578947368421,1,0.28294573643410853,0.3048245614035088,0,0.16077827465652483,0.02222222222222222,2,0.4411764705882353,0.47407407407407415,0.00252787565884868,0.17116026520966157,0.02521008403361344,3,0.39932885906040266,0.4411764705882355,0.00387637128926069,0.2761056225781956,0.12595419847328243,33,0.4,0.39249363867684406,0.01858371629440662,canada,extraction,CAN,0,1,0.072,0.61,2,1,1,2,1,1,96,0,1,0.9090477242361656,0.900247987322166,10,1,1
1912,West Rand Consolidated Mines Limited,cyanid,7.413709,1,15,0,11,3,1,1,0,0,0,0.26037731854686,0.02898550724637681,2,0.3621621621621622,0.3990338164251206,0.01169740987327868,0.15780814078082064,0.02409638554216867,2,0.4715909090909091,0.4929718875502009,0.00353035756494714,0.21767861476463937,0.03636363636363636,4,0.4518828451882846,0.47348484848484873,0.0096618107630203,0.5806592325648611,0.2715654952076677,85,0.35171568627450983,0.4565621988944658,0.11327300920018347,canada,extraction,CAN,0,1,0.072,0.61,2,1,1,2,1,1,96,0,1,0.9179453344387052,0.9090477242361656,15,1,1
1913,West Rand Consolidated Mines Limited,cyanid,7.424537,1,5,0,0,0,0,0,1,1,1,0.02024087199307012,0.01724137931034482,1,0.24431818181818185,0.20574712643678153,0,0.20536526500775631,0.02531645569620253,2,0.3798076923076923,0.4293248945147679,0.00211937397820044,0.2013142788796452,0.03061224489795918,3,0.3705179282868526,0.39999999999999986,0.00904487159893714,0.25463227676465044,0.05031446540880503,16,0.2982456140350877,0.3565505685788703,0.0501323855128819,canada,extraction,CAN,0,1,0.072,0.61,2,1,1,2,1,1,96,0,1,0.9228291504899564,0.9179453344387052,5,1,1
1914,West Rand Consolidated Mines Limited,cyanid,7.519724,1,6,0,1,0,0,0,0,0,0,0,0,0,0,0,0,0,0,0,0,0,0,0,0,0,0,0,0,0.3068952203268784,0.08888888888888889,32,0.35443037974683544,0.37602182539682383,0.08638385923060628,canada,extraction,CAN,0,1,0.067,0.61,2,1,1,2,1,1,96,0,1,0.908179444741422,0.9228291504899564,6,1,1
1915,West Rand Consolidated Mines Limited,cyanid,7.519724,1,12,0,10,1,1,1,0,2,0,0.17900057808161823,0.01612903225806451,1,0.3375,0.331989247311828,0,0.23537769416631812,0.03658536585365853,3,0.4659090909090909,0.49491869918699194,0.00845046727080643,0.27150522768921453,0.04081632653061224,4,0.44036697247706424,0.46768707482993216,0.00631739842476831,0.4828584215479882,0.25,88,0.3997509339975094,0.4515895562770571,0.11052537301159436,south africa,extraction,ZAF,1,1,0.408,0.115,-1,-1,-1,-1,-1,-1,84,2,0,0.8901492706922215,0.908179444741422,12,1,1
1915,West Rand Consolidated Mines Limited,cyanid,7.519724,1,12,0,10,1,1,1,0,2,0,0.17900057808161823,0.01612903225806451,1,0.3375,0.331989247311828,0,0.23537769416631812,0.03658536585365853,3,0.4659090909090909,0.49491869918699194,0.00845046727080643,0.27150522768921453,0.04081632653061224,4,0.44036697247706424,0.46768707482993216,0.00631739842476831,0.4828584215479882,0.25,88,0.3997509339975094,0.4515895562770571,0.11052537301159436,canada,extraction,CAN,0,1,0.067,0.61,2,2,1,2,2,1,98,0,1,0.8901492706922215,0.908179444741422,12,1,1
1916,West Rand Consolidated Mines Limited,cyanid,7.519724,1,3,0,2,0,1,0,0,0,0,0,0,0,0,0,0,0.14256128783142596,0.01724137931034482,1,0.34523809523809523,0.3922413793103448,0,0.12751989150029022,0.01333333333333333,1,0.3232758620689655,0.36622222222222206,0,0.21877318850025315,0.0513595166163142,17,0.3404710920770878,0.37678751258811594,0.04634441213847842,south africa,extraction,ZAF,1,1,0.408,0.115,-1,-1,-1,-1,-1,-1,84,2,0,0.8715313750908763,0.8901492706922215,3,1,1
1916,West Rand Consolidated Mines Limited,cyanid,7.519724,1,3,0,2,0,1,0,0,0,0,0,0,0,0,0,0,0.14256128783142596,0.01724137931034482,1,0.34523809523809523,0.3922413793103448,0,0.12751989150029022,0.01333333333333333,1,0.3232758620689655,0.36622222222222206,0,0.21877318850025315,0.0513595166163142,17,0.3404710920770878,0.37678751258811594,0.04634441213847842,canada,extraction,CAN,0,1,0.067,0.61,2,2,1,2,2,1,98,0,1,0.8715313750908763,0.8901492706922215,3,1,1
1917,West Rand Consolidated Mines Limited,cyanid,7.519724,1,2,0,2,0,0,0,0,0,0,0,0,0,0,0,0,0,0,0,0,0,0,0,0,0,0,0,0,0.16183201876292433,0.08630952380952381,29,0.3709302325581395,0.4157596371882068,0.06135001400034671,south africa,extraction,ZAF,1,1,0.408,0.115,-1,-1,-1,-1,-1,-1,84,2,0,0.8562317952059528,0.8715313750908763,2,1,1
1917,West Rand Consolidated Mines Limited,cyanid,7.519724,1,2,0,2,0,0,0,0,0,0,0,0,0,0,0,0,0,0,0,0,0,0,0,0,0,0,0,0,0.16183201876292433,0.08630952380952381,29,0.3709302325581395,0.4157596371882068,0.06135001400034671,canada,extraction,CAN,0,1,0.067,0.61,2,2,1,2,2,1,98,0,1,0.8562317952059528,0.8715313750908763,2,1,1
1919,West Rand Consolidated Mines Limited,cyanid,7.519724,1,9,0,6,0,1,0,0,0,0,0,0,0,0,0,0,0.11021245718263532,0.01538461538461538,1,0.3611111111111111,0.4076923076923077,0,0.10549702369375366,0.0125,1,0.34782608695652173,0.3893749999999998,0,0.4466434312346271,0.18258426966292135,65,0.4180929095354523,0.47134831460674376,0.08009012641081024,canada,extraction,CAN,0,1,0.067,0.631,2,2,1,2,2,1,98,0,1,0.8666171596554353,0.8554794889536566,9,1,1
1920,West Rand Consolidated Mines Limited,cyanid,7.519724,1,9,0,0,0,0,0,0,0,0,0,0,0,0,0,0,0,0,0,0,0,0,0,0,0,0,0,0,0.1283379787017416,0.05989583333333333,23,0.3633692458374143,0.4009982638888879,0.03439523137146496,canada,extraction,CAN,0,1,0.067,0.631,2,1,1,2,2,1,98,0,1,0.8827313706089669,0.8666171596554353,9,1,1
1921,West Rand Consolidated Mines Limited,cyanid,7.519724,1,9,0,7,1,2,1,0,0,0,0.20143473220356456,0.02127659574468085,1,0.3435114503816794,0.37127659574468097,0,0.20511551436857708,0.0392156862745098,2,0.4396551724137931,0.4787581699346405,0.006187411184205,0.2650891848403778,0.04411764705882353,3,0.4146341463414634,0.45710784313725467,0.00546563471678652,0.9539184968250656,0.20754716981132076,77,0.4322033898305085,0.4842767295597512,0.08705086795365148,canada,extraction,CAN,0,1,0.067,0.631,2,1,1,2,2,1,98,0,1,0.8977238173556666,0.8827313706089669,9,1,1
1923,West Rand Consolidated Mines Limited,cyanid,7.519724,1,14,0,13,1,3,1,0,0,0,0.20087660032654636,0.0217391304347826,1,0.3359375,0.3644927536231885,0,0.22812760378252175,0.05,2,0.4545454545454546,0.49166666666666664,0.00408041473426088,0.294256432396697,0.05357142857142857,3,0.4148148148148148,0.4598214285714282,0.003246496809847,0.7412223251250624,0.3756613756613757,142,0.4622279129321383,0.5262786596119953,0.16007632294237883,canada,extraction,CAN,0,1,0.07,0.631,2,1,1,2,2,1,98,0,1,0.9260468773507357,0.9128783852142348,14,1,1
1909,West Rmnd Entral Gold Mining,cyanid,7.431774,1,5,0,2,0,1,0,1,0,0,0.10791345261595836,0.01492537313432835,1,0.28634361233480177,0.314179104477612,0,0.09757762654544928,0.0131578947368421,1,0.37623762376237624,0.4210526315789473,0,0.1197999724135242,0.02061855670103092,2,0.3696498054474709,0.4046391752577318,6.941220423075401e-4,0.02312024015305357,0.02808988764044943,5,0.2926315789473684,0.2615369181380418,0.0103374199892529,canada,extraction,CAN,0,1,0.074,0.597,2,1,1,2,1,1,96,0,1,0.8929159482487512,0.9055704681028238,5,1,1
1908,Westbalia And East Extension,cyanid,0.973236,0,0,0,0,0,0,0,0,0,0,0,0,0,0,0,0,0,0,0,0,0,0,0,0,0,0,0,0,0,0,0,0,0,0,united kingdom,extraction,GBR,1,1,0.028,0.73,2,2,2,2,2,1,98,3,1,0.9055704681028238,0.9101864858593508,0,1,1
1909,Westhalia And East Extension,cyanid,0.00538499,1,3,0,1,0,0,0,0,0,0,0,0,0,0,0,0,0,0,0,0,0,0,0,0,0,0,0,0,2.661479833936139e-5,0.00561797752808988,1,0.1886024423337856,0.15910914927768854,0,united states of america,extraction,USA,0,0,0.117,0.581,1,1,1,1,1,1,98,1,1,0.8929159482487512,0.9055704681028238,3,1,1
1908,Westralia And Eastwvektevnsion Mtn Limited,cyanid,0.9746589,1,3,0,0,0,0,0,1,1,1,0.10876047266331997,0.01408450704225352,1,0.29218106995884774,0.33041582830315236,0,0.0646118841031248,0.01265822784810126,1,0.32644628099173556,0.370253164556962,0,0.08518685343776368,0.01851851851851851,2,0.3323076923076923,0.3760802469135801,0.00157695334184876,0,0,0,0,0,0,united states of america,extraction,USA,0,0,0.117,0.581,1,1,1,1,1,1,98,1,1,0.9055704681028238,0.9101864858593508,3,1,1
1909,Westralia And Eastwvektevnsion Mtn Limited,cyanid,0.9746589,1,3,0,1,0,1,0,0,1,0,0,0,0,0,0,0,0.2363410450040908,0.03947368421052631,3,0.4578313253012048,0.4912280701754386,0.00519496040188331,0.21180081586306215,0.03092783505154639,3,0.4148471615720524,0.4450171821305845,0.0020733756876939,5.927522313318931e-4,0.01123595505617977,2,0.23205342237061768,0.2013532191902978,0.00876023614549609,united states of america,extraction,USA,0,0,0.117,0.581,1,1,1,1,1,1,98,1,1,0.8929159482487512,0.9055704681028238,3,1,1
1913,Westralia And Eastwvektevnsion Mtn Limited,cyanid,0.9737098,1,7,0,0,0,0,0,0,0,0,0,0,0,0,0,0,0,0,0,0,0,0,0,0,0,0,0,0,4.286640650526824e-4,0.00314465408805031,1,0.19189907038512616,0.19571821435029027,0,united states of america,extraction,USA,0,0,0.083,0.581,1,2,1,1,2,1,98,3,1,0.9228291504899564,0.9179453344387052,7,1,1
1911,Westralia Mount Morgans Gold Mines,cyanid,0.973236,1,4,2.3055664769700536e-4,0,0,0,0,0,0,0,0,0,0,0,0,0,0,0,0,0,0,0,0,0,0,0,0,0,0,0,0,0,0,0,united states of america,extraction,USA,0,0,0.098,0.581,1,2,1,1,2,1,98,3,1,0.9090477242361656,0.900247987322166,4,1,1
1912,Westralia Mount Morgans Gold Mines,cyanid,0.973236,1,4,0,1,0,1,0,0,0,0,0,0,0,0,0,0,0.16133421715555302,0.02409638554216867,2,0.415,0.45682730923694786,6.102861837270865e-4,0.1524409464012778,0.01818181818181818,2,0.3763066202090593,0.41136363636363665,2.9325822660648446e-4,0.00228420607281375,0.00958466453674121,3,0.2417860151642797,0.26067394621707785,0.00569214395257747,united states of america,extraction,USA,0,0,0.098,0.581,1,2,1,1,2,1,98,3,1,0.9179453344387052,0.9090477242361656,4,1,1
1909,William Ptower Jdevelopment Limited,cyanid,0.3654971,1,13,0,3,0,1,0,0,0,0,0,0,0,0,0,0,0.06924109956665804,0.0131578947368421,1,0.336283185840708,0.38157894736842096,0,0.06091080298477591,0.01030927835051546,1,0.32646048109965636,0.3577319587628865,0,0.01934396879038343,0.02247191011235955,4,0.3034934497816594,0.2678838951310861,0.01896547018344443,united states of america,extraction,USA,0,0,0.117,0.581,1,1,1,1,1,1,98,1,1,0.8929159482487512,0.9055704681028238,13,1,1
1916,Willoughby Mashonaland Expedition Syndicate Limited,amalgama,1.832173,1,3,0,2,0,0,0,0,0,0,0,0,0,0,0,0,0,0,0,0,0,0,0,0,0,0,0,0,9.357252187988783e-5,0.0120845921450151,4,0.1838150289017341,0.19287872248597343,0.00868808935274192,united states of america,extraction,USA,0,0,0.07,0.581,1,2,1,1,2,1,98,3,1,0.8715313750908763,0.8901492706922215,3,0,1
1920,Willoughby Mashonaland Expedition Syndicate Limited,amalgama,1.832173,1,2,58.817582000653026,0,0,0,0,0,0,0,0,0,0,0,0,0,0,0,0,0,0,0,0,0,0,0,0,0,0,0,0,0,0,0,united states of america,extraction,USA,0,0,0.078,0.581,1,2,1,1,2,1,98,3,1,0.8827313706089669,0.8666171596554353,2,0,1
1919,Wit Ati Wrand Gold Mti,cyanid,1.881363,1,0,0,0,0,0,0,0,0,0,0,0,0,0,0,0,0,0,0,0,0,0,0,0,0,0,0,0,0,0,0,0,0,0,canada,extraction,CAN,0,1,0.067,0.631,2,2,1,2,2,1,98,0,1,0.8666171596554353,0.8554794889536566,0,1,1
1923,Wit Watersrand Gold Mining,cyanid,1.94419,1,0,0,0,0,0,0,0,0,0,0,0,0,0,0,0,0,0,0,0,0,0,0,0,0,0,0,0,0,0,0,0,0,0,canada,extraction,CAN,0,1,0.07,0.631,2,1,1,2,2,1,98,0,1,0.9260468773507357,0.9128783852142348,0,1,1
1921,Witwatersrand Gold Fields Syndicate,cyanid,1.539646,1,9,0,6,1,2,1,0,0,0,0.3107543583879969,0.06382978723404255,3,0.42857142857142855,0.455673758865248,0.12190400338084945,0.2994316196597945,0.0588235294117647,3,0.4811320754716981,0.511437908496732,0.01841939287894771,0.4089101483361843,0.08823529411764706,6,0.4533333333333333,0.5012254901960783,0.02780363545006864,0.06714044973411464,0.0215633423180593,8,0.3096270598438855,0.31787960467205706,9.753843779074236e-4,canada,extraction,CAN,0,1,0.067,0.631,2,1,1,2,2,1,98,0,1,0.8977238173556666,0.8827313706089669,9,1,1
1922,Witwatersrand Gold Fields Syndicate,cyanid,1.771479,1,7,0,4,0,0,0,0,0,0,0,0,0,0,0,0,0,0,0,0,0,0,0,0,0,0,0,0,0.07663270599251652,0.01098901098901099,4,0.2872427983539095,0.29837781266352764,0,canada,extraction,CAN,0,1,0.07,0.631,2,1,1,2,2,1,98,0,1,0.9128783852142348,0.8977238173556666,7,1,1
1923,Witwatersrand Gold Fields Syndicate,cyanid,1.829826,1,9,0,6,0,0,0,0,0,0,0,0,0,0,0,0,0,0,0,0,0,0,0,0,0,0,0,0,0.05645612724337525,0.01587301587301587,6,0.3208888888888889,0.3329805996472655,2.8541102041049314e-6,canada,extraction,CAN,0,1,0.07,0.631,2,1,1,2,2,1,98,0,1,0.9260468773507357,0.9128783852142348,9,1,1
1909,Witwatersrand Gold Mining Company,cyanid,1.0263930000000001,1,8,0,4,1,1,0,1,1,1,0.436258187246845,0.07462686567164178,5,0.37572254335260113,0.4330845771144277,0.04020793480781747,0.24125603040586724,0.03947368421052631,3,0.4634146341463415,0.49451754385964913,0.00519714926705838,0.32890799900555756,0.08247422680412371,8,0.4634146341463415,0.49742268041237137,0.0224078986937209,0.09181743466060084,0.07303370786516854,13,0.32629107981220656,0.30816613162118844,0.00820451391893855,south africa,extraction,ZAF,1,1,0.408,0.115,NA,NA,NA,NA,NA,NA,NA,-2,0,0.8929159482487512,0.9055704681028238,8,1,1
1909,Witwatersrand Gold Mining Company,cyanid,1.0263930000000001,1,8,0,4,1,1,0,1,1,1,0.436258187246845,0.07462686567164178,5,0.37572254335260113,0.4330845771144277,0.04020793480781747,0.24125603040586724,0.03947368421052631,3,0.4634146341463415,0.49451754385964913,0.00519714926705838,0.32890799900555756,0.08247422680412371,8,0.4634146341463415,0.49742268041237137,0.0224078986937209,0.09181743466060084,0.07303370786516854,13,0.32629107981220656,0.30816613162118844,0.00820451391893855,canada,extraction,CAN,0,1,0.074,0.597,2,1,1,2,1,1,96,0,1,0.8929159482487512,0.9055704681028238,8,1,1
1910,Witwatersrand Gold Mining Company,cyanid,1.945525,1,9,0,9,2,2,1,0,0,0,0.2704740002357005,0.03508771929824561,2,0.4100719424460432,0.45029239766081847,0.01019466368316435,0.25714734266797856,0.04545454545454545,3,0.4852941176470588,0.5088383838383839,0.00937956436099091,0.3355591491886733,0.05681818181818181,5,0.45595854922279794,0.49147727272727304,0.01318021441374002,0.5902322998927207,0.24170616113744076,51,0.37060041407867494,0.41645226811103553,0.03881215061996104,canada,extraction,CAN,0,1,0.074,0.597,2,1,1,2,1,1,96,0,1,0.900247987322166,0.8929159482487512,9,1,1
1911,Witwatersrand Gold Mining Company,cyanid,1.945525,1,21,2.8333329557698393e-4,13,3,3,2,0,0,0,0.144433132449883,0.03947368421052631,3,0.3686868686868687,0.4083333333333332,0.04266396209813521,0.16011975898228645,0.02222222222222222,2,0.4090909090909091,0.4518518518518519,0.00113764304646817,0.2045580517120777,0.04201680672268908,5,0.4075342465753425,0.45448179271708705,0.01197411603514267,0.8188446067691536,0.3931297709923664,103,0.42857142857142855,0.45992366412213653,0.0539544233953437,canada,extraction,CAN,0,1,0.072,0.61,2,1,1,2,1,1,96,0,1,0.9090477242361656,0.900247987322166,21,1,1
1912,Witwatersrand Gold Mining Company,cyanid,2.021884,1,19,0,11,1,1,1,1,2,1,0.16976206802917151,0.0144927536231884,1,0.33004926108374383,0.36038647342995167,0,0.28347938187767685,0.04819277108433735,4,0.5123456790123457,0.5240963855421688,0.01047248478140069,0.31325897689894155,0.04545454545454545,5,0.4518828451882846,0.4772727272727275,0.00932866902140623,1,0.35782747603833864,112,0.36237373737373735,0.46229905167604735,0.09546665052429282,canada,extraction,CAN,0,1,0.072,0.61,2,1,1,2,1,1,96,0,1,0.9179453344387052,0.9090477242361656,19,1,1
1915,Witwatersrand Gold Mining Company,cyanid,2.021884,1,14,0,11,1,2,1,1,1,1,0.3356357194373725,0.04838709677419355,3,0.43548387096774194,0.4180107526881719,0.07553776648171148,0.236422837248873,0.03658536585365853,3,0.4767441860465117,0.5010162601626017,0.01174044238482851,0.31787134132493383,0.06122448979591836,6,0.4752475247524752,0.4965986394557825,0.02144482686025681,1,0.3522727272727273,124,0.4002493765586035,0.4664908008658021,0.05033704213411416,canada,extraction,CAN,0,1,0.067,0.61,2,2,1,2,2,1,98,0,1,0.8901492706922215,0.908179444741422,14,1,1
1916,Witwatersrand Gold Mining Company,cyanid,2.021884,1,6,0,6,3,3,3,0,0,0,0.4906467620979592,0.09523809523809525,4,0.44,0.3968253968253969,0.05445367640489593,0.34172939213728026,0.05172413793103448,3,0.46774193548387094,0.5014367816091954,0.02928582851316676,0.5753940985096376,0.09333333333333334,7,0.4573170731707317,0.5066666666666669,0.0713294838824383,0.7637478187697042,0.2598187311178248,86,0.3975,0.4842396777442099,0.11746330911854712,canada,extraction,CAN,0,1,0.067,0.61,2,2,1,2,2,1,98,0,1,0.8715313750908763,0.8901492706922215,6,1,1
1920,Witwatersrand Gold Mining Company,cyanid,1.557347,1,21,0,7,1,1,1,2,1,1,0.2924723156972222,0.07407407407407407,4,0.4251968503937008,0.4799382716049381,0.12798749290610184,0.1991295877518614,0.03278688524590164,2,0.3765432098765432,0.42896174863387976,0.00138530222926985,0.3352072043175081,0.07692307692307693,6,0.4216216216216217,0.4786324786324787,0.0157967063024324,0.8098828703763864,0.24739583333333337,95,0.3781855249745158,0.4516493055555566,0.03104399719972718,canada,extraction,CAN,0,1,0.067,0.631,2,1,1,2,2,1,98,0,1,0.8827313706089669,0.8666171596554353,21,1,1
1921,Witwatersrand Gold Mining Company,cyanid,1.635874,1,5,0,2,0,0,0,0,0,0,0,0,0,0,0,0,0,0,0,0,0,0,0,0,0,0,0,0,0.4188483907741306,0.09433962264150944,35,0.41415313225058,0.44429469901168206,0.04370700603323595,canada,extraction,CAN,0,1,0.067,0.631,2,1,1,2,2,1,98,0,1,0.8977238173556666,0.8827313706089669,5,1,1
1922,Witwatersrand Gold Mining Company,cyanid,1.635874,1,7,0,6,0,0,0,1,1,1,0.0048558265907623,0.02564102564102564,1,0.1989247311827957,0.22185592185592193,0,0.1326994970992395,0.0217391304347826,1,0.38333333333333336,0.4293478260869565,0,0.1319102498629503,0.03225806451612903,2,0.36257309941520466,0.40860215053763416,0.004670447091289,0.6806443111933373,0.2115384615384615,77,0.4025374855824682,0.4586080586080602,0.05058276611140317,canada,extraction,CAN,0,1,0.07,0.631,2,1,1,2,2,1,98,0,1,0.9128783852142348,0.8977238173556666,7,1,1
1913,Witwatersrandt Venture Syndicate Gold,cyanid,2.677702,1,6,0,3,1,1,1,0,0,0,0.19784087033191025,0.01724137931034482,1,0.3706896551724138,0.30890804597701155,0,0.1988948605172713,0.02531645569620253,2,0.383495145631068,0.4324894514767932,0.00251262876863247,0.25564593987806694,0.03061224489795918,3,0.39574468085106385,0.42040816326530633,0.00477620249538022,0.2903104203071466,0.05660377358490566,18,0.26734505087881594,0.3118099580363734,0.00375626443331973,canada,extraction,CAN,0,1,0.072,0.61,2,1,1,2,1,1,96,0,1,0.9228291504899564,0.9179453344387052,6,1,1
1914,Wltwaters Rand Gold Mining Com,cyanid,2.095661,1,9,0,3,0,0,0,0,1,0,0,0,0,0,0,0,0.08225974315779859,0.01388888888888888,1,0.3364485981308411,0.3819444444444443,0,0.0768859353450215,0.01098901098901099,1,0.325,0.3639194139194138,0,0.1867283147634993,0.08611111111111111,31,0.34033149171270716,0.35013888888888756,0.03623110285223078,canada,extraction,CAN,0,1,0.067,0.61,2,1,1,2,1,1,96,0,1,0.908179444741422,0.9228291504899564,9,1,1
1895,Wolhuter Gold Mining Company,cyanid,0.3164557,1,17,0,3,0,0,0,0,0,0,0,0,0,0,0,0,0,0,0,0,0,0,0,0,0,0,0,0,0.09845028367930814,0.05714285714285714,2,0.36231884057971014,0.31047619047619046,0.05671268507402961,united kingdom,extraction,GBR,1,1,0.028,0.73,2,2,NA,2,2,NA,98,3,1,0.7078988530850715,0.6957655151230822,17,1,1
1908,Wolhuter Gold Mining Company,cyanid,0.6326034,1,1,0,0,0,0,0,0,0,0,0,0,0,0,0,0,0,0,0,0,0,0,0,0,0,0,0,0,0.00182685588048721,0.05263157894736842,4,0.2379032258064516,0.22393483709273168,0.0208457937188332,united kingdom,extraction,GBR,1,1,0.028,0.73,2,2,2,2,2,1,98,3,1,0.9055704681028238,0.9101864858593508,1,1,1
1910,Wolhuter Gold Mining Company,cyanid,0.6326034,1,6,0,2,0,1,0,0,0,0,0,0,0,0,0,0,0.07231477657753627,0.01515151515151515,1,0.3473684210526316,0.3939393939393939,0,0.06760396440907665,0.01136363636363636,1,0.3295880149812734,0.36874999999999986,0,0.11231258402528108,0.04265402843601896,9,0.307032590051458,0.31740577747686854,3.217282343750981e-5,canada,extraction,CAN,0,1,0.074,0.597,2,1,1,2,1,1,96,0,1,0.900247987322166,0.8929159482487512,6,1,1
1912,Wolhuter Gold Mining Company,cyanid,0.92451,1,12,0,9,1,1,0,0,0,0,0.03910037886917819,0.0144927536231884,1,0.24907063197026025,0.27960662525879926,0,0.0651241037302512,0.01204819277108433,1,0.3487394957983193,0.39457831325301207,0,0.07483786825681531,0.01818181818181818,2,0.3364485981308411,0.37803030303030305,0.00378790555844478,0.5987953199678939,0.20766773162939295,65,0.3333333333333333,0.41662609665804456,0.02497500857162806,canada,extraction,CAN,0,1,0.072,0.61,2,1,1,2,1,1,96,0,1,0.9179453344387052,0.9090477242361656,12,1,1
1913,Wolhuter Gold Mining Company,cyanid,0.92451,1,6,0,6,1,1,0,0,0,0,0.19784087033191036,0.01724137931034482,1,0.3706896551724138,0.30890804597701155,0,0.05463174355107243,0.01265822784810126,1,0.32113821138211385,0.36392405063291133,0,0.12222234433354282,0.02040816326530612,2,0.35094339622641507,0.3778911564625849,0.00238525724998908,0.4792380424808745,0.10377358490566038,33,0.2844488188976378,0.3449261604921974,0.02125808536025721,canada,extraction,CAN,0,1,0.072,0.61,2,1,1,2,1,1,96,0,1,0.9228291504899564,0.9179453344387052,6,1,1
1914,Wolhuter Gold Mining Company,cyanid,0.92451,1,5,0,3,1,1,1,0,0,0,0.03647789394764547,0.01587301587301587,1,0.26666666666666666,0.28439153439153436,0,0.1740896973950002,0.02777777777777777,2,0.41379310344827586,0.4571759259259259,0.00135147414697887,0.18149633430713488,0.03296703296703297,3,0.3888888888888889,0.4349816849816851,0.00302759061588787,0.7188288281538388,0.14722222222222223,53,0.3719806763285024,0.3996759259259243,0.02284704632756064,canada,extraction,CAN,0,1,0.067,0.61,2,1,1,2,1,1,96,0,1,0.908179444741422,0.9228291504899564,5,1,1
1915,Wolhuter Gold Mining Company,cyanid,0.92451,1,8,0,7,1,1,1,0,0,0,0.2964329472462586,0.03225806451612903,2,0.3857142857142858,0.379032258064516,0.01117379741123792,0.07322309911761912,0.01219512195121951,1,0.33884297520661155,0.3841463414634146,0,0.14996220770310367,0.03061224489795918,3,0.375,0.41496598639455784,0.00309348597476606,0.8929949297993711,0.29829545454545453,105,0.3992537313432836,0.4571834415584424,0.03329661315453045,canada,extraction,CAN,0,1,0.067,0.61,2,2,1,2,2,1,98,0,1,0.8901492706922215,0.908179444741422,8,1,1
1916,Wolhuter Gold Mining Company,cyanid,0.9262726,1,2,0,2,0,0,0,0,0,0,0,0,0,0,0,0,0,0,0,0,0,0,0,0,0,0,0,0,0.6204467571318147,0.18126888217522655,60,0.3822115384615384,0.45100704934541674,0.02792871974606872,canada,extraction,CAN,0,1,0.067,0.61,2,2,1,2,2,1,98,0,1,0.8715313750908763,0.8901492706922215,2,1,1
1916,Wolhuter Gold Mining Company,cyanid,0.9262726,1,2,0,2,0,0,0,0,0,0,0,0,0,0,0,0,0,0,0,0,0,0,0,0,0,0,0,0,0.6204467571318147,0.18126888217522655,60,0.3822115384615384,0.45100704934541674,0.02792871974606872,united kingdom,extraction,GBR,1,1,0.031,0.73,2,2,2,2,2,2,94,3,1,0.8715313750908763,0.8901492706922215,2,1,1
1917,Wolhuter Gold Mining Company,cyanid,0.9299619,1,5,0,6,1,1,1,0,0,0,0.40885196775354543,0.05555555555555555,2,0.3404255319148936,0.37685185185185177,0.01247165532879818,0.08660622639904682,0.0217391304347826,1,0.3333333333333333,0.3804347826086956,0,0.21079206776215123,0.04918032786885246,3,0.3588235294117647,0.415846994535519,0.00856707319363164,0.7507833425541229,0.3244047619047619,109,0.399749373433584,0.4782738095238102,0.07733608146747675,canada,extraction,CAN,0,1,0.067,0.61,2,2,1,2,2,1,98,0,1,0.8562317952059528,0.8715313750908763,5,1,1
1920,Wolhuter Gold Mining Company,cyanid,0.9299619,1,10,0,7,1,2,1,0,0,0,0.18350210651708015,0.01851851851851851,1,0.33540372670807456,0.38765432098765434,0,0.4157568117349176,0.06557377049180328,4,0.5169491525423728,0.5327868852459017,0.01904668915210136,0.45679574312632254,0.0641025641025641,5,0.467065868263473,0.5021367521367524,0.01518606074847973,0.3566292632162915,0.21614583333333337,83,0.4177927927927928,0.4827690972222247,0.06233737828051451,canada,extraction,CAN,0,1,0.067,0.631,2,1,1,2,2,1,98,0,1,0.8827313706089669,0.8666171596554353,10,1,1
1921,Wolhuter Gold Mining Company,cyanid,0.17705929999999998,1,11,0,9,1,2,1,0,0,0,0.2014347322035646,0.02127659574468085,1,0.3435114503816794,0.37127659574468097,0,0.3878213916456565,0.0784313725490196,4,0.5204081632653061,0.5392156862745098,0.03255060918718952,0.4297451556212469,0.07352941176470588,5,0.4533333333333333,0.4950980392156861,0.01859267050810753,0.7021508630475631,0.23180592991913743,86,0.44402985074626866,0.4975292003593918,0.12070901365399432,canada,extraction,CAN,0,1,0.067,0.631,2,1,1,2,2,1,98,0,1,0.8977238173556666,0.8827313706089669,11,1,1
1921,Wolhuter Gold Mining Company,cyanid,0.17705929999999998,1,11,0,9,1,2,1,0,0,0,0.2014347322035646,0.02127659574468085,1,0.3435114503816794,0.37127659574468097,0,0.3878213916456565,0.0784313725490196,4,0.5204081632653061,0.5392156862745098,0.03255060918718952,0.4297451556212469,0.07352941176470588,5,0.4533333333333333,0.4950980392156861,0.01859267050810753,0.7021508630475631,0.23180592991913743,86,0.44402985074626866,0.4975292003593918,0.12070901365399432,united kingdom,extraction,GBR,1,1,0.028,0.73,2,2,1,2,2,1,89,3,1,0.8977238173556666,0.8827313706089669,11,1,1
1922,Wolhuter Gold Mining Company,cyanid,0.1992914,1,6,0,1,0,0,0,0,0,0,0,0,0,0,0,0,0,0,0,0,0,0,0,0,0,0,0,0,0.4504885795003317,0.08516483516483517,31,0.4062863795110594,0.4357142857142868,0.01606857909604775,canada,extraction,CAN,0,1,0.07,0.631,2,1,1,2,2,1,98,0,1,0.9128783852142348,0.8977238173556666,6,1,1
1922,Wolhuter Gold Mining Company,cyanid,0.1992914,1,6,0,1,0,0,0,0,0,0,0,0,0,0,0,0,0,0,0,0,0,0,0,0,0,0,0,0,0.4504885795003317,0.08516483516483517,31,0.4062863795110594,0.4357142857142868,0.01606857909604775,united kingdom,extraction,GBR,1,1,0.027,0.73,2,2,1,2,2,1,89,3,1,0.9128783852142348,0.8977238173556666,6,1,1
1923,Wolhuter Gold Mining Company,cyanid,0.2058554,1,6,0,5,0,0,0,0,0,0,0,0,0,0,0,0,0,0,0,0,0,0,0,0,0,0,0,0,0.5667222516234482,0.14814814814814814,56,0.4375757575757576,0.46763668430335315,0.03860235341404654,canada,extraction,CAN,0,1,0.07,0.631,2,1,1,2,2,1,98,0,1,0.9260468773507357,0.9128783852142348,6,1,1
1923,Wolhuter Gold Mining Company,cyanid,0.2058554,1,6,0,5,0,0,0,0,0,0,0,0,0,0,0,0,0,0,0,0,0,0,0,0,0,0,0,0,0.5667222516234482,0.14814814814814814,56,0.4375757575757576,0.46763668430335315,0.03860235341404654,united kingdom,extraction,GBR,1,1,0.027,0.73,2,2,1,2,2,1,89,3,1,0.9260468773507357,0.9128783852142348,6,1,1
1911,Wolhuter Mines Limited,cyanid,3.889159,1,9,2.8333329557698393e-4,4,1,1,0,2,1,1,0.2782529795274896,0.03947368421052631,3,0.4397590361445783,0.4572368421052631,0.03582936867808013,0.2253126058546355,0.03333333333333333,3,0.4455445544554455,0.4814814814814815,0.00392534871340006,0.30848958606975524,0.05042016806722689,6,0.45075757575757575,0.4873949579831935,0.01797136958808072,0.12552981753470013,0.04580152671755725,12,0.34726688102893893,0.33324245728825874,2.1682963604187735e-4,canada,extraction,CAN,0,1,0.072,0.61,2,1,1,2,1,1,96,0,1,0.9090477242361656,0.900247987322166,9,1,1
1919,Wolhutieiq Gold Mines Limited,cyanid,0.8115139,1,11,0,4,0,1,0,0,0,0,0,0,0,0,0,0,0.19193573336381617,0.03076923076923077,2,0.39634146341463417,0.4448717948717949,0.00176675561233661,0.1812176720070178,0.025,2,0.37735849056603776,0.4212499999999999,0.00113554552255207,0.24793730024511676,0.10674157303370786,38,0.3745892661555312,0.4198501872659164,0.0239459369692814,canada,extraction,CAN,0,1,0.067,0.631,2,2,1,2,2,1,98,0,1,0.8666171596554353,0.8554794889536566,11,1,1
1919,Wolhutieiq Gold Mines Limited,cyanid,0.8115139,1,11,0,4,0,1,0,0,0,0,0,0,0,0,0,0,0.19193573336381617,0.03076923076923077,2,0.39634146341463417,0.4448717948717949,0.00176675561233661,0.1812176720070178,0.025,2,0.37735849056603776,0.4212499999999999,0.00113554552255207,0.24793730024511676,0.10674157303370786,38,0.3745892661555312,0.4198501872659164,0.0239459369692814,united kingdom,extraction,GBR,1,1,0.028,0.73,2,2,1,2,2,1,89,3,1,0.8666171596554353,0.8554794889536566,11,1,1
1908,Worcester Exploration And Gold Mining,cyanid,0.07136061,1,9,0,1,0,0,0,1,1,1,0.16508074760008837,0.01408450704225352,1,0.29957805907172996,0.35023474178403763,0,0.21144823863326176,0.0379746835443038,3,0.4702380952380952,0.4978902953586498,0.00541722305965511,0.24587254904564196,0.03703703703703703,4,0.416988416988417,0.4591049382716052,0.00493967499928411,0.00608891836996042,0.02631578947368421,2,0.2796208530805687,0.24802631578947368,0.00668859649122807,canada,extraction,CAN,0,1,0.074,0.597,2,1,1,2,1,1,96,0,1,0.9055704681028238,0.9101864858593508,9,1,1
1910,Worcester Exploration And Gold Mining,cyanid,0.07136061,1,9,0,3,0,1,0,0,0,0,0,0,0,0,0,0,0.07569663544377361,0.01515151515151515,1,0.33,0.375,0,0.06662769375219536,0.01136363636363636,1,0.3176895306859206,0.3545454545454544,0,0.04693580712277567,0.01895734597156398,4,0.2905844155844156,0.29827352742044766,0.00814124405177825,canada,extraction,CAN,0,1,0.074,0.597,2,1,1,2,1,1,96,0,1,0.900247987322166,0.8929159482487512,9,1,1
1911,Worcester Exploration And Gold Mining,cyanid,0.07136061,1,9,2.8333329557698393e-4,4,1,2,1,0,0,0,0.14862332532911185,0.0131578947368421,1,0.35096153846153844,0.37719298245614014,0,0.2022460943878893,0.03333333333333333,3,0.46875,0.4953703703703704,0.0070105640778352,0.23709800661960104,0.03361344537815126,4,0.4219858156028369,0.46344537815126075,0.00616959493766781,0.02808332892053949,0.00763358778625954,2,0.3190546528803545,0.29259360232642767,4.124494021212266e-6,canada,extraction,CAN,0,1,0.072,0.61,2,1,1,2,1,1,96,0,1,0.9090477242361656,0.900247987322166,9,1,1
1913,Worcester Exploration And Gold Mining,cyanid,0.07136061,1,6,0,3,1,1,1,0,0,0,0.19784087033191036,0.01724137931034482,1,0.3706896551724138,0.30890804597701155,0,0.22803773424897575,0.0379746835443038,3,0.4540229885057471,0.4883966244725738,0.02917152428316065,0.28718907779511166,0.04081632653061224,4,0.43661971830985913,0.45153061224489816,0.01979286589873675,0,0,0,0,0,0,canada,extraction,CAN,0,1,0.072,0.61,2,1,1,2,1,1,96,0,1,0.9228291504899564,0.9179453344387052,6,1,1
1915,Worcester Exploration And Gold Mining,cyanid,0.07136061,1,5,0,1,0,0,0,0,0,0,0,0,0,0,0,0,0,0,0,0,0,0,0,0,0,0,0,0,0.00176355254205898,0.00284090909090909,1,0.26034063260340634,0.25777529761904855,0,canada,extraction,CAN,0,1,0.067,0.61,2,2,1,2,2,1,98,0,1,0.8901492706922215,0.908179444741422,5,1,1
1916,Worcester Exploration And Gold Mining,cyanid,0.07149666,1,2,0,1,0,0,0,0,0,0,0,0,0,0,0,0,0,0,0,0,0,0,0,0,0,0,0,0,0,0,0,0,0,0,canada,extraction,CAN,0,1,0.067,0.61,2,2,1,2,2,1,98,0,1,0.8715313750908763,0.8901492706922215,2,1,1
1914,Wttw Tweetd Limited,cyanid,1.972387,1,11,0,7,1,1,1,1,1,1,0.22362169553309577,0.03174603174603174,2,0.3680981595092024,0.39682539682539664,0.04550874113086092,0.2456333412145695,0.04166666666666666,3,0.47368421052631576,0.5011574074074074,0.00814229812733238,0.30049766884465046,0.05494505494505494,5,0.4504950495049505,0.4880952380952384,0.01455487395008708,1,0.23333333333333336,84,0.37333333333333335,0.41129629629629505,0.05382287909070468,canada,extraction,CAN,0,1,0.067,0.61,2,1,1,2,1,1,96,0,1,0.908179444741422,0.9228291504899564,11,1,1
1910,Ymir Gold Mines Limited,cyanid,0.5350195,1,5,0,0,0,0,0,0,0,0,0,0,0,0,0,0,0,0,0,0,0,0,0,0,0,0,0,0,0,0,0,0,0,0,united kingdom,extraction,GBR,1,1,0.028,0.73,2,2,2,2,2,2,98,3,1,0.900247987322166,0.8929159482487512,5,1,1
1911,Ymir Gold Mines Limited,cyanid,0.5347594,0,1,1.0013217677085525e-4,1,0,0,0,0,0,0,0,0,0,0,0,0,0,0,0,0,0,0,0,0,0,0,0,0,0,0.00763358778625954,2,0.4117647058823529,0.01463104325699745,1.754847766956217e-4,united kingdom,extraction,GBR,1,1,0.028,0.73,2,2,2,2,2,2,98,3,1,0.9090477242361656,0.900247987322166,1,1,1
1912,Ymir Gold Mines Limited,cyanid,0.5352798000000001,1,4,0,3,0,0,0,0,0,0,0,0,0,0,0,0,0,0,0,0,0,0,0,0,0,0,0,0,4.026170660684131e-6,0.00638977635782747,2,0.16418764302059496,0.16796417107918715,0.00585729499467518,united kingdom,extraction,GBR,1,1,0.028,0.73,2,2,2,2,2,2,98,3,1,0.9179453344387052,0.9090477242361656,4,1,1
1914,Yola Syndicate Limited,cyanid,0.1972387,1,8,0,2,0,0,0,0,0,0,0,0,0,0,0,0,0,0,0,0,0,0,0,0,0,0,0,0,0.00166233355989208,0.00555555555555555,2,0.23747108712413265,0.22342923280423352,0.0032374806499275,united states of america,extraction,USA,0,0,0.079,0.581,1,2,1,1,2,1,98,3,1,0.908179444741422,0.9228291504899564,8,1,1
1913,Ystradowen Colliery Company,cyanid,0.04868549,1,3,0,1,0,0,0,0,0,0,0,0,0,0,0,0,0,0,0,0,0,0,0,0,0,0,0,0,0.00191764010727869,0.01257861635220125,4,0.20195667365478687,0.214230493475777,0.01708231652877805,united states of america,extraction,USA,0,0,0.083,0.581,1,2,1,1,2,1,98,3,1,0.9228291504899564,0.9179453344387052,3,1,1
1914,Yuanimi Gold Mines,cyanid,4.191321,1,10,0,2,0,0,0,0,1,0,0,0,0,0,0,0,0.08225974315779858,0.01388888888888888,1,0.3364485981308411,0.3819444444444443,0,0.07688593534502153,0.01098901098901099,1,0.325,0.3639194139194138,0,0.1000873377499985,0.04722222222222222,17,0.3040473840078973,0.3148181216931213,0.02208873496895935,united states of america,extraction,USA,0,0,0.079,0.581,1,2,1,1,2,1,98,3,1,0.908179444741422,0.9228291504899564,10,1,1
1915,Yuanimi Gold Mines,cyanid,4.191321,1,2,0,1,0,0,0,0,0,0,0,0,0,0,0,0,0,0,0,0,0,0,0,0,0,0,0,0,0,0,0,0,0,0,united states of america,extraction,USA,0,0,0.07,0.581,1,2,1,1,2,1,98,3,1,0.8901492706922215,0.908179444741422,2,1,1
1916,Yuanimi Gold Mines,cyanid,1.234509,1,2,0,2,0,0,0,0,0,0,0,0,0,0,0,0,0,0,0,0,0,0,0,0,0,0,0,0,0.0230566429437677,0.0120845921450151,4,0.3028571428571429,0.3311465976118545,0.00557146395709379,united states of america,extraction,USA,0,0,0.07,0.581,1,2,1,1,2,1,98,3,1,0.8715313750908763,0.8901492706922215,2,1,1
1917,Yuanimi Gold Mines,cyanid,1.233921,1,4,0,2,0,0,0,0,0,0,0,0,0,0,0,0,0,0,0,0,0,0,0,0,0,0,0,0,0.0060021440134796,0.02083333333333333,7,0.33473242392444913,0.35426587301587187,0.05254264104013117,united states of america,extraction,USA,0,0,0.07,0.581,1,2,1,1,2,1,98,3,1,0.8562317952059528,0.8715313750908763,4,1,1
1920,Yuanimi Gold Mines,cyanid,0.9490656,1,10,0,6,0,0,0,0,0,0,0,0,0,0,0,0,0,0,0,0,0,0,0,0,0,0,0,0,8.739182587727206e-4,0.05729166666666666,22,0.29444444444444445,0.31901041666666696,0.01029022483074903,united states of america,extraction,USA,0,0,0.078,0.581,1,2,1,1,2,1,98,3,1,0.8827313706089669,0.8666171596554353,10,1,1
1921,Yuanimi Gold Mines,cyanid,0.9490656,1,4,0,2,0,0,0,0,0,0,0,0,0,0,0,0,0,0,0,0,0,0,0,0,0,0,0,0,0.02344183593016295,0.03504043126684636,13,0.3380681818181818,0.3634321653189556,0.02722043090508406,united states of america,extraction,USA,0,0,0.095,0.581,1,2,1,1,2,1,98,3,1,0.8977238173556666,0.8827313706089669,4,1,1
1922,Yuanimi Gold Mines,cyanid,0.9490656,1,14,0,6,0,0,0,0,0,0,0,0,0,0,0,0,0,0,0,0,0,0,0,0,0,0,0,0,0.0452596025848084,0.02747252747252747,10,0.35040160642570284,0.3689560439560419,0.00984070549825913,united states of america,extraction,USA,0,0,0.094,0.581,1,2,1,1,2,1,98,3,1,0.9128783852142348,0.8977238173556666,14,1,1
1923,Yuanimi Gold Mines,cyanid,0.9490656,1,1,0,1,0,0,0,0,0,0,0,0,0,0,0,0,0,0,0,0,0,0,0,0,0,0,0,0,0.01981882306934666,0.03439153439153439,13,0.35288367546432065,0.36913580246913336,0.00790816280675111,united states of america,extraction,USA,0,0,0.096,0.581,1,2,1,1,2,1,98,3,1,0.9260468773507357,0.9128783852142348,1,1,1
