year,company,loc,lon,lat,technology,capital,mult,n,dist,exp,expuni,expassoc,expprof,nexpuni,nexpassoc,nexpprof,univ_eigen,univ_ndegree,univ_degree,univ_close,univ_harm,univ_between,assoc_eigen,assoc_ndegree,assoc_degree,assoc_close,assoc_harm,assoc_between,prof_eigen,prof_ndegree,prof_degree,prof_close,prof_harm,prof_between,tech_eigen,tech_ndegree,tech_degree,tech_close,tech_harm,tech_between,country,tipo,code,empire,commonw,v2x_corr,v2xcl_prpty,statecap_baseline,statecap_base_fiscal,statecap_base_fiscal_edu,c_base,c_fiscal,c_comp,v2svstterr,v2stfisccap,v2x_rule
1911,Abbassi Wassau Gold Mines Limited,london,-0.1277583,51.5073509,cyanid,2.436647,1,8,1.0013217677085525e-4,2,1,1,1,0,0,0,0.018423197931115524,0.013157894736842105,1,0.25524475524475526,0.26688596491228067,0,0.2253126058546354,0.03333333333333333,3,0.44554455445544555,0.4814814814814815,0.0039253487134000694,0.21532179121364536,0.03361344537815126,4,0.39403973509933776,0.44047619047619074,0.0036440379991444357,0.018899630439489282,0.022900763358778626,6,0.2903225806451613,0.2712468193384234,0.0014488030252192542,united kingdom,extraction,GBR,1,1,0.028,0.73,2,2,2,2,2,2,98,3,1
1921,Abbontiakoon Wassau Mines Limited,london,-0.1277583,51.50735,cyanid,3.079292,0,8,0,4,3,2,2,0,0,0,0.19321583983762564,0.06382978723404255,3,0.3435114503816794,0.39255319148936174,0.03582255597274371,0.38782139164565665,0.0784313725490196,4,0.5204081632653061,0.5392156862745098,0.03255060918718952,0.4335752263390292,0.10294117647058823,7,0.4722222222222222,0.5183823529411766,0.051310303669243,0.049124184234607265,0.03504043126684636,13,0.33055555555555555,0.3536388140161706,0.028853427902188446,united kingdom,extraction,GBR,1,1,0.028,0.73,2,2,1,2,2,1,89,3,1
1908,African And General Exploration Limited,valley,-94.64745,36.83507,amalgama,7.29927,1,3,99.01792617439946,0,0,0,0,0,0,0,0,0,0,0,0,0,0,0,0,0,0,0,0,0,0,0,0,0,0,0,0,0,0,0,united states of america,extraction,USA,0,0,0.117,0.581,1,1,1,1,1,1,98,1,1
1895,African Gold Recovery Company,johannesburg,28.04731,-26.2041,cyanid,0.5974927,1,5,0,0,0,0,0,0,0,0,0,0,0,0,0,0,0,0,0,0,0,0,0,0,0,0,0,0,0,0,0,0,0,0,south africa,extraction,ZAF,1,1,NA,NA,NA,NA,NA,NA,NA,NA,NA,NA,NA
1910,African Gold Recovery Company,johannesburg,28.04731,-26.2041,cyanid,1.215953,1,5,0,1,0,0,0,0,0,0,0,0,0,0,0,0,0,0,0,0,0,0,0,0,0,0,0,0,0.017873993574445798,0.023696682464454975,5,0.2998324958123953,0.2944482058226141,0.002015190311093463,south africa,extraction,ZAF,1,1,0.408,0.115,-1,-2,-3,-1,-2,-3,82,-2,0
1921,Akoko Main Reef Limited,london,-0.1277583,51.50735,cyanid,0.1539646,0,4,0,3,1,2,1,0,1,0,0.3400624786602788,0.10638297872340426,5,0.42857142857142855,0.47340425531914876,0.16851947517997468,0.38782139164565665,0.0784313725490196,4,0.5204081632653061,0.5392156862745098,0.03255060918718952,0.4887675833712358,0.1323529411764706,9,0.4927536231884058,0.5416666666666669,0.13537852221985386,0.03015206246091397,0.0431266846361186,16,0.3472762645914397,0.3696316262353975,0.0569283889750958,united kingdom,extraction,GBR,1,1,0.028,0.73,2,2,1,2,2,1,89,3,1
1923,Akoko Main Reef Limited,alaska,-149.4937,64.20084,cyanid,0.1829826,0,2,0,2,0,0,0,0,0,0,0,0,0,0,0,0,0,0,0,0,0,0,0,0,0,0,0,0,0.04301499112986229,0.05291005291005291,20,0.37960042060988436,0.40480599647266263,0.02486741721573486,united states of america,extraction,USA,0,0,0.096,0.581,1,2,1,1,2,1,98,3,1
1919,Akoko Math Reef,london,-0.1277583,51.5073509,cyanid,0.1770695,0,0,0,0,0,0,0,0,0,0,0,0,0,0,0,0,0,0,0,0,0,0,0,0,0,0,0,0,0,0,0,0,0,0,united kingdom,extraction,GBR,1,1,0.028,0.73,2,2,1,2,2,1,89,3,1
1914,Alaska Mecha Mining Company,alaska,-149.4936733,64.2008413,cyanid,4.930966,1,4,0,3,1,3,1,0,0,0,0.18714380158545021,0.015873015873015872,1,0.32786885245901637,0.3542328042328043,0,0.15380338697736776,0.027777777777777776,2,0.4,0.4467592592592592,0.002687410423084053,0.195887269882537,0.03296703296703297,3,0.3991228070175439,0.44322344322344354,0.004501625873914125,2.8327523367466215e-17,0.016666666666666666,6,0.8,0.009722222222222222,7.737542556484061e-6,united states of america,extraction,USA,0,0,0.079,0.581,1,2,1,1,2,1,98,3,1
1913,Alaska Mexican Gold Mining Company,alaska,-149.4936733,64.2008413,cyanid,4.868549,1,5,2352.3449498783734,0,0,0,0,1,2,1,0.19784087033191036,0.017241379310344827,1,0.3706896551724138,0.30890804597701155,0,0.14456994114526653,0.02531645569620253,2,0.3910891089108911,0.43881856540084385,0.009311611480514261,0.20555911238612676,0.030612244897959183,3,0.40611353711790393,0.4268707482993199,0.00891896538135739,0,0,0,0,0,0,united states of america,extraction,USA,0,0,0.083,0.581,1,2,1,1,2,1,98,3,1
1915,Alaska Mexican Gold Mining Company,alaska,-149.4936733,64.2008413,cyanid,4.868549,1,5,0,4,1,3,1,0,0,0,0.17900057808161823,0.016129032258064516,1,0.3375,0.331989247311828,0,0.23537769416631812,0.036585365853658534,3,0.4659090909090909,0.49491869918699194,0.008450467270806433,0.2715052276892144,0.04081632653061224,4,0.44036697247706424,0.46768707482993216,0.006317398424768313,6.538462839339686e-17,0.028409090909090908,10,1,0.011363636363636364,1.780626780626781e-5,united states of america,extraction,USA,0,0,0.07,0.581,1,2,1,1,2,1,98,3,1
1916,Alaska Mexican Gold Mining Company,alaska,-149.4936733,64.2008413,cyanid,4.868549,1,3,0,2,0,1,0,0,1,0,0,0,0,0,0,0,0.3417293921372805,0.05172413793103448,3,0.46774193548387094,0.5014367816091954,0.02928582851316676,0.34924396483431247,0.04,3,0.4166666666666667,0.45777777777777756,0.01664616703080194,0,0.021148036253776436,7,1,0.00906344410876133,9.154994049253868e-6,united states of america,extraction,USA,0,0,0.07,0.581,1,2,1,1,2,1,98,3,1
1917,Alaska Mexican Gold Mining Company,alaska,-149.4936733,64.2008413,cyanid,4.868549,1,6,0,6,1,3,1,0,0,0,0.2202748666579428,0.027777777777777776,1,0.3018867924528302,0.323611111111111,0,0.3372650638768489,0.06521739130434782,3,0.45098039215686275,0.4963768115942029,0.01788638011771543,0.398887629266151,0.06557377049180328,4,0.41216216216216217,0.465846994535519,0.016535618007113107,4.154954170631315e-7,0.041666666666666664,14,0.1747945205479452,0.17997685185185114,0.01689765458422175,united states of america,extraction,USA,0,0,0.07,0.581,1,2,1,1,2,1,98,3,1
1921,Alaska Mexican Gold Mining Company,alaska,-149.4937,64.20084,cyanid,4.868549,1,2,0.001305163006854708,2,0,1,0,0,0,0,0,0,0,0,0,0,0.08091713249657767,0.0196078431372549,1,0.34459459459459457,0.39215686274509803,0,0.07800183961556491,0.014705882352941176,1,0.3300970873786408,0.3693627450980392,0,8.411136791759638e-5,0.016172506738544475,6,0.2061200923787529,0.2093056090360691,0,united states of america,extraction,USA,0,0,0.095,0.581,1,2,1,1,2,1,98,3,1
1922,Alaska Mexican Gold Mining Company,alaska,-149.4937,64.20084,cyanid,4.868549,1,5,0,4,1,3,1,0,0,0,0.22177456628148337,0.02564102564102564,1,0.31896551724137934,0.3572649572649573,0,0.24230599175818893,0.043478260869565216,2,0.46938775510204084,0.4981884057971014,0.008183089475995655,0.29450223855179913,0.04838709677419355,3,0.43356643356643354,0.47177419354838684,0.009062734979139507,5.4841827041104805e-18,0.04395604395604396,16,1,0.013736263736263738,1.1730693548875367e-4,united states of america,extraction,USA,0,0,0.094,0.581,1,2,1,1,2,1,98,3,1
1923,Alaska Mexican Gold Mining Company,alaska,-149.4937,64.20084,cyanid,4.868549,1,5,0,4,1,2,1,0,0,0,0.20087660032654653,0.021739130434782608,1,0.3359375,0.36449275362318845,0,0.2408804085189506,0.05,2,0.46511627906976744,0.4979166666666666,0.004495648686825158,0.3036925924974237,0.05357142857142857,3,0.40875912408759124,0.4574404761904759,0.003353195528972565,2.0381274866350746e-4,0.04497354497354497,17,0.2327530625402966,0.24006676744772093,8.062835834684624e-4,united states of america,extraction,USA,0,0,0.096,0.581,1,2,1,1,2,1,98,3,1
1913,Alaska Treadwell Gold Mining Company,alaska,-149.4936733,64.2008413,cyanid,24.342746000000002,1,11,2352.3449498783734,1,0,1,0,1,4,1,0.19784087033191036,0.017241379310344827,1,0.3706896551724138,0.30890804597701155,0,0.2599970085588286,0.0379746835443038,3,0.4759036144578313,0.5010548523206751,0.025762660208005533,0.31417039517742024,0.04081632653061224,4,0.4492753623188406,0.45918367346938793,0.018547627821446904,0,0.009433962264150943,3,1,0.009433962264150945,5.95202666507946e-5,united states of america,extraction,USA,0,0,0.083,0.581,1,2,1,1,2,1,98,3,1
1914,Alaska Treadwell Gold Mining Company,treadwell,-73.960838,40.761481,cyanid,24.654832,1,5,6.956691389791695,2,1,2,1,0,1,0,0.18714380158545021,0.015873015873015872,1,0.32786885245901637,0.3542328042328043,0,0.1538033869773678,0.027777777777777776,2,0.4,0.4467592592592592,0.002687410423084053,0.19588726988253702,0.03296703296703297,3,0.3991228070175439,0.44322344322344354,0.004501625873914125,2.2849758498513567e-17,0.019444444444444445,7,1,0.011111111111111112,1.4185494686887442e-5,united states of america,extraction,USA,0,0,0.079,0.581,1,2,1,1,2,1,98,3,1
1915,Alaska Treadwell Gold Mining Company,alaska,-149.4936733,64.2008413,cyanid,24.654832,1,3,0,2,0,1,0,0,0,0,0,0,0,0,0,0,0.17501729054130138,0.024390243902439025,2,0.43617021276595747,0.47154471544715454,0.003479880743511494,0.16408931304250474,0.02040816326530612,2,0.41025641025641024,0.4387755102040819,0.00205987102120933,5.1985123055300125e-17,0.019886363636363636,7,0.8,0.009943181818181818,0,united states of america,extraction,USA,0,0,0.07,0.581,1,2,1,1,2,1,98,3,1
1916,Alaska Treadwell Gold Mining Company,alaska,-149.4936733,64.2008413,cyanid,24.654832,1,3,0,0,0,0,0,0,0,0,0,0,0,0,0,0,0,0,0,0,0,0,0,0,0,0,0,0,5.0346326496935155e-18,0.012084592145015106,4,0.75,0.007552870090634441,0,united states of america,extraction,USA,0,0,0.07,0.581,1,2,1,1,2,1,98,3,1
1917,Alaska Treadwell Gold Mining Company,alaska,-149.4936733,64.2008413,cyanid,24.654832,1,3,0,0,0,0,0,0,0,0,0,0,0,0,0,0,0,0,0,0,0,0,0,0,0,0,0,0,4.789198725451507e-6,0.01488095238095238,5,0.2108393919365499,0.2154336734693893,0.022388059701492536,united states of america,extraction,USA,0,0,0.07,0.581,1,2,1,1,2,1,98,3,1
1919,Alaska Treadwell Gold Mining Company,alaska,-149.4936733,64.2008413,cyanid,24.654832,1,3,0,0,0,0,0,0,0,0,0,0,0,0,0,0,0,0,0,0,0,0,0,0,0,0,0,0,5.911507704850775e-4,0.011235955056179775,4,0.21755725190839695,0.21989031567683406,0,united states of america,extraction,USA,0,0,0.07,0.581,1,2,1,1,2,1,98,3,1
1920,Alaska Treadwell Gold Mining Company,alaska,-149.4936733,64.2008413,cyanid,24.654832,1,8,0,5,1,4,1,0,0,0,0.18350210651708024,0.018518518518518517,1,0.33540372670807456,0.38765432098765434,0,0.3227985099646964,0.04918032786885246,3,0.4765625,0.505464480874317,0.009014342597879714,0.3732625176182161,0.05128205128205128,4,0.4406779661016949,0.480769230769231,0.00864997615872829,0,0.044270833333333336,17,1,0.013020833333333332,6.121319661626451e-5,united states of america,extraction,USA,0,0,0.078,0.581,1,2,1,1,2,1,98,3,1
1921,Alaska Treadwell Gold Mining Company,alaska,-149.4937,64.20084,cyanid,24.654832,1,1,0.001305163006854708,1,0,1,0,0,0,0,0,0,0,0,0,0,0.08091713249657766,0.0196078431372549,1,0.34459459459459457,0.39215686274509803,0,0.07800183961556491,0.014705882352941176,1,0.3300970873786408,0.3693627450980392,0,0.0010423871464429063,0.0215633423180593,8,0.2590711175616836,0.2667115902964964,0.015473155095796606,united states of america,extraction,USA,0,0,0.095,0.581,1,2,1,1,2,1,98,3,1
1922,Alaska Treadwell Gold Mining Company,alaska,-149.4937,64.20084,cyanid,24.654832,1,2,0,2,0,1,0,0,0,0,0,0,0,0,0,0,0.10960649465894942,0.021739130434782608,1,0.35384615384615387,0.40217391304347827,0,0.10037965332984289,0.016129032258064516,1,0.33513513513513515,0.3755376344086021,0,0,0.027472527472527472,10,0.7142857142857143,0.01098901098901099,3.7840946931856023e-6,united states of america,extraction,USA,0,0,0.094,0.581,1,2,1,1,2,1,98,3,1
1923,Alaska Treadwell Gold Mining Company,alaska,-149.4937,64.20084,cyanid,24.654832,1,3,0,3,1,1,1,0,0,0,0.20087660032654645,0.021739130434782608,1,0.3359375,0.36449275362318845,0,0.12873463546897113,0.025,1,0.4,0.44375000000000003,0,0.2090306813366905,0.03571428571428571,2,0.38095238095238093,0.42767857142857113,7.523250598802401e-4,5.410421784350119e-4,0.03968253968253968,15,0.2680029695619896,0.27879188712522096,0.009061025201819041,united states of america,extraction,USA,0,0,0.096,0.581,1,2,1,1,2,1,98,3,1
1913,Alaska United Gold Mining Company,alaska,-149.4936733,64.2008413,cyanid,4.426737,1,3,2352.3449498783734,0,0,0,0,1,1,1,0.19784087033191036,0.017241379310344827,1,0.3706896551724138,0.30890804597701155,0,0.054631743551072406,0.012658227848101266,1,0.32113821138211385,0.36392405063291133,0,0.12222234433354282,0.02040816326530612,2,0.35094339622641507,0.3778911564625849,0.002385257249989083,0,0,0,0,0,0,united states of america,extraction,USA,0,0,0.083,0.581,1,2,1,1,2,1,98,3,1
1915,Alaska United Gold Mining Company,alaska,-149.4936733,64.2008413,cyanid,4.426737,1,5,0,3,1,3,1,0,0,0,0.17900057808161826,0.016129032258064516,1,0.3375,0.331989247311828,0,0.23537769416631815,0.036585365853658534,3,0.4659090909090909,0.49491869918699194,0.008450467270806433,0.27150522768921453,0.04081632653061224,4,0.44036697247706424,0.46768707482993216,0.006317398424768313,6.375299133507687e-17,0.02556818181818182,9,1,0.011363636363636364,1.4568764568764567e-5,united states of america,extraction,USA,0,0,0.07,0.581,1,2,1,1,2,1,98,3,1
1916,Alaska United Gold Mining Company,alaska,-149.4936733,64.2008413,cyanid,4.426737,1,3,0,2,0,1,0,0,1,0,0,0,0,0,0,0,0.34172939213728026,0.05172413793103448,3,0.46774193548387094,0.5014367816091954,0.02928582851316676,0.3492439648343125,0.04,3,0.4166666666666667,0.45777777777777756,0.01664616703080194,0,0.021148036253776436,7,1,0.00906344410876133,9.154994049253868e-6,united states of america,extraction,USA,0,0,0.07,0.581,1,2,1,1,2,1,98,3,1
1917,Alaska United Gold Mining Company,alaska,-149.4936733,64.2008413,cyanid,4.426737,1,1,0,1,0,0,0,0,0,0,0,0,0,0,0,0,0,0,0,0,0,0,0,0,0,0,0,0,5.29485631089676e-8,0.017857142857142856,6,0.14885674288380774,0.14914375472411273,0,united states of america,extraction,USA,0,0,0.07,0.581,1,2,1,1,2,1,98,3,1
1919,Alaska United Gold Mining Company,alaska,-149.4936733,64.2008413,cyanid,4.426737,1,5,0,3,0,3,0,0,1,0,0,0,0,0,0,0,0.29515907268556874,0.046153846153846156,3,0.49242424242424243,0.5128205128205129,0.01135002415685261,0.2843066493116238,0.0375,3,0.449438202247191,0.47812500000000047,0.007228430593858894,0.00882175189445045,0.025280898876404494,9,0.2773722627737226,0.286142322097379,0.026681173181410563,united states of america,extraction,USA,0,0,0.07,0.581,1,2,1,1,2,1,98,3,1
1921,Alaska United Gold Mining Company,alaska,-149.4937,64.20084,cyanid,4.426737,1,4,0.001305163006854708,3,0,2,0,0,0,0,0,0,0,0,0,0,0.20511551436857708,0.0392156862745098,2,0.4396551724137931,0.4787581699346405,0.006187411184205006,0.1901441271023127,0.029411764705882353,2,0.3953488372093023,0.4362745098039213,0.0028025266092299717,1.5159604503899382e-4,0.02425876010781671,9,0.2061200923787529,0.2093056090360691,0,united states of america,extraction,USA,0,0,0.095,0.581,1,2,1,1,2,1,98,3,1
1923,Alaska United Gold Mining Company,alaska,-149.4937,64.20084,cyanid,4.426737,1,2,0,1,0,1,0,0,0,0,0,0,0,0,0,0,0.24088040851895068,0.05,2,0.46511627906976744,0.4979166666666666,0.004495648686825158,0.20721061169088506,0.03571428571428571,2,0.3971631205673759,0.4410714285714283,0.0017713032022253978,0.0010324982275549922,0.031746031746031744,12,0.2925445705024311,0.3033068783068786,0.013049028997115037,united states of america,extraction,USA,0,0,0.096,0.581,1,2,1,1,2,1,98,3,1
1921,Albion Mining Limited Ibb,chile,-71.54297,-35.67515,cyanid,0.2886836,1,1,0,1,0,0,0,0,0,0,0,0,0,0,0,0,0,0,0,0,0,0,0,0,0,0,0,0,0.006212356151164406,0.016172506738544475,6,0.28154574132492116,0.29469901168014445,0.011444787953945627,chile,extraction,CHL,0,0,0.184,0.272,0,1,-1,0,1,-1,97,1,1
1914,Andrada Mines Limited,salisbury,-75.5993692,38.3606736,cyanid,1.47929,1,4,0,2,0,0,0,0,0,0,0,0,0,0,0,0,0,0,0,0,0,0,0,0,0,0,0,0,1.9333060405604524e-17,0.011111111111111112,4,0.8333333333333334,0.0125,1.392757660167131e-4,united states of america,extraction,USA,0,0,0.079,0.581,1,2,1,1,2,1,98,3,1
1908,Angelo Gold Mtr Rltmitedt,transvaal,-81.1831,43.23256,cyanid,1.459854,1,7,0,1,0,1,0,0,0,0,0,0,0,0,0,0,0.13605608259257587,0.02531645569620253,2,0.395,0.4419831223628692,0.001564826686639876,0.12970510510647099,0.018518518518518517,2,0.3540983606557377,0.39922839506172836,6.912369113965371e-4,0,0.013157894736842105,1,1,0.013157894736842105,0,canada,extraction,CAN,0,1,0.074,0.597,2,1,1,2,1,1,96,0,1
1909,Angelo Gold Mtr Rltmitedt,transvaal,-81.1831,43.23256,cyanid,1.461988,1,7,0,0,0,0,0,0,0,0,0,0,0,0,0,0,0,0,0,0,0,0,0,0,0,0,0,0,0.24950761430351528,0.05056179775280899,9,0.3357487922705314,0.3087613697164265,2.7389174838248636e-4,canada,extraction,CAN,0,1,0.074,0.597,2,1,1,2,1,1,96,0,1
1913,Anglo French Etmram Nhsmvala Navigation,rhodesia,-97.2134822,32.8294337,cyanid,0.5355404,1,11,0,5,0,1,0,0,0,0,0,0,0,0,0,0,0.05463174355107239,0.012658227848101266,1,0.32113821138211385,0.36392405063291133,0,0.056817652655754,0.01020408163265306,1,0.31313131313131315,0.3340136054421768,0,0.07590188363695444,0.050314465408805034,16,0.23515052888527258,0.2712439203005249,0.020261584631920803,united states of america,extraction,USA,0,0,0.083,0.581,1,2,1,1,2,1,98,3,1
1914,Anglo French Matabeleland Limited,rhodesia,-97.2134822,32.8294337,cyanid,4.426737,1,8,0,5,1,1,0,0,0,0,0.18714380158545033,0.015873015873015872,1,0.32786885245901637,0.3542328042328043,0,0.07154364381956921,0.013888888888888888,1,0.3333333333333333,0.37847222222222215,0,0.11900133453751545,0.02197802197802198,2,0.3473282442748092,0.39450549450549444,0.0012933758162655662,0.24334664758202512,0.07777777777777778,28,0.32941176470588235,0.3464847883597871,0.027047406037536723,united states of america,extraction,USA,0,0,0.079,0.581,1,2,1,1,2,1,98,3,1
1915,Anglo French Matabeleland Limited,rhodesia,-97.2134822,32.8294337,cyanid,4.426737,1,12,0,7,1,3,1,0,0,0,0.11743236916464045,0.016129032258064516,1,0.3,0.29811827956989256,0,0.23642283724887295,0.036585365853658534,3,0.47674418604651164,0.5010162601626017,0.011740442384828515,0.2510071602602062,0.04081632653061224,4,0.45714285714285713,0.47789115646258523,0.011658674944980942,0.4294108812434823,0.14488636363636365,51,0.3574610244988864,0.40479572510822354,0.013963938488183676,united states of america,extraction,USA,0,0,0.07,0.581,1,2,1,1,2,1,98,3,1
1909,Anglo French Pacific Syndicate Limited,ecuador,-78.18341,-1.831239,amalgama,0.48638129999999996,1,1,1801.1012724973068,0,0,0,0,0,0,0,0,0,0,0,0,0,0,0,0,0,0,0,0,0,0,0,0,0,0,0,0,0,0,0,ecuador,extraction,ECU,0,0,0.697,0.52,-1,-1,-2,-1,-1,-2,93,0,0
1910,Anglo French Pacific Syndicate Limited,ecuador,-78.18341,-1.831239,amalgama,0.48638129999999996,1,13,1801.1012724973068,0,0,0,0,1,1,0,0.1610192990752473,0.017543859649122806,1,0.3630573248407643,0.4035087719298244,0,0.07231477657753628,0.015151515151515152,1,0.3473684210526316,0.3939393939393939,0,0.13121893803345827,0.022727272727272728,2,0.3651452282157676,0.40909090909090895,0.0011864091064351082,0,0,0,0,0,0,ecuador,extraction,ECU,0,0,0.697,0.52,-1,-1,-2,-1,-1,-2,93,0,0
1910,Anglo French Pacific Syndicate Limited,london,-0.1277583,51.50735,amalgama,0.48638129999999996,1,13,0,0,0,0,0,1,1,0,0.1610192990752473,0.017543859649122806,1,0.3630573248407643,0.4035087719298244,0,0.07231477657753628,0.015151515151515152,1,0.3473684210526316,0.3939393939393939,0,0.13121893803345827,0.022727272727272728,2,0.3651452282157676,0.40909090909090895,0.0011864091064351082,0,0,0,0,0,0,united kingdom,extraction,GBR,1,1,0.028,0.73,2,2,2,2,2,2,98,3,1
1887,Anita Mines Limited,lima,-77.042754,-12.0463731,amalgama,0.09704027,1,5,0,0,0,0,0,0,0,0,0,0.25,1,1,0.25,0,0,0,0,0,0,0,3.330639994995279e-16,0.1111111111111111,1,1,0.1111111111111111,0,0,0,0,0,0,0,peru,extraction,PER,0,0,0.676,0.343,-1,-1,NA,-1,-1,NA,98,1,0
1909,Antenior Matabele Gold Mines Limited,rhodesia,-97.21348,32.82943,cyanid,0.09746589,1,2,0,0,0,0,0,0,0,0,0,0,0,0,0,0,0,0,0,0,0,0,0,0,0,0,0,0,0,0,0,0,0,0,united states of america,extraction,USA,0,0,0.117,0.581,1,1,1,1,1,1,98,1,1
1910,Antewiob Matabele Oold,rhodesia,-97.21348,32.82943,cyanid,0.09727625999999999,0,0,0,0,0,0,0,0,0,0,0,0,0,0,0,0,0,0,0,0,0,0,0,0,0,0,0,0,0,0,0,0,0,0,united states of america,extraction,USA,0,0,0.098,0.581,1,2,1,1,2,1,98,3,1
1913,Antjes Consolidated Dmines Limited,florida,-81.5157535,27.6648274,cyanid,1.437196,1,1,0,1,0,0,0,0,0,0,0,0,0,0,0,0,0,0,0,0,0,0,0,0,0,0,0,0,0.0055281983910344,0.0031446540880503146,1,0.21234386480529022,0.22041283314868226,0,united states of america,extraction,USA,0,0,0.083,0.581,1,2,1,1,2,1,98,3,1
1913,Antrim Irdon Ore Company,london,-0.1277583,51.5073509,amalgama,0.3320053,1,7,0,0,0,0,0,0,0,0,0,0,0,0,0,0,0,0,0,0,0,0,0,0,0,0,0,0,0,0,0,0,0,0,united kingdom,extraction,GBR,1,1,0.028,0.73,2,2,2,2,2,2,98,3,1
1908,Antseeno Mndatabele Oold,rhodesia,-97.21348,32.82943,cyanid,0.09732360000000001,1,0,382.0578442854707,0,0,0,0,0,0,0,0,0,0,0,0,0,0,0,0,0,0,0,0,0,0,0,0,0,0,0,0,0,0,0,united states of america,extraction,USA,0,0,0.117,0.581,1,1,1,1,1,1,98,1,1
1912,Aporoma Goldfields Limited,london,-0.1277583,51.5073509,amalgama,2.43309,1,5,0,0,0,0,0,0,0,0,0,0,0,0,0,0,0,0,0,0,0,0,0,0,0,0,0,0,0,0,0,0,0,0,united kingdom,extraction,GBR,1,1,0.028,0.73,2,2,2,2,2,2,98,3,1
1922,Aporoma Goldfields Limited,london,-0.1277583,51.50735,amalgama,2.43309,1,7,0,0,0,0,0,0,1,0,0,0,0,0,0,0,0.1326994970992395,0.021739130434782608,1,0.38333333333333336,0.4293478260869565,0,0.12077349902726048,0.016129032258064516,1,0.3583815028901734,0.39784946236559116,0,0,0,0,0,0,0,united kingdom,extraction,GBR,1,1,0.027,0.73,2,2,1,2,2,1,89,3,1
1909,Arfius Printing And Publishing Limited,roodepoort,27.90147,-26.12014,cyanid,2.241715,1,9,0,5,2,1,0,0,0,0,0.1659654313801735,0.029850746268656716,2,0.3439153439153439,0.3810945273631839,0.017442108622569955,0.06924109956665805,0.013157894736842105,1,0.336283185840708,0.38157894736842096,0,0.11628978054922282,0.030927835051546393,3,0.37254901960784315,0.4115120274914089,0.004384618293209078,0.37781044027926547,0.10112359550561797,18,0.33902439024390246,0.3282437132156241,0.017240509917944995,south africa,extraction,ZAF,1,1,0.408,0.115,NA,NA,NA,NA,NA,NA,NA,-2,0
1914,Asgard Mining Company,london,-0.1277583,51.5073509,cyanid,0.09861933,0,1,0,0,0,0,0,0,0,0,0,0,0,0,0,0,0,0,0,0,0,0,0,0,0,0,0,0,0,0,0,0,0,0,united kingdom,extraction,GBR,1,1,0.028,0.73,2,2,2,2,2,2,98,3,1
1910,Ashanti Gold Coast Acquisitions Limited,london,-0.1277583,51.50735,cyanid,9.727626e-4,1,7,0,2,0,0,0,0,0,0,0,0,0,0,0,0,0,0,0,0,0,0,0,0,0,0,0,0,2.5472554735496765e-19,0.009478672985781991,2,1,0.004739336492890996,0,united kingdom,extraction,GBR,1,1,0.028,0.73,2,2,2,2,2,2,98,3,1
1909,Ashanti Goldfields Corporation Limited,london,-0.1277583,51.50735,cyanid,0.7553605999999999,0,5,0,0,0,0,0,1,1,1,0.015565975579809146,0.014925373134328358,1,0.22968197879858657,0.24790334044065374,0,0.09757762654544924,0.013157894736842105,1,0.37623762376237624,0.4210526315789473,0,0.09239589042808799,0.020618556701030927,2,0.37254901960784315,0.40721649484536077,0.003851624436881954,0,0,0,0,0,0,united kingdom,extraction,GBR,1,1,0.028,0.73,2,2,2,2,2,1,98,3,1
1912,Ashanti Goldfields Corporation Limited,swansea,-3.943646,51.62144,cyanid,1.042788,1,13,57.71896607381524,2,1,1,1,1,1,0,0.008465454134109979,0.028985507246376812,2,0.22259136212624583,0.24420289855072455,0.028132992327365727,0.16133421715555293,0.024096385542168676,2,0.415,0.45682730923694786,6.102861837270865e-4,0.15627228019946057,0.03636363636363636,4,0.38162544169611307,0.42348484848484874,0.025818333526389462,1.3323271321158084e-5,0.003194888178913738,1,0.18050314465408804,0.1848592745557608,0,united kingdom,extraction,GBR,1,1,0.028,0.73,2,2,2,2,2,2,98,3,1
1913,Ashanti Goldfields Corporation Limited,swansea,-3.943646,51.62144,cyanid,1.043296,1,8,0,4,2,3,2,1,1,1,0.21664899951133834,0.05172413793103448,3,0.4215686274509804,0.3534482758620689,0.15970961887477314,0.19889486051727145,0.02531645569620253,2,0.38349514563106796,0.4324894514767932,0.002512628768632471,0.27089509670581374,0.05102040816326531,5,0.40611353711790393,0.4365646258503403,0.02259175869488379,2.6685330556434458e-18,0.0031446540880503146,1,1,0.0031446540880503146,0,united kingdom,extraction,GBR,1,1,0.028,0.73,2,2,2,2,2,2,98,3,1
1914,Ashanti Goldfields Corporation Limited,swansea,-3.943646,51.62144,cyanid,1.056672,1,6,0,2,0,0,0,0,0,0,0,0,0,0,0,0,0,0,0,0,0,0,0,0,0,0,0,0,8.817304538861131e-18,0.005555555555555556,2,1,0.005555555555555556,1.5475085112968123e-5,united kingdom,extraction,GBR,1,1,0.028,0.73,2,2,2,2,2,2,98,3,1
1912,Asp Gold Mining Company,rhodesia,-97.2134822,32.8294337,cyanid,0.9737098000000001,1,4,0,0,0,0,0,0,0,0,0,0,0,0,0,0,0,0,0,0,0,0,0,0,0,0,0,0,0,0,0,0,0,0,united states of america,extraction,USA,0,0,0.098,0.581,1,2,1,1,2,1,98,3,1
1913,Asp Gold Mining Company,wales,-3.7837117,52.1306607,cyanid,0.9737098000000001,1,4,0,2,0,0,0,0,0,0,0,0,0,0,0,0,0,0,0,0,0,0,0,0,0,0,0,0,0.0010351482137720633,0.009433962264150943,3,0.1905075807514832,0.2028311224065949,5.338815719544733e-4,united kingdom,extraction,GBR,1,1,0.028,0.73,2,2,2,2,2,2,98,3,1
1914,Asp Gold Mining Company,rhodesia,-97.2134822,32.8294337,cyanid,0.9737098000000001,1,5,0,1,0,1,0,0,0,0,0,0,0,0,0,0,0.18467034871425372,0.027777777777777776,2,0.42857142857142855,0.46759259259259256,0.0021828445400058987,0.17260941511730182,0.02197802197802198,2,0.3922413793103448,0.43315018315018333,0.001139058016074647,0.03044003816974137,0.022222222222222223,8,0.2668977469670711,0.26961750440917215,0.011451418598207913,united states of america,extraction,USA,0,0,0.079,0.581,1,2,1,1,2,1,98,3,1
1910,Atjboba West United,aurora,-88.32007,41.76058,cyanid,1.215953,1,3,0,0,0,0,0,0,0,0,0,0,0,0,0,0,0,0,0,0,0,0,0,0,0,0,0,0,0,0,0,0,0,0,united states of america,extraction,USA,0,0,0.098,0.581,1,2,1,1,2,1,98,3,1
1903,Atlin Lake And Omlnelca Syndicate,british columbia,-127.6476,53.72667,amalgama,0.09727625999999999,1,7,1127.0143120761295,0,0,0,0,0,1,0,0,0,0,0,0,0,0.27687114213508013,0.0625,1,0.38095238095238093,0.43749999999999994,0,0.2563472878893359,0.041666666666666664,1,0.35294117647058826,0.39583333333333315,0,0,0,0,0,0,0,canada,extraction,CAN,0,1,0.074,0.597,2,1,1,2,1,1,96,0,1
1909,Auboba West United,london,-0.1277583,51.50735,cyanid,0.6822611999999999,0,0,0,0,0,0,0,0,0,0,0,0,0,0,0,0,0,0,0,0,0,0,0,0,0,0,0,0,0,0,0,0,0,0,united kingdom,extraction,GBR,1,1,0.028,0.73,2,2,2,2,2,1,98,3,1
1913,Aurora United Gold Mining Limited,johannesburg,28.0473051,-26.2041028,cyanid,1.217137,1,3,0,3,0,0,0,0,0,0,0,0,0,0,0,0,0,0,0,0,0,0,0,0,0,0,0,0,0.050633005776576756,0.05345911949685535,17,0.25284339457567806,0.28809160790292965,0.0273419216359333,south africa,extraction,ZAF,1,1,0.408,0.115,-1,-1,-1,-1,-1,-1,84,2,0
1908,Aurora West Gold Mining Company,johannesburg,28.04731,-26.2041,cyanid,0.6812651999999999,1,7,0,1,0,0,0,1,0,0,0.16508074760008834,0.014084507042253521,1,0.29957805907172996,0.35023474178403763,0,0,0,0,0,0,0,0.047555043509079076,0.009259259259259259,1,0.2849604221635884,0.31975308641975314,0,3.65052334908744e-4,0.02631578947368421,2,0.21071428571428572,0.20238095238095205,0.00385566188197767,south africa,extraction,ZAF,1,1,0.408,0.115,NA,NA,NA,NA,NA,NA,NA,-2,0
1911,Aurora West Gold Mining Company,johannesburg,28.0473051,-26.2041028,cyanid,1.215362,1,3,5.797111121967143e-4,2,1,0,0,0,0,0,0.14862332532911188,0.013157894736842105,1,0.35096153846153844,0.37719298245614014,0,0,0,0,0,0,0,0.054367976248316616,0.008403361344537815,1,0.30512820512820515,0.33949579831932764,0,0.05105538513860424,0.07633587786259542,20,0.3157894736842105,0.30388040712468306,4.767905675442692e-4,south africa,extraction,ZAF,1,1,0.408,0.115,-1,-1,-1,-1,-1,-2,84,2,0
1912,Aurora West Gold Mining Company,johannesburg,28.0473051,-26.2041028,cyanid,1.216545,1,3,0,3,1,0,0,0,0,0,0.16976206802917146,0.014492753623188406,1,0.33004926108374383,0.36038647342995167,0,0,0,0,0,0,0,0.0429945241563746,0.00909090909090909,1,0.2975206611570248,0.3222727272727272,0,0.06818823335977482,0.07028753993610223,22,0.28786359077231694,0.33614153861757645,0.0015325551164417687,south africa,extraction,ZAF,1,1,0.408,0.115,-1,-1,-1,-1,-1,-2,84,2,0
1914,Aurora West Gold Mining Company,johannesburg,28.0473051,-26.2041028,cyanid,1.034567,1,3,0,1,0,1,0,0,0,0,0,0,0,0,0,0,0.2563494405527988,0.041666666666666664,3,0.45569620253164556,0.49074074074074076,0.005085703030674878,0.24045546763233033,0.03296703296703297,3,0.4099099099099099,0.45146520146520186,0.002659412653034595,0.008452261231583168,0.041666666666666664,15,0.26437768240343346,0.27024801587301694,0.03740565045558882,south africa,extraction,ZAF,1,1,0.408,0.115,-1,-1,-1,-1,-1,-1,84,2,0
1915,Aurora West Gold Mining Company,johannesburg,28.0473051,-26.2041028,cyanid,1.189343,1,3,0,2,1,1,1,0,0,0,0.17900057808161823,0.016129032258064516,1,0.3375,0.331989247311828,0,0.17501729054130144,0.024390243902439025,2,0.43617021276595747,0.47154471544715454,0.003479880743511494,0.21419112888926264,0.030612244897959183,3,0.4247787610619469,0.45323129251700706,0.0034771837863092846,0.07061086201699247,0.056818181818181816,20,0.33753943217665616,0.352583874458873,0.05141452087907687,south africa,extraction,ZAF,1,1,0.408,0.115,-1,-1,-1,-1,-1,-1,84,2,0
1916,Aurora West Gold Mining Company,johannesburg,28.0473051,-26.2041028,cyanid,1.189343,1,3,0,0,0,0,0,0,0,0,0,0,0,0,0,0,0,0,0,0,0,0,0,0,0,0,0,0,0.0022013672921210635,0.015105740181268883,5,0.25158227848101267,0.2655085599194367,0.014180334755153859,south africa,extraction,ZAF,1,1,0.408,0.115,-1,-1,-1,-1,-1,-1,84,2,0
1917,Aurora West Gold Mining Company,transvaal,-81.1830974,43.2325617,cyanid,0.8289662,1,4,0,4,0,1,0,0,0,0,0,0,0,0,0,0,0.11767304954076098,0.021739130434782608,1,0.3333333333333333,0.3804347826086956,0,0.11373305240735235,0.01639344262295082,1,0.31443298969072164,0.3549180327868854,0,0.03883184733178806,0.1130952380952381,38,0.32920536635706915,0.35927579365079254,0.06653889123227359,canada,extraction,CAN,0,1,0.067,0.61,2,2,1,2,2,1,98,0,1
1919,Aurora West Gold Mining Company,transvaal,-81.1830974,43.2325617,cyanid,1.106684,1,11,0,4,1,2,1,0,1,0,0.24082592586102558,0.018867924528301886,1,0.3516483516483517,0.24056603773584911,0,0.2951590726855688,0.046153846153846156,3,0.49242424242424243,0.5128205128205129,0.01135002415685261,0.33041876096427814,0.05,4,0.45454545454545453,0.48645833333333377,0.009782982516387824,0.2542905651159514,0.10112359550561797,36,0.342,0.3729868913857654,0.027623474570321504,canada,extraction,CAN,0,1,0.067,0.631,2,2,1,2,2,1,98,0,1
1921,Aurora West Gold Mining Company,transvaal,-81.1831,43.23256,cyanid,0.9622786999999999,1,6,0,4,1,1,1,1,0,0,0.2852203022215309,0.0425531914893617,2,0.37815126050420167,0.41205673758865247,0.01937436539384627,0.20511551436857722,0.0392156862745098,2,0.4396551724137931,0.4787581699346405,0.006187411184205006,0.2910722548056171,0.058823529411764705,4,0.43037974683544306,0.4742647058823527,0.01398248228545251,0.6890531565043477,0.1105121293800539,41,0.35664335664335667,0.38755615453728426,0.023233630112672387,canada,extraction,CAN,0,1,0.067,0.631,2,1,1,2,2,1,98,0,1
1922,Aurora West Gold Mining Company,transvaal,-81.1831,43.23256,cyanid,1.107174,1,6,0,0,0,0,0,0,0,0,0,0,0,0,0,0,0,0,0,0,0,0,0,0,0,0,0,0,0.023224061529397644,0.008241758241758242,3,0.3158371040723982,0.3299254317111455,0.0039850595632886674,canada,extraction,CAN,0,1,0.07,0.631,2,1,1,2,2,1,98,0,1
1923,Aurora West Gold Mining Company,transvaal,-81.1831,43.23256,cyanid,1.143641,1,6,0,5,1,2,1,0,0,0,0.20087660032654645,0.021739130434782608,1,0.3359375,0.36449275362318845,0,0.3402733768325013,0.075,3,0.5128205128205128,0.5333333333333333,0.010820202356401453,0.38891834355743016,0.07142857142857142,4,0.4409448818897638,0.48511904761904734,0.006812608046965389,0.2753988532307155,0.12433862433862433,47,0.3447946513849093,0.3699735449735427,0.0042299954404018195,canada,extraction,CAN,0,1,0.07,0.631,2,1,1,2,2,1,98,0,1
1911,Aus Fral Asian Company,london,-0.1277583,51.5073509,cyanid,0.699859,1,4,1.0013217677085525e-4,2,0,1,0,0,0,0,0,0,0,0,0,0,0.06819736592065102,0.011111111111111112,1,0.32608695652173914,0.36944444444444446,0,0.06069462997705976,0.008403361344537815,1,0.31151832460732987,0.3478991596638655,0,0,0.011450381679389313,3,0.42857142857142855,0.013040712468193385,1.4623731391301805e-4,united kingdom,extraction,GBR,1,1,0.028,0.73,2,2,2,2,2,2,98,3,1
1893,Australian Gold Recovery Company,wales,-3.7837117,52.1306607,cyanid,0.0023607040000000004,1,7,0,0,0,0,0,0,0,0,0,0,0,0,0,0,0,0,0,0,0,0,0,0,0,0,0,0,0,0,0,0,0,0,united kingdom,extraction,GBR,1,1,0.028,0.73,2,2,NA,2,2,NA,98,3,1
1894,Australian Gold Recovery Company,wales,-3.783712,52.13066,cyanid,0.0023607040000000004,1,17,8.055251913081974e-5,3,0,0,0,0,3,0,0,0,0,0,0,0,0.6685119065585546,0.3076923076923077,4,0.5909090909090909,0.6538461538461539,0.05334060317091991,0.624212695042477,0.2222222222222222,4,0.47368421052631576,0.5601851851851852,0.027836763529557267,0,0,0,0,0,0,united kingdom,extraction,GBR,1,1,0.028,0.73,2,2,NA,2,2,NA,98,3,1
1895,Australian Gold Recovery Company,london,-0.1277583,51.50735,cyanid,0.0023607040000000004,1,15,0,9,0,2,0,1,2,1,2.1419520191141144e-17,0.03125,1,1,0.03125,0,0.480611785603248,0.125,4,0.5333333333333333,0.5625,0.05004509214098976,0.45678825165186393,0.1111111111111111,5,0.45,0.5055555555555553,0.06868464442163223,3.680766315491532e-17,0.05714285714285714,2,0.625,0.09999999999999999,0.010084033613445379,united kingdom,extraction,GBR,1,1,0.028,0.73,2,2,NA,2,2,NA,98,3,1
1909,Australian Shale Syndicate Limited Australasian,australia,133.7751,-25.2744,cyanid,0.4873294,1,11,0,3,1,1,1,0,0,0,0.2583129084163227,0.029850746268656716,2,0.37572254335260113,0.4109452736318406,0.010043209136260622,0.3104971299725253,0.05263157894736842,4,0.5135135135135135,0.5263157894736842,0.012794198793286629,0.36220749176554756,0.061855670103092786,6,0.472636815920398,0.4939862542955329,0.011655741776814645,3.6689493252167684e-4,0.016853932584269662,3,0.2188976377952756,0.19089530943463523,9.521995810321844e-5,australia,extraction,AUS,0,1,0.041,0.659,2,2,2,2,2,2,99,2,1
1910,Australian Smelting Corporation Limited,australia,133.7751,-25.2744,cyanid,0.4377432,1,10,0,2,0,0,0,0,0,0,0,0,0,0,0,0,0,0,0,0,0,0,0,0,0,0,0,0,3.96521969238685e-6,0.009478672985781991,2,0.187434554973822,0.17323403294967296,0.008034303768900925,australia,extraction,AUS,0,1,0.041,0.659,2,3,2,2,3,2,99,2,1
1913,Ayacucho Cqpvper Syndicate Limited,nicaragua,-85.207229,12.865416,cyanid,0.009737098,1,12,0,1,0,0,0,1,1,0,0.19784087033191033,0.017241379310344827,1,0.3706896551724138,0.30890804597701155,0,0.11542706741356212,0.012658227848101266,1,0.34347826086956523,0.3892405063291139,0,0.17401597446908212,0.02040816326530612,2,0.3675889328063241,0.39319727891156453,0.0018698171258668963,6.573553112549346e-7,0.009433962264150943,3,0.14486215538847116,0.14959999818490455,0.07664226335733984,nicaragua,extraction,NIC,0,0,0.887,0.34,-3,-3,-4,-3,-3,-4,75,-1,0
1908,Ayrshire Gold Mine Limited,salisbury,-75.59937,38.36067,cyanid,0.7797271,1,1,0,0,0,0,0,1,1,1,0.29729785805718406,0.04225352112676056,3,0.3604060913705584,0.41807511737089187,0.03153242297608493,0.23917386956476966,0.0379746835443038,3,0.4817073170731707,0.5042194092827005,0.005316936104509376,0.3030120375966485,0.05555555555555555,6,0.44813278008298757,0.48765432098765454,0.014825798720364925,0,0,0,0,0,0,united states of america,extraction,USA,0,0,0.117,0.581,1,1,1,1,1,1,98,1,1
1909,Ayrshire Gold Mine Limited,salisbury,-75.59937,38.36067,cyanid,0.7797271,1,1,0,0,0,0,0,0,0,0,0,0,0,0,0,0,0,0,0,0,0,0,0,0,0,0,0,0,1.6965979754387007e-5,0.0056179775280898875,1,0.18361955085865259,0.15501382200820404,0,united states of america,extraction,USA,0,0,0.117,0.581,1,1,1,1,1,1,98,1,1
1914,Babilon Old Tmiies Limited,nicaragua,-85.207229,12.865416,cyanid,0.9861933,1,0,0,0,0,0,0,0,0,0,0,0,0,0,0,0,0,0,0,0,0,0,0,0,0,0,0,0,0,0,0,0,0,0,nicaragua,extraction,NIC,0,0,0.886,0.34,-3,-3,-4,-3,-3,-4,72,-1,0
1915,Babilonia Gold Mines Limited,nicaragua,-85.207229,12.865416,cyanid,0.7136061,1,3,0,2,0,1,0,0,1,0,0,0,0,0,0,0,0.1750172905413014,0.024390243902439025,2,0.43617021276595747,0.47154471544715454,0.003479880743511494,0.16408931304250463,0.02040816326530612,2,0.41025641025641024,0.4387755102040819,0.00205987102120933,2.0935001993293623e-6,0.011363636363636364,4,0.18915733647613436,0.18948863636363694,0.020606708106708106,nicaragua,extraction,NIC,0,0,0.886,0.34,-3,-3,-4,-3,-3,-4,72,-1,0
1916,Babilonia Gold Mines Limited,nicaragua,-85.207229,12.865416,cyanid,0.7149666,1,3,0,0,0,0,0,0,0,0,0,0,0,0,0,0,0,0,0,0,0,0,0,0,0,0,0,0,0,0,0,0,0,0,nicaragua,extraction,NIC,0,0,0.886,0.34,-3,-3,-4,-3,-3,-4,72,-1,0
1917,Babilonia Gold Mines Limited,nicaragua,-85.207229,12.865416,cyanid,0.714626,1,3,0,2,0,0,0,0,0,0,0,0,0,0,0,0,0,0,0,0,0,0,0,0,0,0,0,0,4.676890439807613e-6,0.01488095238095238,5,0.1939209726443769,0.20176091269841254,0.016906538734896944,nicaragua,extraction,NIC,0,0,0.886,0.349,-3,-3,-4,-3,-3,-4,72,-1,0
1919,Babilonia Gold Mines Limited,nicaragua,-85.207229,12.865416,cyanid,0.6640106,1,3,0,0,0,0,0,0,0,0,0,0,0,0,0,0,0,0,0,0,0,0,0,0,0,0,0,0,0.009793613018113797,0.0028089887640449437,1,0.28885135135135137,0.2983614232209745,0,nicaragua,extraction,NIC,0,0,0.886,0.349,-3,-3,-4,-3,-3,-4,72,-1,0
1920,Babilonia Gold Mines Limited,nicaragua,-85.207229,12.865416,cyanid,0.5496519,1,2,0,1,0,1,0,0,0,0,0,0,0,0,0,0,0.11074789988956499,0.01639344262295082,1,0.34269662921348315,0.38934426229508196,0,0.09963946481104713,0.01282051282051282,1,0.3291139240506329,0.3685897435897434,0,0.0027290924290990083,0.005208333333333333,2,0.26709863210943124,0.2786086309523818,0.001268401255186936,nicaragua,extraction,NIC,0,0,0.886,0.349,-3,-3,-4,-3,-3,-4,72,-1,0
1908,Bacis Gold And Silver Mines,durango,-107.8801,37.27528,cyanid,0.2434275,1,9,768.2426822061218,0,0,0,0,1,7,0,0.10615531790833085,0.014084507042253521,1,0.2874493927125506,0.31830985915492965,0,0.3037857536678945,0.05063291139240506,4,0.512987012987013,0.5253164556962026,0.009978129050984812,0.3076251817096523,0.046296296296296294,5,0.44081632653061226,0.4791666666666669,0.010026873894278974,0,0,0,0,0,0,united states of america,extraction,USA,0,0,0.117,0.581,1,1,1,1,1,1,98,1,1
1910,Bacis Gold And Silver Mines,durango,-107.8801,37.27528,cyanid,0.2434275,1,3,0,2,0,1,0,0,0,0,0,0,0,0,0,0,0.07569663544377364,0.015151515151515152,1,0.33,0.375,0,0.06662769375219538,0.011363636363636364,1,0.3176895306859206,0.3545454545454544,0,0,0,0,0,0,0,united states of america,extraction,USA,0,0,0.098,0.581,1,2,1,1,2,1,98,3,1
1911,Bacis Gold And Silver Mines,durango,-107.8800667,37.27528,cyanid,0.2434275,1,2,0.0029533688970706557,2,0,1,0,0,0,0,0,0,0,0,0,0,0.06519284687234889,0.011111111111111112,1,0.32608695652173914,0.36944444444444446,0,0.05920920951062067,0.008403361344537815,1,0.31151832460732987,0.3478991596638655,0,0,0,0,0,0,0,united states of america,extraction,USA,0,0,0.098,0.581,1,2,1,1,2,1,98,3,1
1912,Bacis Gold And Silver Mines,durango,-107.8800667,37.27528,cyanid,0.2434275,1,6,0,6,0,5,0,0,0,0,0,0,0,0,0,0,0.283479381877677,0.04819277108433735,4,0.5123456790123457,0.5240963855421688,0.010472484781400693,0.2702644527425669,0.03636363636363636,4,0.43373493975903615,0.4621212121212124,0.005509688789666865,1.85749327916084e-9,0.01597444089456869,5,0.12648743940061702,0.13530230862499285,0.005857294994675187,united states of america,extraction,USA,0,0,0.098,0.581,1,2,1,1,2,1,98,3,1
1913,Bacis Gold And Silver Mines,mexico,-102.552784,23.634501,cyanid,0.2434275,1,1,0,1,0,1,0,0,0,0,0,0,0,0,0,0,0.08346779310370922,0.012658227848101266,1,0.3134920634920635,0.35443037974683544,0,0.081629965408985,0.01020408163265306,1,0.3089700996677741,0.32772108843537406,0,0,0.0031446540880503146,1,0.6666666666666666,0.004716981132075472,0,mexico,extraction,MEX,0,0,0.774,0.561,-3,-3,-3,-3,-3,-3,70,0,0
1914,Bacis Gold And Silver Mines,durango,-107.8800667,37.27528,cyanid,0.2465483,1,6,0,4,0,3,0,0,0,0,0,0,0,0,0,0,0.327893084372368,0.05555555555555555,4,0.5142857142857142,0.5277777777777778,0.014563937434112438,0.3113373084096133,0.04395604395604396,4,0.44607843137254904,0.4807692307692311,0.007622734231430398,2.1226068255157767e-17,0.016666666666666666,6,1,0.016666666666666666,2.166511915815537e-4,united states of america,extraction,USA,0,0,0.079,0.581,1,2,1,1,2,1,98,3,1
1915,Bacis Gold And Silver Mines,durango,-107.8800667,37.27528,cyanid,0.2465483,1,5,0,5,0,4,0,0,0,0,0,0,0,0,0,0,0.29678324087388963,0.04878048780487805,4,0.5125,0.524390243902439,0.01950432892448287,0.27832295899739873,0.04081632653061224,4,0.46601941747572817,0.48299319727891177,0.010612797735398851,2.611178827927077e-17,0.011363636363636364,4,0.75,0.014204545454545456,1.0431954876399319e-5,united states of america,extraction,USA,0,0,0.07,0.581,1,2,1,1,2,1,98,3,1
1916,Bacis Gold And Silver Mines,durango,-107.8800667,37.27528,cyanid,0.23102,1,3,0,0,0,0,0,0,0,0,0,0,0,0,0,0,0,0,0,0,0,0,0,0,0,0,0,0,0,0,0,0,0,0,united states of america,extraction,USA,0,0,0.07,0.581,1,2,1,1,2,1,98,3,1
1917,Bacis Gold And Silver Mines,durango,-107.8800667,37.27528,cyanid,0.23091,1,3,0,0,0,0,0,0,0,0,0,0,0,0,0,0,0,0,0,0,0,0,0,0,0,0,0,0,2.2760629284208732e-5,0.008928571428571428,3,0.19182200841852073,0.19314295162509473,0,united states of america,extraction,USA,0,0,0.07,0.581,1,2,1,1,2,1,98,3,1
1919,Bacis Gold And Silver Mines,durango,-107.8800667,37.27528,cyanid,0.2213369,1,1,0,0,0,0,0,0,0,0,0,0,0,0,0,0,0,0,0,0,0,0,0,0,0,0,0,0,0,0,0,0,0,0,united states of america,extraction,USA,0,0,0.07,0.581,1,2,1,1,2,1,98,3,1
1920,Bacis Gold And Silver Mines,durango,-107.8800667,37.27528,cyanid,0.2213369,1,1,0,0,0,0,0,0,0,0,0,0,0,0,0,0,0,0,0,0,0,0,0,0,0,0,0,0,1.8112772106027553e-9,0.0026041666666666665,1,0.15075172694026817,0.1523716517857155,0,united states of america,extraction,USA,0,0,0.078,0.581,1,2,1,1,2,1,98,3,1
1921,Bacis Gold And Silver Mines,durango,-107.8801,37.27528,cyanid,0.2213369,1,1,0,0,0,0,0,0,0,0,0,0,0,0,0,0,0,0,0,0,0,0,0,0,0,0,0,0,4.033207904190521e-18,0.0026954177897574125,1,0.6666666666666666,0.004043126684636119,0,united states of america,extraction,USA,0,0,0.095,0.581,1,2,1,1,2,1,98,3,1
1922,Bacis Gold And Silver Mines,durango,-107.8801,37.27528,cyanid,0.010628879999999999,1,1,0,1,0,0,0,0,0,0,0,0,0,0,0,0,0,0,0,0,0,0,0,0,0,0,0,0,5.659808537376383e-19,0.0027472527472527475,1,1,0.0027472527472527475,0,united states of america,extraction,USA,0,0,0.094,0.581,1,2,1,1,2,1,98,3,1
1923,Bacis Gold And Silver Mines,durango,-107.8801,37.27528,cyanid,0.01097896,1,1,0,1,0,0,0,0,0,0,0,0,0,0,0,0,0,0,0,0,0,0,0,0,0,0,0,0,2.306019105873464e-4,0.005291005291005291,2,0.2305236270753512,0.23184681279919478,0,united states of america,extraction,USA,0,0,0.096,0.581,1,2,1,1,2,1,98,3,1
1903,Balaghat Gold Mines Limited,western,-95.71276,37.09375,cyanid,1.245136,1,5,0,1,0,0,0,1,1,1,0,0.07142857142857142,1,0.6,0.14285714285714285,0,0.27687114213508013,0.0625,1,0.38095238095238093,0.43749999999999994,0,0.2831773466122287,0.08333333333333333,2,0.3870967741935484,0.4444444444444445,0.13580917874396134,0.4082482904638632,0.1,1,0.6,0.2,0,united states of america,extraction,USA,0,0,0.117,0.581,1,1,1,1,1,1,98,1,1
1908,Balaghat Gold Mines Limited,mysore,76.63938,12.29581,cyanid,1.216545,1,14,0,4,1,2,1,2,4,2,0.2738412202634084,0.028169014084507043,2,0.37566137566137564,0.4246478873239435,0.02603270416147678,0.3037857536678945,0.05063291139240506,4,0.512987012987013,0.5253164556962026,0.009978129050984812,0.35428999876086836,0.05555555555555555,6,0.4675324675324675,0.4992283950617286,0.020285829812807313,4.4352038070829103e-16,0.09210526315789473,7,1,0.05263157894736842,0.0012280701754385965,india,extraction,IND,1,1,0.032,0.509,NA,NA,NA,NA,NA,NA,NA,2,1
1909,Balaghat Gold Mines Limited,mysore,76.63938,12.29581,cyanid,1.218324,1,9,0,4,0,2,0,1,1,1,0.09455650501715564,0.014925373134328358,1,0.2719665271966527,0.2988983653162758,0,0.3104971299725254,0.05263157894736842,4,0.5135135135135135,0.5263157894736842,0.012794198793286629,0.30124981041296794,0.05154639175257732,5,0.45893719806763283,0.4819587628865982,0.01013723554678411,0,0.0449438202247191,8,0.8333333333333334,0.025280898876404494,8.252396368945596e-5,india,extraction,IND,1,1,0.032,0.509,NA,NA,NA,NA,NA,NA,NA,2,1
1910,Balaghat Gold Mines Limited,mysore,76.63938,12.29581,cyanid,1.215953,1,13,0,8,1,3,1,0,0,0,0.03857331171412988,0.017543859649122806,1,0.2602739726027397,0.2868421052631578,0,0.33284397811175237,0.06060606060606061,4,0.515625,0.5303030303030303,0.016728116501165746,0.31789375040993684,0.056818181818181816,5,0.43781094527363185,0.4801136363636367,0.011006279233230394,0,0.052132701421800945,11,0.8,0.03317535545023697,1.5910629654705485e-4,india,extraction,IND,1,1,0.032,0.509,NA,NA,NA,NA,NA,NA,NA,2,1
1911,Balaghat Gold Mines Limited,mysore,76.6393805,12.2958104,cyanid,2.430724,1,9,7.011744621949612e-5,4,0,1,0,0,1,0,0,0,0,0,0,0,0.2259711215288737,0.03333333333333333,3,0.4838709677419355,0.5037037037037038,0.007362175319940118,0.20541245023013707,0.025210084033613446,3,0.4131944444444444,0.45168067226890785,0.003691286471372254,1.4605517722172896e-4,0.05343511450381679,14,0.22131147540983606,0.21165485278080728,0.002786425877196889,india,extraction,IND,1,1,0.032,0.509,NA,NA,NA,NA,NA,NA,NA,2,1
1913,Balaghat Gold Mines Limited,mysore,76.6393805,12.2958104,cyanid,2.434275,1,4,0,3,0,2,0,0,0,0,0,0,0,0,0,0,0.34346480166253784,0.05063291139240506,4,0.512987012987013,0.5253164556962026,0.0481352017792844,0.3303956689086163,0.04081632653061224,4,0.4626865671641791,0.4668367346938777,0.02360300845572695,9.76859613747335e-4,0.0660377358490566,21,0.18585209003215433,0.21554954479482807,0.004190135531251212,india,extraction,IND,1,1,0.032,0.509,NA,NA,NA,NA,NA,NA,NA,2,1
1914,Balaghat Gold Mines Limited,mysore,76.6393805,12.2958104,cyanid,2.465483,1,7,0,4,1,2,1,0,0,0,0.1871438015854503,0.015873015873015872,1,0.32786885245901637,0.3542328042328043,0,0.17408969739500024,0.027777777777777776,2,0.41379310344827586,0.4571759259259259,0.0013514741469788734,0.21168902604754122,0.03296703296703297,3,0.41743119266055045,0.45695970695970733,0.0046783990887964855,6.473571283240348e-4,0.044444444444444446,16,0.22899628252788104,0.23750771604938356,0.016663418651845004,india,extraction,IND,1,1,0.032,0.509,NA,NA,NA,NA,NA,NA,NA,2,1
1915,Balaghat Gold Mines Limited,western,-95.7127622,37.0937489,cyanid,2.378687,1,4,0,3,0,1,0,0,0,0,0,0,0,0,0,0,0.07322309911761911,0.012195121951219513,1,0.33884297520661155,0.3841463414634146,0,0.06986209179358625,0.01020408163265306,1,0.3333333333333333,0.36564625850340116,0,1.783245552192045e-4,0.019886363636363636,7,0.2297780959198282,0.2357559974747483,5.492192992192993e-5,united states of america,extraction,USA,0,0,0.07,0.581,1,2,1,1,2,1,98,3,1
1916,Balaghat Gold Mines Limited,mysore,76.6393805,12.2958104,cyanid,2.383222,1,4,0,2,1,1,1,0,1,0,0,0.023809523809523808,1,0.5714285714285714,0.05952380952380952,0,0.3365974386988722,0.05172413793103448,3,0.4461538461538462,0.48850574712643674,0.021319003016856453,0.34141478531233604,0.05333333333333334,4,0.4076086956521739,0.45822222222222214,0.02465235972105488,1.4270878750667763e-5,0.01812688821752266,6,0.22083333333333333,0.2387642065889817,0.017916745738767642,india,extraction,IND,1,1,0.032,0.509,NA,NA,NA,NA,NA,NA,NA,2,1
1917,Balaghat Gold Mines Limited,swansea,-3.943646,51.62144,amalgama,2.382087,1,2,0,2,1,1,1,0,0,0,0.006922570886732866,0.027777777777777776,1,0.20253164556962025,0.22037037037037055,0,0.3826272781048881,0.06521739130434782,3,0.4423076923076923,0.4909420289855072,0.008891885671265585,0.3787370589994805,0.06557377049180328,4,0.3961038961038961,0.4554644808743168,0.028207537573948567,2.0911134350336344e-5,0.01488095238095238,5,0.21984838042729152,0.23174957482993352,0.028020611229566453,united kingdom,extraction,GBR,1,1,0.028,0.73,2,2,2,2,2,2,94,3,1
1917,Balaghat Gold Mines Limited,mysore,76.6393805,12.2958104,cyanid,2.382087,1,2,0,2,1,1,1,0,0,0,0.006922570886732866,0.027777777777777776,1,0.20253164556962025,0.22037037037037055,0,0.3826272781048881,0.06521739130434782,3,0.4423076923076923,0.4909420289855072,0.008891885671265585,0.3787370589994805,0.06557377049180328,4,0.3961038961038961,0.4554644808743168,0.028207537573948567,2.0911134350336344e-5,0.01488095238095238,5,0.21984838042729152,0.23174957482993352,0.028020611229566453,india,extraction,IND,1,1,0.032,0.509,NA,NA,NA,NA,NA,NA,NA,2,1
1919,Balaghat Gold Mines Limited,mysore,76.6393805,12.2958104,cyanid,14.657384,1,10,0,8,1,2,1,0,0,0,0.025264337997174213,0.018867924528301886,1,0.24806201550387597,0.17861635220125777,0,0.2861739381863526,0.046153846153846156,3,0.43333333333333335,0.4782051282051282,0.005079657059014178,0.28608676916494424,0.05,4,0.4166666666666667,0.4614583333333334,0.008640528656939718,0.05087424728572228,0.11797752808988764,42,0.35514018691588783,0.3951310861423195,0.08805941275165603,india,extraction,IND,1,1,0.032,0.509,NA,NA,NA,NA,NA,NA,NA,2,1
1920,Balaghat Gold Mines Limited,mysore,76.6393805,12.2958104,cyanid,14.657384,1,12,0,7,1,2,1,0,0,0,0.026658229916348114,0.018518518518518517,1,0.25116279069767444,0.2864197530864196,0,0.3098774876414264,0.04918032786885246,3,0.4236111111111111,0.4726775956284153,0.004756362643607637,0.3057881568536827,0.05128205128205128,4,0.3880597014925373,0.4423076923076921,0.00455316609904823,0.014782370060645499,0.11979166666666667,46,0.36019417475728155,0.4032552083333321,0.09513020761673949,india,extraction,IND,1,1,0.032,0.509,NA,NA,NA,NA,NA,NA,NA,2,1
1921,Balaghat Gold Mines Limited,mysore,76.63938,12.29581,cyanid,15.396459,1,8,0,3,0,1,0,1,0,0,0.2014347322035645,0.02127659574468085,1,0.3435114503816794,0.37127659574468097,0,0.30690425914907893,0.058823529411764705,3,0.425,0.4771241830065359,0.00604333176921053,0.3517433160056817,0.058823529411764705,4,0.3953488372093023,0.45196078431372527,0.005488989198141422,0.06018180340050327,0.07277628032345014,27,0.3591549295774648,0.39487870619945886,0.0599805706237245,india,extraction,IND,1,1,0.032,0.509,NA,NA,NA,NA,NA,NA,NA,2,1
1922,Balaghat Gold Mines Limited,mysore,76.63938,12.29581,cyanid,17.714792,1,9,0,3,1,0,0,0,2,0,0.08416037303991447,0.02564102564102564,1,0.29838709677419356,0.32008547008547,0,0.21774798320251454,0.043478260869565216,2,0.41818181818181815,0.4655797101449275,0.00343718997238487,0.23977412436478382,0.04838709677419355,3,0.39490445859872614,0.44354838709677397,0.004399631448724702,0.056922133202189105,0.06318681318681318,23,0.3624091381100727,0.3941195709052831,0.044206665258143034,india,extraction,IND,1,1,0.032,0.509,NA,NA,NA,NA,NA,NA,NA,2,1
1923,Balaghat Gold Mines Limited,mysore,76.63938,12.29581,cyanid,18.298262,1,17,0,11,2,1,1,0,0,0,0.058675546240004796,0.043478260869565216,2,0.2529411764705882,0.2966097308488611,0.04057971014492753,0.1984806606261276,0.05,2,0.37735849056603776,0.43541666666666673,0.0010824195235959943,0.19967619527025401,0.07142857142857142,4,0.37583892617449666,0.43809523809523787,0.042194493047004275,0.0377429267400156,0.05291005291005291,20,0.386096256684492,0.4076719576719576,0.027088692354122736,india,extraction,IND,1,1,0.032,0.509,NA,NA,NA,NA,NA,NA,NA,2,1
1916,Bantjes Consolidated Mines Limited,florida,-81.5157535,27.6648274,cyanid,2.073403,1,8,0,7,1,0,0,1,1,1,0.028319469448069245,0.047619047619047616,2,0.2727272727272727,0.2551587301587301,0.006998421632567972,0.08545124764289418,0.017241379310344827,1,0.31521739130434784,0.3577586206896552,0,0.1190614401608958,0.04,3,0.3177966101694915,0.36755555555555547,0.013809768230118626,0.5970206590366213,0.29003021148036257,96,0.38498789346246975,0.48527549992806784,0.09011652742779834,united states of america,extraction,USA,0,0,0.07,0.581,1,2,1,1,2,1,98,3,1
1917,Bantjes Consolidated Mines Limited,florida,-81.5157535,27.6648274,cyanid,2.072415,1,3,0,3,1,0,0,0,0,0,0.05424052492220537,0.027777777777777776,1,0.2711864406779661,0.28194444444444433,0,0,0,0,0,0,0,0.02005307876471584,0.01639344262295082,1,0.2675438596491228,0.29180327868852457,0,0.5551533938432934,0.24702380952380953,83,0.39627329192546584,0.4676091269841272,0.021420826181777822,united states of america,extraction,USA,0,0,0.07,0.581,1,2,1,1,2,1,98,3,1
1911,Bantjes Consolidated Mines Limited Elf,florida,-81.5157535,27.6648274,cyanid,1.4351,1,8,940.0577755801736,4,1,1,0,1,1,1,0.22372577056562684,0.02631578947368421,2,0.4010989010989011,0.4254385964912279,0.010731278927321465,0.15711523993398435,0.022222222222222223,2,0.41284403669724773,0.4546296296296297,0.0014867466229082787,0.22283793160255047,0.03361344537815126,4,0.4160839160839161,0.45728291316526637,0.007950602038303087,0.29608037220469763,0.10687022900763359,28,0.36180904522613067,0.3619320247182835,0.0010201386603303476,united states of america,extraction,USA,0,0,0.098,0.581,1,2,1,1,2,1,98,3,1
1912,Bantjes Consolidated Mines Limited Elf,florida,-81.5157535,27.6648274,cyanid,1.436496,1,13,0,3,1,0,0,0,0,0,0.039100378869178186,0.014492753623188406,1,0.24907063197026022,0.27960662525879926,0,0,0,0,0,0,0,0.011298493536956108,0.00909090909090909,1,0.26535626535626533,0.27969696969696967,0,0.4815352552498281,0.14376996805111822,45,0.32687927107061504,0.3951670977230072,0.00409827430990173,united states of america,extraction,USA,0,0,0.098,0.581,1,2,1,1,2,1,98,3,1
1915,Bantjes Consolidated Mines Limited Elf,florida,-81.5157535,27.6648274,cyanid,2.069458,1,11,0,4,0,0,0,0,1,0,0,0,0,0,0,0,0.10179419142368236,0.012195121951219513,1,0.36936936936936937,0.41463414634146345,0,0.09422722124891839,0.01020408163265306,1,0.35555555555555557,0.3897959183673468,0,0.3259573207502247,0.09375,33,0.3519736842105263,0.38505140692640505,0.009115964112488273,united states of america,extraction,USA,0,0,0.07,0.581,1,2,1,1,2,1,98,3,1
1920,Bantjes Consolidated Mines Limited Elf,florida,-81.5157535,27.6648274,cyanid,3.664346,1,5,0,4,0,0,0,0,0,0,0,0,0,0,0,0,0,0,0,0,0,0,0,0,0,0,0,0,0.14888244476851556,0.06510416666666667,25,0.37436932391523714,0.40768229166666625,0.003134138948696425,united states of america,extraction,USA,0,0,0.078,0.581,1,2,1,1,2,1,98,3,1
1921,Bantjes Consolidated Mines Limited Elf,florida,-81.51575,27.66483,cyanid,3.664346,1,7,4.4973449085983143e-4,6,1,1,1,0,0,0,0.20143473220356461,0.02127659574468085,1,0.3435114503816794,0.37127659574468097,0,0.2185144871632167,0.0392156862745098,2,0.3923076923076923,0.44444444444444436,0.001861411291515098,0.2732978486536822,0.04411764705882353,3,0.37777777777777777,0.43112745098039196,0.0024254092487505058,0.3034598540853815,0.07816711590296496,29,0.3830472103004292,0.41006289308176064,0.008361481745522103,united states of america,extraction,USA,0,0,0.095,0.581,1,2,1,1,2,1,98,3,1
1908,Bantjes Consolldateilmines Limited,rhodesia,-97.21348,32.82943,cyanid,1.455621,1,4,382.0578442854707,0,0,0,0,0,1,0,0,0,0,0,0,0,0.16772967107531866,0.02531645569620253,2,0.42473118279569894,0.46413502109704646,0.0011394947857551521,0.15394318629224277,0.018518518518518517,2,0.3737024221453287,0.41666666666666696,5.814739524188651e-4,0,0,0,0,0,0,united states of america,extraction,USA,0,0,0.117,0.581,1,1,1,1,1,1,98,1,1
1914,Bantjes Consolldateilmines Limited,florida,-81.5157535,27.6648274,cyanid,1.455621,1,9,0,4,1,0,0,0,0,0,0.08121042681447753,0.015873015873015872,1,0.2843601895734597,0.3076719576719577,0,0,0,0,0,0,0,0.031389450160090294,0.01098901098901099,1,0.2774390243902439,0.30311355311355315,0,0.6188846313535443,0.14722222222222223,53,0.3619271445358402,0.3852777777777758,0.02623954717483494,united states of america,extraction,USA,0,0,0.079,0.581,1,2,1,1,2,1,98,3,1
1922,Bantjes Dconsolidated Mines Limited,florida,-81.51575,27.66483,cyanid,1.926484,1,0,0,0,0,0,0,0,0,0,0,0,0,0,0,0,0,0,0,0,0,0,0,0,0,0,0,0,0,0,0,0,0,0,united states of america,extraction,USA,0,0,0.094,0.581,1,2,1,1,2,1,98,3,1
1919,Bantjies Consolidated Mines,florida,-81.5157535,27.6648274,cyanid,2.656042,1,8,0,6,0,0,0,0,0,0,0,0,0,0,0,0,0,0,0,0,0,0,0,0,0,0,0,0,0.4507002020389943,0.16573033707865167,59,0.3795782463928968,0.43824906367041155,0.025156010127273313,united states of america,extraction,USA,0,0,0.07,0.581,1,2,1,1,2,1,98,3,1
1911,Baptist End Colliery Company,mexico,-102.552784,23.634501,cyanid,0.04375304,1,2,0.0016363457217222974,0,0,0,0,0,0,0,0,0,0,0,0,0,0,0,0,0,0,0,0,0,0,0,0,0,0,0,0,0,0,0,mexico,extraction,MEX,0,0,0.821,0.556,-2,-2,-3,-2,-2,-3,70,0,0
1910,Barberton Transvaal Terms Subscription Per,western,-95.71276,37.09375,cyanid,3.404669,1,15,0,5,0,0,0,1,1,1,0.1610192990752473,0.017543859649122806,1,0.3630573248407643,0.4035087719298244,0,0.2605292015342158,0.045454545454545456,3,0.4342105263157895,0.47853535353535354,0.0037726368514865954,0.29698701961043183,0.045454545454545456,4,0.4131455399061033,0.4583333333333337,0.00466882018801909,0.2604816769317676,0.11374407582938388,24,0.3416030534351145,0.3735161363123451,0.005373163713097008,united states of america,extraction,USA,0,0,0.098,0.581,1,2,1,1,2,1,98,3,1
1910,Barberton Transvaal Terms Subscription Per,transvaal,-81.1831,43.23256,cyanid,3.404669,1,15,0,5,0,0,0,1,1,1,0.1610192990752473,0.017543859649122806,1,0.3630573248407643,0.4035087719298244,0,0.2605292015342158,0.045454545454545456,3,0.4342105263157895,0.47853535353535354,0.0037726368514865954,0.29698701961043183,0.045454545454545456,4,0.4131455399061033,0.4583333333333337,0.00466882018801909,0.2604816769317676,0.11374407582938388,24,0.3416030534351145,0.3735161363123451,0.005373163713097008,canada,extraction,CAN,0,1,0.074,0.597,2,1,1,2,1,1,96,0,1
1914,Bareanoa Mines Mexico Company,smelter at hayden that company having,-110.7830679,33.0088354,cyanid,0.7889546,0,0,0,0,0,0,0,0,0,0,0,0,0,0,0,0,0,0,0,0,0,0,0,0,0,0,0,0,0,0,0,0,0,0,united states of america,extraction,USA,0,0,0.079,0.581,1,2,1,1,2,1,98,3,1
1919,Barramia Mining And Exploration Limited,london,-0.1277583,51.5073509,cyanid,0.15205839999999998,1,5,0,3,0,2,0,0,0,0,0,0,0,0,0,0,0.2861739381863527,0.046153846153846156,3,0.43333333333333335,0.4782051282051282,0.005079657059014178,0.27038812035664006,0.0375,3,0.40816326530612246,0.44999999999999996,0.003515509156487897,0.016106926461615996,0.06460674157303371,23,0.28691275167785235,0.31964285714285784,0.0051332199842262245,united kingdom,extraction,GBR,1,1,0.028,0.73,2,2,1,2,2,1,89,3,1
1910,Barranca Mines Mexico Limited,mexico,-102.5528,23.6345,cyanid,0.04377432,1,9,0,0,0,0,0,0,1,0,0,0,0,0,0,0,0.07231477657753627,0.015151515151515152,1,0.3473684210526316,0.3939393939393939,0,0.06760396440907664,0.011363636363636364,1,0.3295880149812734,0.36874999999999986,0,0,0,0,0,0,0,mexico,extraction,MEX,0,0,0.853,0.556,-2,-2,-3,-2,-2,-3,82,0,0
1912,Barranca Mines Mexico Limited,mexico,-102.552784,23.634501,cyanid,0.7789679,1,5,0,1,0,0,0,0,0,0,0,0,0,0,0,0,0,0,0,0,0,0,0,0,0,0,0,0,0,0.003194888178913738,1,1,0.003194888178913738,0,mexico,extraction,MEX,0,0,0.816,0.561,-2,-2,-3,-2,-2,-3,70,0,0
1913,Barranca Mines Mexico Limited,smelter at hayden that company having,-110.7830679,33.0088354,cyanid,0.7789679,1,5,118.91524721905114,0,0,0,0,0,0,0,0,0,0,0,0,0,0,0,0,0,0,0,0,0,0,0,0,0,0,0,0,0,0,0,united states of america,extraction,USA,0,0,0.083,0.581,1,2,1,1,2,1,98,3,1
1915,Barranca Mines Mexico Limited,hermosillo,-110.9559192,29.0729673,cyanid,0.7611798000000001,1,2,65.67919587635431,0,0,0,0,0,0,0,0,0,0,0,0,0,0,0,0,0,0,0,0,0,0,0,0,0,0,0,0,0,0,0,mexico,extraction,MEX,0,0,0.774,0.561,-3,-3,-3,-3,-3,-3,70,0,0
1916,Barranca Mines Mexico Limited,sonora,-110.3308814,29.2972247,cyanid,0.7626311,1,3,0,1,0,0,0,0,0,0,0,0,0,0,0,0,0,0,0,0,0,0,0,0,0,0,0,0,3.306958856543556e-5,0.0030211480362537764,1,0.2134228187919463,0.21848654869803033,0,mexico,extraction,MEX,0,0,0.774,0.561,-2,-2,-3,-2,-2,-3,76,0,0
1917,Barranca Mines Mexico Limited,hermosillo,-110.9559192,29.0729673,cyanid,0.7622677,1,2,0,1,0,0,0,0,0,0,0,0,0,0,0,0,0,0,0,0,0,0,0,0,0,0,0,0,3.138313919130626e-5,0.005952380952380952,2,0.2087696335078534,0.21329365079365165,3.207811090665728e-4,mexico,extraction,MEX,0,0,0.79,0.54,-2,-2,-3,-2,-2,-3,76,0,0
1919,Barranca Mines Mexico Limited,hermosillo,-110.9559192,29.0729673,cyanid,0.708278,1,3,0,2,0,0,0,0,0,0,0,0,0,0,0,0,0,0,0,0,0,0,0,0,0,0,0,0,2.320808995121927e-4,0.008426966292134831,3,0.21482412060301506,0.2204153290529711,1.050045421697906e-4,mexico,extraction,MEX,0,0,0.795,0.565,-2,-2,-3,-2,-2,-3,76,0,0
1920,Barranca Mines Mexico Limited,hermosillo,-110.9559192,29.0729673,cyanid,0.5862953000000001,1,4,0,2,0,0,0,0,0,0,0,0,0,0,0,0,0,0,0,0,0,0,0,0,0,0,0,0,2.1584976476058402e-4,0.018229166666666668,7,0.27645305514157975,0.2899739583333339,0.004682349184596201,mexico,extraction,MEX,0,0,0.795,0.557,-2,-2,-3,-2,-2,-3,76,0,0
1921,Barranca Mines Mexico Limited,hermosillo,-110.9559,29.07297,cyanid,0.6158584,1,4,0.0018933119384031659,4,0,0,0,0,0,0,0,0,0,0,0,0,0,0,0,0,0,0,0,0,0,0,0,0,0.002926484842120369,0.018867924528301886,7,0.2916666666666667,0.3039083557951487,0.004028495221216221,mexico,extraction,MEX,0,0,0.795,0.557,-1,-2,-2,-1,-2,-2,85,0,0
1922,Barranca Mines Mexico Limited,hermosillo,-110.9559,29.07297,cyanid,0.7085916999999999,1,4,0,0,0,0,0,0,0,0,0,0,0,0,0,0,0,0,0,0,0,0,0,0,0,0,0,0,0,0,0,0,0,0,mexico,extraction,MEX,0,0,0.795,0.557,-1,-2,-2,-1,-2,-2,85,0,0
1923,Barranca Mines Mexico Limited,hermosillo,-110.9559,29.07297,cyanid,0.7085916999999999,1,4,0,0,0,0,0,0,0,0,0,0,0,0,0,0,0,0,0,0,0,0,0,0,0,0,0,0,0.0016747885733415415,0.010582010582010581,4,0.2981007431874484,0.3064373897707232,2.5852356280548777e-5,mexico,extraction,MEX,0,0,0.795,0.557,-1,-2,-2,-1,-2,-2,85,0,0
1913,Barrett Bietfon Tein,rhodesia,-97.2134822,32.8294337,cyanid,1.217137,1,0,0,0,0,0,0,0,0,0,0,0,0,0,0,0,0,0,0,0,0,0,0,0,0,0,0,0,0,0,0,0,0,0,united states of america,extraction,USA,0,0,0.083,0.581,1,2,1,1,2,1,98,3,1
1894,Barrett Gold Mining Company,transvaal,-81.1831,43.23256,cyanid,1.144737,1,3,602.1632138322101,0,0,0,0,0,0,0,0,0,0,0,0,0,0,0,0,0,0,0,0,0,0,0,0,0,0,0,0,0,0,0,canada,extraction,CAN,0,1,0.074,0.597,2,1,NA,2,1,NA,96,0,1
1895,Barrett Gold Mining Company,transvaal,-81.1831,43.23256,cyanid,1.144737,1,6,0,6,0,0,0,0,0,0,0,0,0,0,0,0,0,0,0,0,0,0,0,0,0,0,0,0,0,0,0,0,0,0,canada,extraction,CAN,0,1,0.074,0.597,2,1,NA,2,1,NA,96,0,1
1912,Barrett Gold Mining Company,transvaal,-81.1830974,43.2325617,cyanid,1.144737,1,1,0,1,0,0,0,0,0,0,0,0,0,0,0,0,0,0,0,0,0,0,0,0,0,0,0,0,0,0.003194888178913738,1,1,0.003194888178913738,0,canada,extraction,CAN,0,1,0.072,0.61,2,1,1,2,1,1,96,0,1
1913,Barrett Gold Mining Company,barberton,-81.6051221,41.012833,cyanid,1.144737,1,8,0,3,0,0,0,0,0,0,0,0,0,0,0,0,0,0,0,0,0,0,0,0,0,0,0,0,0.3536249300828322,0.07547169811320754,24,0.2964102564102564,0.34993182045068766,0.03001948489757352,united states of america,extraction,USA,0,0,0.083,0.581,1,2,1,1,2,1,98,3,1
1914,Barrett Gold Mining Company,barberton,-81.6051221,41.012833,cyanid,0.591716,1,4,0,0,0,0,0,1,0,0,0.1871438015854502,0.015873015873015872,1,0.32786885245901637,0.3542328042328043,0,0,0,0,0,0,0,0.048119493760232356,0.01098901098901099,1,0.2993421052631579,0.3335164835164835,0,0.0318672608454246,0.008333333333333333,3,0.2862453531598513,0.27500000000000085,3.0214364656723275e-4,united states of america,extraction,USA,0,0,0.079,0.581,1,2,1,1,2,1,98,3,1
1917,Barrett Gold Mining Company,transvaal,-81.1830974,43.2325617,cyanid,0.591716,1,4,0,3,0,0,0,0,0,0,0,0,0,0,0,0,0,0,0,0,0,0,0,0,0,0,0,0,0.014807035274681355,0.011904761904761904,4,0.3209255533199195,0.34563492063491996,0.007313488425477324,canada,extraction,CAN,0,1,0.067,0.61,2,2,1,2,2,1,98,0,1
1919,Barrett Gold Mining Limited,barberton,-81.6051221,41.012833,cyanid,0.5312085,1,2,0,1,0,0,0,0,0,0,0,0,0,0,0,0,0,0,0,0,0,0,0,0,0,0,0,0,9.009952730331012e-20,0.0028089887640449437,1,1,0.0028089887640449437,0,united states of america,extraction,USA,0,0,0.07,0.581,1,2,1,1,2,1,98,3,1
1909,Battlefields Rhodesia Limited,chilian,-71.54297,-35.67515,cyanid,1.232742,1,6,0,2,0,1,0,0,1,0,0,0,0,0,0,0,0.2363410450040908,0.039473684210526314,3,0.4578313253012048,0.4912280701754386,0.005194960401883315,0.2118008158630621,0.030927835051546393,3,0.4148471615720524,0.4450171821305845,0.002073375687693908,7.506673800382308e-5,0.02247191011235955,4,0.20057720057720058,0.17846664883181731,0.022683510019255605,chile,extraction,CHL,0,0,0.276,0.272,0,1,-1,0,1,-1,97,1,1
1911,Battlefields Rhodesia Limited,chilian,-71.542969,-35.675147,cyanid,1.232742,1,7,3.44950923903073e-4,4,0,2,0,0,1,0,0,0,0,0,0,0,0.29416848744952473,0.044444444444444446,4,0.5113636363636364,0.5222222222222223,0.012162829406060336,0.26610708020719676,0.03361344537815126,4,0.42805755395683454,0.46568627450980415,0.0059812725420799765,0.020026572104388553,0.05343511450381679,14,0.2958904109589041,0.2876317702653592,0.055147725996689295,chile,extraction,CHL,0,0,0.276,0.272,0,1,-1,0,1,-1,97,1,1
1912,Battlefields Rhodesia Limited,chilian,-71.542969,-35.675147,cyanid,1.232742,1,5,0,3,0,2,0,0,0,0,0,0,0,0,0,0,0.22645832088580406,0.03614457831325301,3,0.49404761904761907,0.5100401606425703,0.006477566176649881,0.21598032112113721,0.02727272727272727,3,0.4235294117647059,0.4515151515151518,0.0035222254515045004,5.656273018757102e-4,0.02875399361022364,9,0.22386895475819032,0.2375337122940964,0.025222797517146144,chile,extraction,CHL,0,0,0.276,0.272,0,1,-1,0,1,-1,97,1,1
1914,Battlefields Rhodesia Limited,rhodesia,-97.2134822,32.8294337,cyanid,1.232742,1,4,0,0,0,0,0,0,1,0,0,0,0,0,0,0,0.10241060555645518,0.013888888888888888,1,0.375,0.42013888888888884,0,0.0957234797722802,0.01098901098901099,1,0.35,0.39267399267399256,0,0.001090015255059073,0.002777777777777778,1,0.22448979591836735,0.20990189594356357,0,united states of america,extraction,USA,0,0,0.079,0.581,1,2,1,1,2,1,98,3,1
1895,Bear Creek Alluvial Gold Company,glasgow,-4.251806,55.86424,amalgama,0.02932551,0,5,416.6950076351206,1,0,0,0,0,0,0,0,0,0,0,0,0,0,0,0,0,0,0,0,0,0,0,0,0,0.0015089604991089132,0.02857142857142857,1,0.2336448598130841,0.20574829931972796,0,united kingdom,extraction,GBR,1,1,0.028,0.73,2,2,NA,2,2,NA,98,3,1
1913,Bebbida Nigebi Tin Ields,london,-0.1277583,51.5073509,cyanid,1.460565,1,0,0,0,0,0,0,0,0,0,0,0,0,0,0,0,0,0,0,0,0,0,0,0,0,0,0,0,0,0,0,0,0,0,united kingdom,extraction,GBR,1,1,0.028,0.73,2,2,2,2,2,2,98,3,1
1912,Benoni Consolidated Gold Mines Limited,transvaal,-81.1830974,43.2325617,cyanid,1.703163,1,5,0,0,0,0,0,0,0,0,0,0,0,0,0,0,0,0,0,0,0,0,0,0,0,0,0,0,0,0,0,0,0,0,canada,extraction,CAN,0,1,0.072,0.61,2,1,1,2,1,1,96,0,1
1914,Benoni Consolidated Gold Mines Limited,transvaal,-81.1830974,43.2325617,cyanid,1.725838,1,5,0,4,1,1,1,0,0,0,0.03647789394764548,0.015873015873015872,1,0.26666666666666666,0.28439153439153436,0,0.17408969739500024,0.027777777777777776,2,0.41379310344827586,0.4571759259259259,0.0013514741469788734,0.181496334307135,0.03296703296703297,3,0.3888888888888889,0.4349816849816851,0.0030275906158878773,0.27149888932779503,0.11666666666666667,42,0.34108527131782945,0.3694014550264533,0.025521722834488385,canada,extraction,CAN,0,1,0.067,0.61,2,1,1,2,1,1,96,0,1
1913,Benoni Gold Mining Company,transvaal,-81.1830974,43.2325617,cyanid,1.703992,1,8,0,3,1,1,0,1,0,0,0.2383226143180505,0.05172413793103448,3,0.43,0.3577586206896551,0.09276063722524701,0.05463174355107239,0.012658227848101266,1,0.32113821138211385,0.36392405063291133,0,0.14225721047543477,0.04081632653061224,4,0.37349397590361444,0.40680272108843535,0.026749970204777457,0.0022103363864624348,0.012578616352201259,4,0.1959322033898305,0.21049184917109487,0.0012351419973927315,canada,extraction,CAN,0,1,0.072,0.61,2,1,1,2,1,1,96,0,1
1909,Beret United Deep Leads,western,-95.71276,37.09375,cyanid,0.004873294,1,3,0,0,0,0,0,0,1,0,0,0,0,0,0,0,0.23634104500409076,0.039473684210526314,3,0.4578313253012048,0.4912280701754386,0.005194960401883315,0.2118008158630621,0.030927835051546393,3,0.4148471615720524,0.4450171821305845,0.002073375687693908,0,0,0,0,0,0,united states of america,extraction,USA,0,0,0.117,0.581,1,1,1,1,1,1,98,1,1
1903,Besini Syndicate Limited,western,-95.71276,37.09375,amalgama,0.5836576,1,7,0,0,0,0,0,2,2,2,0.3111078174659817,0.07142857142857142,1,0.35294117647058826,0.19047619047619047,0,0.5985129399158763,0.1875,3,0.5333333333333333,0.5833333333333334,0.1930555555555555,0.6314581080443127,0.16666666666666666,4,0.4444444444444444,0.5208333333333335,0.1368530020703934,0,0,0,0,0,0,united states of america,extraction,USA,0,0,0.117,0.581,1,1,1,1,1,1,98,1,1
1908,Bibiant Gold Fields Limited,winchester,-121.951,37.31833,cyanid,0.973236,0,3,0,0,0,0,0,0,0,0,0,0,0,0,0,0,0,0,0,0,0,0,0,0,0,0,0,0,0,0,0,0,0,0,united states of america,extraction,USA,0,0,0.117,0.581,1,1,1,1,1,1,98,1,1
1908,Black Flag Proprietary Company,western,-95.71276,37.09375,cyanid,0.00486618,1,3,0,0,0,0,0,0,0,0,0,0,0,0,0,0,0,0,0,0,0,0,0,0,0,0,0,0,0,0,0,0,0,0,united states of america,extraction,USA,0,0,0.117,0.581,1,1,1,1,1,1,98,1,1
1910,Black Flag Proprietary Company,western,-95.71276,37.09375,cyanid,0.004863813,1,3,0,0,0,0,0,0,0,0,0,0,0,0,0,0,0,0,0,0,0,0,0,0,0,0,0,0,0,0,0,0,0,0,united states of america,extraction,USA,0,0,0.098,0.581,1,2,1,1,2,1,98,3,1
1911,Blackwater Mines Limited,new zealand,174.886,-40.90056,cyanid,1.106684,1,4,0,0,0,0,0,0,0,0,0,0,0,0,0,0,0,0,0,0,0,0,0,0,0,0,0,0,0,0,0,0,0,0,new zealand,extraction,NA,0,0,NA,NA,NA,NA,NA,NA,NA,NA,NA,NA,NA
1919,Blackwater Mines Limited,new zealand,174.885971,-40.900557,cyanid,1.106684,1,5,0,4,1,0,0,0,0,0,1.1835516117879616e-16,0.018867924528301886,1,0.42857142857142855,0.08333333333333334,0,0,0,0,0,0,0,0.013214892829723088,0.0125,1,0.2564102564102564,0.2743749999999999,0,0.0726887904452833,0.05337078651685393,19,0.3500511770726714,0.37359550561797494,0.005960931578061331,new zealand,extraction,NA,0,0,NA,NA,NA,NA,NA,NA,NA,NA,NA,NA,NA
1887,Bonnie Dundee Gold Mines Limited,marshall,-95.774913,36.0674332,amalgama,0.09704027,1,5,0,0,0,0,0,0,0,0,0,0,0,0,0,0,7.163546842744722e-16,0.25,1,1,0.25,0,3.330639994995279e-16,0.1111111111111111,1,1,0.1111111111111111,0,0,0,0,0,0,0,united states of america,extraction,USA,0,0,0.147,0.415,1,1,NA,1,1,NA,90,1,1
1912,Bonnie Dundee Gold Mines Limited,queensland,142.7027956,-20.9175738,cyanid,0.350365,1,10,6.217023955339669e-4,5,0,1,0,1,1,1,0.16976206802917138,0.014492753623188406,1,0.33004926108374383,0.36038647342995167,0,0.12214516472212397,0.024096385542168676,2,0.41089108910891087,0.4538152610441768,0.002310383403136263,0.1608180304976635,0.02727272727272727,3,0.3898916967509025,0.4275757575757579,0.003101802102947701,7.393311620616258e-5,0.02875399361022364,9,0.18444730077120822,0.1996508461364699,0.023435523049922653,australia,extraction,AUS,0,1,0.041,0.659,2,3,2,2,3,2,99,2,1
1908,Bonsor Gold Mining Company,london,-0.1277583,51.50735,cyanid,0.486618,1,3,0,0,0,0,0,0,1,0,0,0,0,0,0,0,0.075392156040686,0.012658227848101266,1,0.34649122807017546,0.39240506329113917,0,0.06861240043009194,0.009259259259259259,1,0.32432432432432434,0.3629629629629628,0,0,0,0,0,0,0,united kingdom,extraction,GBR,1,1,0.028,0.73,2,2,2,2,2,1,98,3,1
1909,Bonsor Gold Mining Company,london,-0.1277583,51.50735,cyanid,0.4873294,0,3,0,0,0,0,0,0,0,0,0,0,0,0,0,0,0,0,0,0,0,0,0,0,0,0,0,0,8.685514810837906e-4,0.0056179775280898875,1,0.2332214765100671,0.19656233279828764,0,united kingdom,extraction,GBR,1,1,0.028,0.73,2,2,2,2,2,1,98,3,1
1913,Bower Randfontein Limited,transvaal,-81.1830974,43.2325617,cyanid,3.651412,1,11,0,1,0,0,0,0,1,0,0,0,0,0,0,0,0.08346779310370925,0.012658227848101266,1,0.3134920634920635,0.35443037974683544,0,0.081629965408985,0.01020408163265306,1,0.3089700996677741,0.32772108843537406,0,0.07788955281252795,0.015723270440251572,5,0.2584973166368515,0.28506958624883266,7.109770994273821e-4,canada,extraction,CAN,0,1,0.072,0.61,2,1,1,2,1,1,96,0,1
1914,Bower Randfontein Limited,transvaal,-81.1830974,43.2325617,cyanid,3.254438,1,10,0,3,0,0,0,0,0,0,0,0,0,0,0,0,0,0,0,0,0,0,0,0,0,0,0,0,0.041634878992917304,0.019444444444444445,7,0.28,0.27514219576719656,2.982470346621275e-4,canada,extraction,CAN,0,1,0.067,0.61,2,1,1,2,1,1,96,0,1
1919,Braden Copper Company,transvaal,-81.1830974,43.2325617,cyanid,57.170081,1,17,0,6,0,1,0,1,5,1,0.24082592586102564,0.018867924528301886,1,0.3516483516483517,0.24056603773584911,0,0.26666989168411437,0.046153846153846156,3,0.4452054794520548,0.4858974358974359,0.008689992372135871,0.30064238558378836,0.05,4,0.425531914893617,0.46916666666666695,0.007962947428528037,0.08748539801559183,0.042134831460674156,15,0.31637372802960223,0.3371722846441942,0.006381522520853168,canada,extraction,CAN,0,1,0.067,0.631,2,2,1,2,2,1,98,0,1
1911,Brakpan Mines Limited,transvaal,-81.1830974,43.2325617,cyanid,3.208556,1,11,2.8333329557698393e-4,5,2,2,2,1,0,0,0.06792487350718042,0.02631578947368421,2,0.2874015748031496,0.3168859649122807,0.0019611099426888896,0.1607782746565248,0.022222222222222223,2,0.4411764705882353,0.47407407407407415,0.002527875658848684,0.17863213732506877,0.03361344537815126,4,0.40202702702702703,0.4467787114845941,0.00624503318872974,0.25318787917734653,0.12213740458015267,32,0.3898916967509025,0.38664122137404466,0.006214985356258217,canada,extraction,CAN,0,1,0.072,0.61,2,1,1,2,1,1,96,0,1
1912,Brakpan Mines Limited,transvaal,-81.1830974,43.2325617,cyanid,3.211679,1,10,0,5,3,2,2,0,0,0,0.10340222206203885,0.028985507246376812,2,0.2875536480686695,0.3292270531400967,0.018450858604311293,0.15780814078082067,0.024096385542168676,2,0.4715909090909091,0.4929718875502009,0.003530357564947143,0.1797979918650501,0.03636363636363636,4,0.43373493975903615,0.4621212121212124,0.011473273094875528,0.3746800451786596,0.16613418530351437,52,0.31573157315731576,0.40251534053450905,0.010330156389295745,canada,extraction,CAN,0,1,0.072,0.61,2,1,1,2,1,1,96,0,1
1915,Brakpan Mines Limited,transvaal,-81.1830974,43.2325617,cyanid,3.211679,1,9,0,3,0,1,0,0,0,0,0,0,0,0,0,0,0.0614055467075716,0.012195121951219513,1,0.3178294573643411,0.3597560975609756,0,0.0569195471549421,0.01020408163265306,1,0.3096774193548387,0.34115646258503396,0,0.0662826414855971,0.036931818181818184,13,0.3255578093306288,0.3510923971861465,6.552098357430236e-4,canada,extraction,CAN,0,1,0.067,0.61,2,2,1,2,2,1,98,0,1
1916,Brakpan Mines Limited,transvaal,-81.1830974,43.2325617,cyanid,0.010033370000000002,1,7,0,5,2,2,2,0,1,0,0.36739730463993825,0.07142857142857142,3,0.4074074074074074,0.3690476190476191,0.04225430009402134,0.19916810430585438,0.034482758620689655,2,0.37662337662337664,0.42959770114942525,0.007272590085713421,0.39181132630954046,0.06666666666666667,5,0.3865979381443299,0.4455555555555555,0.039506307125311425,0.1640903562247494,0.0634441087613293,21,0.348302300109529,0.3825276938569972,0.046772100994732266,canada,extraction,CAN,0,1,0.067,0.61,2,2,1,2,2,1,98,0,1
1920,Brakpan Mines Limited,london,-0.1277583,51.50735,cyanid,0.007713448,1,6,0,5,1,0,0,0,0,0,0.034864712105869354,0.018518518518518517,1,0.2660098522167488,0.3089506172839506,0,0,0,0,0,0,0,0.018862101902693846,0.01282051282051282,1,0.2775800711743772,0.30256410256410254,0,0.12356638148816561,0.10416666666666667,40,0.39384288747346075,0.44053819444444586,0.0331809202108845,united kingdom,extraction,GBR,1,1,0.028,0.73,2,2,1,2,2,1,89,3,1
1921,Brakpan Mines Limited,london,-0.1277583,51.50735,cyanid,0.008102386,1,9,0,7,2,1,1,0,1,0,0.2852203022215309,0.0425531914893617,2,0.37815126050420167,0.41205673758865247,0.01937436539384627,0.306904259149079,0.058823529411764705,3,0.425,0.4771241830065359,0.00604333176921053,0.37772638597092095,0.07352941176470588,5,0.4146341463414634,0.4727941176470587,0.018185525809908683,0.3571587506543942,0.10512129380053908,39,0.4033898305084746,0.4394429469901181,0.028408849640486296,united kingdom,extraction,GBR,1,1,0.028,0.73,2,2,1,2,2,1,89,3,1
1922,Brakpan Mines Limited,london,-0.1277583,51.50735,cyanid,0.009322409,1,11,0,8,3,3,2,0,0,0,0.3707350040436979,0.07692307692307693,3,0.4111111111111111,0.4444444444444445,0.09639483323693852,0.2986715667675239,0.06521739130434782,3,0.4339622641509434,0.48550724637681153,0.00800039330079712,0.408776129815148,0.0967741935483871,6,0.43356643356643354,0.4919354838709676,0.023087761572211665,0.42509957886999605,0.10989010989010989,40,0.3777056277056277,0.40760073260073154,0.009647094275465664,united kingdom,extraction,GBR,1,1,0.027,0.73,2,2,1,2,2,1,89,3,1
1923,Brakpan Mines Limited,transvaal,-81.1831,43.23256,cyanid,0.00962946,1,11,0,9,2,2,1,0,0,0,0.25718450562781275,0.043478260869565216,2,0.37719298245614036,0.40905797101449276,0.03890958007511623,0.310626433676107,0.075,3,0.425531914893617,0.48333333333333334,0.00471263028729092,0.38829074694182875,0.08928571428571429,5,0.42105263157894735,0.4812499999999998,0.01894357731235169,0.21356119893972259,0.10582010582010581,40,0.3980154355016538,0.4261904761904771,0.016176339359531063,canada,extraction,CAN,0,1,0.07,0.631,2,1,1,2,2,1,98,0,1
1913,Branstone Gold Mining Company,new zealand,174.885971,-40.900557,cyanid,1.217137,1,6,0,1,0,1,0,0,0,0,0,0,0,0,0,0,0.2888330581114654,0.0379746835443038,3,0.4114583333333333,0.4599156118143459,0.00663263007643864,0.2735780162528623,0.030612244897959183,3,0.38589211618257263,0.41275510204081645,0.003863108141106198,1.4747969442628166e-11,0.006289308176100629,2,0.09337641357027464,0.09671338444923307,0.005713945598476281,new zealand,extraction,NA,0,0,NA,NA,NA,NA,NA,NA,NA,NA,NA,NA,NA
1913,Branstone Gold Mining Company,kansas,-98.4842465,39.011902,cyanid,1.217137,1,6,323.2367398923139,1,0,1,0,0,0,0,0,0,0,0,0,0,0.2888330581114654,0.0379746835443038,3,0.4114583333333333,0.4599156118143459,0.00663263007643864,0.2735780162528623,0.030612244897959183,3,0.38589211618257263,0.41275510204081645,0.003863108141106198,1.4747969442628166e-11,0.006289308176100629,2,0.09337641357027464,0.09671338444923307,0.005713945598476281,united states of america,extraction,USA,0,0,0.083,0.581,1,2,1,1,2,1,98,3,1
1914,Brazilian Iron And Gold Limited,brazil,-51.92528,-14.235004,cyanid,0.7889546,1,0,0,0,0,0,0,0,0,0,0,0,0,0,0,0,0,0,0,0,0,0,0,0,0,0,0,0,0,0,0,0,0,0,brazil,extraction,BRA,0,0,0.78,0.63,-2,-1,-2,-2,-1,-2,92,1,0
1913,Brazllian Miner And Industries Limited,brazil,-51.92528,-14.235004,cyanid,0.7789679,1,14,4.4256579293183354e-4,2,0,0,0,0,0,0,0,0,0,0,0,0,0,0,0,0,0,0,0,0,0,0,0,0,4.433988796308996e-4,0.03459119496855346,11,0.18766233766233767,0.2139472686642502,0.008326828801453235,brazil,extraction,BRA,0,0,0.78,0.63,-2,-1,-2,-2,-1,-2,92,1,0
1908,Brilliant Central Gold Mining Company,queensland,142.7028,-20.91757,cyanid,0.486618,1,18,1661.876604165504,0,0,0,0,1,4,1,0.21491579057165092,0.028169014084507043,2,0.3271889400921659,0.3753521126760562,0.00709996241183364,0.3037857536678945,0.05063291139240506,4,0.512987012987013,0.5253164556962026,0.009978129050984812,0.3307118455627279,0.05555555555555555,6,0.463519313304721,0.4969135802469138,0.0212245125146994,0,0,0,0,0,0,australia,extraction,AUS,0,1,0.041,0.659,2,2,2,2,2,2,99,2,1
1908,Brilliant Central Gold Mining Company,adelaide,138.6007,-34.9285,cyanid,0.486618,1,18,1164.5322086442575,0,0,0,0,1,4,1,0.21491579057165092,0.028169014084507043,2,0.3271889400921659,0.3753521126760562,0.00709996241183364,0.3037857536678945,0.05063291139240506,4,0.512987012987013,0.5253164556962026,0.009978129050984812,0.3307118455627279,0.05555555555555555,6,0.463519313304721,0.4969135802469138,0.0212245125146994,0,0,0,0,0,0,australia,extraction,AUS,0,1,0.041,0.659,2,2,2,2,2,2,99,2,1
1909,Brilliant Central Gold Mining Company,queensland,142.7028,-20.91757,cyanid,0.486618,1,10,0,4,1,3,1,0,1,0,0.2591789670736738,0.029850746268656716,2,0.3403141361256545,0.3808457711442784,0.004370367207959432,0.3104971299725253,0.05263157894736842,4,0.5135135135135135,0.5263157894736842,0.012794198793286629,0.3473891765859065,0.061855670103092786,6,0.47738693467336685,0.49656357388316175,0.013595105857530062,3.3068418640180895e-4,0.033707865168539325,6,0.21221374045801528,0.19056759407883006,0.02602678854821304,australia,extraction,AUS,0,1,0.041,0.659,2,2,2,2,2,2,99,2,1
1910,Brilliant Central Gold Mining Company,queensland,142.7028,-20.91757,cyanid,0.48638129999999996,1,10,0,6,0,1,0,0,1,0,0,0,0,0,0,0,0.26052920153421605,0.045454545454545456,3,0.4342105263157895,0.47853535353535354,0.0037726368514865954,0.23337204598605046,0.03409090909090909,3,0.3876651982378855,0.4337121212121212,0.001716338448903281,4.296846450339186e-4,0.04265402843601896,9,0.20504009163802978,0.20025389302640476,0.04136282817424992,australia,extraction,AUS,0,1,0.041,0.659,2,3,2,2,3,2,99,2,1
1909,Brilliant Extended Gold Mining Limited,adelaide,138.6007,-34.9285,cyanid,2.564103,1,7,0,3,0,1,0,0,0,0,0,0,0,0,0,0,0.0741560849684345,0.013157894736842105,1,0.34234234234234234,0.38815789473684204,0,0.06762361635260217,0.010309278350515464,1,0.3310104529616725,0.3628865979381442,0,4.454353338487833e-5,0.016853932584269662,3,0.17528373266078184,0.1501451108192682,0,australia,extraction,AUS,0,1,0.041,0.659,2,2,2,2,2,2,99,2,1
1912,Brilliant Extended Gold Mining Limited,queensland,142.7027956,-20.9175738,cyanid,2.564103,1,14,6.217023955339669e-4,7,1,3,1,0,0,0,0.1297156293868671,0.028985507246376812,2,0.3175355450236967,0.36014492753623184,0.027172775126739313,0.283479381877677,0.04819277108433735,4,0.5123456790123457,0.5240963855421688,0.010472484781400693,0.3055951397905442,0.05454545454545454,6,0.47577092511013214,0.4946969696969699,0.03253545859743894,1.423836009746932e-4,0.04153354632587859,13,0.183974358974359,0.1956572359128277,7.626541723292157e-4,australia,extraction,AUS,0,1,0.041,0.659,2,3,2,2,3,2,99,2,1
1912,Brilliant Extended Gold Mining Limited,adelaide,138.6007456,-34.9284989,cyanid,2.564103,1,14,0,7,1,3,1,0,0,0,0.1297156293868671,0.028985507246376812,2,0.3175355450236967,0.36014492753623184,0.027172775126739313,0.283479381877677,0.04819277108433735,4,0.5123456790123457,0.5240963855421688,0.010472484781400693,0.3055951397905442,0.05454545454545454,6,0.47577092511013214,0.4946969696969699,0.03253545859743894,1.423836009746932e-4,0.04153354632587859,13,0.183974358974359,0.1956572359128277,7.626541723292157e-4,australia,extraction,AUS,0,1,0.041,0.659,2,3,2,2,3,2,99,2,1
1914,Brilliant Extended Gold Mining Limited,london,-0.1277583,51.5073509,cyanid,2.564103,1,5,0,1,0,0,0,0,0,0,0,0,0,0,0,0,0,0,0,0,0,0,0,0,0,0,0,0,1.4372004588433346e-4,0.005555555555555556,2,0.1903584672435105,0.17658068783068795,0.04164345403899721,united kingdom,extraction,GBR,1,1,0.028,0.73,2,2,2,2,2,2,98,3,1
1914,Brilliant Extended Gold Mining Limited,queensland,142.7027956,-20.9175738,cyanid,2.564103,1,5,0,1,0,0,0,0,0,0,0,0,0,0,0,0,0,0,0,0,0,0,0,0,0,0,0,0,1.4372004588433346e-4,0.005555555555555556,2,0.1903584672435105,0.17658068783068795,0.04164345403899721,australia,extraction,AUS,0,1,0.041,0.659,2,3,2,2,3,2,99,2,1
1915,Brilliant Extended Gold Mining Limited,queensland,142.7027956,-20.9175738,cyanid,2.564103,1,13,0,7,0,1,0,0,0,0,0,0,0,0,0,0,0.16319973813125394,0.024390243902439025,2,0.40594059405940597,0.4502032520325203,0.0022202271511041665,0.1511467684038606,0.02040816326530612,2,0.384,0.4195578231292519,0.0012080992680367443,9.914311910280592e-6,0.03977272727272727,14,0.1811512415349887,0.1855327831890335,0.024451243201243193,australia,extraction,AUS,0,1,0.041,0.659,2,3,3,2,3,3,99,3,1
1916,Brilliant Extended Gold Mining Limited,queensland,142.7027956,-20.9175738,cyanid,0.4766444,1,14,0,6,0,1,0,0,1,0,0,0,0,0,0,0,0.2280125354743201,0.034482758620689655,2,0.42028985507246375,0.4640804597701149,0.014455752393282442,0.2271720006555206,0.02666666666666667,2,0.3826530612244898,0.42711111111111094,0.007840032345461219,0.02269776255628595,0.03323262839879154,11,0.29887218045112784,0.323464249748238,0.04730548042450899,australia,extraction,AUS,0,1,0.041,0.659,2,3,3,2,3,3,99,3,1
1916,Brilliant Extended Gold Mining Limited,london,-0.1277583,51.5073509,cyanid,0.4766444,1,14,0,6,0,1,0,0,1,0,0,0,0,0,0,0,0.2280125354743201,0.034482758620689655,2,0.42028985507246375,0.4640804597701149,0.014455752393282442,0.2271720006555206,0.02666666666666667,2,0.3826530612244898,0.42711111111111094,0.007840032345461219,0.02269776255628595,0.03323262839879154,11,0.29887218045112784,0.323464249748238,0.04730548042450899,united kingdom,extraction,GBR,1,1,0.031,0.73,2,2,2,2,2,2,94,3,1
1911,Brilliant Gold Mining Company,queensland,142.7028,-20.91757,cyanid,0.48614490000000005,1,29,0,15,2,5,2,1,1,0,0.15153362872521872,0.05263157894736842,4,0.3613861386138614,0.407236842105263,0.0438717960152129,0.29416848744952473,0.044444444444444446,4,0.5113636363636364,0.5222222222222223,0.012162829406060336,0.32983104179789086,0.06722689075630252,8,0.4722222222222222,0.5070028011204484,0.03418124663240754,0.0113757662247046,0.0916030534351145,24,0.288,0.27408215194474833,0.030019582585705227,australia,extraction,AUS,0,1,0.041,0.659,2,3,2,2,3,2,99,2,1
1911,Brilliant Gold Mining Company,adelaide,138.6007456,-34.9284989,cyanid,0.48614490000000005,1,29,0.004168145129845647,15,2,5,2,1,1,0,0.15153362872521872,0.05263157894736842,4,0.3613861386138614,0.407236842105263,0.0438717960152129,0.29416848744952473,0.044444444444444446,4,0.5113636363636364,0.5222222222222223,0.012162829406060336,0.32983104179789086,0.06722689075630252,8,0.4722222222222222,0.5070028011204484,0.03418124663240754,0.0113757662247046,0.0916030534351145,24,0.288,0.27408215194474833,0.030019582585705227,australia,extraction,AUS,0,1,0.041,0.659,2,3,2,2,3,2,99,2,1
1913,Brilliant Gold Mining Company,queensland,142.7027956,-20.9175738,cyanid,0.48685490000000003,1,25,0,5,0,1,0,1,1,1,0.21808174232498043,0.034482758620689655,2,0.39814814814814814,0.3333333333333333,0.040734018955434555,0.28883305811146553,0.0379746835443038,3,0.4114583333333333,0.4599156118143459,0.00663263007643864,0.3483489359664186,0.05102040816326531,5,0.4246575342465753,0.44931972789115665,0.02455138284092732,2.2846800283307614e-5,0.02830188679245283,9,0.16383219954648526,0.1765895268253759,0.0395611372338948,australia,extraction,AUS,0,1,0.041,0.659,2,3,2,2,3,2,99,2,1
1913,Brilliant Gold Mining Company,adelaide,138.6007456,-34.9284989,cyanid,0.48685490000000003,1,25,0,5,0,1,0,1,1,1,0.21808174232498043,0.034482758620689655,2,0.39814814814814814,0.3333333333333333,0.040734018955434555,0.28883305811146553,0.0379746835443038,3,0.4114583333333333,0.4599156118143459,0.00663263007643864,0.3483489359664186,0.05102040816326531,5,0.4246575342465753,0.44931972789115665,0.02455138284092732,2.2846800283307614e-5,0.02830188679245283,9,0.16383219954648526,0.1765895268253759,0.0395611372338948,australia,extraction,AUS,0,1,0.041,0.659,2,3,2,2,3,2,99,2,1
1915,Brilliant Gold Mining Company,queensland,142.7027956,-20.9175738,cyanid,0.48685490000000003,1,3,0,1,0,0,0,0,0,0,0,0,0,0,0,0,0,0,0,0,0,0,0,0,0,0,0,0,1.0963371108644614e-6,0.014204545454545454,5,0.1534416826003824,0.15054829955398233,0,australia,extraction,AUS,0,1,0.041,0.659,2,3,3,2,3,3,99,3,1
1917,Brilliant Gold Mining Company,queensland,142.7027956,-20.9175738,cyanid,0.4764173,1,8,0,6,0,2,0,0,0,0,0,0,0,0,0,0,0.21959201433608802,0.043478260869565216,2,0.40350877192982454,0.45471014492753614,0.004703083692853514,0.21843289207777705,0.03278688524590164,2,0.3674698795180723,0.4153005464480873,0.002522690389152974,0.0074450447053985075,0.02976190476190476,10,0.2879061371841155,0.31271967120181465,0.010274698652079958,australia,extraction,AUS,0,1,0.041,0.659,2,3,3,2,3,3,99,3,1
1917,Brilliant Gold Mining Company,london,-0.1277583,51.5073509,cyanid,0.4764173,1,8,0,6,0,2,0,0,0,0,0,0,0,0,0,0,0.21959201433608802,0.043478260869565216,2,0.40350877192982454,0.45471014492753614,0.004703083692853514,0.21843289207777705,0.03278688524590164,2,0.3674698795180723,0.4153005464480873,0.002522690389152974,0.0074450447053985075,0.02976190476190476,10,0.2879061371841155,0.31271967120181465,0.010274698652079958,united kingdom,extraction,GBR,1,1,0.028,0.73,2,2,2,2,2,2,94,3,1
1910,Brilliant North Gold Mines Limited,adelaide,138.6007,-34.9285,cyanid,3.889159,1,13,0,8,0,1,0,0,0,0,0,0,0,0,0,0,0.0723147765775363,0.015151515151515152,1,0.3473684210526316,0.3939393939393939,0,0.06760396440907664,0.011363636363636364,1,0.3295880149812734,0.36874999999999986,0,0.0026801398170845344,0.052132701421800945,11,0.24621733149931224,0.24000225682690168,0.061557601020172235,australia,extraction,AUS,0,1,0.041,0.659,2,3,2,2,3,2,99,2,1
1920,British Colonial Investments Limited,london,-0.1277583,51.50735,cyanid,0.2931477,1,3,0,2,0,0,0,0,0,0,0,0,0,0,0,0,0,0,0,0,0,0,0,0,0,0,0,0,8.05631820128674e-5,0.010416666666666666,4,0.23510773130544993,0.24308655753968358,0.0051645216788819915,united kingdom,extraction,GBR,1,1,0.028,0.73,2,2,1,2,2,1,89,3,1
1920,British Colonial Investments Limited,winchester,-121.951,37.31833,cyanid,0.2931477,1,3,0,2,0,0,0,0,0,0,0,0,0,0,0,0,0,0,0,0,0,0,0,0,0,0,0,0,8.05631820128674e-5,0.010416666666666666,4,0.23510773130544993,0.24308655753968358,0.0051645216788819915,united states of america,extraction,USA,0,0,0.078,0.581,1,2,1,1,2,1,98,3,1
1908,British Cyanides Company,london,-0.1277583,51.50735,cyanid,0.354139,0,4,0,0,0,0,0,1,0,0,0.10615531790833088,0.014084507042253521,1,0.2874493927125506,0.31830985915492965,0,0,0,0,0,0,0,0.02397689031093848,0.009259259259259259,1,0.27621483375959077,0.2979938271604939,0,0,0,0,0,0,0,united kingdom,extraction,GBR,1,1,0.028,0.73,2,2,2,2,2,1,98,3,1
1910,British Cyanides Company,london,-0.1277583,51.50735,cyanid,0.354139,0,4,0,2,1,0,0,0,0,0,0.058546745608998245,0.017543859649122806,1,0.2893401015228426,0.3239766081871345,0,0,0,0,0,0,0,0.026315986448876706,0.011363636363636364,1,0.277602523659306,0.30170454545454545,0,0,0,0,0,0,0,united kingdom,extraction,GBR,1,1,0.028,0.73,2,2,2,2,2,2,98,3,1
1917,British Cyanides Company,london,-0.1277583,51.5073509,cyanid,0.354139,1,2,0,2,0,0,0,0,0,0,0,0,0,0,0,0,0,0,0,0,0,0,0,0,0,0,0,0,1.4314808412184916e-6,0.005952380952380952,2,0.18322802986789202,0.1854792611489036,0.005650319829424307,united kingdom,extraction,GBR,1,1,0.028,0.73,2,2,2,2,2,2,94,3,1
1919,British Cyanides Company,london,-0.1277583,51.5073509,cyanid,0.354139,1,3,0,1,0,0,0,0,0,0,0,0,0,0,0,0,0,0,0,0,0,0,0,0,0,0,0,0,0,0,0,0,0,0,united kingdom,extraction,GBR,1,1,0.028,0.73,2,2,1,2,2,1,89,3,1
1921,British Cyanides Company,london,-0.1277583,51.50735,cyanid,0.3079292,1,3,0,2,0,0,0,0,0,0,0,0,0,0,0,0,0,0,0,0,0,0,0,0,0,0,0,0,0.015637837839023772,0.02425876010781671,9,0.315929203539823,0.3303683737645995,0.0032645075241045417,united kingdom,extraction,GBR,1,1,0.028,0.73,2,2,1,2,2,1,89,3,1
1922,British Cyanides Company,london,-0.1277583,51.50735,cyanid,0.3542958,1,4,0,1,0,0,0,0,0,0,0,0,0,0,0,0,0,0,0,0,0,0,0,0,0,0,0,0,0,0,0,0,0,0,united kingdom,extraction,GBR,1,1,0.027,0.73,2,2,1,2,2,1,89,3,1
1922,British Cyanides Company,montreal,-73.56726,45.50169,cyanid,0.3542958,1,4,339.9087634049695,1,0,0,0,0,0,0,0,0,0,0,0,0,0,0,0,0,0,0,0,0,0,0,0,0,0,0,0,0,0,0,canada,extraction,CAN,0,1,0.07,0.631,2,1,1,2,2,1,98,0,1
1923,British Cyanides Company,london,-0.1277583,51.50735,cyanid,0.3659652,1,5,0,4,0,0,0,0,0,0,0,0,0,0,0,0,0,0,0,0,0,0,0,0,0,0,0,0,0.0012836330129322134,0.005291005291005291,2,0.28560126582278483,0.29047619047619105,0.005052418845522293,united kingdom,extraction,GBR,1,1,0.027,0.73,2,2,1,2,2,1,89,3,1
1903,British Gold Mines Mexico Limited,mexico,-102.5528,23.6345,cyanid,0.48638129999999996,1,4,1524.068532432487,0,0,0,0,1,0,0,0.4516059629557765,0.07142857142857142,1,0.4,0.20833333333333334,0,0,0,0,0,0,0,0.07610002205936128,0.041666666666666664,1,0.2608695652173913,0.30416666666666675,0,0,0,0,0,0,0,mexico,extraction,MEX,0,0,0.853,0.556,-2,-2,-2,-2,-2,-2,96,1,0
1911,British South Africa Company,london,-0.1277583,51.5073509,cyanid,41.342412,1,3,1.0013217677085525e-4,0,0,0,0,0,0,0,0,0,0,0,0,0,0,0,0,0,0,0,0,0,0,0,0,0,0,0,0,0,0,0,united kingdom,extraction,GBR,1,1,0.028,0.73,2,2,2,2,2,2,98,3,1
1913,British South Africa Company,london,-0.1277583,51.5073509,cyanid,24.3309,1,10,0,2,0,1,0,0,0,0,0,0,0,0,0,0,0.05463174355107243,0.012658227848101266,1,0.32113821138211385,0.36392405063291133,0,0.05681765265575398,0.01020408163265306,1,0.31313131313131315,0.3340136054421768,0,0.014156803478680946,0.006289308176100629,2,0.22954725972994441,0.23537111909753486,0.03678274889496104,united kingdom,extraction,GBR,1,1,0.028,0.73,2,2,2,2,2,2,98,3,1
1908,British Tropical Africa Company,london,-0.1277583,51.50735,cyanid,0.3214599,1,3,0,0,0,0,0,0,1,0,0,0,0,0,0,0,0.09233751503463263,0.012658227848101266,1,0.3798076923076923,0.4240506329113924,0,0.08533078586215087,0.009259259259259259,1,0.3450479233226837,0.38611111111111096,0,0,0,0,0,0,0,united kingdom,extraction,GBR,1,1,0.028,0.73,2,2,2,2,2,1,98,3,1
1914,Brynafan Colliery Company,ontario,-85.323214,51.253775,cyanid,1.627219,1,9,0,1,1,1,1,0,2,0,0.18714380158545027,0.015873015873015872,1,0.32786885245901637,0.3542328042328043,0,0.327893084372368,0.05555555555555555,4,0.5142857142857142,0.5277777777777778,0.014563937434112438,0.3594568021698459,0.054945054945054944,5,0.4690721649484536,0.4990842490842494,0.014533382165876263,0.008803792086863398,0.016666666666666666,6,0.2641509433962264,0.25739528218694974,0.001711751003326468,canada,extraction,CAN,0,1,0.067,0.61,2,1,1,2,1,1,96,0,1
1913,Bubbank Main Lodll,western,-95.7127622,37.0937489,cyanid,0.38948390000000005,1,2,0,1,0,0,0,0,0,0,0,0,0,0,0,0,0,0,0,0,0,0,0,0,0,0,0,0,6.005232848086882e-8,0.0031446540880503146,1,0.12360992301112061,0.1230569277600358,0,united states of america,extraction,USA,0,0,0.083,0.581,1,2,1,1,2,1,98,3,1
1895,Buffelsdoorn Estate And Gold Mining,western,-95.71276,37.09375,cyanid,1.221896,1,4,0.3897089972915591,0,0,0,0,0,0,0,0,0,0,0,0,0,0,0,0,0,0,0,0,0,0,0,0,0,0,0,0,0,0,0,united states of america,extraction,USA,0,0,0.147,0.478,1,1,NA,1,1,NA,95,1,1
1895,Buffelsdoorn Gold Mining Limited,western,-95.71276,37.09375,cyanid,1.221896,1,4,0.3897089972915591,0,0,0,0,0,0,0,0,0,0,0,0,0,0,0,0,0,0,0,0,0,0,0,0,0,0,0,0,0,0,0,united states of america,extraction,USA,0,0,0.147,0.478,1,1,NA,1,1,NA,95,1,1
1909,Burbank Birthday Gold Mines Limited,western,-95.71276,37.09375,cyanid,0.85796,1,3,0,1,0,0,0,0,0,0,0,0,0,0,0,0,0,0,0,0,0,0,0,0,0,0,0,0,0,0.0056179775280898875,1,1,0.0056179775280898875,0,united states of america,extraction,USA,0,0,0.117,0.581,1,1,1,1,1,1,98,1,1
1910,Burbank Birthday Gold Mines Limited,western,-95.71276,37.09375,cyanid,0.85796,1,3,0,0,0,0,0,0,0,0,0,0,0,0,0,0,0,0,0,0,0,0,0,0,0,0,0,0,0,0,0,0,0,0,united states of america,extraction,USA,0,0,0.098,0.581,1,2,1,1,2,1,98,3,1
1911,Burbank Birthday Gold Mines Limited,western,-95.7127622,37.0937489,cyanid,0.85796,1,3,2.3055664769700538e-4,0,0,0,0,0,0,0,0,0,0,0,0,0,0,0,0,0,0,0,0,0,0,0,0,0,0,0,0,0,0,0,united states of america,extraction,USA,0,0,0.098,0.581,1,2,1,1,2,1,98,3,1
1912,Burbank Birthday Gold Mines Limited,western,-95.7127622,37.0937489,cyanid,0.85796,1,4,0,3,0,1,0,1,1,1,0.028769463026850867,0.014492753623188406,1,0.23183391003460208,0.2530365769496204,0,0.21482920177269338,0.03614457831325301,3,0.5,0.5130522088353414,0.00690006232154246,0.2159948944184678,0.03636363636363636,4,0.4302788844621514,0.4598484848484851,0.00595536805855187,0.005230498512561514,0.025559105431309903,8,0.24784110535405873,0.27805565928569204,0.030609760805026226,united states of america,extraction,USA,0,0,0.098,0.581,1,2,1,1,2,1,98,3,1
1916,Burbank Birthday Gold Mines Limited,western,-95.7127622,37.0937489,cyanid,0.85796,1,3,0,2,0,0,0,0,0,0,0,0,0,0,0,0,0,0,0,0,0,0,0,0,0,0,0,0,5.883868289416004e-4,0.01812688821752266,6,0.25562700964630225,0.26937131348007554,0.017937963356534792,united states of america,extraction,USA,0,0,0.07,0.581,1,2,1,1,2,1,98,3,1
1917,Burbank Birthday Gold Mines Limited,western,-95.7127622,37.0937489,cyanid,0.85796,1,2,0,1,0,1,0,0,0,0,0,0,0,0,0,0,0.08660622639904678,0.021739130434782608,1,0.3333333333333333,0.3804347826086956,0,0.09335250799859138,0.01639344262295082,1,0.3177083333333333,0.35710382513661215,0,9.881094383856318e-5,0.005952380952380952,2,0.23284671532846715,0.23625283446712117,0.005650319829424307,united states of america,extraction,USA,0,0,0.07,0.581,1,2,1,1,2,1,98,3,1
1908,Burbank Main Lode Limited,western,-95.71276,37.09375,cyanid,3.574833,1,5,0,0,0,0,0,0,0,0,0,0,0,0,0,0,0,0,0,0,0,0,0,0,0,0,0,0,0,0,0,0,0,0,united states of america,extraction,USA,0,0,0.117,0.581,1,1,1,1,1,1,98,1,1
1911,Burbank Main Lode Limited,western,-95.7127622,37.0937489,cyanid,3.574833,1,4,2.3055664769700538e-4,1,0,0,0,0,1,0,0,0,0,0,0,0,0.06885588159488938,0.011111111111111112,1,0.3435114503816794,0.3888888888888889,0,0.06282619088360404,0.008403361344537815,1,0.3216216216216216,0.36148459383753495,0,0,0.003816793893129771,1,1,0.003816793893129771,0,united states of america,extraction,USA,0,0,0.098,0.581,1,2,1,1,2,1,98,3,1
1912,Burbank Main Lode Limited,western,-95.7127622,37.0937489,cyanid,3.574833,1,10,0,5,0,1,0,0,0,0,0,0,0,0,0,0,0.06512410373025117,0.012048192771084338,1,0.3487394957983193,0.39457831325301207,0,0.06353937471985922,0.00909090909090909,1,0.32238805970149254,0.35833333333333334,0,0.012929333497384496,0.02875399361022364,9,0.2720379146919431,0.30447687740020063,0.05148510033317646,united states of america,extraction,USA,0,0,0.098,0.581,1,2,1,1,2,1,98,3,1
1915,Burbank Main Lode Limited,western,-95.7127622,37.0937489,cyanid,3.574833,1,3,0,1,0,0,0,0,0,0,0,0,0,0,0,0,0,0,0,0,0,0,0,0,0,0,0,0,5.463256686996096e-18,0.002840909090909091,1,1,0.002840909090909091,0,united states of america,extraction,USA,0,0,0.07,0.581,1,2,1,1,2,1,98,3,1
1911,Butters Filter Results Not Promises,transvaal,-81.1830974,43.2325617,cyanid,4.634419,1,9,2.8333329557698393e-4,4,1,1,1,0,0,0,0.14862332532911185,0.013157894736842105,1,0.35096153846153844,0.37719298245614014,0,0.22897564057717587,0.03333333333333333,3,0.47368421052631576,0.4981481481481482,0.006027570700945274,0.2612658469448928,0.03361344537815126,4,0.4311594202898551,0.46778711484593866,0.006229126031130103,0.09431738897424319,0.07251908396946564,19,0.36,0.3551526717557245,0.01904168081842438,canada,extraction,CAN,0,1,0.072,0.61,2,1,1,2,1,1,96,0,1
1911,Butters Filter Results Not Promises,london,-0.1277583,51.5073509,cyanid,4.634419,1,9,1.0013217677085525e-4,4,1,1,1,0,0,0,0.14862332532911185,0.013157894736842105,1,0.35096153846153844,0.37719298245614014,0,0.22897564057717587,0.03333333333333333,3,0.47368421052631576,0.4981481481481482,0.006027570700945274,0.2612658469448928,0.03361344537815126,4,0.4311594202898551,0.46778711484593866,0.006229126031130103,0.09431738897424319,0.07251908396946564,19,0.36,0.3551526717557245,0.01904168081842438,united kingdom,extraction,GBR,1,1,0.028,0.73,2,2,2,2,2,2,98,3,1
1911,Californian General Mining Limited,california,-119.4179324,36.778261,cyanid,1.020904,1,3,0.0028944592216440107,0,0,0,0,0,0,0,0,0,0,0,0,0,0,0,0,0,0,0,0,0,0,0,0,0,0,0,0,0,0,0,united states of america,extraction,USA,0,0,0.098,0.581,1,2,1,1,2,1,98,3,1
1915,Cambrian Mineral And Metal Limited,pachuca,-98.7591311,20.1010608,cyanid,5.233111,1,12,306.06996462656065,4,2,1,1,0,1,0,0.11743236916464053,0.016129032258064516,1,0.3,0.29811827956989256,0,0.17501729054130144,0.024390243902439025,2,0.43617021276595747,0.47154471544715454,0.003479880743511494,0.194087613105264,0.030612244897959183,3,0.4247787610619469,0.45323129251700706,0.005473508045034724,0.0033829473064839253,0.019886363636363636,7,0.2889288928892889,0.2924512987012989,0.016002603490434367,mexico,extraction,MEX,0,0,0.774,0.561,-3,-3,-3,-3,-3,-3,70,0,0
1910,Cambrian Trust Limited,colorado,-105.7821,39.55005,cyanid,0.5836576,1,11,0,2,0,0,0,2,2,2,0.06995267704761901,0.03508771929824561,2,0.30158730158730157,0.3488304093567251,0.01888209399819307,0.17560824736709935,0.030303030303030304,2,0.44,0.476010101010101,0.003173515607786076,0.19436951645591274,0.045454545454545456,4,0.4055299539170507,0.4526515151515154,0.010460695345123895,9.80295162827038e-4,0.014218009478672985,3,0.23368146214099217,0.22405589407959112,0.016023470999774317,united states of america,extraction,USA,0,0,0.098,0.581,1,2,1,1,2,1,98,3,1
1913,Cambrian Trust Limited,colorado,-105.7820674,39.5500507,cyanid,0.5842259000000001,1,10,0,1,0,0,0,1,1,1,0.19784087033191028,0.017241379310344827,1,0.3706896551724138,0.30890804597701155,0,0.17340599069790338,0.02531645569620253,2,0.35909090909090907,0.410337552742616,0.0020006273296057277,0.23037142513935788,0.030612244897959183,3,0.37349397590361444,0.4025510204081632,0.004208613414882285,3.1671436871461074e-5,0.0031446540880503146,1,0.14927685950413222,0.15048437324380784,0,united states of america,extraction,USA,0,0,0.083,0.581,1,2,1,1,2,1,98,3,1
1909,Camp Bird Limited Bakqiimmp,colorado,-105.7821,39.55005,cyanid,5.243089,1,1,71.13573678701887,1,0,0,0,0,0,0,0,0,0,0,0,0,0,0,0,0,0,0,0,0,0,0,0,0,0,0.0056179775280898875,1,1,0.0056179775280898875,0,united states of america,extraction,USA,0,0,0.117,0.581,1,1,1,1,1,1,98,1,1
1912,Camp Bird Limited Bakqiimmp,colorado,-105.7820674,39.5500507,cyanid,5.243089,1,6,0.0028031028930582593,1,0,0,0,2,1,1,0.20886244689834968,0.028985507246376812,2,0.3621621621621622,0.3990338164251206,0.0301248619324443,0.13377428383523474,0.024096385542168676,2,0.42783505154639173,0.4658634538152611,0.002336922427975649,0.18316081643708348,0.03636363636363636,4,0.4235294117647059,0.45530303030303054,0.01299835030140575,0.0011894124387378685,0.006389776357827476,2,0.2212798766383963,0.23329045821058642,3.3280085197018105e-4,united states of america,extraction,USA,0,0,0.098,0.581,1,2,1,1,2,1,98,3,1
1914,Camp Bird Limited Bakqiimmp,colorado,-105.7820674,39.5500507,cyanid,5.243089,1,8,0,2,1,0,0,0,1,0,0.08121042681447754,0.015873015873015872,1,0.2843601895734597,0.3076719576719577,0,0.25634944055279896,0.041666666666666664,3,0.45569620253164556,0.49074074074074076,0.005085703030674878,0.2718449177924206,0.04395604395604396,4,0.4212962962962963,0.46428571428571463,0.007034865649550006,0,0,0,0,0,0,united states of america,extraction,USA,0,0,0.079,0.581,1,2,1,1,2,1,98,3,1
1916,Camp Bird Limited Bakqiimmp,colorado,-105.7820674,39.5500507,cyanid,5.243089,1,17,0,8,3,2,1,1,1,0,0.4913449956744111,0.09523809523809523,4,0.4520547945205479,0.4027777777777778,0.0892968819798088,0.3365974386988722,0.05172413793103448,3,0.4461538461538462,0.48850574712643674,0.021319003016856453,0.5575636215881786,0.09333333333333334,7,0.4411764705882353,0.49822222222222257,0.063214860103989,0.002504190334959836,0.05740181268882175,19,0.2969187675070028,0.3252841317796004,0.04272858054712659,united states of america,extraction,USA,0,0,0.07,0.581,1,2,1,1,2,1,98,3,1
1917,Camp Bird Limited Bakqiimmp,pachuca,-98.7591311,20.1010608,cyanid,5.240591,1,5,0,3,1,0,0,0,0,0,0.18857710109560263,0.027777777777777776,1,0.2909090909090909,0.3097222222222221,0,0,0,0,0,0,0,0.050717874982538116,0.01639344262295082,1,0.2772727272727273,0.30819672131147535,0,4.454484810179851e-4,0.01488095238095238,5,0.2442572741194487,0.25005668934240416,0.007125062261328255,mexico,extraction,MEX,0,0,0.79,0.54,-2,-2,-3,-2,-2,-3,76,0,0
1919,Camp Bird Limited Bakqiimmp,pachuca,-98.7591311,20.1010608,cyanid,4.869411,1,5,0,0,0,0,0,1,2,1,1.0321671033034549e-16,0.018867924528301886,1,0.42857142857142855,0.08333333333333334,0,0.37688234886674965,0.06153846153846154,4,0.5158730158730159,0.5307692307692308,0.01899609558977301,0.37324219045461077,0.0625,5,0.47619047619047616,0.5041666666666671,0.028028570602640506,0.010170750326075515,0.008426966292134831,3,0.29559204840103714,0.3090823970037459,0.002481918615729115,mexico,extraction,MEX,0,0,0.795,0.565,-2,-2,-3,-2,-2,-3,76,0,0
1920,Camp Bird Limited Bakqiimmp,pachuca,-98.75913,20.10106,cyanid,4.030781,1,2,1.4518070576071714e-4,1,0,0,0,0,0,0,0,0,0,0,0,0,0,0,0,0,0,0,0,0,0,0,0,0,0.001701261037663845,0.015625,6,0.32515337423312884,0.338585069444443,0.007823020023579947,mexico,extraction,MEX,0,0,0.795,0.557,-2,-2,-3,-2,-2,-3,76,0,0
1921,Camp Bird Limited Bakqiimmp,pachuca,-98.75913,20.10106,cyanid,4.234026,1,4,0,2,1,1,1,0,0,0,0.025316609437174394,0.02127659574468085,1,0.24861878453038674,0.2673758865248225,0,0.306904259149079,0.058823529411764705,3,0.425,0.4771241830065359,0.00604333176921053,0.29636633457037337,0.058823529411764705,4,0.38636363636363635,0.4446078431372547,0.00763310739045766,0.014168890121835155,0.018867924528301886,7,0.31343283582089554,0.32735849056603733,0.0017683498672220095,mexico,extraction,MEX,0,0,0.795,0.557,-1,-2,-2,-1,-2,-2,85,0,0
1922,Camp Bird Limited Bakqiimmp,pachuca,-98.75913,20.10106,cyanid,4.871568,1,11,0,3,1,0,0,1,1,1,0.3059349393213979,0.05128205128205128,2,0.40217391304347827,0.42735042735042744,0.07923655292076343,0.13269949709923953,0.021739130434782608,1,0.38333333333333336,0.4293478260869565,0,0.23538708901212504,0.04838709677419355,3,0.39490445859872614,0.44354838709677397,0.006188525243957313,0.025394436011563513,0.038461538461538464,14,0.3418217433888345,0.3616758241758223,0.013351291670665377,mexico,extraction,MEX,0,0,0.795,0.557,-1,-2,-2,-1,-2,-2,85,0,0
1923,Camp Bird Limited Bakqiimmp,pachuca,-98.75913,20.10106,cyanid,5.032022,1,5,0,2,1,1,1,0,0,0,0.012689132318520643,0.021739130434782608,1,0.2471264367816092,0.2668737060041406,0,0.310626433676107,0.075,3,0.425531914893617,0.48333333333333334,0.00471263028729092,0.2832880462376985,0.07142857142857142,4,0.38620689655172413,0.44702380952380927,0.00727788570345132,0.005554029121968503,0.007936507936507936,3,0.32493249324932494,0.33367346938775405,6.752246047109781e-4,mexico,extraction,MEX,0,0,0.795,0.557,-1,-2,-2,-1,-2,-2,85,0,0
1913,Casey Claims Limited,united states,-95.712891,37.09024,cyanid,1.168452,1,4,0,2,0,0,0,0,0,0,0,0,0,0,0,0,0,0,0,0,0,0,0,0,0,0,0,0,0,0.006289308176100629,2,1,0.0031446540880503146,0,united states of america,extraction,USA,0,0,0.083,0.581,1,2,1,1,2,1,98,3,1
1921,Cass Cyanide Limited,glasgow,-4.251806,55.86424,cyanid,0.7698229,1,0,0,0,0,0,0,0,0,0,0,0,0,0,0,0,0,0,0,0,0,0,0,0,0,0,0,0,0,0,0,0,0,0,united kingdom,extraction,GBR,1,1,0.028,0.73,2,2,1,2,2,1,89,3,1
1908,Cassel Cyanide Company,glasgow,-4.251806,55.86424,cyanid,1.167883,1,1,0,0,0,0,0,0,0,0,0,0,0,0,0,0,0,0,0,0,0,0,0,0,0,0,0,0,0,0,0,0,0,0,united kingdom,extraction,GBR,1,1,0.028,0.73,2,2,2,2,2,1,98,3,1
1908,Cassel Cyanide Company,united states,-95.71289,37.09024,cyanid,1.167883,1,1,0,0,0,0,0,0,0,0,0,0,0,0,0,0,0,0,0,0,0,0,0,0,0,0,0,0,0,0,0,0,0,0,united states of america,extraction,USA,0,0,0.117,0.581,1,1,1,1,1,1,98,1,1
1908,Cassel Cyanide Company,denver,-104.9903,39.73924,cyanid,1.167883,1,1,861.2968787462673,0,0,0,0,0,0,0,0,0,0,0,0,0,0,0,0,0,0,0,0,0,0,0,0,0,0,0,0,0,0,0,united states of america,extraction,USA,0,0,0.117,0.581,1,1,1,1,1,1,98,1,1
1909,Cassel Cyanide Company,glasgow,-4.251806,55.86424,cyanid,1.169591,1,6,0,3,0,0,0,0,0,0,0,0,0,0,0,0,0,0,0,0,0,0,0,0,0,0,0,0,0.011932408794400787,0.016853932584269662,3,0.27634194831013914,0.24966113786338504,0.014991236696687933,united kingdom,extraction,GBR,1,1,0.028,0.73,2,2,2,2,2,1,98,3,1
1909,Cassel Cyanide Company,united states,-95.71289,37.09024,cyanid,1.169591,1,6,0,3,0,0,0,0,0,0,0,0,0,0,0,0,0,0,0,0,0,0,0,0,0,0,0,0,0.011932408794400787,0.016853932584269662,3,0.27634194831013914,0.24966113786338504,0.014991236696687933,united states of america,extraction,USA,0,0,0.117,0.581,1,1,1,1,1,1,98,1,1
1910,Cassel Cyanide Company,united states,-95.71289,37.09024,cyanid,1.167315,1,1,0,1,0,0,0,0,0,0,0,0,0,0,0,0,0,0,0,0,0,0,0,0,0,0,0,0,0,0,0,0,0,0,united states of america,extraction,USA,0,0,0.098,0.581,1,2,1,1,2,1,98,3,1
1910,Cassel Cyanide Company,glasgow,-4.251806,55.86424,cyanid,1.167315,1,1,0,1,0,0,0,0,0,0,0,0,0,0,0,0,0,0,0,0,0,0,0,0,0,0,0,0,0,0,0,0,0,0,united kingdom,extraction,GBR,1,1,0.028,0.73,2,2,2,2,2,2,98,3,1
1911,Cassel Cyanide Company,glasgow,-4.251806,55.864237,cyanid,1.166748,1,6,3.340180752269781e-4,3,0,1,0,0,0,0,0,0,0,0,0,0,0.06885588159488941,0.011111111111111112,1,0.3435114503816794,0.3888888888888889,0,0.06282619088360407,0.008403361344537815,1,0.3216216216216216,0.36148459383753495,0,0,0.007633587786259542,2,1,0.003816793893129771,0,united kingdom,extraction,GBR,1,1,0.028,0.73,2,2,2,2,2,2,98,3,1
1911,Cassel Cyanide Company,united states,-95.712891,37.09024,cyanid,1.166748,1,6,8.890637069082159e-5,3,0,1,0,0,0,0,0,0,0,0,0,0,0.06885588159488941,0.011111111111111112,1,0.3435114503816794,0.3888888888888889,0,0.06282619088360407,0.008403361344537815,1,0.3216216216216216,0.36148459383753495,0,0,0.007633587786259542,2,1,0.003816793893129771,0,united states of america,extraction,USA,0,0,0.098,0.581,1,2,1,1,2,1,98,3,1
1912,Cassel Cyanide Company,glasgow,-4.251806,55.864237,cyanid,1.167883,1,1,0,1,0,0,0,0,0,0,0,0,0,0,0,0,0,0,0,0,0,0,0,0,0,0,0,0,0,0,0,0,0,0,united kingdom,extraction,GBR,1,1,0.028,0.73,2,2,2,2,2,2,98,3,1
1912,Cassel Cyanide Company,united states,-95.712891,37.09024,cyanid,1.167883,1,1,0,1,0,0,0,0,0,0,0,0,0,0,0,0,0,0,0,0,0,0,0,0,0,0,0,0,0,0,0,0,0,0,united states of america,extraction,USA,0,0,0.098,0.581,1,2,1,1,2,1,98,3,1
1915,Cassel Cyanide Company,glasgow,-4.251806,55.864237,cyanid,1.167883,1,6,0,3,0,0,0,0,2,0,0,0,0,0,0,0,0.1346286458251907,0.024390243902439025,2,0.422680412371134,0.4623983739837399,0.006040334490212852,0.12678163894852837,0.02040816326530612,2,0.4,0.43112244897959207,0.003453621804720017,1.4181656753256965e-17,0.005681818181818182,2,1,0.005681818181818182,1.618751618751619e-5,united kingdom,extraction,GBR,1,1,0.028,0.73,2,2,2,2,2,2,98,3,1
1915,Cassel Cyanide Company,mexico,-102.552784,23.634501,cyanid,1.167883,1,6,0,3,0,0,0,0,2,0,0,0,0,0,0,0,0.1346286458251907,0.024390243902439025,2,0.422680412371134,0.4623983739837399,0.006040334490212852,0.12678163894852837,0.02040816326530612,2,0.4,0.43112244897959207,0.003453621804720017,1.4181656753256965e-17,0.005681818181818182,2,1,0.005681818181818182,1.618751618751619e-5,mexico,extraction,MEX,0,0,0.774,0.561,-3,-3,-3,-3,-3,-3,70,0,0
1916,Cassel Cyanide Company,glasgow,-4.251806,55.864237,cyanid,0.09532888,1,1,0,1,0,1,0,0,0,0,0,0,0,0,0,0,0.08545124764289423,0.017241379310344827,1,0.31521739130434784,0.3577586206896552,0,0.0996521091552302,0.013333333333333334,1,0.3073770491803279,0.34311111111111126,0,0,0,0,0,0,0,united kingdom,extraction,GBR,1,1,0.031,0.73,2,2,2,2,2,2,94,3,1
1916,Cassel Cyanide Company,australia,133.775136,-25.274398,cyanid,0.09532888,1,1,0,1,0,1,0,0,0,0,0,0,0,0,0,0,0.08545124764289423,0.017241379310344827,1,0.31521739130434784,0.3577586206896552,0,0.0996521091552302,0.013333333333333334,1,0.3073770491803279,0.34311111111111126,0,0,0,0,0,0,0,australia,extraction,AUS,0,1,0.041,0.659,2,3,3,2,3,3,99,3,1
1916,Cassel Cyanide Company,mexico,-102.552784,23.634501,cyanid,0.09532888,1,1,0,1,0,1,0,0,0,0,0,0,0,0,0,0,0.08545124764289423,0.017241379310344827,1,0.31521739130434784,0.3577586206896552,0,0.0996521091552302,0.013333333333333334,1,0.3073770491803279,0.34311111111111126,0,0,0,0,0,0,0,mexico,extraction,MEX,0,0,0.774,0.561,-2,-2,-3,-2,-2,-3,76,0,0
1917,Cassel Cyanide Company,glasgow,-4.251806,55.864237,cyanid,0.09528347,1,3,0,3,0,0,0,0,0,0,0,0,0,0,0,0,0,0,0,0,0,0,0,0,0,0,0,0,1.191744854642464e-17,0.011904761904761904,4,1,0.008928571428571428,5.3304904051172706e-5,united kingdom,extraction,GBR,1,1,0.028,0.73,2,2,2,2,2,2,94,3,1
1914,Cassel Cyanide Limited,glasgow,-4.251806,55.864237,cyanid,1.183432,1,3,0,1,0,1,0,0,0,0,0,0,0,0,0,0,0.07154364381956922,0.013888888888888888,1,0.3333333333333333,0.37847222222222215,0,0.07088184077728316,0.01098901098901099,1,0.3137931034482759,0.3558608058608057,0,8.803022284060666e-18,0.005555555555555556,2,1,0.005555555555555556,1.5475085112968123e-5,united kingdom,extraction,GBR,1,1,0.028,0.73,2,2,2,2,2,2,98,3,1
1914,Cassel Cyanide Limited,united states,-95.712891,37.09024,cyanid,1.183432,1,3,0,1,0,1,0,0,0,0,0,0,0,0,0,0,0.07154364381956922,0.013888888888888888,1,0.3333333333333333,0.37847222222222215,0,0.07088184077728316,0.01098901098901099,1,0.3137931034482759,0.3558608058608057,0,8.803022284060666e-18,0.005555555555555556,2,1,0.005555555555555556,1.5475085112968123e-5,united states of america,extraction,USA,0,0,0.079,0.581,1,2,1,1,2,1,98,3,1
1920,Cassel Cyanide Limited,glasgow,-4.251806,55.86424,cyanid,1.183432,1,5,0,3,0,1,0,0,1,0,0,0,0,0,0,0,0.2166272239830563,0.03278688524590164,2,0.4357142857142857,0.4740437158469945,0.004031406746647488,0.20081115550073228,0.02564102564102564,2,0.39195979899497485,0.43482905982905967,0.001674092109725381,0,0.010416666666666666,4,1,0.005208333333333333,1.3598781549173194e-5,united kingdom,extraction,GBR,1,1,0.028,0.73,2,2,1,2,2,1,89,3,1
1920,Cassel Cyanide Limited,mexico,-102.5528,23.6345,cyanid,1.183432,1,5,0,3,0,1,0,0,1,0,0,0,0,0,0,0,0.2166272239830563,0.03278688524590164,2,0.4357142857142857,0.4740437158469945,0.004031406746647488,0.20081115550073228,0.02564102564102564,2,0.39195979899497485,0.43482905982905967,0.001674092109725381,0,0.010416666666666666,4,1,0.005208333333333333,1.3598781549173194e-5,mexico,extraction,MEX,0,0,0.795,0.557,-2,-2,-3,-2,-2,-3,76,0,0
1922,Cassel Cyanide Limited,glasgow,-4.251806,55.86424,cyanid,0.8857396,1,5,0,0,0,0,0,0,0,0,0,0,0,0,0,0,0,0,0,0,0,0,0,0,0,0,0,0,0,0,0,0,0,0,united kingdom,extraction,GBR,1,1,0.027,0.73,2,2,1,2,2,1,89,3,1
1922,Cassel Cyanide Limited,johannesburg,28.04731,-26.2041,cyanid,0.8857396,1,5,0,0,0,0,0,0,0,0,0,0,0,0,0,0,0,0,0,0,0,0,0,0,0,0,0,0,0,0,0,0,0,0,south africa,extraction,ZAF,1,1,0.408,0.115,-1,-1,-1,-1,-1,-1,84,2,0
1922,Cassel Cyanide Limited,transvaal,-81.1831,43.23256,cyanid,0.8857396,1,5,0,0,0,0,0,0,0,0,0,0,0,0,0,0,0,0,0,0,0,0,0,0,0,0,0,0,0,0,0,0,0,0,canada,extraction,CAN,0,1,0.07,0.631,2,1,1,2,2,1,98,0,1
1923,Cassel Cyanide Limited,glasgow,-4.251806,55.86424,cyanid,0.9149130999999999,1,7,0,5,0,2,0,1,1,1,0.20087660032654645,0.021739130434782608,1,0.3359375,0.36449275362318845,0,0.3399681008315275,0.075,3,0.5,0.5270833333333333,0.009816992891653525,0.3864965047997204,0.07142857142857142,4,0.43410852713178294,0.48065476190476164,0.006493738710978801,1.6008765121650125e-18,0.015873015873015872,6,1,0.007936507936507936,4.210349037935245e-5,united kingdom,extraction,GBR,1,1,0.027,0.73,2,2,1,2,2,1,89,3,1
1894,Cassel Gold Extracting Company,united states,-95.71289,37.09024,cyanid,0.4195122,1,9,1648.7320010707338,0,0,0,0,0,1,0,0,0,0,0,0,0,0.12439264005604862,0.07692307692307693,1,0.3611111111111111,0.42307692307692313,0,0.1154278446214018,0.05555555555555555,1,0.3333333333333333,0.38611111111111107,0,0,0,0,0,0,0,united states of america,extraction,USA,0,0,0.147,0.478,1,1,NA,1,1,NA,95,1,1
1895,Cassel Gold Extracting Company,london,-0.1277583,51.50735,cyanid,0.4154448,1,8,0,5,0,0,0,0,1,0,0,0,0,0,0,0,0.08960231452650917,0.03125,1,0.3333333333333333,0.3828125,0,0.08684389427578086,0.022222222222222223,1,0.3125,0.35407407407407415,0,0,0.05714285714285714,2,0.5,0.09047619047619049,0.0067226890756302525,united kingdom,extraction,GBR,1,1,0.028,0.73,2,2,NA,2,2,NA,98,3,1
1895,Cassel Gold Extracting Company,united states,-95.71289,37.09024,cyanid,0.4154448,1,8,0,5,0,0,0,0,1,0,0,0,0,0,0,0,0.08960231452650917,0.03125,1,0.3333333333333333,0.3828125,0,0.08684389427578086,0.022222222222222223,1,0.3125,0.35407407407407415,0,0,0.05714285714285714,2,0.5,0.09047619047619049,0.0067226890756302525,united states of america,extraction,USA,0,0,0.147,0.478,1,1,NA,1,1,NA,95,1,1
1903,Cassel Gold Extracting Company,canada,-106.3468,56.13037,cyanid,0.4154448,1,4,1791.8898290586437,2,0,2,0,1,1,1,0.45160596295577593,0.07142857142857142,1,0.4,0.20833333333333334,0,0.3601806402082769,0.125,2,0.4444444444444444,0.5104166666666666,0.06736111111111112,0.40109871404668923,0.125,3,0.41379310344827586,0.48263888888888906,0.0963811249137336,1.2387867919299206e-16,0.1,1,1,0.1,0,canada,extraction,CAN,0,1,0.074,0.597,2,1,1,2,1,1,96,0,1
1903,Cassel Gold Extracting Company,nicaragua,-85.20723,12.86542,cyanid,0.4154448,1,4,2622.600101333197,2,0,2,0,1,1,1,0.45160596295577593,0.07142857142857142,1,0.4,0.20833333333333334,0,0.3601806402082769,0.125,2,0.4444444444444444,0.5104166666666666,0.06736111111111112,0.40109871404668923,0.125,3,0.41379310344827586,0.48263888888888906,0.0963811249137336,1.2387867919299206e-16,0.1,1,1,0.1,0,nicaragua,extraction,NIC,0,0,0.885,0.34,-2,-2,-3,-2,-2,-3,73,-1,0
1917,Ceana Development Limited,mexico,-102.5528,23.6345,cyanid,0.8575512,1,0,0,0,0,0,0,0,0,0,0,0,0,0,0,0,0,0,0,0,0,0,0,0,0,0,0,0,0,0,0,0,0,0,mexico,extraction,MEX,0,0,0.79,0.54,-2,-2,-3,-2,-2,-3,76,0,0
1917,Celampion Reee Gold,mysore,76.6393805,12.2958104,cyanid,0.09528347,1,0,0,0,0,0,0,0,0,0,0,0,0,0,0,0,0,0,0,0,0,0,0,0,0,0,0,0,0,0,0,0,0,0,india,extraction,IND,1,1,0.032,0.509,NA,NA,NA,NA,NA,NA,NA,2,1
1913,Celtic Granite Company,san francisco,-122.4194155,37.7749295,cyanid,0.3651412,1,5,0,1,0,0,0,0,0,0,0,0,0,0,0,0,0,0,0,0,0,0,0,0,0,0,0,0,2.371733444079939e-18,0.0031446540880503146,1,1,0.0031446540880503146,0,united states of america,extraction,USA,0,0,0.083,0.581,1,2,1,1,2,1,98,3,1
1912,Ceniza Gold Mines Limited,san francisco,-122.4194155,37.7749295,cyanid,0.3698225,1,6,65.43105232258932,3,0,0,0,0,0,0,0,0,0,0,0,0,0,0,0,0,0,0,0,0,0,0,0,0,3.2802214995784673e-4,0.01597444089456869,5,0.21546546546546547,0.22778296428456213,0.008407277014975201,united states of america,extraction,USA,0,0,0.098,0.581,1,2,1,1,2,1,98,3,1
1914,Ceniza Gold Mines Limited,san francisco,-122.4194155,37.7749295,cyanid,0.3698225,1,3,0,2,0,0,0,0,0,0,0,0,0,0,0,0,0,0,0,0,0,0,0,0,0,0,0,0,4.272633218030902e-18,0.002777777777777778,1,1,0.002777777777777778,0,united states of america,extraction,USA,0,0,0.079,0.581,1,2,1,1,2,1,98,3,1
1914,Central American Exploration Syndicate Limited,nicaragua,-85.207229,12.865416,cyanid,0.739645,1,0,0,0,0,0,0,0,0,0,0,0,0,0,0,0,0,0,0,0,0,0,0,0,0,0,0,0,0,0,0,0,0,0,nicaragua,extraction,NIC,0,0,0.886,0.34,-3,-3,-4,-3,-3,-4,72,-1,0
1894,Central Gold Mining Company,the farms driefontein and,28.03642,-26.08984,cyanid,1.219512,0,5,9203.479385939552,0,0,0,0,0,0,0,0,0,0,0,0,0,0,0,0,0,0,0,0,0,0,0,0,0,0,0,0,0,0,0,south africa,extraction,ZAF,1,1,NA,NA,NA,NA,NA,NA,NA,NA,NA,NA,NA
1908,Central Gold Mining Company,transvaal,-81.1831,43.23256,cyanid,1.128847,1,20,0,5,2,2,2,1,3,0,0.19488219108471483,0.028169014084507043,2,0.31004366812227074,0.37018779342722996,0.0104918337866024,0.30378575366789456,0.05063291139240506,4,0.512987012987013,0.5253164556962026,0.009978129050984812,0.34577120490523916,0.05555555555555555,6,0.44081632653061226,0.4830246913580249,0.010941176274438556,1,0.14473684210526316,11,0.2935323383084577,0.2924498746867169,0.04677806274627934,canada,extraction,CAN,0,1,0.074,0.597,2,1,1,2,1,1,96,0,1
1910,Central Gold Mining Company,johannesburg,28.04731,-26.2041,cyanid,1.128847,1,5,0,4,1,0,0,0,0,0,0.16101929907524737,0.017543859649122806,1,0.3630573248407643,0.4035087719298244,0,0,0,0,0,0,0,0.06361497362438166,0.011363636363636364,1,0.3176895306859206,0.3532196969696968,0,0.26501500123569727,0.18009478672985782,38,0.3675564681724846,0.40005642067253405,0.07163777300356707,south africa,extraction,ZAF,1,1,0.408,0.115,-1,-2,-3,-1,-2,-3,82,-2,0
1911,Central West Street Pine Saville,johannesburg,28.0473051,-26.2041028,cyanid,4.570277,1,9,5.797111121967143e-4,8,0,1,0,0,0,0,0,0,0,0,0,0,0.06519284687234893,0.011111111111111112,1,0.32608695652173914,0.36944444444444446,0,0.05920920951062068,0.008403361344537815,1,0.31151832460732987,0.3478991596638655,0,0.937210911170401,0.42748091603053434,112,0.4462809917355372,0.46660305343511355,0.05433192254627916,south africa,extraction,ZAF,1,1,0.408,0.115,-1,-1,-1,-1,-1,-2,84,2,0
1903,Cervantes Zinc Syndicate Limited,western,-95.71276,37.09375,cyanid,1.945039,1,20,0,1,0,0,0,1,2,1,0,0.07142857142857142,1,0.5,0.13095238095238093,0,0.5152034418426801,0.125,2,0.47058823529411764,0.5260416666666666,0.038888888888888896,0.5483799009530469,0.125,3,0.41379310344827586,0.48263888888888906,0.058014147688060735,0.40824829046386313,0.1,1,0.6,0.2,0,united states of america,extraction,USA,0,0,0.117,0.581,1,1,1,1,1,1,98,1,1
1895,Champ Deep Level Gold Mining,london,-0.1277583,51.50735,cyanid,0.9775171,1,22,0,2,0,0,0,2,4,2,0.03648249433312278,0.03125,1,0.23853211009174313,0.22812500000000008,0,0.26124444536053143,0.0625,2,0.41025641025641024,0.46614583333333337,0.004706744868035191,0.25692550392666075,0.06666666666666667,3,0.375,0.4340740740740741,0.012838859694418813,0.093851782091867,0.02857142857142857,1,0.3125,0.26142857142857134,0,united kingdom,extraction,GBR,1,1,0.028,0.73,2,2,NA,2,2,NA,98,3,1
1910,Champion Reef Gold,western,-95.71276,37.09375,cyanid,1.215953,1,0,0,0,0,0,0,0,0,0,0,0,0,0,0,0,0,0,0,0,0,0,0,0,0,0,0,0,0,0,0,0,0,0,united states of america,extraction,USA,0,0,0.098,0.581,1,2,1,1,2,1,98,3,1
1909,Champion Reef Gold Mining Company,western,-95.71276,37.09375,cyanid,1.218324,1,2,0,0,0,0,0,0,0,0,0,0,0,0,0,0,0,0,0,0,0,0,0,0,0,0,0,0,0,0,0,0,0,0,united states of america,extraction,USA,0,0,0.117,0.581,1,1,1,1,1,1,98,1,1
1912,Champion Reef Gold Mining Company,western,-95.7127622,37.0937489,cyanid,1.150852,1,6,0,1,0,1,0,0,1,0,0,0,0,0,0,0,0.161334217155553,0.024096385542168676,2,0.415,0.45682730923694786,6.102861837270865e-4,0.15244094640127784,0.01818181818181818,2,0.37630662020905925,0.41136363636363665,2.9325822660648446e-4,2.90366540696247e-5,0.006389776357827476,2,0.1762899262899263,0.18221334930600125,2.560006553616777e-6,united states of america,extraction,USA,0,0,0.098,0.581,1,2,1,1,2,1,98,3,1
1914,Champion Reef Gold Mining Company,western,-95.7127622,37.0937489,cyanid,1.166174,1,4,0,2,0,2,0,0,0,0,0,0,0,0,0,0,0.1740896973950002,0.027777777777777776,2,0.41379310344827586,0.4571759259259259,0.0013514741469788734,0.1635695322873088,0.02197802197802198,2,0.38235294117647056,0.4249084249084249,7.756810423699662e-4,1.0895700688590264e-4,0.013888888888888888,5,0.2006514657980456,0.19559964726631457,0,united states of america,extraction,USA,0,0,0.079,0.581,1,2,1,1,2,1,98,3,1
1915,Champion Reef Gold Mining Company,western,-95.7127622,37.0937489,cyanid,1.166174,1,4,0,3,0,1,0,0,0,0,0,0,0,0,0,0,0.10179419142368232,0.012195121951219513,1,0.36936936936936937,0.41463414634146345,0,0.0942272212489184,0.01020408163265306,1,0.35555555555555557,0.3897959183673468,0,4.98471535067339e-6,0.011363636363636364,4,0.18849089841456254,0.19036683802308818,0.020525770525770527,united states of america,extraction,USA,0,0,0.07,0.581,1,2,1,1,2,1,98,3,1
1916,Champion Reef Gold Mining Company,western,-95.7127622,37.0937489,cyanid,1.166174,1,5,0,5,0,2,0,0,0,0,0,0,0,0,0,0,0.22288058203591202,0.034482758620689655,2,0.38666666666666666,0.4382183908045977,0.007366563455805589,0.20535581240347847,0.02666666666666667,2,0.35377358490566035,0.4035555555555554,0.003960142034088919,5.67688984053955e-5,0.06646525679758308,22,0.22812051649928264,0.2582506114228183,0.03568056893746735,united states of america,extraction,USA,0,0,0.07,0.581,1,2,1,1,2,1,98,3,1
1920,Champion Reef Gold Mining Company,western,-95.71276,37.09375,cyanid,0.07328691999999999,1,2,0,0,0,0,0,0,0,0,0,0,0,0,0,0,0,0,0,0,0,0,0,0,0,0,0,0,4.594337165171236e-4,0.013020833333333334,5,0.26748377793799566,0.2830605158730165,0,united states of america,extraction,USA,0,0,0.078,0.581,1,2,1,1,2,1,98,3,1
1921,Champion Reef Gold Mining Company,western,-95.71276,37.09375,cyanid,0.07698229,1,4,0,3,0,2,0,0,0,0,0,0,0,0,0,0,0.30690425914907904,0.058823529411764705,3,0.425,0.4771241830065359,0.00604333176921053,0.27679825826761667,0.04411764705882353,3,0.37777777777777777,0.43112745098039196,0.002390617855603119,0.03958658479960778,0.07277628032345014,27,0.3120629370629371,0.3411949685534586,0.011988802834214815,united states of america,extraction,USA,0,0,0.095,0.581,1,2,1,1,2,1,98,3,1
1911,Champion Reef Mining Company,western,-95.7127622,37.0937489,cyanid,1.150219,1,5,2.3055664769700538e-4,1,0,0,0,0,1,0,0,0,0,0,0,0,0.15711523993398427,0.022222222222222223,2,0.41284403669724773,0.4546296296296297,0.0014867466229082787,0.14258625934653302,0.01680672268907563,2,0.371875,0.4145658263305325,7.82100353044346e-4,2.0496443943924928e-5,0.019083969465648856,5,0.18243243243243243,0.17267054404458973,2.6588602529639645e-6,united states of america,extraction,USA,0,0,0.098,0.581,1,2,1,1,2,1,98,3,1
1913,Champion Reef Mining Company,western,-95.7127622,37.0937489,cyanid,1.151412,1,5,0,2,0,1,0,0,0,0,0,0,0,0,0,0,0.1154270674135621,0.012658227848101266,1,0.34347826086956523,0.3892405063291139,0,0.1086112827912932,0.01020408163265306,1,0.3333333333333333,0.35578231292517,0,5.401266243519697e-4,0.0220125786163522,7,0.18431122448979592,0.2000883288619143,3.6240406660087204e-4,united states of america,extraction,USA,0,0,0.083,0.581,1,2,1,1,2,1,98,3,1
1919,Champiqn Gold Mining India Limited,western,-95.7127622,37.0937489,cyanid,0.08853475,1,3,0,0,0,0,0,0,0,0,0,0,0,0,0,0,0,0,0,0,0,0,0,0,0,0,0,0,0,0,0,0,0,0,united states of america,extraction,USA,0,0,0.07,0.581,1,2,1,1,2,1,98,3,1
1909,Charlton And Meyer Gold Mining,london,-0.1277583,51.50735,cyanid,0.8528265,1,9,0,6,1,0,0,1,1,1,0.2583129084163227,0.029850746268656716,2,0.37572254335260113,0.4109452736318406,0.010043209136260622,0.17173371151388378,0.02631578947368421,2,0.4367816091954023,0.47258771929824567,0.0024132760943906457,0.2380451562033747,0.041237113402061855,4,0.4337899543378995,0.46219931271477693,0.004668484847074819,0.11603238162389774,0.09550561797752809,17,0.34405940594059403,0.3327915997859826,0.01534119672252,united kingdom,extraction,GBR,1,1,0.028,0.73,2,2,2,2,2,1,98,3,1
1909,Charlton And Meyer Gold Mining,johannesburg,28.04731,-26.2041,cyanid,0.8528265,1,9,0,6,1,0,0,1,1,1,0.2583129084163227,0.029850746268656716,2,0.37572254335260113,0.4109452736318406,0.010043209136260622,0.17173371151388378,0.02631578947368421,2,0.4367816091954023,0.47258771929824567,0.0024132760943906457,0.2380451562033747,0.041237113402061855,4,0.4337899543378995,0.46219931271477693,0.004668484847074819,0.11603238162389774,0.09550561797752809,17,0.34405940594059403,0.3327915997859826,0.01534119672252,south africa,extraction,ZAF,1,1,0.408,0.115,NA,NA,NA,NA,NA,NA,NA,-2,0
1910,Charlton And Meyer Gold Mining,transvaal,-81.1831,43.23256,cyanid,0.8528265,1,2,0,1,0,0,0,0,0,0,0,0,0,0,0,0,0,0,0,0,0,0,0,0,0,0,0,0,0.08925817616985776,0.04739336492890995,10,0.342911877394636,0.35037237643872793,0.01505031271287679,canada,extraction,CAN,0,1,0.074,0.597,2,1,1,2,1,1,96,0,1
1911,Charlton And Meyer Gold Mining,transvaal,-81.1830974,43.2325617,cyanid,0.8507535,1,13,2.8333329557698393e-4,10,3,1,1,0,0,0,0.20315053429097465,0.02631578947368421,2,0.3882978723404255,0.4155701754385963,0.010650342824956556,0.16077827465652483,0.022222222222222223,2,0.4411764705882353,0.47407407407407415,0.002527875658848684,0.22552824145797812,0.03361344537815126,4,0.42805755395683454,0.46568627450980415,0.007313221134197712,0.22128204529745057,0.18702290076335878,49,0.37828371278458844,0.38237913486005015,0.02945471468020661,canada,extraction,CAN,0,1,0.072,0.61,2,1,1,2,1,1,96,0,1
1911,Charlton And Meyer Gold Mining,johannesburg,28.0473051,-26.2041028,cyanid,0.8507535,1,13,5.797111121967143e-4,10,3,1,1,0,0,0,0.20315053429097465,0.02631578947368421,2,0.3882978723404255,0.4155701754385963,0.010650342824956556,0.16077827465652483,0.022222222222222223,2,0.4411764705882353,0.47407407407407415,0.002527875658848684,0.22552824145797812,0.03361344537815126,4,0.42805755395683454,0.46568627450980415,0.007313221134197712,0.22128204529745057,0.18702290076335878,49,0.37828371278458844,0.38237913486005015,0.02945471468020661,south africa,extraction,ZAF,1,1,0.408,0.115,-1,-1,-1,-1,-1,-2,84,2,0
1913,Charlton And Meyer Gold Mining,transvaal,-81.1830974,43.2325617,cyanid,0.8507535,1,13,0,0,0,0,0,0,0,0,0,0,0,0,0,0,0,0,0,0,0,0,0,0,0,0,0,0,0.008085965409366966,0.009433962264150943,3,0.21218795888399414,0.22321848312414355,0,canada,extraction,CAN,0,1,0.072,0.61,2,1,1,2,1,1,96,0,1
1915,Charlton And Meyer Gold Mining,transvaal,-81.1830974,43.2325617,cyanid,0.5708849,1,13,0,0,0,0,0,0,0,0,0,0,0,0,0,0,0,0,0,0,0,0,0,0,0,0,0,0,0.06325301317569527,0.036931818181818184,13,0.32755102040816325,0.3371956168831159,0.002758965862309198,canada,extraction,CAN,0,1,0.067,0.61,2,2,1,2,2,1,98,0,1
1916,Charlton And Meyer Gold Mining,transvaal,-81.1830974,43.2325617,cyanid,0.5708849,1,2,0,1,1,0,0,0,0,0,0.1187721023562167,0.023809523809523808,1,0.28695652173913044,0.2642857142857141,0,0,0,0,0,0,0,0.05307758199371541,0.013333333333333334,1,0.26785714285714285,0.2915555555555555,0,0.01828303619119271,0.012084592145015106,4,0.2969187675070028,0.32188174363401,0.002208147163342646,canada,extraction,CAN,0,1,0.067,0.61,2,2,1,2,2,1,98,0,1
1920,Charlton And Meyer Gold Mining,transvaal,-81.1831,43.23256,cyanid,0.2665936,1,4,0,3,0,1,0,0,0,0,0,0,0,0,0,0,0.11074789988956499,0.01639344262295082,1,0.34269662921348315,0.38934426229508196,0,0.09963946481104716,0.01282051282051282,1,0.3291139240506329,0.3685897435897434,0,0.053151075756563665,0.057291666666666664,22,0.34288354898336415,0.3757378472222197,0.0046609837049270955,canada,extraction,CAN,0,1,0.067,0.631,2,1,1,2,2,1,98,0,1
1921,Charlton And Meyer Gold Mining,transvaal,-81.1831,43.23256,cyanid,1.5,1,13,0,5,0,1,0,1,1,0,0.2119105869215704,0.0425531914893617,2,0.36,0.39609929078014194,0.07517456061560104,0.16930690448243998,0.0392156862745098,2,0.4322033898305085,0.4738562091503267,0.0099492958305463855,0.23930902127943607,0.058823529411764705,4,0.425,0.4705882352941174,0.02975041206092094,0.6163707639995265,0.09433962264150944,35,0.34064885496183206,0.36868823000898227,0.0032249876601960444,canada,extraction,CAN,0,1,0.067,0.631,2,1,1,2,2,1,98,0,1
1917,Charter And Agency Limited,london,-0.1277583,51.5073509,amalgama,3.57313,0,0,0,0,0,0,0,0,0,0,0,0,0,0,0,0,0,0,0,0,0,0,0,0,0,0,0,0,0,0,0,0,0,0,united kingdom,extraction,GBR,1,1,0.028,0.73,2,2,2,2,2,2,94,3,1
1914,Charter Trust Agency Limited,rhodesia,-97.2134822,32.8294337,cyanid,3.698225,1,5,0,5,0,1,0,0,0,0,0,0,0,0,0,0,0.07167909183854504,0.013888888888888888,1,0.32432432432432434,0.36805555555555547,0,0.06784605251502854,0.01098901098901099,1,0.3159722222222222,0.3529304029304028,0,0.019421726065447883,0.04722222222222222,17,0.28651162790697676,0.28778108465608515,0.030342292673005734,united states of america,extraction,USA,0,0,0.079,0.581,1,2,1,1,2,1,98,3,1
1908,Cherokee Goldfields Limited,torres,-95.61748,36.31729,cyanid,0.02131873,1,7,31.84598410244657,0,0,0,0,0,0,0,0,0,0,0,0,0,0,0,0,0,0,0,0,0,0,0,0,0,0,0,0,0,0,0,united states of america,extraction,USA,0,0,0.117,0.581,1,1,1,1,1,1,98,1,1
1911,Chillagoe Company,western,-95.7127622,37.0937489,cyanid,1.705653,1,7,2.3055664769700538e-4,4,1,2,1,0,0,0,0.24449397179916144,0.06578947368421052,5,0.42441860465116277,0.45833333333333326,0.08471710468662502,0.2941684874495247,0.044444444444444446,4,0.5113636363636364,0.5222222222222223,0.012162829406060336,0.3578569450554256,0.07563025210084033,9,0.48770491803278687,0.5189075630252102,0.05717200368947532,0.0019139024751241966,0.026717557251908396,7,0.23658269441401972,0.22321428571428598,0.012873529960406365,united states of america,extraction,USA,0,0,0.098,0.581,1,2,1,1,2,1,98,3,1
1912,Cinderella Consolidated Gold Mines Limited,johannesburg,28.0473051,-26.2041028,cyanid,6.861848,1,6,0,4,0,0,0,0,0,0,0,0,0,0,0,0,0,0,0,0,0,0,0,0,0,0,0,0,0.23823484339666148,0.14057507987220447,44,0.31607929515418504,0.38934910492418384,0.022995517435902346,south africa,extraction,ZAF,1,1,0.408,0.115,-1,-1,-1,-1,-1,-2,84,2,0
1913,Cinderella Consolidated Gold Mines Limited,western,-95.7127622,37.0937489,cyanid,6.861848,1,1,0,0,0,0,0,0,0,0,0,0,0,0,0,0,0,0,0,0,0,0,0,0,0,0,0,0,0.1870209356412145,0.018867924528301886,6,0.26201269265639165,0.2905165763656341,0.002091033857639114,united states of america,extraction,USA,0,0,0.083,0.581,1,2,1,1,2,1,98,3,1
1914,Cinderella Consolidated Gold Mines Limited,transvaal,-81.1830974,43.2325617,cyanid,6.861848,1,6,0,3,1,1,0,0,0,0,0.18714380158545044,0.015873015873015872,1,0.32786885245901637,0.3542328042328043,0,0.08225974315779858,0.013888888888888888,1,0.3364485981308411,0.38194444444444436,0,0.12500542910525383,0.02197802197802198,2,0.364,0.4097069597069596,0.0017145540717537794,0.07749271138460517,0.05,18,0.323189926547744,0.3275925925925915,0.03325766581886973,canada,extraction,CAN,0,1,0.067,0.61,2,1,1,2,1,1,96,0,1
1915,Cinderella Consolidated Gold Mines Limited,western,-95.7127622,37.0937489,cyanid,6.861848,1,8,0,8,1,2,1,0,0,0,0.17900057808161818,0.016129032258064516,1,0.3375,0.331989247311828,0,0.23537769416631812,0.036585365853658534,3,0.4659090909090909,0.49491869918699194,0.008450467270806433,0.27150522768921465,0.04081632653061224,4,0.44036697247706424,0.46768707482993216,0.006317398424768313,0.2736660435290976,0.22727272727272727,80,0.3803317535545024,0.42824675324675243,0.054427998350640897,united states of america,extraction,USA,0,0,0.07,0.581,1,2,1,1,2,1,98,3,1
1916,Cinderella Consolidated Gold Mines Limited,western,-95.7127622,37.0937489,cyanid,6.861848,1,8,0,0,0,0,0,0,0,0,0,0,0,0,0,0,0,0,0,0,0,0,0,0,0,0,0,0,0.005782756918937689,0.021148036253776436,7,0.260655737704918,0.2808444828082303,0.005433644796376109,united states of america,extraction,USA,0,0,0.07,0.581,1,2,1,1,2,1,98,3,1
1917,Cinderella Consolidated Gold Mines Limited,western,-95.7127622,37.0937489,cyanid,6.861848,1,8,0,6,0,1,0,1,1,1,0.18857710109560244,0.027777777777777776,1,0.2909090909090909,0.3097222222222221,0,0.20427927593980774,0.043478260869565216,2,0.42592592592592593,0.4710144927536231,0.01062109719398722,0.2578034353884817,0.04918032786885246,3,0.4066666666666667,0.4549180327868851,0.01392993950621657,0.1347344269338016,0.25595238095238093,86,0.3608597285067873,0.43268849206348975,0.07377831649449426,united states of america,extraction,USA,0,0,0.07,0.581,1,2,1,1,2,1,98,3,1
1919,Cinderella Consolidated Gold Mines Limited,western,-95.7127622,37.0937489,cyanid,6.861848,1,7,0,6,1,2,1,0,0,0,0.24082592586102566,0.018867924528301886,1,0.3516483516483517,0.24056603773584911,0,0.29515907268556896,0.046153846153846156,3,0.49242424242424243,0.5128205128205129,0.01135002415685261,0.3304187609642782,0.05,4,0.45454545454545453,0.48645833333333377,0.009782982516387824,0.4430591400401045,0.13764044943820225,49,0.3705308775731311,0.4071161048689121,0.02524968624441191,united states of america,extraction,USA,0,0,0.07,0.581,1,2,1,1,2,1,98,3,1
1921,Cinderella Consolidated Gold Mines Limited,western,-95.71276,37.09375,cyanid,6.861848,1,5,0,5,1,1,1,0,0,0,0.20143473220356448,0.02127659574468085,1,0.3435114503816794,0.37127659574468097,0,0.20511551436857722,0.0392156862745098,2,0.4396551724137931,0.4787581699346405,0.006187411184205006,0.2650891848403778,0.04411764705882353,3,0.4146341463414634,0.45710784313725467,0.0054656347167865256,1,0.2398921832884097,89,0.38846572361262244,0.45332434860736853,0.06765334092397145,united states of america,extraction,USA,0,0,0.095,0.581,1,2,1,1,2,1,98,3,1
1923,Cinderella Consolidated Gold Mines Limited,congo,21.75866,-4.038333,cyanid,6.861848,1,5,2529.9666463288927,4,1,1,1,0,0,0,0.20087660032654645,0.021739130434782608,1,0.3359375,0.36449275362318845,0,0.22812760378252184,0.05,2,0.45454545454545453,0.49166666666666664,0.004080414734260889,0.29425643239669685,0.05357142857142857,3,0.4148148148148148,0.45982142857142827,0.0032464968098470048,0.4310848287082762,0.1931216931216931,73,0.41589861751152074,0.4544091710758402,0.027413246045694256,democratic republic of the congo,extraction,COD,0,0,0.241,0.013,NA,NA,NA,NA,NA,NA,NA,-1,0
1919,Cinnamon Bippoqqomeany Limited,johannesburg,28.0473051,-26.2041028,cyanid,6.020363,1,8,0,5,1,1,0,0,0,0,0.025264337997174202,0.018867924528301886,1,0.24806201550387597,0.17861635220125777,0,0.09070841068039699,0.015384615384615385,1,0.34946236559139787,0.39615384615384613,0,0.10533782607655226,0.025,2,0.3508771929824561,0.3977083333333331,0.002635665949360526,0.2565994664056598,0.09550561797752809,34,0.37790055248618787,0.4134831460674145,0.014100992943973286,south africa,extraction,ZAF,1,1,0.408,0.115,-1,-1,-1,-1,-1,-1,84,2,0
1895,Citizen Gold Mining Company,london,-0.1277583,51.50735,cyanid,0.2443793,1,26,0,8,2,6,2,0,0,0,0.2721002917988813,0.03125,1,0.3466666666666667,0.32031249999999994,0,0.35084675988704045,0.09375,3,0.5,0.5338541666666666,0.035130648920971494,0.4077518449422996,0.08888888888888889,4,0.4411764705882353,0.4933333333333331,0.027183669696578795,0.7547736809749134,0.17142857142857143,6,0.3472222222222222,0.30666666666666664,0,united kingdom,extraction,GBR,1,1,0.028,0.73,2,2,NA,2,2,NA,98,3,1
1909,City And Suburban Gold Mining,transvaal,-81.1831,43.23256,cyanid,0.02975146,1,1,0,0,0,0,0,0,0,0,0,0,0,0,0,0,0,0,0,0,0,0,0,0,0,0,0,0,0,0,0,0,0,0,canada,extraction,CAN,0,1,0.074,0.597,2,1,1,2,1,1,96,0,1
1910,City And Suburban Gold Mining,transvaal,-81.1831,43.23256,cyanid,0.02969358,1,1,0,0,0,0,0,0,0,0,0,0,0,0,0,0,0,0,0,0,0,0,0,0,0,0,0,0,0,0,0,0,0,0,canada,extraction,CAN,0,1,0.074,0.597,2,1,1,2,1,1,96,0,1
1911,City And Suburban Gold Mining,london,-0.1277583,51.5073509,cyanid,0.02967914,1,10,1.0013217677085525e-4,8,1,4,1,0,0,0,0.16342680358061712,0.02631578947368421,2,0.365,0.39583333333333315,0.012221642125989954,0.2941684874495247,0.044444444444444446,4,0.5113636363636364,0.5222222222222223,0.012162829406060336,0.330120707856773,0.05042016806722689,6,0.4576923076923077,0.4915966386554624,0.014557256197626193,0.38237875740443905,0.20610687022900764,54,0.40831758034026466,0.40947837150127103,0.040556072663462034,united kingdom,extraction,GBR,1,1,0.028,0.73,2,2,2,2,2,2,98,3,1
1912,City And Suburban Gold Mining,transvaal,-81.1830974,43.2325617,cyanid,2.92113,1,10,0,0,0,0,0,0,0,0,0,0,0,0,0,0,0,0,0,0,0,0,0,0,0,0,0,0,0.1348087668189511,0.051118210862619806,16,0.2980269989615784,0.3476431360616657,0.0021910376489258877,canada,extraction,CAN,0,1,0.072,0.61,2,1,1,2,1,1,96,0,1
1913,City And Suburban Gold Mining,transvaal,-81.1830974,43.2325617,cyanid,2.92113,1,13,0,7,0,0,0,1,2,1,0.19784087033191036,0.017241379310344827,1,0.3706896551724138,0.30890804597701155,0,0.25999700855882857,0.0379746835443038,3,0.4759036144578313,0.5010548523206751,0.025762660208005533,0.3141703951774204,0.04081632653061224,4,0.4492753623188406,0.45918367346938793,0.018547627821446904,0.5955746324343466,0.2138364779874214,68,0.3404004711425206,0.4283731293165234,0.22821738942055958,canada,extraction,CAN,0,1,0.072,0.61,2,1,1,2,1,1,96,0,1
1914,City And Suburban Gold Mining,johannesburg,28.0473051,-26.2041028,cyanid,6.706114,1,5,0,1,0,0,0,0,0,0,0,0,0,0,0,0,0,0,0,0,0,0,0,0,0,0,0,0,0.19081210995150616,0.05,18,0.3181818181818182,0.3346792328042323,0.010545468856894018,south africa,extraction,ZAF,1,1,0.408,0.115,-1,-1,-1,-1,-1,-1,84,2,0
1915,City And Suburban Gold Mining,johannesburg,28.0473051,-26.2041028,cyanid,6.706114,1,4,0,2,1,1,1,0,0,0,0.2213769147118635,0.03225806451612903,2,0.35064935064935066,0.3508064516129032,0.009107752814786126,0.16215459504869897,0.024390243902439025,2,0.39805825242718446,0.44410569105691056,0.001961287394013767,0.21308839242317648,0.04081632653061224,4,0.39669421487603307,0.4382653061224492,0.004648217228199399,0.1888578437536629,0.07954545454545454,28,0.3515881708652793,0.37986336580086383,0.00835028582915567,south africa,extraction,ZAF,1,1,0.408,0.115,-1,-1,-1,-1,-1,-1,84,2,0
1916,City And Suburban Gold Mining,johannesburg,28.0473051,-26.2041028,cyanid,1.054428,1,1,0,1,1,0,0,0,0,0,0.01558957795606701,0.023809523809523808,1,0.25190839694656486,0.22619047619047605,0,0,0,0,0,0,0,0.010048364653532458,0.013333333333333334,1,0.24509803921568626,0.2643492063492064,0,0.17763251283218912,0.03323262839879154,11,0.3274974253347065,0.36294058408861957,4.7414040059795976e-4,south africa,extraction,ZAF,1,1,0.408,0.115,-1,-1,-1,-1,-1,-1,84,2,0
1917,City And Suburban Gold Mining,johannesburg,28.0473051,-26.2041028,cyanid,1.053926,1,1,0,1,0,0,0,0,0,0,0,0,0,0,0,0,0,0,0,0,0,0,0,0,0,0,0,0,0.14515018127495705,0.041666666666666664,14,0.3298862461220269,0.3666099773242618,0.003368852478732704,south africa,extraction,ZAF,1,1,0.408,0.115,-1,-1,-1,-1,-1,-1,84,2,0
1920,City And Suburban Gold Mining,johannesburg,28.04731,-26.2041,cyanid,1.053926,1,11,0,8,1,2,1,0,0,0,0.1835021065170802,0.018518518518518517,1,0.33540372670807456,0.38765432098765434,0,0.21662722398305634,0.03278688524590164,2,0.4357142857142857,0.4740437158469945,0.004031406746647488,0.2777430133625818,0.038461538461538464,3,0.41711229946524064,0.4594017094017093,0.004731558665196424,0.1863230727348704,0.1875,72,0.3897058823529412,0.455065724206351,0.06645321920877836,south africa,extraction,ZAF,1,1,0.408,0.115,-1,-1,-1,-1,-1,-1,84,2,0
1921,City Deep Limited,transvaal,-81.1831,43.23256,cyanid,2.609538,1,8,0,2,0,0,0,0,0,0,0,0,0,0,0,0,0,0,0,0,0,0,0,0,0,0,0,0,0.16628066433397182,0.1078167115902965,40,0.3814102564102564,0.4281221922731357,0.06237271277720564,canada,extraction,CAN,0,1,0.067,0.631,2,1,1,2,2,1,98,0,1
1909,City Hobart Limited Mtn Ethltmtte,western,-95.71276,37.09375,cyanid,0.9746589,1,10,0,3,0,0,0,1,1,1,0.24582201947487115,0.029850746268656716,2,0.32338308457711445,0.36218905472636814,0.0027661604778693133,0.1670999454374327,0.02631578947368421,2,0.3958333333333333,0.4429824561403508,9.783201030579434e-4,0.2085186433331973,0.041237113402061855,4,0.40772532188841204,0.4441580756013749,0.004644081998143201,0,0.016853932584269662,3,1,0.0056179775280898875,0,united states of america,extraction,USA,0,0,0.117,0.581,1,1,1,1,1,1,98,1,1
1909,City Hobart Limited Mtn Ethltmtte,wales,-3.783712,52.13066,cyanid,0.9746589,1,10,0,3,0,0,0,1,1,1,0.24582201947487115,0.029850746268656716,2,0.32338308457711445,0.36218905472636814,0.0027661604778693133,0.1670999454374327,0.02631578947368421,2,0.3958333333333333,0.4429824561403508,9.783201030579434e-4,0.2085186433331973,0.041237113402061855,4,0.40772532188841204,0.4441580756013749,0.004644081998143201,0,0.016853932584269662,3,1,0.0056179775280898875,0,united kingdom,extraction,GBR,1,1,0.028,0.73,2,2,2,2,2,1,98,3,1
1908,Claremont Mines Rhodesia Limited,western,-95.71276,37.09375,cyanid,0.01946472,1,10,0,0,0,0,0,0,0,0,0,0,0,0,0,0,0,0,0,0,0,0,0,0,0,0,0,0,0,0,0,0,0,0,united states of america,extraction,USA,0,0,0.117,0.581,1,1,1,1,1,1,98,1,1
1910,Claremont Mines Rhodesia Limited,western,-95.71276,37.09375,cyanid,1.874391,1,4,0,0,0,0,0,1,1,1,0.2981567910207012,0.08771929824561403,5,0.42857142857142855,0.48538011695906413,0.10197908039018165,0.33284397811175215,0.06060606060606061,4,0.515625,0.5303030303030303,0.016728116501165746,0.4154271539982371,0.10227272727272728,9,0.49162011173184356,0.5303030303030305,0.07763618090598626,0,0,0,0,0,0,united states of america,extraction,USA,0,0,0.098,0.581,1,2,1,1,2,1,98,3,1
1909,Clogau Gold Mines Limited,kingston,-73.99736,41.92704,cyanid,0.048614489999999996,1,3,185.3726646860123,0,0,0,0,0,0,0,0,0,0,0,0,0,0,0,0,0,0,0,0,0,0,0,0,0,0,0,0,0,0,0,united states of america,extraction,USA,0,0,0.117,0.581,1,1,1,1,1,1,98,1,1
1911,Clogau Gold Mines Limited,siberia,99.1966559,61.0137097,cyanid,0.048614489999999996,1,3,333.20627995704444,0,0,0,0,0,0,0,0,0,0,0,0,0,0,0,0,0,0,0,0,0,0,0,0,0,5.095850188505707e-4,0.003816793893129771,1,0.21973550356052898,0.19445201744820081,0,russia,extraction,RUS,0,0,0.41,0.358,0,0,0,0,0,0,99,2,0
1921,Cock Pioneer Gold Tin Mines,oroville,-121.5564,39.51378,cyanid,0.5773672,1,9,0,3,2,0,0,1,1,1,0.31166475472913796,0.06382978723404255,3,0.38461538461538464,0.42624113475177294,0.0378405122596231,0.09431610529121724,0.0196078431372549,1,0.3269230769230769,0.37254901960784315,0,0.19574701321119672,0.058823529411764705,4,0.3695652173913043,0.42990196078431353,0.012647938033231375,0.010294088956971809,0.03234501347708895,12,0.3112467306015693,0.32479784366576775,0.003736169549313638,united states of america,extraction,USA,0,0,0.095,0.581,1,2,1,1,2,1,98,3,1
1894,Coetzeestroom Estate Gold Mining Limited,transvaal,-81.1831,43.23256,cyanid,0.8292683000000001,1,2,602.1632138322101,1,0,0,0,0,0,0,0,0,0,0,0,0,0,0,0,0,0,0,0,0,0,0,0,0,0,0.16666666666666666,1,0.6666666666666666,0.25,0,canada,extraction,CAN,0,1,0.074,0.597,2,1,NA,2,1,NA,96,0,1
1911,Coetzeestroom Estate Gold Mining Limited,transvaal,-81.1830974,43.2325617,cyanid,0.8292683000000001,1,1,2.8333329557698393e-4,0,0,0,0,0,0,0,0,0,0,0,0,0,0,0,0,0,0,0,0,0,0,0,0,0,0,0,0,0,0,0,canada,extraction,CAN,0,1,0.072,0.61,2,1,1,2,1,1,96,0,1
1913,Coetzeestroom Estate Gold Mining Limited,barberton,-81.6051221,41.012833,cyanid,0.8292683000000001,1,3,0,1,0,0,0,0,1,0,0,0,0,0,0,0,0.08993819759419412,0.012658227848101266,1,0.3134920634920635,0.35443037974683544,0,0.083336768052584,0.01020408163265306,1,0.3069306930693069,0.32636054421768695,0,0.03621221458612277,0.006289308176100629,2,0.2288202692003167,0.24104401014778415,0,united states of america,extraction,USA,0,0,0.083,0.581,1,2,1,1,2,1,98,3,1
1911,Colombian Mines Corporation Limited,colombia,-74.297333,4.570868,cyanid,0.03403014,1,5,1510.009931942592,0,0,0,0,0,0,0,0,0,0,0,0,0,0,0,0,0,0,0,0,0,0,0,0,0,0,0,0,0,0,0,colombia,extraction,COL,0,0,0.57,0.189,-1,-1,-2,-1,-1,-2,78,0,0
1914,Colombian Mines Corporation Limited,colombia,-74.297333,4.570868,cyanid,0.04168639,1,6,0,2,0,1,0,0,0,0,0,0,0,0,0,0,0.25634944055279885,0.041666666666666664,3,0.45569620253164556,0.49074074074074076,0.005085703030674878,0.2404554676323303,0.03296703296703297,3,0.4099099099099099,0.45146520146520186,0.002659412653034595,1.4393120339661856e-4,0.008333333333333333,3,0.18712029161603888,0.17417328042328048,0.009486227174249458,colombia,extraction,COL,0,0,0.57,0.189,-1,-1,-2,-1,-1,-2,78,0,0
1915,Colombian Mining And Exploration Limited,colombia,-74.297333,4.570868,cyanid,0.7564225,1,6,0,1,0,1,0,0,1,0,0,0,0,0,0,0,0.22356014175627043,0.036585365853658534,3,0.44086021505376344,0.47967479674796754,0.006974814557477349,0.20846086720381243,0.030612244897959183,3,0.41025641025641024,0.44421768707483017,0.0035560259629205983,3.2346318523655217e-6,0.008522727272727272,3,0.17953020134228187,0.1776255862193364,0.010343822843822844,colombia,extraction,COL,0,0,0.57,0.189,-1,-1,-2,-1,-1,-2,78,0,0
1919,Colombian Mining And Exploration Limited,colombia,-74.297333,4.570868,cyanid,0.7564225,1,9,0,2,0,0,0,0,1,0,0,0,0,0,0,0,0.09070841068039699,0.015384615384615385,1,0.34946236559139787,0.39615384615384613,0,0.08963917726824792,0.0125,1,0.3389830508474576,0.3799999999999998,0,4.162508751181293e-4,0.016853932584269662,6,0.2554144884241972,0.2664125200642058,0.006963902376427087,colombia,extraction,COL,0,0,0.57,0.189,-1,-1,-2,-1,-1,-2,78,0,0
1921,Colombian Mining And Exploration Limited,colombia,-74.29733,4.570868,cyanid,3.849115,0,1,3.329034022831035e-4,0,0,0,0,1,1,1,0.08755567140973868,0.0425531914893617,2,0.30201342281879195,0.33581560283687945,0.04070305272895467,0.08091713249657766,0.0196078431372549,1,0.34459459459459457,0.39215686274509803,0,0.11752216956736891,0.04411764705882353,3,0.3655913978494624,0.4166666666666664,0.032607950226355,0.017527303331978383,0.01078167115902965,4,0.30512820512820515,0.31837376460017974,0,colombia,extraction,COL,0,0,0.57,0.189,-1,-1,-2,-1,-1,-2,78,0,0
1922,Colombian Proprietary Gold Mines Limited,oroville,-121.5564,39.51378,cyanid,0.3821036,1,17,0,8,2,0,0,1,2,1,0.0933422563148967,0.07692307692307693,3,0.30833333333333335,0.35427350427350424,0.09581646423751687,0.24230599175818884,0.043478260869565216,2,0.46938775510204084,0.4981884057971014,0.008183089475995655,0.27030306588593167,0.08064516129032258,5,0.42758620689655175,0.4811827956989245,0.07082242288296617,0.07058113768073834,0.10714285714285714,39,0.3658280922431866,0.39890109890109704,0.03315189189617989,united states of america,extraction,USA,0,0,0.094,0.581,1,2,1,1,2,1,98,3,1
1922,Colombian Proprietary Gold Mines Limited,colombia,-74.29733,4.570868,cyanid,0.3821036,1,17,0,8,2,0,0,1,2,1,0.0933422563148967,0.07692307692307693,3,0.30833333333333335,0.35427350427350424,0.09581646423751687,0.24230599175818884,0.043478260869565216,2,0.46938775510204084,0.4981884057971014,0.008183089475995655,0.27030306588593167,0.08064516129032258,5,0.42758620689655175,0.4811827956989245,0.07082242288296617,0.07058113768073834,0.10714285714285714,39,0.3658280922431866,0.39890109890109704,0.03315189189617989,colombia,extraction,COL,0,0,0.57,0.189,-1,-1,-2,-1,-1,-2,78,0,0
1923,Colombian Proprietary Gold Mines Limited,colombia,-74.29733,4.570868,cyanid,0.9149130999999999,1,12,0,6,1,2,1,0,0,0,0.06261276274901573,0.043478260869565216,2,0.2621951219512195,0.2944099378881986,0.03952008822852812,0.1287346354689711,0.025,1,0.4,0.44375000000000003,0,0.14522906590782267,0.05357142857142857,3,0.38095238095238093,0.43511904761904735,0.012081845371917118,0.021051941463034383,0.0291005291005291,11,0.37840670859538783,0.3958112874779534,0.007840847889522246,colombia,extraction,COL,0,0,0.57,0.189,-1,-1,-2,-1,-1,-2,78,0,0
1916,Coniagas Mines Limited,ontario,-85.323214,51.253775,cyanid,4,0,2,0,0,0,0,0,0,0,0,0,0,0,0,0,0,0,0,0,0,0,0,0,0,0,0,0,0,0,0,0,0,0,0,canada,extraction,CAN,0,1,0.067,0.61,2,2,1,2,2,1,98,0,1
1917,Coniagas Mines Limited,ontario,-85.323214,51.253775,cyanid,4,1,2,0,0,0,0,0,0,0,0,0,0,0,0,0,0,0,0,0,0,0,0,0,0,0,0,0,0,0,0,0,0,0,0,canada,extraction,CAN,0,1,0.067,0.61,2,2,1,2,2,1,98,0,1
1919,Coniagas Mines Limited,ontario,-85.323214,51.253775,cyanid,4,1,5,0,1,0,0,0,0,1,0,0,0,0,0,0,0,0.09070841068039698,0.015384615384615385,1,0.34946236559139787,0.39615384615384613,0,0.08963917726824783,0.0125,1,0.3389830508474576,0.3799999999999998,0,0,0,0,0,0,0,canada,extraction,CAN,0,1,0.067,0.631,2,2,1,2,2,1,98,0,1
1921,Coniagas Mines Limited,ontario,-85.32321,51.25377,cyanid,4,1,7,6.22427119220738e-4,5,0,1,0,1,0,0,0.025316609437174387,0.02127659574468085,1,0.24861878453038674,0.2673758865248225,0,0.08091713249657764,0.0196078431372549,1,0.34459459459459457,0.39215686274509803,0,0.09756991591832177,0.029411764705882353,2,0.33663366336633666,0.38284313725490177,0.0020558379311710964,0,0,0,0,0,0,canada,extraction,CAN,0,1,0.067,0.631,2,1,1,2,2,1,98,0,1
1922,Coniagas Mines Limited,ontario,-85.32321,51.25377,cyanid,4,1,4,0,2,0,1,0,0,0,0,0,0,0,0,0,0,0.10960649465894934,0.021739130434782608,1,0.35384615384615387,0.40217391304347827,0,0.10037965332984282,0.016129032258064516,1,0.33513513513513515,0.3755376344086021,0,0,0,0,0,0,0,canada,extraction,CAN,0,1,0.07,0.631,2,1,1,2,2,1,98,0,1
1923,Coniagas Mines Limited,ontario,-85.32321,51.25377,cyanid,4,1,6,0,5,1,1,0,0,0,0,0.012689132318520641,0.021739130434782608,1,0.2471264367816092,0.2668737060041406,0,0.12873463546897115,0.025,1,0.4,0.44375000000000003,0,0.13314517224481362,0.03571428571428571,2,0.38095238095238093,0.42767857142857113,0.00396408530446396,0,0,0,0,0,0,canada,extraction,CAN,0,1,0.07,0.631,2,1,1,2,2,1,98,0,1
1912,Consolidated African Copper Trust Limited,new zealand,174.885971,-40.900557,cyanid,1.094886,0,14,0,0,0,0,0,0,0,0,0,0,0,0,0,0,0,0,0,0,0,0,0,0,0,0,0,0,0,0,0,0,0,0,new zealand,extraction,NA,0,0,NA,NA,NA,NA,NA,NA,NA,NA,NA,NA,NA
1915,Consolidated Elzt Main Reef Mines,western,-95.7127622,37.0937489,cyanid,0.8326594,1,12,0,9,1,2,1,0,0,0,0.2964329472462587,0.03225806451612903,2,0.38571428571428573,0.379032258064516,0.01117379741123792,0.1346286458251907,0.024390243902439025,2,0.422680412371134,0.4623983739837399,0.006040334490212852,0.20688175485804566,0.04081632653061224,4,0.43636363636363634,0.4651360544217689,0.009073385849598915,0.5949516014438501,0.22727272727272727,80,0.38768115942028986,0.44281655844155843,0.01767286908126061,united states of america,extraction,USA,0,0,0.07,0.581,1,2,1,1,2,1,98,3,1
1915,Consolidated Gold Fields Limited,new zealand,174.885971,-40.900557,cyanid,1.070409,1,19,0,9,2,1,1,0,1,0,0.21820335027273216,0.03225806451612903,2,0.38028169014084506,0.3749999999999999,0.03557036711452363,0.1631997381312539,0.024390243902439025,2,0.40594059405940597,0.4502032520325203,0.0022202271511041665,0.2180109494685883,0.04081632653061224,4,0.40336134453781514,0.4433673469387757,0.00530600686346227,0.03270992513632753,0.06534090909090909,23,0.3333333333333333,0.35763663419913266,0.03146510206810993,new zealand,extraction,NA,0,0,NA,NA,NA,NA,NA,NA,NA,NA,NA,NA,NA
1910,Consolidated Gold Fields South Africa,new zealand,174.886,-40.90056,cyanid,1.094358,0,10,0,0,0,0,0,0,0,0,0,0,0,0,0,0,0,0,0,0,0,0,0,0,0,0,0,0,0,0,0,0,0,0,new zealand,extraction,NA,0,0,NA,NA,NA,NA,NA,NA,NA,NA,NA,NA,NA
1916,Consolidated Gold Fields South Africa,new zealand,174.885971,-40.900557,cyanid,1.07245,1,10,0,7,1,1,1,0,0,0,0,0.023809523809523808,1,0.5714285714285714,0.05952380952380952,0,0.08545124764289419,0.017241379310344827,1,0.31521739130434784,0.3577586206896552,0,0.11363911788529617,0.02666666666666667,2,0.3177966101694915,0.36199999999999993,0.006393537732062171,0.032182903921166496,0.06646525679758308,22,0.3202416918429003,0.3594231045892669,0.04890353697454436,new zealand,extraction,NA,0,0,NA,NA,NA,NA,NA,NA,NA,NA,NA,NA,NA
1919,Consolidated Gold Fields South Africa,new zealand,174.885971,-40.900557,cyanid,1.328021,1,17,0,12,0,1,0,0,1,0,0,0,0,0,0,0,0.1849466155029335,0.03076923076923077,2,0.40625,0.45256410256410257,0.0028106765515520746,0.17880962561787012,0.025,2,0.38461538461538464,0.4274999999999999,0.001956587047651184,0.2841210840097605,0.16292134831460675,58,0.4110576923076923,0.45074906367041323,0.08125798047618486,new zealand,extraction,NA,0,0,NA,NA,NA,NA,NA,NA,NA,NA,NA,NA,NA
1911,Consolidated Gold Limited New Zealand,new zealand,174.885971,-40.900557,cyanid,1.093821,1,6,0.002466190264589519,2,0,1,0,0,0,0,0,0,0,0,0,0,0.06885588159488938,0.011111111111111112,1,0.3435114503816794,0.3888888888888889,0,0.06282619088360406,0.008403361344537815,1,0.3216216216216216,0.36148459383753495,0,0.0059831231165906355,0.015267175572519083,4,0.2787096774193548,0.25754271174118587,0.006363856543974515,new zealand,extraction,NA,0,0,NA,NA,NA,NA,NA,NA,NA,NA,NA,NA,NA
1922,Consolidated Gold Limited New Zealand,new zealand,174.886,-40.90056,cyanid,0.996457,1,1,0,1,0,0,0,0,0,0,0,0,0,0,0,0,0,0,0,0,0,0,0,0,0,0,0,0,0.002999728895814585,0.019230769230769232,7,0.2832792207792208,0.3015371533228684,0.006550627407651998,new zealand,extraction,NA,0,0,NA,NA,NA,NA,NA,NA,NA,NA,NA,NA,NA
1923,Consolidated Gold Limited New Zealand,new zealand,174.886,-40.90056,cyanid,1.029277,1,3,0,2,0,0,0,0,0,0,0,0,0,0,0,0,0,0,0,0,0,0,0,0,0,0,0,0,0.012623220903755226,0.03439153439153439,13,0.34218009478672984,0.35850970017636474,3.5480501928898597e-4,new zealand,extraction,NA,0,0,NA,NA,NA,NA,NA,NA,NA,NA,NA,NA,NA
1912,Consolidated Lahlglaagtje Mines Limited,johannesburg,28.0473051,-26.2041028,cyanid,9.615572,1,6,0,5,0,0,0,0,0,0,0,0,0,0,0,0,0,0,0,0,0,0,0,0,0,0,0,0,0.12024728556455995,0.07987220447284345,25,0.30052356020942406,0.36040874283685703,0.005530250137865252,south africa,extraction,ZAF,1,1,0.408,0.115,-1,-1,-1,-1,-1,-2,84,2,0
1911,Consolidated Langlaagte Mines Limited,johannesburg,28.0473051,-26.2041028,cyanid,5.226057,1,20,5.797111121967143e-4,11,1,2,1,1,1,1,0.07295040689297826,0.02631578947368421,2,0.29918032786885246,0.33026315789473687,0.006629057813389849,0.22897564057717587,0.03333333333333333,3,0.47368421052631576,0.4981481481481482,0.006027570700945274,0.24389579707677367,0.04201680672268908,5,0.4219858156028369,0.46498599439775934,0.009136812651106805,0.5676509828438355,0.3053435114503817,80,0.4277227722772277,0.439058524173027,0.0479070128544323,south africa,extraction,ZAF,1,1,0.408,0.115,-1,-1,-1,-1,-1,-2,84,2,0
1911,Consolidated Langlaagte Mines Limited,western,-95.7127622,37.0937489,cyanid,5.226057,1,20,2.3055664769700538e-4,11,1,2,1,1,1,1,0.07295040689297826,0.02631578947368421,2,0.29918032786885246,0.33026315789473687,0.006629057813389849,0.22897564057717587,0.03333333333333333,3,0.47368421052631576,0.4981481481481482,0.006027570700945274,0.24389579707677367,0.04201680672268908,5,0.4219858156028369,0.46498599439775934,0.009136812651106805,0.5676509828438355,0.3053435114503817,80,0.4277227722772277,0.439058524173027,0.0479070128544323,united states of america,extraction,USA,0,0,0.098,0.581,1,2,1,1,2,1,98,3,1
1913,Consolidated Langlaagte Mines Limited,johannesburg,28.0473051,-26.2041028,cyanid,9.620253,1,6,0,4,0,1,0,0,0,0,0,0,0,0,0,0,0.08993819759419414,0.012658227848101266,1,0.3134920634920635,0.35443037974683544,0,0.08333676805258397,0.01020408163265306,1,0.3069306930693069,0.32636054421768695,0,0.9999999999999999,0.20754716981132076,66,0.3258173618940248,0.413401422127836,0.1176111689642894,south africa,extraction,ZAF,1,1,0.408,0.115,-1,-1,-1,-1,-1,-1,84,2,0
1914,Consolidated Langlaagte Mines Limited,johannesburg,28.0473051,-26.2041028,cyanid,9.620253,1,6,0,0,0,0,0,0,0,0,0,0,0,0,0,0,0,0,0,0,0,0,0,0,0,0,0,0,0.2850618683942039,0.05555555555555555,20,0.34413407821229053,0.34870370370370274,0.012077739575717132,south africa,extraction,ZAF,1,1,0.408,0.115,-1,-1,-1,-1,-1,-1,84,2,0
1915,Consolidated Langlaagte Mines Limited,johannesburg,28.0473051,-26.2041028,cyanid,4.684418,1,7,0,4,0,0,0,1,1,1,0.03920277219111379,0.016129032258064516,1,0.27,0.26693548387096777,0,0.06140554670757158,0.012195121951219513,1,0.3178294573643411,0.3597560975609756,0,0.07368191237291193,0.02040816326530612,2,0.3137254901960784,0.3505102040816326,3.539388886752193e-4,0.5019490935380377,0.24147727272727273,85,0.38768115942028986,0.4403747294372293,0.036234518896080425,south africa,extraction,ZAF,1,1,0.408,0.115,-1,-1,-1,-1,-1,-1,84,2,0
1917,Consolidated Langlaagte Mines Limited,new zealand,174.885971,-40.900557,cyanid,1.071939,1,21,0,9,0,0,0,1,0,0,0.006922570886732825,0.027777777777777776,1,0.20253164556962025,0.22037037037037055,0,0,0,0,0,0,0,0.01606741325359115,0.01639344262295082,1,0.24796747967479674,0.2704918032786885,0,0.24597559548070896,0.25,84,0.37796208530805686,0.453422619047618,0.10535790595172598,new zealand,extraction,NA,0,0,NA,NA,NA,NA,NA,NA,NA,NA,NA,NA,NA
1917,Consolidated Langlaagte Mines Limited,johannesburg,28.0473051,-26.2041028,cyanid,1.071939,1,21,0,9,0,0,0,1,0,0,0.006922570886732825,0.027777777777777776,1,0.20253164556962025,0.22037037037037055,0,0,0,0,0,0,0,0.01606741325359115,0.01639344262295082,1,0.24796747967479674,0.2704918032786885,0,0.24597559548070896,0.25,84,0.37796208530805686,0.453422619047618,0.10535790595172598,south africa,extraction,ZAF,1,1,0.408,0.115,-1,-1,-1,-1,-1,-1,84,2,0
1921,Consolidated Langlaagte Mines Limited,new zealand,174.886,-40.90056,cyanid,10.39261,1,14,0,6,0,1,0,1,1,1,0.08378557001796628,0.02127659574468085,1,0.2631578947368421,0.2950354609929076,0,0.08091713249657766,0.0196078431372549,1,0.34459459459459457,0.39215686274509803,0,0.10398490958080431,0.029411764705882353,2,0.3469387755102041,0.3938725490196076,0.0032250732703182836,0.42246146213164365,0.14824797843665768,55,0.4316807738814994,0.4668014375561573,0.06804256676354781,new zealand,extraction,NA,0,0,NA,NA,NA,NA,NA,NA,NA,NA,NA,NA,NA
1921,Consolidated Langlaagte Mines Limited,transvaal,-81.1831,43.23256,cyanid,10.39261,1,14,0,6,0,1,0,1,1,1,0.08378557001796628,0.02127659574468085,1,0.2631578947368421,0.2950354609929076,0,0.08091713249657766,0.0196078431372549,1,0.34459459459459457,0.39215686274509803,0,0.10398490958080431,0.029411764705882353,2,0.3469387755102041,0.3938725490196076,0.0032250732703182836,0.42246146213164365,0.14824797843665768,55,0.4316807738814994,0.4668014375561573,0.06804256676354781,canada,extraction,CAN,0,1,0.067,0.631,2,1,1,2,2,1,98,0,1
1922,Consolidated Langlaagte Mines Limited,johannesburg,28.04731,-26.2041,cyanid,10.39261,1,10,0,9,1,2,1,0,0,0,0.0841603730399145,0.02564102564102564,1,0.29838709677419356,0.32008547008547,0,0.4082780614264733,0.08695652173913043,4,0.5227272727272727,0.5434782608695652,0.02534242711755218,0.4143536820752185,0.08064516129032258,5,0.4460431654676259,0.4932795698924729,0.01762299183044217,0.8460596143462702,0.3021978021978022,110,0.4144893111638955,0.4746336996337021,0.09359261384585464,south africa,extraction,ZAF,1,1,0.408,0.115,-1,-1,-1,-1,-1,-1,84,2,0
1923,Consolidated Langlaagte Mines Limited,johannesburg,28.04731,-26.2041,cyanid,9.034767,1,12,0,11,1,1,1,1,0,0,0.0681149557072518,0.043478260869565216,2,0.25903614457831325,0.3074792960662524,0.017512077294685992,0.2278223277815481,0.05,2,0.46511627906976744,0.4979166666666666,0.003935272376448848,0.23254665438420008,0.07142857142857142,4,0.43410852713178294,0.48065476190476164,0.038218057830431106,0.5648479632860832,0.3439153439153439,130,0.4540880503144654,0.518121693121696,0.13322734989172308,south africa,extraction,ZAF,1,1,0.408,0.115,-1,-1,-1,-1,-1,-1,84,2,0
1921,Consolidated Mine Cornwall Limited,western,-95.71276,37.09375,cyanid,3.656659,1,8,0,5,1,1,1,0,0,0,0.2014347322035645,0.02127659574468085,1,0.3435114503816794,0.37127659574468097,0,0.29350528635443934,0.058823529411764705,3,0.4811320754716981,0.511437908496732,0.01846779928867744,0.34353465219237755,0.058823529411764705,4,0.4358974358974359,0.47794117647058804,0.012143002314947497,0.36899552224267046,0.12668463611859837,47,0.3984375,0.4424079065588512,0.022260074904791163,united states of america,extraction,USA,0,0,0.095,0.581,1,2,1,1,2,1,98,3,1
1921,Consolidated Mine Cornwall Limited,london,-0.1277583,51.50735,cyanid,3.656659,1,8,0,5,1,1,1,0,0,0,0.2014347322035645,0.02127659574468085,1,0.3435114503816794,0.37127659574468097,0,0.29350528635443934,0.058823529411764705,3,0.4811320754716981,0.511437908496732,0.01846779928867744,0.34353465219237755,0.058823529411764705,4,0.4358974358974359,0.47794117647058804,0.012143002314947497,0.36899552224267046,0.12668463611859837,47,0.3984375,0.4424079065588512,0.022260074904791163,united kingdom,extraction,GBR,1,1,0.028,0.73,2,2,1,2,2,1,89,3,1
1909,Consolidated Mines Selection Limited,johannesburg,28.04731,-26.2041,cyanid,4.62962963,1,28,0,8,2,1,1,2,2,2,0.6010615377085191,0.1044776119402985,7,0.4676258992805755,0.5054726368159204,0.1823583024960951,0.2412560304058671,0.039473684210526314,3,0.4634146341463415,0.49451754385964913,0.005197149267058384,0.3835951045448276,0.10309278350515463,10,0.48223350253807107,0.516323024054983,0.04193033517638576,0.3909455088669439,0.1797752808988764,32,0.4028985507246377,0.3969703049759232,0.06955732754364867,south africa,extraction,ZAF,1,1,0.408,0.115,NA,NA,NA,NA,NA,NA,NA,-2,0
1912,Consolidated Mines Selection Limited,western,-95.7127622,37.0937489,cyanid,2.919708029,1,19,0,6,3,3,3,0,1,0,0.30193375311806114,0.057971014492753624,4,0.391812865497076,0.4364734299516907,0.13052389413905882,0.2148292017726934,0.03614457831325301,3,0.5,0.5130522088353414,0.00690006232154246,0.2881355133426492,0.06363636363636363,7,0.47161572052401746,0.4962121212121214,0.02759928637408344,0.25171455243859503,0.08945686900958466,28,0.3150384193194292,0.3799381307368521,0.03668653127162119,united states of america,extraction,USA,0,0,0.098,0.581,1,2,1,1,2,1,98,3,1
1916,Consolidated Mines Selection Limited,johannesburg,28.0473051,-26.2041028,cyanid,5.842259,1,26,0,12,1,3,1,1,3,1,0.3220999599280952,0.07142857142857142,3,0.39759036144578314,0.36309523809523814,0.051536249271440925,0.2794873985103404,0.05172413793103448,3,0.43283582089552236,0.47988505747126436,0.038739800032078574,0.4565969185452644,0.08,6,0.4166666666666667,0.47444444444444434,0.056105466605625556,1,0.4108761329305136,136,0.41842105263157897,0.5096676737160141,0.16764168867445614,south africa,extraction,ZAF,1,1,0.408,0.115,-1,-1,-1,-1,-1,-1,84,2,0
1916,Consolidated Mines Selection Limited,western,-95.7127622,37.0937489,cyanid,5.842259,1,26,0,12,1,3,1,1,3,1,0.3220999599280952,0.07142857142857142,3,0.39759036144578314,0.36309523809523814,0.051536249271440925,0.2794873985103404,0.05172413793103448,3,0.43283582089552236,0.47988505747126436,0.038739800032078574,0.4565969185452644,0.08,6,0.4166666666666667,0.47444444444444434,0.056105466605625556,1,0.4108761329305136,136,0.41842105263157897,0.5096676737160141,0.16764168867445614,united states of america,extraction,USA,0,0,0.07,0.581,1,2,1,1,2,1,98,3,1
1922,Consolidated Mines Selection Limited,western,-95.71276,37.09375,cyanid,1.765726,1,22,0,15,4,5,4,0,1,0,0.5154647149243018,0.1282051282051282,5,0.47435897435897434,0.5042735042735041,0.25623031938821406,0.4082780614264733,0.08695652173913043,4,0.5227272727272727,0.5434782608695652,0.02534242711755218,0.5516296501930135,0.14516129032258066,9,0.512396694214876,0.556451612903226,0.08742931328410859,0.8715055037948062,0.28296703296703296,103,0.45740498034076016,0.5129120879120908,0.1925106518632753,united states of america,extraction,USA,0,0,0.094,0.581,1,2,1,1,2,1,98,3,1
1923,Consolidated Mines Selection Limited,western,-95.71276,37.09375,cyanid,4.345837,1,17,0,15,3,4,3,1,1,1,0.290745909787769,0.06521739130434782,3,0.38392857142857145,0.42355072463768106,0.06651554873857404,0.43936106914507794,0.1,4,0.5263157894736842,0.55,0.017223966084825813,0.5155254251027226,0.125,7,0.47863247863247865,0.5297619047619045,0.04857503845274854,0.8598014353836755,0.2671957671957672,101,0.4523809523809524,0.4984567901234596,0.0949476336004495,united states of america,extraction,USA,0,0,0.096,0.581,1,2,1,1,2,1,98,3,1
1919,Consolidated Mining Smelting Canada Limited,johannesburg,28.0473051,-26.2041028,cyanid,4.205401,1,33,0,19,3,2,2,1,1,0,0.43560121473418417,0.07547169811320754,4,0.4155844155844156,0.29716981132075476,0.055104015481373995,0.2951590726855688,0.046153846153846156,3,0.49242424242424243,0.5128205128205129,0.01135002415685261,0.3711429792500212,0.0875,7,0.47058823529411764,0.5114583333333337,0.03491294891549088,0.9856893462547535,0.300561797752809,107,0.42066420664206644,0.5010299625468193,0.0860138503809407,south africa,extraction,ZAF,1,1,0.408,0.115,-1,-1,-1,-1,-1,-1,84,2,0
1919,Consolidated Mining Smelting Canada Limited,western,-95.7127622,37.0937489,cyanid,4.205401,1,33,0,19,3,2,2,1,1,0,0.43560121473418417,0.07547169811320754,4,0.4155844155844156,0.29716981132075476,0.055104015481373995,0.2951590726855688,0.046153846153846156,3,0.49242424242424243,0.5128205128205129,0.01135002415685261,0.3711429792500212,0.0875,7,0.47058823529411764,0.5114583333333337,0.03491294891549088,0.9856893462547535,0.300561797752809,107,0.42066420664206644,0.5010299625468193,0.0860138503809407,united states of america,extraction,USA,0,0,0.07,0.581,1,2,1,1,2,1,98,3,1
1920,Consolidated Mining Smelting Canada Limited,johannesburg,28.04731,-26.2041,cyanid,3.481129,1,23,0,18,2,2,2,0,0,0,0.22509414339341224,0.037037037037037035,2,0.3724137931034483,0.42283950617283933,0.01616703527080886,0.3227985099646964,0.04918032786885246,3,0.4765625,0.505464480874317,0.009014342597879714,0.40262685359471706,0.0641025641025641,5,0.44571428571428573,0.4893162393162395,0.011884624771566968,0.9999999999999999,0.4348958333333333,167,0.43595769682726204,0.5258246527777803,0.1401348960806776,south africa,extraction,ZAF,1,1,0.408,0.115,-1,-1,-1,-1,-1,-1,84,2,0
1920,Consolidated Mining Smelting Canada Limited,western,-95.71276,37.09375,cyanid,3.481129,1,23,0,18,2,2,2,0,0,0,0.22509414339341224,0.037037037037037035,2,0.3724137931034483,0.42283950617283933,0.01616703527080886,0.3227985099646964,0.04918032786885246,3,0.4765625,0.505464480874317,0.009014342597879714,0.40262685359471706,0.0641025641025641,5,0.44571428571428573,0.4893162393162395,0.011884624771566968,0.9999999999999999,0.4348958333333333,167,0.43595769682726204,0.5258246527777803,0.1401348960806776,united states of america,extraction,USA,0,0,0.078,0.581,1,2,1,1,2,1,98,3,1
1914,Consolidated Mining Smelting Company,western,-95.7127622,37.0937489,cyanid,4.684418,1,6,0,4,0,1,0,1,1,1,0.2236216955330957,0.031746031746031744,2,0.36809815950920244,0.39682539682539664,0.045508741130860925,0.14322273565811433,0.027777777777777776,2,0.4090909090909091,0.45370370370370366,0.003010315470347272,0.20477418907237008,0.04395604395604396,4,0.4099099099099099,0.45604395604395637,0.008008974811830848,0.5940455452647686,0.1361111111111111,49,0.35939323220536756,0.3834259259259238,0.015006539719835874,united states of america,extraction,USA,0,0,0.079,0.581,1,2,1,1,2,1,98,3,1
1917,Consolidated Mining Smelting Company,western,-95.7127622,37.0937489,cyanid,4.684418,1,19,0,14,1,3,1,1,2,1,0.5179183792124559,0.08333333333333333,3,0.4,0.4166666666666667,0.05636054421768708,0.4692335045039351,0.08695652173913043,4,0.5227272727272727,0.5434782608695652,0.040240418891069045,0.6085094500346565,0.11475409836065574,7,0.48412698412698413,0.5314207650273223,0.05978734267220536,0.9999999999999999,0.4851190476190476,163,0.4074074074074074,0.4972222222222238,0.11014765159615436,united states of america,extraction,USA,0,0,0.07,0.581,1,2,1,1,2,1,98,3,1
1911,Consolidated Selectton Limited,transvaal,-81.1830974,43.2325617,amalgama,1.458435,1,15,2.8333329557698393e-4,5,3,3,3,0,1,0,0.22505450881781552,0.05263157894736842,4,0.4010989010989011,0.4364035087719297,0.05015458713945866,0.22897564057717584,0.03333333333333333,3,0.47368421052631576,0.4981481481481482,0.006027570700945274,0.29910611252788577,0.058823529411764705,7,0.45075757575757575,0.49089635854341757,0.021835390203591733,0.020423380231115295,0.019083969465648856,5,0.28125,0.2595147219193029,0.013068848540884574,canada,extraction,CAN,0,1,0.072,0.61,2,1,1,2,1,1,96,0,1
1914,Consolidated Tamar Mines Limited,new zealand,174.885971,-40.900557,cyanid,1.47929,1,14,0,5,2,2,1,1,1,1,0.2997328602445272,0.047619047619047616,3,0.40816326530612246,0.4388888888888887,0.08261343964108941,0.14322273565811425,0.027777777777777776,2,0.4090909090909091,0.45370370370370366,0.003010315470347272,0.23804595203322468,0.054945054945054944,5,0.42924528301886794,0.47435897435897467,0.012616064499726081,0.026753822046122495,0.044444444444444446,16,0.29615384615384616,0.2935218253968256,0.01649657702385157,new zealand,extraction,NA,0,0,NA,NA,NA,NA,NA,NA,NA,NA,NA,NA,NA
1913,Consolidated Welsh Mines Limited,new zealand,174.885971,-40.900557,cyanid,1.095419,1,7,0,3,0,1,0,1,1,1,0.19784087033191033,0.017241379310344827,1,0.3706896551724138,0.30890804597701155,0,0.13809953665478159,0.02531645569620253,2,0.4114583333333333,0.4546413502109704,0.01785928547304065,0.20385230974252783,0.030612244897959183,3,0.4025974025974026,0.4243197278911567,0.01210801152444493,0.03373077414516874,0.02830188679245283,9,0.25130434782608696,0.2807527552810579,0.0178439665960764,new zealand,extraction,NA,0,0,NA,NA,NA,NA,NA,NA,NA,NA,NA,NA,NA
1909,Coolgardie Mines Issuing Syndicate,cumberland,-78.76252,39.65287,cyanid,0.2436647,1,8,175.51748536803723,2,0,0,0,0,0,0,0,0,0,0,0,0,0,0,0,0,0,0,0,0,0,0,0,0,0,0.011235955056179775,2,1,0.0056179775280898875,0,united states of america,extraction,USA,0,0,0.117,0.581,1,1,1,1,1,1,98,1,1
1910,Courtenay Kalb Foster Bain Head,california,-119.4179,36.77826,cyanid,4.377432,1,9,233.1591445976595,3,0,0,0,0,1,0,0,0,0,0,0,0,0.0723147765775363,0.015151515151515152,1,0.3473684210526316,0.3939393939393939,0,0.06760396440907661,0.011363636363636364,1,0.3295880149812734,0.36874999999999986,0,0,0.014218009478672985,3,1,0.009478672985781991,4.513653802753329e-5,united states of america,extraction,USA,0,0,0.098,0.581,1,2,1,1,2,1,98,3,1
1910,Courtenay Kalb Foster Bain Head,mexico,-102.5528,23.6345,cyanid,4.377432,1,9,0,3,0,0,0,0,1,0,0,0,0,0,0,0,0.0723147765775363,0.015151515151515152,1,0.3473684210526316,0.3939393939393939,0,0.06760396440907661,0.011363636363636364,1,0.3295880149812734,0.36874999999999986,0,0,0.014218009478672985,3,1,0.009478672985781991,4.513653802753329e-5,mexico,extraction,MEX,0,0,0.853,0.556,-2,-2,-3,-2,-2,-3,82,0,0
1909,Craiggiemore Proprietary Limited,western,-95.71276,37.09375,cyanid,0.07309942,1,0,0,0,0,0,0,0,0,0,0,0,0,0,0,0,0,0,0,0,0,0,0,0,0,0,0,0,0,0,0,0,0,0,united states of america,extraction,USA,0,0,0.117,0.581,1,1,1,1,1,1,98,1,1
1909,Crcesus Soutli Qqlq Mines Limited,queensland,142.7028,-20.91757,cyanid,0.001315789,1,3,0,0,0,0,0,0,0,0,0,0,0,0,0,0,0,0,0,0,0,0,0,0,0,0,0,0,0,0,0,0,0,0,australia,extraction,AUS,0,1,0.041,0.659,2,2,2,2,2,2,99,2,1
1911,Crcesus Soutli Qqlq Mines Limited,porcupine,-111.7909417,40.6189514,cyanid,0.001315789,1,1,445.1145961558692,0,0,0,0,0,0,0,0,0,0,0,0,0,0,0,0,0,0,0,0,0,0,0,0,0,0,0,0,0,0,0,united states of america,extraction,USA,0,0,0.098,0.581,1,2,1,1,2,1,98,3,1
1912,Crcesus Soutli Qqlq Mines Limited,western,-95.7127622,37.0937489,cyanid,0.001315789,1,1,0,0,0,0,0,0,0,0,0,0,0,0,0,0,0,0,0,0,0,0,0,0,0,0,0,0,0,0,0,0,0,0,united states of america,extraction,USA,0,0,0.098,0.581,1,2,1,1,2,1,98,3,1
1913,Crcesus Soutli Qqlq Mines Limited,western,-95.7127622,37.0937489,cyanid,0.001315789,1,3,0,1,1,1,1,0,0,0,0.19784087033191042,0.017241379310344827,1,0.3706896551724138,0.30890804597701155,0,0.19889486051727132,0.02531645569620253,2,0.38349514563106796,0.4324894514767932,0.002512628768632471,0.2556459398780671,0.030612244897959183,3,0.39574468085106385,0.42040816326530633,0.004776202495380222,0.004573848618848346,0.0031446540880503146,1,0.19619823489477256,0.2048714475601273,0,united states of america,extraction,USA,0,0,0.083,0.581,1,2,1,1,2,1,98,3,1
1915,Crcesus Soutli Qqlq Mines Limited,australia,133.775136,-25.274398,cyanid,0.001315789,1,3,0,0,0,0,0,0,1,0,0,0,0,0,0,0,0.16319973813125388,0.024390243902439025,2,0.40594059405940597,0.4502032520325203,0.0022202271511041665,0.15114676840386057,0.02040816326530612,2,0.384,0.4195578231292519,0.0012080992680367443,0,0,0,0,0,0,australia,extraction,AUS,0,1,0.041,0.659,2,3,3,2,3,3,99,3,1
1917,Crescens Matabele Mines Land Limited,johannesburg,28.0473051,-26.2041028,cyanid,5.47192,1,6,0,5,0,0,0,0,0,0,0,0,0,0,0,0,0,0,0,0,0,0,0,0,0,0,0,0,0.2644385348934247,0.2619047619047619,88,0.38433734939759034,0.46999007936507914,0.10869476010720297,south africa,extraction,ZAF,1,1,0.408,0.115,-1,-1,-1,-1,-1,-1,84,2,0
1910,Crowhn Mines Limited,transvaal,-81.1831,43.23256,cyanid,4.5725,1,10,0,6,0,0,0,0,0,0,0,0,0,0,0,0,0,0,0,0,0,0,0,0,0,0,0,0,0.7532363099594879,0.2938388625592417,62,0.3752620545073375,0.43560144436921644,0.04360400262772833,canada,extraction,CAN,0,1,0.074,0.597,2,1,1,2,1,1,96,0,1
1912,Crowhn Mines Limited,johannesburg,28.0473051,-26.2041028,amalgama,4.574725,1,8,0,3,0,0,0,0,0,0,0,0,0,0,0,0,0,0,0,0,0,0,0,0,0,0,0,0,0.5990738070204474,0.2268370607028754,71,0.3181818181818182,0.4259445205132096,0.011353054091714328,south africa,extraction,ZAF,1,1,0.408,0.115,-1,-1,-1,-1,-1,-2,84,2,0
1912,Crowhn Mines Limited,transvaal,-81.1830974,43.2325617,cyanid,4.574725,1,8,0,3,0,0,0,0,0,0,0,0,0,0,0,0,0,0,0,0,0,0,0,0,0,0,0,0,0.5990738070204474,0.2268370607028754,71,0.3181818181818182,0.4259445205132096,0.011353054091714328,canada,extraction,CAN,0,1,0.072,0.61,2,1,1,2,1,1,96,0,1
1913,Crowhn Mines Limited,transvaal,-81.1830974,43.2325617,cyanid,4.576952,1,8,0,1,0,0,0,0,1,0,0,0,0,0,0,0,0.05463174355107244,0.012658227848101266,1,0.32113821138211385,0.36392405063291133,0,0.05681765265575403,0.01020408163265306,1,0.31313131313131315,0.3340136054421768,0,0.17751082622563694,0.03459119496855346,11,0.28500986193293887,0.3246473041284362,0.0028241489536822138,canada,extraction,CAN,0,1,0.072,0.61,2,1,1,2,1,1,96,0,1
1914,Crowhn Mines Limited,transvaal,-81.1830974,43.2325617,cyanid,8.535754,1,14,0,5,0,0,0,0,0,0,0,0,0,0,0,0,0,0,0,0,0,0,0,0,0,0,0,0,0.5629770551877453,0.21666666666666667,78,0.36363636363636365,0.4090740740740723,0.07740142935182054,canada,extraction,CAN,0,1,0.067,0.61,2,1,1,2,1,1,96,0,1
1915,Crowhn Mines Limited,transvaal,-81.1830974,43.2325617,cyanid,8.235257,1,5,0,1,0,0,0,0,0,0,0,0,0,0,0,0,0,0,0,0,0,0,0,0,0,0,0,0,0.2042055275037362,0.07102272727272728,25,0.3635334088335221,0.39736201298701135,0.0075410660845721955,canada,extraction,CAN,0,1,0.067,0.61,2,2,1,2,2,1,98,0,1
1916,Crowhn Mines Limited,transvaal,-81.1830974,43.2325617,cyanid,8.235257,1,8,0,3,0,0,0,1,3,1,0.11877210235621671,0.023809523809523808,1,0.28695652173913044,0.2642857142857141,0,0.22801253547432007,0.034482758620689655,2,0.42028985507246375,0.4640804597701149,0.014455752393282442,0.28024958264923594,0.04,3,0.39473684210526316,0.44266666666666654,0.014995287868746833,0.433712440484097,0.2084592145015106,69,0.3663594470046083,0.4467270896273898,0.04315568792439161,canada,extraction,CAN,0,1,0.067,0.61,2,2,1,2,2,1,98,0,1
1919,Crowhn Mines Limited,transvaal,-81.1830974,43.2325617,cyanid,3.62803,1,15,0,8,0,1,0,1,1,1,3.9222349925531285e-17,0.018867924528301886,1,0.3103448275862069,0.06446540880503145,0,0.28264414404421323,0.046153846153846156,3,0.49242424242424243,0.5128205128205129,0.012872517591543384,0.2782373912045878,0.05,4,0.449438202247191,0.4847916666666671,0.01754691990831449,0.7437219880886776,0.21348314606741572,76,0.4373401534526854,0.4869382022471937,0.05621092961325204,canada,extraction,CAN,0,1,0.067,0.631,2,2,1,2,2,1,98,0,1
1920,Crowhn Mines Limited,transvaal,-81.1831,43.23256,cyanid,2.728029,1,8,0,5,1,1,1,0,0,0,0.002962136823057589,0.018518518518518517,1,0.20074349442379183,0.22579365079365052,0,0.1991295877518614,0.03278688524590164,2,0.3765432098765432,0.42896174863387976,0.0013853022292698513,0.1854604226779309,0.038461538461538464,3,0.3561643835616438,0.40811965811965795,0.006037470692494471,0.2204178430901368,0.09895833333333333,38,0.37703252032520324,0.4228174603174606,0.010591272354116903,canada,extraction,CAN,0,1,0.067,0.631,2,1,1,2,2,1,98,0,1
1921,Crowhn Mines Limited,transvaal,-81.1831,43.23256,cyanid,2.728029,1,8,0,7,0,0,0,0,0,0,0,0,0,0,0,0,0,0,0,0,0,0,0,0,0,0,0,0,0.33924863018038315,0.1347708894878706,50,0.3910186199342826,0.4373315363881409,0.06136912478060349,canada,extraction,CAN,0,1,0.067,0.631,2,1,1,2,2,1,98,0,1
1922,Crowhn Mines Limited,transvaal,-81.1831,43.23256,cyanid,6.519141,1,6,0,4,0,0,0,0,0,0,0,0,0,0,0,0,0,0,0,0,0,0,0,0,0,0,0,0,0.5330581519021284,0.11263736263736264,41,0.3631633714880333,0.40236132914704165,0.004447177993544022,canada,extraction,CAN,0,1,0.07,0.631,2,1,1,2,2,1,98,0,1
1923,Crowhn Mines Limited,transvaal,-81.1831,43.23256,cyanid,5.126459,1,8,0,6,0,0,0,0,0,0,0,0,0,0,0,0,0,0,0,0,0,0,0,0,0,0,0,0,0.5004320699136344,0.1402116402116402,53,0.3980154355016538,0.43875661375661507,0.04799055226457614,canada,extraction,CAN,0,1,0.07,0.631,2,1,1,2,2,1,98,0,1
1908,Crown Collieries Limited,transvaal,-81.1831,43.23256,cyanid,1.216545,1,12,0,2,0,1,0,0,0,0,0,0,0,0,0,0,0.075392156040686,0.012658227848101266,1,0.34649122807017546,0.39240506329113917,0,0.06861240043009197,0.009259259259259259,1,0.32432432432432434,0.3629629629629628,0,0.10853522444888505,0.06578947368421052,5,0.329608938547486,0.31008771929824547,0.007839429022808524,canada,extraction,CAN,0,1,0.074,0.597,2,1,1,2,1,1,96,0,1
1895,Crown Deep Limited,london,-0.1277583,51.50735,cyanid,2.729045,1,38,0,11,4,8,4,2,0,0,0.3359206453733103,0.0625,2,0.37681159420289856,0.3567708333333334,0.061203917050691246,0.4806117856032478,0.125,4,0.5333333333333333,0.5625,0.05004509214098976,0.5609676878992492,0.13333333333333333,6,0.4787234042553192,0.5314814814814813,0.0564065472989388,0.8251574221741351,0.2571428571428571,9,0.36764705882352944,0.34476190476190477,0.0500861230272995,united kingdom,extraction,GBR,1,1,0.028,0.73,2,2,NA,2,2,NA,98,3,1
1909,Crown Deep Limited,transvaal,-81.1831,43.23256,cyanid,2.729045,1,6,0,3,0,1,0,0,0,0,0,0,0,0,0,0,0.06924109956665807,0.013157894736842105,1,0.336283185840708,0.38157894736842096,0,0.060910802984775914,0.010309278350515464,1,0.32646048109965636,0.3577319587628865,0,0.8463750746715782,0.20224719101123595,36,0.4088235294117647,0.39855537720706286,0.03982773775318119,canada,extraction,CAN,0,1,0.074,0.597,2,1,1,2,1,1,96,0,1
1894,Crown Reef Gold Mining Company,johannesburg,28.04731,-26.2041,cyanid,1.053468,1,12,9215.796431216804,0,0,0,0,0,3,0,0,0,0,0,0,0,0.5041279727680152,0.23076923076923078,3,0.5416666666666666,0.6025641025641025,0.03209785229015998,0.4687687040257991,0.16666666666666666,3,0.45,0.5231481481481481,0.016742259712772725,0,0,0,0,0,0,south africa,extraction,ZAF,1,1,NA,NA,NA,NA,NA,NA,NA,NA,NA,NA,NA
1908,Crown Reef Gold Mining Company,johannesburg,28.04731,-26.2041,cyanid,1.053468,1,8,0,1,0,0,0,0,1,0,0,0,0,0,0,0,0.07144419848945108,0.012658227848101266,1,0.34347826086956523,0.3892405063291139,0,0.06760491552178303,0.009259259259259259,1,0.31671554252199413,0.3574074074074073,0,0.18100474200047723,0.13157894736842105,10,0.33714285714285713,0.33508771929824527,0.048943412554731655,south africa,extraction,ZAF,1,1,0.408,0.115,NA,NA,NA,NA,NA,NA,NA,-2,0
1909,Crown Reef Gold Mining Company,johannesburg,28.04731,-26.2041,cyanid,1.053468,1,9,0,7,0,1,0,0,0,0,0,0,0,0,0,0,0.0741560849684345,0.013157894736842105,1,0.34234234234234234,0.38815789473684204,0,0.06762361635260217,0.010309278350515464,1,0.3310104529616725,0.3628865979381442,0,0.7445785225970329,0.16292134831460675,29,0.388268156424581,0.37533440342429175,0.014080013223524665,south africa,extraction,ZAF,1,1,0.408,0.115,NA,NA,NA,NA,NA,NA,NA,-2,0
1910,Crown Reef Gold Mining Company,transvaal,-81.1831,43.23256,cyanid,1.053468,1,2,0,0,0,0,0,0,0,0,0,0,0,0,0,0,0,0,0,0,0,0,0,0,0,0,0,0,0.5322408482748288,0.15639810426540285,33,0.3383742911153119,0.3731381178063645,0.004379216049357458,canada,extraction,CAN,0,1,0.074,0.597,2,1,1,2,1,1,96,0,1
1913,Croydon Consols Tin Limited,queensland,142.7027956,-20.9175738,cyanid,0.04868549,1,3,0,2,0,0,0,0,0,0,0,0,0,0,0,0,0,0,0,0,0,0,0,0,0,0,0,0,0.001780106725740425,0.009433962264150943,3,0.2118768328445748,0.2228920188825858,0.00865828206760294,australia,extraction,AUS,0,1,0.041,0.659,2,3,2,2,3,2,99,2,1
1909,Croydon Goldfields Limited,western,-95.71276,37.09375,cyanid,0.0032115010000000003,1,0,0,0,0,0,0,0,0,0,0,0,0,0,0,0,0,0,0,0,0,0,0,0,0,0,0,0,0,0,0,0,0,0,united states of america,extraction,USA,0,0,0.117,0.581,1,1,1,1,1,1,98,1,1
1908,Crusoe Gold Claims Limited,western,-95.71276,37.09375,cyanid,0.0033527979999999997,1,0,0,0,0,0,0,0,0,0,0,0,0,0,0,0,0,0,0,0,0,0,0,0,0,0,0,0,0,0,0,0,0,0,united states of america,extraction,USA,0,0,0.117,0.581,1,1,1,1,1,1,98,1,1
1909,Cuadro Consolidated Limited,barberton,-81.60512,41.01283,cyanid,0.05525828,1,3,249.0143774464526,1,0,1,0,0,0,0,0,0,0,0,0,0,0.07415608496843451,0.013157894736842105,1,0.34234234234234234,0.38815789473684204,0,0.0676236163526022,0.010309278350515464,1,0.3310104529616725,0.3628865979381442,0,0,0.0056179775280898875,1,1,0.0056179775280898875,0,united states of america,extraction,USA,0,0,0.117,0.581,1,1,1,1,1,1,98,1,1
1910,Curhar London Western Union,rhodesia,-97.21348,32.82943,cyanid,0.48638129999999996,1,0,0,0,0,0,0,0,0,0,0,0,0,0,0,0,0,0,0,0,0,0,0,0,0,0,0,0,0,0,0,0,0,0,united states of america,extraction,USA,0,0,0.098,0.581,1,2,1,1,2,1,98,3,1
1887,Darien Gold Mtntng Company,united states,-95.712891,37.09024,amalgama,0.7768046999999999,1,2,0,0,0,0,0,0,0,0,0,0,0,0,0,0,0,0,0,0,0,0,0,0,0,0,0,0,0,0,0,0,0,0,united states of america,extraction,USA,0,0,0.147,0.415,1,1,NA,1,1,NA,90,1,1
1888,Darien Gold Mtntng Company,united states,-95.712891,37.09024,amalgama,0.7768046999999999,1,2,0,0,0,0,0,0,0,0,1,1,1,1,1,0,0,0,0,0,0,0,0,0.125,1,1,0.125,0,0,0,0,0,0,0,united states of america,extraction,USA,0,0,0.147,0.478,1,1,NA,1,1,NA,90,1,1
1891,Darien Gold Mtntng Company,united states,-95.712891,37.09024,amalgama,0.7768046999999999,1,4,0,0,0,0,0,0,0,0,0,0,0,0,0,0,0,0,0,0,0,0,0,0,0,0,0,0,0,0,0,0,0,0,united states of america,extraction,USA,0,0,0.147,0.478,1,1,NA,1,1,NA,95,1,1
1894,Darien Gold Mtntng Company,united states,-95.71289,37.09024,amalgama,0.7768046999999999,1,4,1648.7320010707338,0,0,0,0,1,2,1,0,0.1111111111111111,1,1,0.1111111111111111,0,0.6685119065585549,0.3076923076923077,4,0.5909090909090909,0.6538461538461539,0.05334060317091991,0.6470131988921467,0.2777777777777778,5,0.5,0.5972222222222223,0.13894787464066838,0,0,0,0,0,0,united states of america,extraction,USA,0,0,0.147,0.478,1,1,NA,1,1,NA,95,1,1
1903,Darien Gold Mtntng Company,colombia,-74.29733,4.570868,amalgama,0.48780490000000004,1,4,3485.8647980645387,0,0,0,0,0,0,0,0,0,0,0,0,0,0,0,0,0,0,0,0,0,0,0,0,0,0,0,0,0,0,0,colombia,extraction,COL,0,0,0.571,0.189,-1,-2,-3,-1,-2,-3,64,-1,0
1916,Darymusu West Coast Development Company,london,-0.1277583,51.5073509,cyanid,18.827455,1,2,0,0,0,0,0,0,0,0,0,0,0,0,0,0,0,0,0,0,0,0,0,0,0,0,0,0,0,0,0,0,0,0,united kingdom,extraction,GBR,1,1,0.031,0.73,2,2,2,2,2,2,94,3,1
1908,Day Block Company,queensland,142.7028,-20.91757,cyanid,2.238443,1,8,1661.876604165504,0,0,0,0,3,4,3,0.08259605863251993,0.028169014084507043,2,0.26591760299625467,0.3090543259557345,0.028169014084507043,0.16772967107531858,0.02531645569620253,2,0.42473118279569894,0.46413502109704646,0.0011394947857551521,0.1724309602535953,0.037037037037037035,4,0.3898916967509025,0.4382716049382719,0.02094049245976454,0,0,0,0,0,0,australia,extraction,AUS,0,1,0.041,0.659,2,2,2,2,2,2,99,2,1
1909,Day Dawn Block And Wyndham Gold,queensland,142.7028,-20.91757,cyanid,2.241715,1,8,0,7,3,4,3,0,0,0,0.11123643492449833,0.029850746268656716,2,0.2765957446808511,0.3125799573560768,0.003618272274988693,0.1668187261121073,0.02631578947368421,2,0.4367816091954023,0.47258771929824567,0.0024975816419399322,0.17537941372241317,0.041237113402061855,4,0.4222222222222222,0.45446735395189036,0.009570769343740624,1.5635911526600818e-5,0.033707865168539325,6,0.17572692793931732,0.15389042917132814,0.008760236145496095,australia,extraction,AUS,0,1,0.041,0.659,2,2,2,2,2,2,99,2,1
1894,Day Dawn Gold Mines Limited,england,-1.17432,52.35552,cyanid,2.288218,1,18,179.97291655653515,0,0,0,0,2,4,2,0.6339745962155613,0.2222222222222222,2,0.5384615384615384,0.4814814814814814,0.027777777777777776,0.4883722307526753,0.23076923076923078,3,0.5416666666666666,0.6025641025641025,0.030547774665421724,0.62723578209032,0.2777777777777778,5,0.5294117647058824,0.6111111111111112,0.08748928353887987,0,0,0,0,0,0,united kingdom,extraction,GBR,1,1,0.028,0.73,2,2,NA,2,2,NA,98,3,1
1895,Day Dawn Gold Mines Limited,england,-1.17432,52.35552,cyanid,2.288218,1,35,0,10,4,4,4,2,2,0,0.41978487030432876,0.09375,3,0.4126984126984127,0.39322916666666674,0.17000288018433182,0.37050819752798436,0.09375,3,0.47058823529411764,0.5182291666666667,0.02459041659602669,0.4838219131281779,0.13333333333333333,6,0.45918367346938777,0.52037037037037015,0.0671561900139202,0.010954417877396629,0.11428571428571428,4,0.30120481927710846,0.2917006802721087,0.054265603677368386,united kingdom,extraction,GBR,1,1,0.028,0.73,2,2,NA,2,2,NA,98,3,1
1914,Day Dawn Gold Mines Limited,queensland,142.7027956,-20.9175738,cyanid,0.4930966,1,7,0,2,1,0,0,2,3,2,0.0812104268144775,0.015873015873015872,1,0.2843601895734597,0.3076719576719577,0,0.17408969739500027,0.027777777777777776,2,0.41379310344827586,0.4571759259259259,0.0013514741469788734,0.19495898244739907,0.03296703296703297,3,0.39565217391304347,0.4404761904761907,0.003653747905292865,0.07439263818293887,0.019444444444444445,7,0.308,0.30134589947089924,0.0392785389113989,australia,extraction,AUS,0,1,0.041,0.659,2,3,2,2,3,2,99,2,1
1914,Day Dawn Gold Mines Limited,london,-0.1277583,51.5073509,cyanid,0.4930966,1,7,0,2,1,0,0,2,3,2,0.0812104268144775,0.015873015873015872,1,0.2843601895734597,0.3076719576719577,0,0.17408969739500027,0.027777777777777776,2,0.41379310344827586,0.4571759259259259,0.0013514741469788734,0.19495898244739907,0.03296703296703297,3,0.39565217391304347,0.4404761904761907,0.003653747905292865,0.07439263818293887,0.019444444444444445,7,0.308,0.30134589947089924,0.0392785389113989,united kingdom,extraction,GBR,1,1,0.028,0.73,2,2,2,2,2,2,98,3,1
1917,Derby Street Mills Bury Lancs,buffalo,-78.8783689,42.8864468,cyanid,1.667461,1,4,27.035452065713354,2,1,0,0,0,0,0,0.05424052492220533,0.027777777777777776,1,0.2711864406779661,0.28194444444444433,0,0,0,0,0,0,0,0.020053078764715838,0.01639344262295082,1,0.2675438596491228,0.29180327868852457,0,0.037329615144393494,0.017857142857142856,6,0.3023696682464455,0.3260841836734693,1.310550983272526e-4,united states of america,extraction,USA,0,0,0.07,0.581,1,2,1,1,2,1,98,3,1
1917,Derby Street Mills Bury Lancs,roodepoort,27.9014654,-26.1201355,cyanid,1.667461,1,4,0,2,1,0,0,0,0,0,0.05424052492220533,0.027777777777777776,1,0.2711864406779661,0.28194444444444433,0,0,0,0,0,0,0,0.020053078764715838,0.01639344262295082,1,0.2675438596491228,0.29180327868852457,0,0.037329615144393494,0.017857142857142856,6,0.3023696682464455,0.3260841836734693,1.310550983272526e-4,south africa,extraction,ZAF,1,1,0.408,0.115,-1,-1,-1,-1,-1,-1,84,2,0
1917,Dome Mines Limited,porcupine,-111.7909417,40.6189514,cyanid,5,1,4,0,0,0,0,0,1,0,0,0.4088519677535453,0.05555555555555555,2,0.3404255319148936,0.37685185185185177,0.012471655328798186,0,0,0,0,0,0,0.11743955976355974,0.03278688524590164,2,0.29901960784313725,0.34781420765027327,0.0014398457045629563,0,0,0,0,0,0,united states of america,extraction,USA,0,0,0.07,0.581,1,2,1,1,2,1,98,3,1
1919,Dome Mines Limited,porcupine,-111.7909417,40.6189514,cyanid,5,1,9,0,0,0,0,0,0,3,0,0,0,0,0,0,0,0.2666698916841143,0.046153846153846156,3,0.4452054794520548,0.4858974358974359,0.008689992372135871,0.2545302739311342,0.0375,3,0.41237113402061853,0.45458333333333334,0.005467510275228686,0,0,0,0,0,0,united states of america,extraction,USA,0,0,0.07,0.581,1,2,1,1,2,1,98,3,1
1920,Dome Mines Limited,porcupine,-111.7909,40.61895,cyanid,5,1,6,0.0035319878570428628,4,1,1,0,0,0,0,0.21836681862294963,0.037037037037037035,2,0.40601503759398494,0.4506172839506171,0.07329442474189053,0.10587932409349125,0.01639344262295082,1,0.3630952380952381,0.40983606557377045,0,0.1969656504542284,0.038461538461538464,3,0.40414507772020725,0.44978632478632463,0.014045067737967333,0,0,0,0,0,0,united states of america,extraction,USA,0,0,0.078,0.581,1,2,1,1,2,1,98,3,1
1921,Dome Mines Limited,porcupine,-111.7909,40.61895,cyanid,5,1,11,0,4,0,0,0,0,0,0,0,0,0,0,0,0,0,0,0,0,0,0,0,0,0,0,0,0,0.0015444071749256118,0.0026954177897574125,1,0.2408906882591093,0.24311384931331104,0,united states of america,extraction,USA,0,0,0.095,0.581,1,2,1,1,2,1,98,3,1
1923,Dome Mines Limited,porcupine,-111.7909,40.61895,cyanid,5,1,3,0,2,0,0,0,0,0,0,0,0,0,0,0,0,0,0,0,0,0,0,0,0,0,0,0,0,0.016364848501859628,0.015873015873015872,6,0.339924670433145,0.35066137566137384,6.032299502436967e-4,united states of america,extraction,USA,0,0,0.096,0.581,1,2,1,1,2,1,98,3,1
1908,Driefontein Deep Limited,transvaal,-81.1831,43.23256,cyanid,1.3382,1,12,0,1,0,1,0,1,2,1,0.029801443484626475,0.014084507042253521,1,0.24067796610169492,0.2682092555331993,0,0.3037857536678945,0.05063291139240506,4,0.512987012987013,0.5253164556962026,0.009978129050984812,0.2982161613961599,0.046296296296296294,5,0.4235294117647059,0.46759259259259284,0.007174585290608619,0.0526049483396464,0.013157894736842105,1,0.23412698412698413,0.21743421052631556,0,canada,extraction,CAN,0,1,0.074,0.597,2,1,1,2,1,1,96,0,1
1895,Dubban Roodepoort Deep,roodepoort,27.90147,-26.12014,cyanid,0.002028348,1,4,13.909994985797335,2,0,0,0,0,0,0,0,0,0,0,0,0,0,0,0,0,0,0,0,0,0,0,0,0,5.370073243870108e-17,0.05714285714285714,2,0.75,0.07142857142857142,8.403361344537816e-4,south africa,extraction,ZAF,1,1,NA,NA,NA,NA,NA,NA,NA,NA,NA,NA,NA
1895,Dubban Roodepoort Deep,western,-95.71276,37.09375,cyanid,0.002028348,1,4,0.3897089972915591,2,0,0,0,0,0,0,0,0,0,0,0,0,0,0,0,0,0,0,0,0,0,0,0,0,5.370073243870108e-17,0.05714285714285714,2,0.75,0.07142857142857142,8.403361344537816e-4,united states of america,extraction,USA,0,0,0.147,0.478,1,1,NA,1,1,NA,95,1,1
1912,Dubban Roodepoort Deep,roodepoort,27.9014654,-26.1201355,cyanid,0.2313869,1,4,0,0,0,0,0,0,0,0,0,0,0,0,0,0,0,0,0,0,0,0,0,0,0,0,0,0,0,0,0,0,0,0,south africa,extraction,ZAF,1,1,0.408,0.115,-1,-1,-1,-1,-1,-2,84,2,0
1912,Dubban Roodepoort Gold Mining,roodepoort,27.9014654,-26.1201355,cyanid,2.190847,0,0,0,0,0,0,0,0,0,0,0,0,0,0,0,0,0,0,0,0,0,0,0,0,0,0,0,0,0,0,0,0,0,0,south africa,extraction,ZAF,1,1,0.408,0.115,-1,-1,-1,-1,-1,-2,84,2,0
1921,Dubban Roodepoort Gold Mining,england,-1.17432,52.35552,cyanid,2.190847,1,0,0,0,0,0,0,0,0,0,0,0,0,0,0,0,0,0,0,0,0,0,0,0,0,0,0,0,0,0,0,0,0,0,united kingdom,extraction,GBR,1,1,0.028,0.73,2,2,1,2,2,1,89,3,1
1910,Durban Roodepoort Deep Limited,roodepoort,27.90147,-26.12014,cyanid,0.7890224,1,12,0,9,1,3,0,0,0,0,0.2704740002357006,0.03508771929824561,2,0.41007194244604317,0.45029239766081847,0.010194663683164353,0.33284397811175215,0.06060606060606061,4,0.515625,0.5303030303030303,0.016728116501165746,0.4021868429408684,0.06818181818181818,6,0.4756756756756757,0.5075757575757579,0.019147290873782453,0.3420467114107922,0.14691943127962084,31,0.3516699410609037,0.3843883999097268,0.03491799948107662,south africa,extraction,ZAF,1,1,0.408,0.115,-1,-2,-3,-1,-2,-3,82,-2,0
1911,Durban Roodepoort Deep Limited,roodepoort,27.9014654,-26.1201355,cyanid,0.7890224,1,9,6.783971077916973e-4,5,0,0,0,0,0,0,0,0,0,0,0,0,0,0,0,0,0,0,0,0,0,0,0,0,0.5154218280340526,0.18702290076335878,49,0.4260355029585799,0.4230916030534341,0.022217042179117786,south africa,extraction,ZAF,1,1,0.408,0.115,-1,-1,-1,-1,-1,-2,84,2,0
1913,Durban Roodepoort Deep Limited,johannesburg,28.0473051,-26.2041028,cyanid,0.7890224,1,4,0,1,0,0,0,0,0,0,0,0,0,0,0,0,0,0,0,0,0,0,0,0,0,0,0,0,0.09625311917940237,0.0220125786163522,7,0.2557522123893805,0.2843246027208302,0.0013936336628099365,south africa,extraction,ZAF,1,1,0.408,0.115,-1,-1,-1,-1,-1,-1,84,2,0
1916,Durban Roodepoort Deep Limited,roodepoort,27.9014654,-26.1201355,cyanid,1.668255,1,2,0,2,0,0,0,0,0,0,0,0,0,0,0,0,0,0,0,0,0,0,0,0,0,0,0,0,0.2627333731134217,0.09063444108761329,30,0.3419354838709677,0.39665515753128877,0.0034767329291217016,south africa,extraction,ZAF,1,1,0.408,0.115,-1,-1,-1,-1,-1,-1,84,2,0
1922,Durban Roodepoort Deep Limited,england,-1.17432,52.35552,cyanid,1.550044,1,5,0,4,1,0,0,0,0,0,0.22177456628148332,0.02564102564102564,1,0.31896551724137934,0.3572649572649573,0,0,0,0,0,0,0,0.07334908619469595,0.016129032258064516,1,0.2966507177033493,0.3327956989247312,0,0.08043874625510097,0.057692307692307696,21,0.37167199148029817,0.4055664573521704,0.039758452880532556,united kingdom,extraction,GBR,1,1,0.027,0.73,2,2,1,2,2,1,89,3,1
1909,Durban Roodepoort Gold Mining Company,western,-95.71276,37.09375,cyanid,0.4385965,1,8,0,1,0,1,0,1,0,0,0.3016649702580801,0.029850746268656716,2,0.38461538461538464,0.4184079601990048,0.007861400496179036,0.23634104500409076,0.039473684210526314,3,0.4578313253012048,0.4912280701754386,0.005194960401883315,0.298225635557918,0.05154639175257732,5,0.4460093896713615,0.4742268041237116,0.00797414863496922,8.257335173840627e-4,0.011235955056179775,2,0.21517027863777088,0.18902933832709126,0.008760236145496095,united states of america,extraction,USA,0,0,0.117,0.581,1,1,1,1,1,1,98,1,1
1911,Durban Roodepoort Gold Mining Company,roodepoort,27.9014654,-26.1201355,cyanid,0.43753040000000004,1,7,6.783971077916973e-4,4,1,0,0,0,0,0,0.2237257705656268,0.02631578947368421,2,0.4010989010989011,0.4254385964912279,0.010731278927321465,0,0,0,0,0,0,0.08025167225601741,0.01680672268907563,2,0.3269230769230769,0.3703081232492996,0.0012778868841300988,0.14168546254959996,0.03435114503816794,9,0.3157894736842105,0.2890312613595066,0,south africa,extraction,ZAF,1,1,0.408,0.115,-1,-1,-1,-1,-1,-2,84,2,0
1914,Durban Roodepoort Gold Mining Company,johannesburg,28.0473051,-26.2041028,cyanid,1.665081,1,12,0,3,0,1,0,1,1,1,0.031378631844599554,0.015873015873015872,1,0.26666666666666666,0.27989417989417986,0,0.256213992533823,0.041666666666666664,3,0.4931506849315068,0.5115740740740741,0.008650763473096193,0.26330037071517554,0.04395604395604396,4,0.4375,0.47527472527472564,0.0068878924281105,0.19176676569807552,0.07777777777777778,28,0.32116788321167883,0.3377810846560835,0.01830479577988973,south africa,extraction,ZAF,1,1,0.408,0.115,-1,-1,-1,-1,-1,-1,84,2,0
1914,Durban Roodepoort Gold Mining Company,roodepoort,27.9014654,-26.1201355,cyanid,1.665081,1,12,0,3,0,1,0,1,1,1,0.031378631844599554,0.015873015873015872,1,0.26666666666666666,0.27989417989417986,0,0.256213992533823,0.041666666666666664,3,0.4931506849315068,0.5115740740740741,0.008650763473096193,0.26330037071517554,0.04395604395604396,4,0.4375,0.47527472527472564,0.0068878924281105,0.19176676569807552,0.07777777777777778,28,0.32116788321167883,0.3377810846560835,0.01830479577988973,south africa,extraction,ZAF,1,1,0.408,0.115,-1,-1,-1,-1,-1,-1,84,2,0
1915,Durban Roodepoort Gold Mining Company,roodepoort,27.9014654,-26.1201355,cyanid,1.665081,1,5,0,3,1,2,1,0,0,0,0.02041412789447574,0.016129032258064516,1,0.2571428571428571,0.246774193548387,0,0.22356014175627045,0.036585365853658534,3,0.44086021505376344,0.47967479674796754,0.006974814557477349,0.21854980813787642,0.04081632653061224,4,0.41739130434782606,0.4535714285714288,0.010371056271957554,0.09352659239663297,0.028409090909090908,10,0.3077660594439118,0.3252671807359303,0.005306615972530458,south africa,extraction,ZAF,1,1,0.408,0.115,-1,-1,-1,-1,-1,-1,84,2,0
1919,Durban Roodepoort Gold Mining Company,england,-1.1743197,52.3555177,cyanid,1.992032,1,12,0,10,2,2,1,0,0,0,0.2408259258610255,0.018867924528301886,1,0.3516483516483517,0.24056603773584911,0,0.1849466155029336,0.03076923076923077,2,0.40625,0.45256410256410257,0.0028106765515520746,0.22492173727052459,0.0375,3,0.39603960396039606,0.44208333333333316,0.0034446484905564477,0.5620459186955783,0.16853932584269662,60,0.4037780401416765,0.45056179775281,0.03912169946458817,united kingdom,extraction,GBR,1,1,0.028,0.73,2,2,1,2,2,1,89,3,1
1920,Durban Roodepoort Gold Mining Company,england,-1.17432,52.35552,cyanid,1.992032,1,10,0,8,1,1,0,0,0,0,0.1835021065170802,0.018518518518518517,1,0.33540372670807456,0.38765432098765434,0,0.10587932409349127,0.01639344262295082,1,0.3630952380952381,0.40983606557377045,0,0.17810354855153473,0.02564102564102564,2,0.37320574162679426,0.41880341880341865,0.0013265079020587543,0.28989851971234604,0.17447916666666666,67,0.3901156677181914,0.44691840277777917,0.013096516806892246,united kingdom,extraction,GBR,1,1,0.028,0.73,2,2,1,2,2,1,89,3,1
1923,Durban Roodepoort Gold Mining Company,england,-1.17432,52.35552,cyanid,1.601098,1,10,0,0,0,0,0,0,0,0,0,0,0,0,0,0,0,0,0,0,0,0,0,0,0,0,0,0,0.15701952587595988,0.021164021164021163,8,0.3438095238095238,0.359832451499116,0,united kingdom,extraction,GBR,1,1,0.027,0.73,2,2,1,2,2,1,89,3,1
1913,Easet Rand Mining Estates Limited,london,-0.1277583,51.5073509,cyanid,4.868549,1,10,0,3,2,0,0,0,0,0,0.19784087033191045,0.017241379310344827,1,0.3706896551724138,0.30890804597701155,0,0,0,0,0,0,0,0.06540469167778878,0.01020408163265306,1,0.29523809523809524,0.31224489795918364,0,0.0657683794538311,0.02830188679245283,9,0.24721984602224123,0.2811757861286173,0.007793040860908463,united kingdom,extraction,GBR,1,1,0.028,0.73,2,2,2,2,2,2,98,3,1
1917,Easet Rand Mining Estates Limited,london,-0.1277583,51.5073509,cyanid,4.868549,1,8,0,5,0,0,0,0,1,0,0,0,0,0,0,0,0.11767304954076109,0.021739130434782608,1,0.3333333333333333,0.3804347826086956,0,0.11373305240735226,0.01639344262295082,1,0.31443298969072164,0.3549180327868854,0,0.022584888038792314,0.050595238095238096,17,0.3235294117647059,0.3628968253968244,0.02922057330845725,united kingdom,extraction,GBR,1,1,0.028,0.73,2,2,2,2,2,2,94,3,1
1910,East Band Proprietary,london,-0.1277583,51.50735,cyanid,4.863813,1,0,0,0,0,0,0,0,0,0,0,0,0,0,0,0,0,0,0,0,0,0,0,0,0,0,0,0,0,0,0,0,0,0,united kingdom,extraction,GBR,1,1,0.028,0.73,2,2,2,2,2,2,98,3,1
1911,East Band Proprietary,london,-0.1277583,51.5073509,cyanid,4.861449,1,0,1.0013217677085525e-4,0,0,0,0,0,0,0,0,0,0,0,0,0,0,0,0,0,0,0,0,0,0,0,0,0,0,0,0,0,0,0,united kingdom,extraction,GBR,1,1,0.028,0.73,2,2,2,2,2,2,98,3,1
1922,East Band Proprietary,london,-0.1277583,51.50735,cyanid,2.878654,0,0,0,0,0,0,0,0,0,0,0,0,0,0,0,0,0,0,0,0,0,0,0,0,0,0,0,0,0,0,0,0,0,0,united kingdom,extraction,GBR,1,1,0.027,0.73,2,2,1,2,2,1,89,3,1
1909,East Gwanda Mines Limited,chilian,-71.54297,-35.67515,cyanid,2.918288,1,5,0,1,0,1,0,1,1,1,0.018482925410446643,0.014925373134328358,1,0.24904214559386972,0.2620824449182658,0,0.24097481108054186,0.039473684210526314,3,0.48717948717948717,0.5076754385964912,0.00829126696373345,0.22341904693788256,0.041237113402061855,4,0.4377880184331797,0.4647766323024058,0.009250288835341647,4.549720080655109e-7,0.0056179775280898875,1,0.1444906444906445,0.12549734909285457,0,chile,extraction,CHL,0,0,0.276,0.272,0,1,-1,0,1,-1,97,1,1
1910,East Gwanda Mines Limited,chilian,-71.54297,-35.67515,cyanid,2.918288,1,5,0,2,0,1,0,0,0,0,0,0,0,0,0,0,0.17899010623333683,0.030303030303030304,2,0.4024390243902439,0.44949494949494945,0.0010345442464289862,0.15926452605923552,0.022727272727272728,2,0.3682008368200837,0.411931818181818,4.906549714136995e-4,5.3811973074046684e-5,0.023696682464454975,5,0.22263681592039802,0.21453960731211977,0.056068284504971,chile,extraction,CHL,0,0,0.276,0.272,0,1,-1,0,1,-1,97,1,1
1911,East Gwanda Mines Limited,chilian,-71.542969,-35.675147,cyanid,2.918288,1,6,3.44950923903073e-4,4,1,2,1,1,1,1,0.16202098987442967,0.02631578947368421,2,0.3613861386138614,0.39254385964912264,0.007696803992302091,0.22597112152887364,0.03333333333333333,3,0.4838709677419355,0.5037037037037038,0.007362175319940118,0.2672522985938609,0.04201680672268908,5,0.44074074074074077,0.4775910364145661,0.01091405820554892,0.001081180212912581,0.022900763358778626,6,0.2297872340425532,0.21497182842602716,1.4623731391301805e-5,chile,extraction,CHL,0,0,0.276,0.272,0,1,-1,0,1,-1,97,1,1
1912,East Gwanda Mines Limited,chilian,-71.542969,-35.675147,cyanid,2.919708,1,4,0,1,0,1,0,0,1,0,0,0,0,0,0,0,0.2183552781474258,0.03614457831325301,3,0.4368421052631579,0.4769076305220884,0.00229482138534163,0.2067250780227078,0.02727272727272727,3,0.3898916967509025,0.4265151515151518,0.0011153244720199058,3.2891555232647003e-4,0.022364217252396165,7,0.22334630350194554,0.23380634275203038,0.007468582690843354,chile,extraction,CHL,0,0,0.276,0.272,0,1,-1,0,1,-1,97,1,1
1909,East Hand Proprietary,london,-0.1277583,51.50735,cyanid,4.873294,1,0,0,0,0,0,0,0,0,0,0,0,0,0,0,0,0,0,0,0,0,0,0,0,0,0,0,0,0,0,0,0,0,0,united kingdom,extraction,GBR,1,1,0.028,0.73,2,2,2,2,2,1,98,3,1
1912,East Rand Proprietary Mines Limited,london,-0.1277583,51.5073509,cyanid,3.163017,1,11,0,3,0,0,0,0,0,0,0,0,0,0,0,0,0,0,0,0,0,0,0,0,0,0,0,0,0.04548640148792497,0.03194888178913738,10,0.2847222222222222,0.3194205865132384,0.008595704963543336,united kingdom,extraction,GBR,1,1,0.028,0.73,2,2,2,2,2,2,98,3,1
1915,East Rand Proprietary Mines Limited,london,-0.1277583,51.5073509,cyanid,3.092293,1,9,0,5,0,1,0,0,0,0,0,0,0,0,0,0,0.06036040362501667,0.012195121951219513,1,0.3082706766917293,0.34756097560975613,0,0.057314098799951856,0.01020408163265306,1,0.3037974683544304,0.33231292517006794,0,0.24902987061050122,0.09943181818181818,35,0.35081967213114756,0.39021239177488987,0.005050484815543833,united kingdom,extraction,GBR,1,1,0.028,0.73,2,2,2,2,2,2,98,3,1
1916,East Rand Proprietary Mines Limited,london,-0.1277583,51.5073509,cyanid,3.098189,1,5,0,1,0,1,0,1,1,0,0,0.023809523809523808,1,0.5714285714285714,0.05952380952380952,0,0.25627814449438613,0.034482758620689655,2,0.4084507042253521,0.4554597701149425,0.007557486034170895,0.2635788644091478,0.04,3,0.3826530612244898,0.43266666666666653,0.01204397646987291,0.10746660879309237,0.030211480362537766,10,0.318,0.3584376348726795,0.005981027280975391,united kingdom,extraction,GBR,1,1,0.031,0.73,2,2,2,2,2,2,94,3,1
1920,East Rand Proprietary Mines Limited,london,-0.1277583,51.50735,cyanid,2.381825,1,17,0,10,1,1,0,0,0,0,0.18350210651708015,0.018518518518518517,1,0.33540372670807456,0.38765432098765434,0,0.10587932409349125,0.01639344262295082,1,0.3630952380952381,0.40983606557377045,0,0.1781035485515347,0.02564102564102564,2,0.37320574162679426,0.41880341880341865,0.0013265079020587543,0.20425653751916598,0.11197916666666667,43,0.38848167539267014,0.4351562500000011,0.03761038651295508,united kingdom,extraction,GBR,1,1,0.028,0.73,2,2,1,2,2,1,89,3,1
1921,East Rand Proprietary Mines Limited,london,-0.1277583,51.50735,cyanid,2.501925,1,17,0,0,0,0,0,0,0,0,0,0,0,0,0,0,0,0,0,0,0,0,0,0,0,0,0,0,0.1083156950538197,0.03504043126684636,13,0.36615384615384616,0.3932165318957755,0.005146099472244714,united kingdom,extraction,GBR,1,1,0.028,0.73,2,2,1,2,2,1,89,3,1
1923,East Rand Proprietary Mines Limited,london,-0.1277583,51.50735,cyanid,2.501925,1,17,0,0,0,0,0,0,0,0,0,0,0,0,0,0,0,0,0,0,0,0,0,0,0,0,0,0,0.18056804063442675,0.03439153439153439,13,0.3936750272628135,0.4103174603174606,0.006874730836882578,united kingdom,extraction,GBR,1,1,0.027,0.73,2,2,1,2,2,1,89,3,1
1914,East Rand Proprietary Mines Ltd,london,-0.1277583,51.5073509,cyanid,3.698225,1,0,0,0,0,0,0,0,0,0,0,0,0,0,0,0,0,0,0,0,0,0,0,0,0,0,0,0,0,0,0,0,0,0,united kingdom,extraction,GBR,1,1,0.028,0.73,2,2,2,2,2,2,98,3,1
1919,East Rand Rletary Mines Limited,london,-0.1277583,51.5073509,cyanid,2.877379,1,0,0,0,0,0,0,0,0,0,0,0,0,0,0,0,0,0,0,0,0,0,0,0,0,0,0,0,0,0,0,0,0,0,united kingdom,extraction,GBR,1,1,0.028,0.73,2,2,1,2,2,1,89,3,1
1914,Edford Colliery Company,western,-95.7127622,37.0937489,cyanid,0.06780079,1,9,0,1,0,0,0,0,0,0,0,0,0,0,0,0,0,0,0,0,0,0,0,0,0,0,0,0,4.63251931606429e-18,0.002777777777777778,1,1,0.002777777777777778,0,united states of america,extraction,USA,0,0,0.079,0.581,1,2,1,1,2,1,98,3,1
1910,Edison Ore Milling Syndicate Limited,callao,-77.12598,-12.05085,cyanid,0.9727625999999999,1,14,2676.4951201601552,1,0,0,0,0,0,0,0,0,0,0,0,0,0,0,0,0,0,0,0,0,0,0,0,0,0.01595975055773906,0.009478672985781991,2,0.2667660208643815,0.2624915368991201,0.015978334461746783,peru,extraction,PER,0,0,0.556,0.343,0,0,-1,0,0,-1,98,1,0
1915,Effuenta Wassaw Mines Limited,bolivar,-93.4104749,37.6144838,cyanid,1.106684,1,17,0,9,2,2,2,1,3,1,0.19623472219692875,0.04838709677419355,3,0.36,0.36559139784946226,0.08796284214052585,0.29678324087388963,0.04878048780487805,4,0.5125,0.524390243902439,0.01950432892448287,0.33855783832028363,0.07142857142857142,7,0.48484848484848486,0.505952380952381,0.062194742629142034,0.009078954408738746,0.07386363636363637,26,0.3134765625,0.3346387987012979,0.04957418386162292,united states of america,extraction,USA,0,0,0.07,0.581,1,2,1,1,2,1,98,3,1
1915,Effuenta Wassaw Mines Limited,mexico,-102.552784,23.634501,cyanid,1.106684,1,17,0,9,2,2,2,1,3,1,0.19623472219692875,0.04838709677419355,3,0.36,0.36559139784946226,0.08796284214052585,0.29678324087388963,0.04878048780487805,4,0.5125,0.524390243902439,0.01950432892448287,0.33855783832028363,0.07142857142857142,7,0.48484848484848486,0.505952380952381,0.062194742629142034,0.009078954408738746,0.07386363636363637,26,0.3134765625,0.3346387987012979,0.04957418386162292,mexico,extraction,MEX,0,0,0.774,0.561,-3,-3,-3,-3,-3,-3,70,0,0
1912,Egmont Mining Company,chile,-71.542969,-35.675147,cyanid,4.379562,1,18,0,4,1,1,1,2,3,1,0.31399514863379646,0.057971014492753624,4,0.40119760479041916,0.4437198067632849,0.09034783925712163,0.28347938187767685,0.04819277108433735,4,0.5123456790123457,0.5240963855421688,0.010472484781400693,0.3532149462345729,0.07272727272727272,8,0.4976958525345622,0.5136363636363638,0.051625628930787135,0.0042969534015826075,0.019169329073482427,6,0.23817427385892115,0.25602337846746864,0.0949250430081101,chile,extraction,CHL,0,0,0.276,0.272,0,1,-1,0,1,-1,97,1,1
1912,Egmont Mining Company,mexico,-102.552784,23.634501,cyanid,4.379562,1,18,0,4,1,1,1,2,3,1,0.31399514863379646,0.057971014492753624,4,0.40119760479041916,0.4437198067632849,0.09034783925712163,0.28347938187767685,0.04819277108433735,4,0.5123456790123457,0.5240963855421688,0.010472484781400693,0.3532149462345729,0.07272727272727272,8,0.4976958525345622,0.5136363636363638,0.051625628930787135,0.0042969534015826075,0.019169329073482427,6,0.23817427385892115,0.25602337846746864,0.0949250430081101,mexico,extraction,MEX,0,0,0.816,0.561,-2,-2,-3,-2,-2,-3,70,0,0
1916,Eileen Aid Annah Mining Limited,rhodesia,-97.2134822,32.8294337,cyanid,0.2656042,1,3,0,2,1,1,1,0,0,0,0,0.023809523809523808,1,1,0.023809523809523808,0,0.08545124764289423,0.017241379310344827,1,0.31521739130434784,0.3577586206896552,0,0.10129937091789445,0.02666666666666667,2,0.30991735537190085,0.35200000000000004,0.02666666666666667,6.684835953843976e-5,0.00906344410876133,3,0.22894168466522677,0.23374334628111187,0.008593467819598055,united states of america,extraction,USA,0,0,0.07,0.581,1,2,1,1,2,1,98,3,1
1917,Eileen Aid Annah Mining Limited,rhodesia,-97.2134822,32.8294337,cyanid,0.2656042,1,3,0,3,0,1,0,0,0,0,0,0,0,0,0,0,0.13196844062708596,0.021739130434782608,1,0.3484848484848485,0.3967391304347826,0,0.12385620925935116,0.01639344262295082,1,0.324468085106383,0.36721311475409846,0,0.026018649340920887,0.02976190476190476,10,0.31121951219512195,0.34399092970521483,0.031548788029504095,united states of america,extraction,USA,0,0,0.07,0.581,1,2,1,1,2,1,98,3,1
1919,Eileen Aid Annah Mining Limited,rhodesia,-97.2134822,32.8294337,cyanid,0.2656042,1,1,0,0,0,0,0,0,0,0,0,0,0,0,0,0,0,0,0,0,0,0,0,0,0,0,0,0,0,0,0,0,0,0,united states of america,extraction,USA,0,0,0.07,0.581,1,2,1,1,2,1,98,3,1
1919,Eileen Aid Annah Mining Limited,mexico,-102.552784,23.634501,cyanid,0.2656042,1,1,0,0,0,0,0,0,0,0,0,0,0,0,0,0,0,0,0,0,0,0,0,0,0,0,0,0,0,0,0,0,0,0,mexico,extraction,MEX,0,0,0.795,0.565,-2,-2,-3,-2,-2,-3,76,0,0
1920,Eileen Aid Annah Mining Limited,rhodesia,-97.21348,32.82943,cyanid,0.2656042,1,4,0,3,0,0,0,0,0,0,0,0,0,0,0,0,0,0,0,0,0,0,0,0,0,0,0,0,0.012990249860854756,0.028645833333333332,11,0.3280282935455349,0.35024801587301374,0.015913229545078702,united states of america,extraction,USA,0,0,0.078,0.581,1,2,1,1,2,1,98,3,1
1921,Eileen Aid Annah Mining Limited,rhodesia,-97.21348,32.82943,cyanid,0.2656042,1,2,0,2,0,0,0,0,0,0,0,0,0,0,0,0,0,0,0,0,0,0,0,0,0,0,0,0,0.0030341101847826558,0.013477088948787063,5,0.28043990573448546,0.28930817610062964,0.005047769529499576,united states of america,extraction,USA,0,0,0.095,0.581,1,2,1,1,2,1,98,3,1
1922,Eileen Aid Annah Mining Limited,rhodesia,-97.21348,32.82943,cyanid,0.2656042,1,2,0,0,0,0,0,0,0,0,0,0,0,0,0,0,0,0,0,0,0,0,0,0,0,0,0,0,0.00789565013379343,0.005494505494505495,2,0.28282009724473256,0.2888082155939304,2.478937013627809e-4,united states of america,extraction,USA,0,0,0.094,0.581,1,2,1,1,2,1,98,3,1
1923,Eileen Aid Annah Mining Limited,rhodesia,-97.21348,32.82943,cyanid,0.2656042,1,2,0,2,0,0,0,0,0,0,0,0,0,0,0,0,0,0,0,0,0,0,0,0,0,0,0,0,0.033817937113864736,0.018518518518518517,7,0.35496558505408066,0.36838624338624126,0.02714018495180793,united states of america,extraction,USA,0,0,0.096,0.581,1,2,1,1,2,1,98,3,1
1903,El Gold Mines Inbia,mysore,76.63938,12.29581,cyanid,0.6538375,1,10,6761.315134140133,0,0,0,0,1,0,0,0,0.07142857142857142,1,0.6,0.14285714285714285,0,0,0,0,0,0,0,0.026830058722892583,0.041666666666666664,1,0.24,0.2840277777777779,0,0,0,0,0,0,0,india,extraction,IND,1,1,0.032,0.509,NA,NA,NA,NA,NA,NA,NA,2,1
1909,Eldorado Banket Gold Mining Company,chilian,-71.54297,-35.67515,cyanid,1.215953,1,6,0,0,0,0,0,0,0,0,0,0,0,0,0,0,0,0,0,0,0,0,0,0,0,0,0,0,0,0,0,0,0,0,chile,extraction,CHL,0,0,0.276,0.272,0,1,-1,0,1,-1,97,1,1
1910,Eldorado Banket Gold Mining Company,chilian,-71.54297,-35.67515,cyanid,1.215953,1,6,0,2,0,1,0,0,0,0,0,0,0,0,0,0,0.08153909530087916,0.015151515151515152,1,0.336734693877551,0.3825757575757575,0,0.07410751992681493,0.011363636363636364,1,0.32234432234432236,0.3602272727272725,0,0.012242726003892673,0.009478672985781991,2,0.2753846153846154,0.2695948995712032,0.03926878808395396,chile,extraction,CHL,0,0,0.276,0.272,0,1,-1,0,1,-1,97,1,1
1912,Eldorado Banket Gold Mining Company,chilian,-71.542969,-35.675147,cyanid,1.216545,1,2,0,1,0,1,0,0,0,0,0,0,0,0,0,0,0.21835527814742584,0.03614457831325301,3,0.4368421052631579,0.4769076305220884,0.00229482138534163,0.20672507802270768,0.02727272727272727,3,0.3898916967509025,0.4265151515151518,0.0011153244720199058,1.4208078678798074e-5,0.003194888178913738,1,0.18303571428571427,0.18367571370766272,0,chile,extraction,CHL,0,0,0.276,0.272,0,1,-1,0,1,-1,97,1,1
1914,Eldorado Banket Gold Mining Company,rhodesia,-97.2134822,32.8294337,cyanid,1.232742,1,8,0,4,0,0,0,0,0,0,0,0,0,0,0,0,0,0,0,0,0,0,0,0,0,0,0,0,0.028305256094746344,0.03888888888888889,14,0.2892018779342723,0.2897255291005296,0.016881765145091772,united states of america,extraction,USA,0,0,0.079,0.581,1,2,1,1,2,1,98,3,1
1915,Eldorado Banket Gold Mining Company,chilian,-71.542969,-35.675147,cyanid,1.189343,1,3,0,0,0,0,0,0,0,0,0,0,0,0,0,0,0,0,0,0,0,0,0,0,0,0,0,0,0.01446044352939151,0.008522727272727272,3,0.30484330484330485,0.3116544913419911,5.214016809339861e-4,chile,extraction,CHL,0,0,0.276,0.272,0,1,-1,0,1,-1,97,1,1
1916,Eldorado Banket Gold Mining Company,rhodesia,-97.2134822,32.8294337,cyanid,1.191611,1,6,0,2,0,0,0,0,1,0,0,0,0,0,0,0,0.14256128783142594,0.017241379310344827,1,0.34523809523809523,0.3922413793103448,0,0.12751989150029028,0.013333333333333334,1,0.3232758620689655,0.36622222222222206,0,0.013587201661496911,0.027190332326283987,9,0.2994350282485876,0.3178751258811684,0.011311532778224798,united states of america,extraction,USA,0,0,0.07,0.581,1,2,1,1,2,1,98,3,1
1917,Eldorado Banket Gold Mining Company,rhodesia,-97.2134822,32.8294337,cyanid,1.191043,1,6,0,0,0,0,0,0,0,0,0,0,0,0,0,0,0,0,0,0,0,0,0,0,0,0,0,0,0.00984757496932599,0.002976190476190476,1,0.28305235137533274,0.29947562358276736,0,united states of america,extraction,USA,0,0,0.07,0.581,1,2,1,1,2,1,98,3,1
1919,Eldorado Banket Gold Mining Company,rhodesia,-97.2134822,32.8294337,cyanid,1.106684,1,9,0,6,0,0,0,1,1,1,0.06426711631905238,0.018867924528301886,1,0.24427480916030533,0.1748427672955974,0,0.19193573336381617,0.03076923076923077,2,0.39634146341463417,0.44487179487179485,0.0017667556123366175,0.19593538341694444,0.0375,3,0.38461538461538464,0.4327083333333332,0.004536833100545424,0.11984738082582701,0.06179775280898876,22,0.3737704918032787,0.40323033707865,0.038229735425202784,united states of america,extraction,USA,0,0,0.07,0.581,1,2,1,1,2,1,98,3,1
1920,Eldorado Banket Gold Mining Company,chilian,-71.54297,-35.67515,cyanid,0.9160865,1,9,0,0,0,0,0,0,0,0,0,0,0,0,0,0,0,0,0,0,0,0,0,0,0,0,0,0,0.02849764216892894,0.020833333333333332,8,0.37025948103792417,0.39184027777777675,0.027497610415851945,chile,extraction,CHL,0,0,0.184,0.272,0,1,-1,0,1,-1,97,1,1
1895,Electro Cyanide Gold Recovery Syndicate,winchester,-121.951,37.31833,cyanid,0.02443793,0,5,2321.8345501067406,2,0,0,0,0,0,0,0,0,0,0,0,0,0,0,0,0,0,0,0,0,0,0,0,0,5.526643154305196e-17,0.05714285714285714,2,0.4166666666666667,0.07380952380952381,0,united states of america,extraction,USA,0,0,0.147,0.478,1,1,NA,1,1,NA,95,1,1
1909,End Runner Mill Langlaagte Exploration,transvaal,-81.1831,43.23256,cyanid,1.096491,1,7,0,5,0,1,0,1,1,1,0.01667992990734282,0.014925373134328358,1,0.24714828897338403,0.2583511016346837,0,0.0975776265454493,0.013157894736842105,1,0.37623762376237624,0.4210526315789473,0,0.09264323254033359,0.020618556701030927,2,0.3612167300380228,0.3969072164948452,0.002105319786806039,0.1727801137883875,0.11235955056179775,20,0.3247663551401869,0.3130350454788664,0.015855995645065735,canada,extraction,CAN,0,1,0.074,0.597,2,1,1,2,1,1,96,0,1
1914,Engl Ish Tsta Andres Mines,colombia,-74.297333,4.570868,cyanid,0.17258379999999998,1,2,0,1,0,0,0,0,0,0,0,0,0,0,0,0,0,0,0,0,0,0,0,0,0,0,0,0,1.4371744094952442e-4,0.002777777777777778,1,0.18666666666666668,0.1707936507936508,0,colombia,extraction,COL,0,0,0.57,0.189,-1,-1,-2,-1,-1,-2,78,0,0
1912,English Crown Spelter Company,colombia,-74.297333,4.570868,cyanid,0.5104521,1,5,0,1,0,0,0,1,1,1,0.16976206802917154,0.014492753623188406,1,0.33004926108374383,0.36038647342995167,0,0.06512410373025117,0.012048192771084338,1,0.3487394957983193,0.39457831325301207,0,0.10653389887623381,0.01818181818181818,2,0.3588039867109635,0.39651515151515165,0.0013557319093891274,4.665865779636055e-11,0.003194888178913738,1,0.11232876712328767,0.1143412143412148,0,colombia,extraction,COL,0,0,0.57,0.189,-1,-1,-2,-1,-1,-2,78,0,0
1913,English Crown Spelter Company,colombia,-74.297333,4.570868,cyanid,0.5111977,1,8,0,1,0,0,0,1,1,0,0.19784087033191033,0.017241379310344827,1,0.3706896551724138,0.30890804597701155,0,0.0546317435510724,0.012658227848101266,1,0.32113821138211385,0.36392405063291133,0,0.12222234433354284,0.02040816326530612,2,0.35094339622641507,0.3778911564625849,0.002385257249989083,0.008372108790682387,0.025157232704402517,8,0.2372742200328407,0.25866530394832354,0.09173987216187436,colombia,extraction,COL,0,0,0.57,0.189,-1,-1,-2,-1,-1,-2,78,0,0
1914,Esperanza Coppel Wand Sulphur Limited,mexico,-102.552784,23.634501,cyanid,1.725838,1,4,0,2,0,0,0,0,0,0,0,0,0,0,0,0,0,0,0,0,0,0,0,0,0,0,0,0,8.860830229390973e-18,0.005555555555555556,2,1,0.002777777777777778,0,mexico,extraction,MEX,0,0,0.774,0.561,-3,-3,-3,-3,-3,-3,69,0,0
1915,Esperanza Coppel Wand Sulphur Limited,mexico,-102.552784,23.634501,cyanid,1.725838,1,5,0,3,1,1,1,0,0,0,0.039202772191113795,0.016129032258064516,1,0.27,0.26693548387096777,0,0.1631997381312539,0.024390243902439025,2,0.40594059405940597,0.4502032520325203,0.0022202271511041665,0.1679091336218305,0.030612244897959183,3,0.3870967741935484,0.4263605442176873,0.0028581454309559357,7.82359500724537e-5,0.011363636363636364,4,0.20803629293583928,0.2046164772727281,0.010343822843822846,mexico,extraction,MEX,0,0,0.774,0.561,-3,-3,-3,-3,-3,-3,70,0,0
1913,Esperanza Coppwerqand Sulphur Limited,mexico,-102.552784,23.634501,cyanid,2.21519,1,11,0,2,1,1,1,0,0,0,0.009608069254180012,0.017241379310344827,1,0.2388888888888889,0.1999999999999999,0,0.11542706741356215,0.012658227848101266,1,0.34347826086956523,0.3892405063291139,0,0.11597023565901778,0.02040816326530612,2,0.3381818181818182,0.3651360544217686,0.0028388448637544504,6.185652977758389e-4,0.006289308176100629,2,0.17536407766990292,0.1832232494968352,0.005713945598476281,mexico,extraction,MEX,0,0,0.774,0.561,-3,-3,-3,-3,-3,-3,70,0,0
1921,Esperanza Coppwerqand Sulphur Limited,mexico,-102.5528,23.6345,cyanid,2.21519,1,4,0,3,1,0,0,0,0,0,0.0837855700179663,0.02127659574468085,1,0.2631578947368421,0.2950354609929076,0,0,0,0,0,0,0,0.025983069965239414,0.014705882352941176,1,0.2677165354330709,0.29632352941176465,0,0.006694321939582485,0.02425876010781671,9,0.2989949748743719,0.31283532280836857,0.0018343280548794604,mexico,extraction,MEX,0,0,0.795,0.557,-1,-2,-2,-1,-2,-2,85,0,0
1923,Esperanza Coppwerqand Sulphur Limited,mexico,-102.5528,23.6345,cyanid,2.21519,1,5,0,4,0,0,0,0,0,0,0,0,0,0,0,0,0,0,0,0,0,0,0,0,0,0,0,0,0.015685985504218226,0.06349206349206349,24,0.3461169702780441,0.372707231040562,0.023545995152861238,mexico,extraction,MEX,0,0,0.795,0.557,-1,-2,-2,-1,-2,-2,85,0,0
1908,Esperanza Westralla Limited,london,-0.1277583,51.50735,cyanid,0.7005401,1,4,0,0,0,0,0,0,0,0,0,0,0,0,0,0,0,0,0,0,0,0,0,0,0,0,0,0,0,0,0,0,0,0,united kingdom,extraction,GBR,1,1,0.028,0.73,2,2,2,2,2,1,98,3,1
1912,Esperanza Westralla Limited,london,-0.1277583,51.5073509,cyanid,0.7005401,1,4,0,0,0,0,0,0,0,0,0,0,0,0,0,0,0,0,0,0,0,0,0,0,0,0,0,0,0,0,0,0,0,0,united kingdom,extraction,GBR,1,1,0.028,0.73,2,2,2,2,2,2,98,3,1
1909,Explorers Mining Syndicate Limited,florence,11.25581,43.76956,cyanid,0.05847953,1,1,0,0,0,0,0,0,0,0,0,0,0,0,0,0,0,0,0,0,0,0,0,0,0,0,0,0,0,0,0,0,0,0,italy,extraction,ITA,0,0,0.348,0.563,1,1,0,1,1,0,94,2,1
1919,Fernhill Collieries Limited,transvaal,-81.1830974,43.2325617,cyanid,4.426737,1,9,0,5,0,2,0,0,0,0,0,0,0,0,0,0,0.09070841068039699,0.015384615384615385,1,0.34946236559139787,0.39615384615384613,0,0.0896391772682479,0.0125,1,0.3389830508474576,0.3799999999999998,0,0.7297475682726293,0.22191011235955055,79,0.41204819277108434,0.48487827715356036,0.047634886632308866,canada,extraction,CAN,0,1,0.067,0.631,2,2,1,2,2,1,98,0,1
1912,Ferreiba Gold Minute,worcester,-71.8022934,42.2625932,cyanid,0.122618,1,0,0,0,0,0,0,0,0,0,0,0,0,0,0,0,0,0,0,0,0,0,0,0,0,0,0,0,0,0,0,0,0,0,united states of america,extraction,USA,0,0,0.098,0.581,1,2,1,1,2,1,98,3,1
1908,Ferreira Gold Mining Company,worcester,-71.80229,42.26259,cyanid,0.0729927,1,10,540.1487699487816,0,0,0,0,0,0,0,0,0,0,0,0,0,0,0,0,0,0,0,0,0,0,0,0,0,0,0,0,0,0,0,united states of america,extraction,USA,0,0,0.117,0.581,1,1,1,1,1,1,98,1,1
1909,Ferreira Gold Mining Company,worcester,-71.80229,42.26259,cyanid,0.07309942,1,10,0,7,1,1,0,0,0,0,0.015565975579809148,0.014925373134328358,1,0.22968197879858657,0.24790334044065374,0,0.07415608496843448,0.013157894736842105,1,0.34234234234234234,0.38815789473684204,0,0.07238102647980062,0.020618556701030927,2,0.34050179211469533,0.37749140893470773,0.0024866350769708473,0.49974604218918567,0.15730337078651685,28,0.3871866295264624,0.38170813269127934,0.027755555677488712,united states of america,extraction,USA,0,0,0.117,0.581,1,1,1,1,1,1,98,1,1
1910,Ferreira Gold Mining Company,worcester,-71.80229,42.26259,cyanid,0.0729572,1,6,0,4,0,1,0,0,0,0,0,0,0,0,0,0,0.07231477657753628,0.015151515151515152,1,0.3473684210526316,0.3939393939393939,0,0.06760396440907662,0.011363636363636364,1,0.3295880149812734,0.36874999999999986,0,0.6054941472252987,0.2037914691943128,43,0.3857758620689655,0.43643647032272614,0.02427967682375867,united states of america,extraction,USA,0,0,0.098,0.581,1,2,1,1,2,1,98,3,1
1911,Ferreira Gold Mining Company,worcester,-71.8022934,42.2625932,cyanid,0.38948390000000005,1,11,4.528169716948874e-4,7,0,2,0,0,0,0,0,0,0,0,0,0,0.1607782746565249,0.022222222222222223,2,0.4411764705882353,0.47407407407407415,0.002527875658848684,0.14620324071951643,0.01680672268907563,2,0.3888888888888889,0.4292717086834737,0.001380504774950809,0.9196838910929089,0.36259541984732824,95,0.45665961945031713,0.47919847328244186,0.0469136756963476,united states of america,extraction,USA,0,0,0.098,0.581,1,2,1,1,2,1,98,3,1
1922,Ferrelra Delp Limited,transvaal,-81.1831,43.23256,cyanid,5.465345,1,10,0,6,1,2,1,0,0,0,0.22177456628148326,0.02564102564102564,1,0.31896551724137934,0.3572649572649573,0,0.3232295753231982,0.06521739130434782,3,0.5,0.5235507246376812,0.01630388914682605,0.36870214293239134,0.06451612903225806,4,0.45255474452554745,0.49059139784946215,0.014941374462536435,0.6518778438868174,0.23901098901098902,87,0.4225181598062954,0.49340659340659654,0.0625593258806214,canada,extraction,CAN,0,1,0.07,0.631,2,1,1,2,2,1,98,0,1
1913,Flnd Ntein Cenlralffcloaf Mining,randfontein,27.6786847,-26.1991505,cyanid,5.379747,1,4,0,1,0,0,0,0,0,0,0,0,0,0,0,0,0,0,0,0,0,0,0,0,0,0,0,0,0.019145387322239932,0.012578616352201259,4,0.2250778816199377,0.24572729855748793,0.010876395557705979,south africa,extraction,ZAF,1,1,0.408,0.115,-1,-1,-1,-1,-1,-1,84,2,0
1908,Florence Gold Mining Company,florence,11.25581,43.76956,cyanid,0.006690997999999999,1,0,887.8338281651111,0,0,0,0,0,0,0,0,0,0,0,0,0,0,0,0,0,0,0,0,0,0,0,0,0,0,0,0,0,0,0,italy,extraction,ITA,0,0,0.348,0.563,1,1,0,1,1,0,94,2,1
1910,Florence Gold Mining Company,western,-95.71276,37.09375,cyanid,0.006690997999999999,1,0,0,0,0,0,0,0,0,0,0,0,0,0,0,0,0,0,0,0,0,0,0,0,0,0,0,0,0,0,0,0,0,0,united states of america,extraction,USA,0,0,0.098,0.581,1,2,1,1,2,1,98,3,1
1923,Fraser Chalmers Engineering Work The,london,-0.1277583,51.50735,cyanid,4.574565,1,10,0,1,1,1,1,1,3,1,0.24712713680502343,0.06521739130434782,3,0.39814814814814814,0.4282608695652173,0.25371662674731726,0.43936106914507816,0.1,4,0.5263157894736842,0.55,0.017223966084825813,0.5070047052051314,0.125,7,0.4628099173553719,0.5208333333333331,0.03908946056411296,1.833907644147458e-18,0.0026455026455026454,1,1,0.0026455026455026454,0,united kingdom,extraction,GBR,1,1,0.027,0.73,2,2,1,2,2,1,89,3,1
1911,French Band Gold,broken,-95.7813885,36.0628961,cyanid,2.722411,1,5,4.533544171846998e-4,0,0,0,0,0,0,0,0,0,0,0,0,0,0,0,0,0,0,0,0,0,0,0,0,0,0,0,0,0,0,0,united states of america,extraction,USA,0,0,0.098,0.581,1,2,1,1,2,1,98,3,1
1908,French Rand Gold Mining Company,western,-95.71276,37.09375,cyanid,2.729045,1,15,0,3,1,1,1,0,1,0,0.16508074760008842,0.014084507042253521,1,0.29957805907172996,0.35023474178403763,0,0.22839359762720843,0.0379746835443038,3,0.4759036144578313,0.5010548523206751,0.0049862378922144205,0.26259093447770093,0.037037037037037035,4,0.416988416988417,0.4591049382716052,0.004465341966351943,0.022364283541485813,0.05263157894736842,4,0.3089005235602094,0.2888157894736843,0.03863114638650127,united states of america,extraction,USA,0,0,0.117,0.581,1,1,1,1,1,1,98,1,1
1909,French Rand Gold Mining Company,western,-95.71276,37.09375,cyanid,2.729045,1,12,0,8,1,2,1,0,0,0,0.15039945580036443,0.014925373134328358,1,0.3333333333333333,0.36368159203980094,0,0.2412560304058672,0.039473684210526314,3,0.4634146341463415,0.49451754385964913,0.005197149267058384,0.26913519666813673,0.041237113402061855,4,0.4377880184331797,0.4647766323024058,0.003941869906124561,0.5448577141397216,0.1404494382022472,25,0.39488636363636365,0.3830123060460146,0.01871501251063076,united states of america,extraction,USA,0,0,0.117,0.581,1,1,1,1,1,1,98,1,1
1912,French Rand Gold Mining Company,broken,-95.7813885,36.0628961,cyanid,2.725061,1,7,0,3,0,0,0,0,0,0,0,0,0,0,0,0,0,0,0,0,0,0,0,0,0,0,0,0,0.3533619009875439,0.14376996805111822,45,0.3040254237288136,0.3905078857954251,0.007545520937161321,united states of america,extraction,USA,0,0,0.098,0.581,1,2,1,1,2,1,98,3,1
1913,French Rand Gold Mining Company,broken,-95.7813885,36.0628961,cyanid,2.726388,1,8,0,0,0,0,0,0,2,0,0,0,0,0,0,0,0.17340599069790336,0.02531645569620253,2,0.35909090909090907,0.410337552742616,0.0020006273296057277,0.16496673346156887,0.02040816326530612,2,0.34572490706319703,0.3727891156462584,0.0011511462429235019,0.15707778543595516,0.025157232704402517,8,0.26611418047882135,0.3062469152091798,0.001097890557439883,united states of america,extraction,USA,0,0,0.083,0.581,1,2,1,1,2,1,98,3,1
1914,French Rand Gold Mining Company,broken,-95.7813885,36.0628961,cyanid,2.761341,1,3,0,3,1,1,1,0,0,0,0.18714380158545021,0.015873015873015872,1,0.32786885245901637,0.3542328042328043,0,0.2562139925338231,0.041666666666666664,3,0.4931506849315068,0.5115740740740741,0.008650763473096193,0.29161074965481726,0.04395604395604396,4,0.455,0.4862637362637366,0.00965060861689739,0.19042033632696098,0.06666666666666667,24,0.3449048152295633,0.3545403439153426,0.021683718633587264,united states of america,extraction,USA,0,0,0.079,0.581,1,2,1,1,2,1,98,3,1
1910,French Rand Wlpn Mvhng Company,broken,-95.78139,36.0629,cyanid,3.210117,1,14,0,10,1,2,1,0,1,0,0.16101929907524742,0.017543859649122806,1,0.3630573248407643,0.4035087719298244,0,0.25714734266797856,0.045454545454545456,3,0.4852941176470588,0.5088383838383839,0.00937956436099091,0.2979632902673133,0.045454545454545456,4,0.43781094527363185,0.47537878787878823,0.0066831781315694555,0.6342675568527172,0.22274881516587677,47,0.34824902723735407,0.3952380952380951,0.010913854535353464,united states of america,extraction,USA,0,0,0.098,0.581,1,2,1,1,2,1,98,3,1
1911,Gaika Gold Mining Company,chilian,-71.542969,-35.675147,cyanid,0.013280209999999999,1,5,3.44950923903073e-4,1,1,1,1,0,0,0,0.22157373222209026,0.039473684210526314,3,0.40555555555555556,0.43421052631578927,0.032551137329587726,0.22597112152887372,0.03333333333333333,3,0.4838709677419355,0.5037037037037038,0.007362175319940118,0.2967783528586512,0.05042016806722689,6,0.4541984732824427,0.48949579831932793,0.014702997608158163,8.423802574369955e-5,0.015267175572519083,4,0.22199383350462487,0.20246274082151966,0.006215085841303267,chile,extraction,CHL,0,0,0.276,0.272,0,1,-1,0,1,-1,97,1,1
1913,Gaika Gold Mining Company,chilian,-71.542969,-35.675147,cyanid,0.013280209999999999,1,6,0,1,0,0,0,0,1,0,0,0,0,0,0,0,0.08993819759419414,0.012658227848101266,1,0.3134920634920635,0.35443037974683544,0,0.08333676805258403,0.01020408163265306,1,0.3069306930693069,0.32636054421768695,0,0.01738604063945862,0.02830188679245283,9,0.2532865907099036,0.2819207696566195,0.03451786169196472,chile,extraction,CHL,0,0,0.276,0.272,0,1,-1,0,1,-1,97,1,1
1915,Gaika Gold Mining Company,chilian,-71.542969,-35.675147,cyanid,0.013280209999999999,1,6,0,0,0,0,0,0,0,0,0,0,0,0,0,0,0,0,0,0,0,0,0,0,0,0,0,0,0,0,0,0,0,0,chile,extraction,CHL,0,0,0.276,0.272,0,1,-1,0,1,-1,97,1,1
1916,Gaika Gold Mining Company,chilian,-71.542969,-35.675147,cyanid,0.013280209999999999,1,2,0,2,0,0,0,0,0,0,0,0,0,0,0,0,0,0,0,0,0,0,0,0,0,0,0,0,0.013224433548845444,0.021148036253776436,7,0.301707779886148,0.3248237663645522,0.007488403295504162,chile,extraction,CHL,0,0,0.276,0.272,0,1,-1,0,1,-1,97,1,1
1917,Gaika Gold Mining Company,chilian,-71.542969,-35.675147,cyanid,0.013280209999999999,1,3,0,2,0,0,0,0,0,0,0,0,0,0,0,0,0,0,0,0,0,0,0,0,0,0,0,0,0.026939075629290224,0.023809523809523808,8,0.33756613756613757,0.36109693877550875,0.01477796977492307,chile,extraction,CHL,0,0,0.276,0.272,0,1,-1,0,1,-1,97,1,1
1919,Gaika Gold Mining Company,chilian,-71.542969,-35.675147,cyanid,0.013280209999999999,1,5,0,6,0,0,0,0,0,0,0,0,0,0,0,0,0,0,0,0,0,0,0,0,0,0,0,0,0.1050489969081282,0.05337078651685393,19,0.3886363636363636,0.4170411985018721,0.05407445580753327,chile,extraction,CHL,0,0,0.276,0.272,0,1,-1,0,1,-1,97,1,1
1920,Gaika Gold Mining Company,chilian,-71.54297,-35.67515,cyanid,0.013280209999999999,1,4,0,2,0,0,0,0,0,0,0,0,0,0,0,0,0,0,0,0,0,0,0,0,0,0,0,0,0.017780184432437715,0.036458333333333336,14,0.3691542288557214,0.3941840277777767,0.013606503453535866,chile,extraction,CHL,0,0,0.184,0.272,0,1,-1,0,1,-1,97,1,1
1921,Gaika Gold Mining Company,chilian,-71.54297,-35.67515,cyanid,0.013280209999999999,1,4,0,4,0,0,0,0,0,0,0,0,0,0,0,0,0,0,0,0,0,0,0,0,0,0,0,0,0.031196918870786135,0.03504043126684636,13,0.34626576139670223,0.36554357592093245,0.028074250539606136,chile,extraction,CHL,0,0,0.184,0.272,0,1,-1,0,1,-1,97,1,1
1922,Gaika Gold Mining Company,chilian,-71.54297,-35.67515,cyanid,0.013280209999999999,1,1,0,1,0,0,0,0,0,0,0,0,0,0,0,0,0,0,0,0,0,0,0,0,0,0,0,0,0.005509237750878333,0.008241758241758242,3,0.30776014109347444,0.3182790423861848,0.0022610005531462393,chile,extraction,CHL,0,0,0.184,0.272,0,1,-1,0,1,-1,97,1,1
1923,Gaika Gold Mining Company,chilian,-71.54297,-35.67515,cyanid,0.013280209999999999,1,1,0,0,0,0,0,0,0,0,0,0,0,0,0,0,0,0,0,0,0,0,0,0,0,0,0,0,0.013691414199577551,0.015873015873015872,6,0.33738317757009345,0.34925044091710594,7.001338165624724e-4,chile,extraction,CHL,0,0,0.184,0.272,0,1,-1,0,1,-1,97,1,1
1921,Gatra Mining Limited,heidelberg,8.672434,49.39875,cyanid,0.03849115,1,13,0,9,0,1,0,1,1,1,0.0840030167472581,0.02127659574468085,1,0.2980132450331126,0.3216312056737588,0,0.2125881538578617,0.0392156862745098,2,0.3984375,0.44934640522875813,0.002331092273926053,0.22863013860292786,0.04411764705882353,3,0.37777777777777777,0.4294117647058821,0.003655250250541648,0.30136983913247556,0.1509433962264151,56,0.4070695553021665,0.4564690026954198,0.06674935180804918,germany,extraction,DEU,0,0,0.084,0.674,1,1,1,1,1,1,89,1,1
1913,Gawebi Syndicate Limited,transvaal,-81.1830974,43.2325617,cyanid,1.944579,1,9,0,3,2,2,2,0,1,0,0,0.034482758620689655,2,0.5833333333333334,0.07758620689655173,0.007259528130671506,0.054631743551072406,0.012658227848101266,1,0.32113821138211385,0.36392405063291133,0,0.06514289743041052,0.030612244897959183,3,0.3217993079584775,0.3527210884353741,0.010441307016991072,0.0396311175979326,0.031446540880503145,10,0.2436762225969646,0.2720899819956432,0.002872233721093231,canada,extraction,CAN,0,1,0.072,0.61,2,1,1,2,1,1,96,0,1
1908,Geduld Deep Limited,transvaal,-81.1831,43.23256,cyanid,1.946472,1,18,0,0,0,0,0,0,0,0,0,0,0,0,0,0,0,0,0,0,0,0,0,0,0,0,0,0,0,0,0,0,0,0,canada,extraction,CAN,0,1,0.074,0.597,2,1,1,2,1,1,96,0,1
1909,Geduld Deep Limited,transvaal,-81.1831,43.23256,cyanid,1.949318,1,5,0,1,0,0,0,0,0,0,0,0,0,0,0,0,0,0,0,0,0,0,0,0,0,0,0,0,0.02333452725187823,0.016853932584269662,3,0.3068432671081678,0.27290663456393804,9.806360988783157e-4,canada,extraction,CAN,0,1,0.074,0.597,2,1,1,2,1,1,96,0,1
1910,Geduld Deep Limited,johannesburg,28.04731,-26.2041,cyanid,1.945525,1,6,0,1,0,0,0,0,0,0,0,0,0,0,0,0,0,0,0,0,0,0,0,0,0,0,0,0,0.02819254571269025,0.018957345971563982,4,0.2915309446254072,0.2963270142180101,0.002046091666418733,south africa,extraction,ZAF,1,1,0.408,0.115,-1,-2,-3,-1,-2,-3,82,-2,0
1912,Geduld Deep Limited,transvaal,-81.1830974,43.2325617,cyanid,1.946472,1,11,0,4,1,1,1,1,1,1,0.2417398255565918,0.043478260869565216,3,0.3471502590673575,0.39057971014492737,0.02420093641321264,0.2148292017726934,0.03614457831325301,3,0.5,0.5130522088353414,0.00690006232154246,0.2716924224148876,0.05454545454545454,6,0.45188284518828453,0.4810606060606063,0.01280019338808052,0.08263467091519233,0.06070287539936102,19,0.3133187772925764,0.3690983315583944,0.03162424592150714,canada,extraction,CAN,0,1,0.072,0.61,2,1,1,2,1,1,96,0,1
1914,Geduld Deep Limited,transvaal,-81.1830974,43.2325617,cyanid,1.972387,1,15,0,3,2,2,2,0,0,0,0.2167074143871883,0.047619047619047616,3,0.34285714285714286,0.3833333333333332,0.07015397556872212,0.2562139925338231,0.041666666666666664,3,0.4931506849315068,0.5115740740740741,0.008650763473096193,0.3044960257405027,0.06593406593406594,6,0.4642857142857143,0.5009157509157512,0.03130254102190413,0.07018010046593585,0.044444444444444446,16,0.31237322515212984,0.31653108465608404,0.006371718209862349,canada,extraction,CAN,0,1,0.067,0.61,2,1,1,2,1,1,96,0,1
1915,Geduld Deep Limited,heidelberg,8.6724335,49.3987524,cyanid,1.972387,1,4,0,3,0,0,0,0,0,0,0,0,0,0,0,0,0,0,0,0,0,0,0,0,0,0,0,0,0.09159800420663343,0.05965909090909091,21,0.3425827107790822,0.3673633658008647,0.002250736268186282,germany,extraction,DEU,0,0,0.092,0.553,1,1,1,1,1,1,92,0,1
1919,Geduld Deep Limited,heidelberg,8.6724335,49.3987524,cyanid,0.3036537,1,4,0,0,0,0,0,0,0,0,0,0,0,0,0,0,0,0,0,0,0,0,0,0,0,0,0,0,0.10835121772940548,0.016853932584269662,6,0.3313953488372093,0.35599250936329463,0.0011368858123480792,germany,extraction,DEU,0,0,0.102,0.657,1,1,1,1,1,1,84,1,1
1920,Geduld Deep Limited,heidelberg,8.672434,49.39875,cyanid,0.001667277,1,6,0,3,0,2,0,0,0,0,0,0,0,0,0,0,0.3098774876414264,0.04918032786885246,3,0.4236111111111111,0.4726775956284153,0.004756362643607637,0.27869219457478817,0.038461538461538464,3,0.3842364532019704,0.4337606837606836,0.0023609876147734875,0.03583612912624428,0.044270833333333336,17,0.34320074005550416,0.3699962797619021,0.006380049273867543,germany,extraction,DEU,0,0,0.084,0.674,1,1,1,1,1,1,89,1,1
1922,Geduld Deep Limited,heidelberg,8.672434,49.39875,cyanid,0.002015058,1,6,0,4,0,0,0,0,0,0,0,0,0,0,0,0,0,0,0,0,0,0,0,0,0,0,0,0,0.24212372046774397,0.12087912087912088,44,0.4214975845410628,0.4606684981685006,0.09708737729560728,germany,extraction,DEU,0,0,0.084,0.674,1,1,1,1,1,1,89,1,1
1923,Geduld Deep Limited,heidelberg,8.672434,49.39875,cyanid,0.0020814270000000003,1,9,0,7,3,5,3,0,0,0,0.2977185061182021,0.06521739130434782,3,0.3644067796610169,0.4072463768115943,0.0304251847066629,0.43936106914507816,0.1,4,0.5263157894736842,0.55,0.017223966084825813,0.5210941624595011,0.125,7,0.4628099173553719,0.5208333333333331,0.028885140563376346,0.1878517953259512,0.082010582010582,31,0.4154200230149597,0.4396384479717833,0.019527285150309256,germany,extraction,DEU,0,0,0.084,0.674,1,1,1,1,1,1,77,1,1
1910,Gel Ter Eep Lim Ifed,transvaal,-81.1831,43.23256,cyanid,1.702335,1,9,0,7,0,2,0,0,1,0,0,0,0,0,0,0,0.1480114120213099,0.030303030303030304,2,0.44,0.476010101010101,0.004920302429006491,0.13423165816127208,0.022727272727272728,2,0.39111111111111113,0.4318181818181818,0.002106618371892938,0.687688678850341,0.25118483412322273,53,0.3403041825095057,0.3918246445497628,0.012946603650684124,canada,extraction,CAN,0,1,0.074,0.597,2,1,1,2,1,1,96,0,1
1912,Gel Tin Lode And Alluvial,transvaal,-81.1830974,43.2325617,cyanid,1.703163,1,9,0,5,0,1,0,0,0,0,0,0,0,0,0,0,0.06512410373025117,0.012048192771084338,1,0.3487394957983193,0.39457831325301207,0,0.06353937471985921,0.00909090909090909,1,0.32238805970149254,0.35833333333333334,0,0.2706257633509993,0.14376996805111822,45,0.3181818181818182,0.3907868046046949,0.011234474463652954,canada,extraction,CAN,0,1,0.072,0.61,2,1,1,2,1,1,96,0,1
1908,Gelden Huis Deep Limited,transvaal,-81.1831,43.23256,cyanid,0.8515815,1,14,0,3,0,1,0,1,1,1,0.08034517948465013,0.014084507042253521,1,0.26394052044609667,0.29966465459423214,0,0.1677296710753187,0.02531645569620253,2,0.42473118279569894,0.46413502109704646,0.0011394947857551521,0.17117543128543622,0.027777777777777776,3,0.3870967741935484,0.4320987654320991,0.002421973941246021,0.12436211074665796,0.06578947368421052,5,0.30256410256410254,0.2953007518796993,0.024192639223518393,canada,extraction,CAN,0,1,0.074,0.597,2,1,1,2,1,1,96,0,1
1908,Gelden Huis Deep Limited,stanhope,-78.67664,35.78939,cyanid,0.8515815,1,14,0,3,0,1,0,1,1,1,0.08034517948465013,0.014084507042253521,1,0.26394052044609667,0.29966465459423214,0,0.1677296710753187,0.02531645569620253,2,0.42473118279569894,0.46413502109704646,0.0011394947857551521,0.17117543128543622,0.027777777777777776,3,0.3870967741935484,0.4320987654320991,0.002421973941246021,0.12436211074665796,0.06578947368421052,5,0.30256410256410254,0.2953007518796993,0.024192639223518393,united states of america,extraction,USA,0,0,0.117,0.581,1,1,1,1,1,1,98,1,1
1909,Gelden Huis Deep Limited,transvaal,-81.1831,43.23256,cyanid,0.9746589,1,10,0,7,0,2,0,0,0,0,0,0,0,0,0,0,0.1433971845350926,0.02631578947368421,2,0.42696629213483145,0.4660087719298245,0.003380409227402873,0.1285344193373781,0.020618556701030927,2,0.3941908713692946,0.42525773195876315,0.0015368503954635237,1,0.2247191011235955,40,0.396011396011396,0.3862894596040669,0.019797912271436603,canada,extraction,CAN,0,1,0.074,0.597,2,1,1,2,1,1,96,0,1
1909,Gelden Huis Deep Limited,stanhope,-78.67664,35.78939,cyanid,0.9746589,1,10,0,7,0,2,0,0,0,0,0,0,0,0,0,0,0.1433971845350926,0.02631578947368421,2,0.42696629213483145,0.4660087719298245,0.003380409227402873,0.1285344193373781,0.020618556701030927,2,0.3941908713692946,0.42525773195876315,0.0015368503954635237,1,0.2247191011235955,40,0.396011396011396,0.3862894596040669,0.019797912271436603,united states of america,extraction,USA,0,0,0.117,0.581,1,1,1,1,1,1,98,1,1
1910,Gelden Huis Deep Limited,london,-0.1277583,51.50735,cyanid,0.8511673000000001,1,3,0,0,0,0,0,0,0,0,0,0,0,0,0,0,0,0,0,0,0,0,0,0,0,0,0,0,0.5245116420376885,0.14218009478672985,30,0.3403041825095057,0.36297675468291635,0.004512116609804336,united kingdom,extraction,GBR,1,1,0.028,0.73,2,2,2,2,2,2,98,3,1
1911,Gelden Huis Deep Limited,transvaal,-81.1830974,43.2325617,cyanid,1.701507,1,9,2.8333329557698393e-4,6,0,2,0,0,0,0,0,0,0,0,0,0,0.1340487284672383,0.022222222222222223,2,0.42452830188679247,0.462962962962963,0.0033475530381831572,0.12203540039422471,0.01680672268907563,2,0.3742138364779874,0.41862745098039245,0.0015286813433771002,0.4905103365361318,0.1717557251908397,45,0.39926062846580407,0.3996819338422384,0.009016268621664731,canada,extraction,CAN,0,1,0.072,0.61,2,1,1,2,1,1,96,0,1
1913,Gelden Huis Deep Limited,transvaal,-81.1830974,43.2325617,cyanid,1.703992,1,6,0,0,0,0,0,0,0,0,0,0,0,0,0,0,0,0,0,0,0,0,0,0,0,0,0,0,0.1003046313706636,0.0220125786163522,7,0.2584973166368515,0.29424856240894065,5.00000199396347e-4,canada,extraction,CAN,0,1,0.072,0.61,2,1,1,2,1,1,96,0,1
1914,Gelden Huis Deep Limited,transvaal,-81.1830974,43.2325617,cyanid,1.725838,1,5,0,0,0,0,0,0,0,0,0,0,0,0,0,0,0,0,0,0,0,0,0,0,0,0,0,0,0.16866438000837877,0.030555555555555555,11,0.3188405797101449,0.32329034391534306,0.0038768723912667082,canada,extraction,CAN,0,1,0.067,0.61,2,1,1,2,1,1,96,0,1
1915,Gelden Huis Deep Limited,transvaal,-81.1830974,43.2325617,cyanid,1.725838,1,7,0,3,0,1,0,0,0,0,0,0,0,0,0,0,0.07322309911761912,0.012195121951219513,1,0.33884297520661155,0.3841463414634146,0,0.06986209179358627,0.01020408163265306,1,0.3333333333333333,0.36564625850340116,0,0.1267309451384527,0.08806818181818182,31,0.34967320261437906,0.3771645021644999,0.006003630074480655,canada,extraction,CAN,0,1,0.067,0.61,2,2,1,2,2,1,98,0,1
1916,Gelden Huis Deep Limited,transvaal,-81.1830974,43.2325617,cyanid,1.725838,1,3,0,2,0,1,0,0,0,0,0,0,0,0,0,0,0.08545124764289418,0.017241379310344827,1,0.31521739130434784,0.3577586206896552,0,0.09965210915523028,0.013333333333333334,1,0.3073770491803279,0.34311111111111126,0,0.24629422771209972,0.09667673716012085,32,0.33473684210526317,0.38995827938426003,0.006176277400041925,canada,extraction,CAN,0,1,0.067,0.61,2,2,1,2,2,1,98,0,1
1917,Gelden Huis Deep Limited,transvaal,-81.1830974,43.2325617,cyanid,1.725838,1,6,0,4,1,1,1,0,0,0,0,0.027777777777777776,1,1,0.027777777777777776,0,0.08660622639904678,0.021739130434782608,1,0.3333333333333333,0.3804347826086956,0,0.09483623054440805,0.03278688524590164,2,0.32105263157894737,0.36803278688524604,0.03278688524590164,0.2856359021419008,0.13095238095238096,44,0.3524861878453039,0.4112032312925145,0.016095725675183054,canada,extraction,CAN,0,1,0.067,0.61,2,2,1,2,2,1,98,0,1
1919,Gelden Huis Deep Limited,transvaal,-81.1830974,43.2325617,cyanid,1.725838,1,12,0,8,0,1,0,0,0,0,0,0,0,0,0,0,0.09070841068039699,0.015384615384615385,1,0.34946236559139787,0.39615384615384613,0,0.0896391772682479,0.0125,1,0.3389830508474576,0.3799999999999998,0,0.8263943156866919,0.2247191011235955,80,0.42379182156133827,0.4800093632958825,0.07907389386982146,canada,extraction,CAN,0,1,0.067,0.631,2,2,1,2,2,1,98,0,1
1920,Gelden Huis Deep Limited,transvaal,-81.1831,43.23256,cyanid,1.725838,1,10,0,6,0,0,0,0,0,0,0,0,0,0,0,0,0,0,0,0,0,0,0,0,0,0,0,0,0.2796626491862665,0.13020833333333334,50,0.4122222222222222,0.4544270833333353,0.037109320783588404,canada,extraction,CAN,0,1,0.067,0.631,2,1,1,2,2,1,98,0,1
1921,Gelden Huis Deep Limited,transvaal,-81.1831,43.23256,cyanid,1.725838,1,5,0,1,0,0,0,0,0,0,0,0,0,0,0,0,0,0,0,0,0,0,0,0,0,0,0,0,0.29992826112389687,0.0673854447439353,25,0.38762214983713356,0.41419586702605565,0.003540574392526119,canada,extraction,CAN,0,1,0.067,0.631,2,1,1,2,2,1,98,0,1
1922,Gelden Huis Deep Limited,transvaal,-81.1831,43.23256,cyanid,1.725838,1,10,0,7,0,0,0,0,1,0,0,0,0,0,0,0,0.1659720696682844,0.043478260869565216,2,0.3333333333333333,0.3894927536231884,8.564669809257892e-4,0.15193602592794683,0.03225806451612903,2,0.31794871794871793,0.36397849462365595,4.3232693132626797e-4,0.6987502441123626,0.13736263736263737,50,0.38950892857142855,0.425412087912088,0.016824399344725863,canada,extraction,CAN,0,1,0.07,0.631,2,1,1,2,2,1,98,0,1
1923,Gelden Huis Deep Limited,transvaal,-81.1831,43.23256,cyanid,1.725838,1,8,0,7,0,1,0,0,0,0,0,0,0,0,0,0,0.21123346536255644,0.05,2,0.39215686274509803,0.44791666666666674,0.001386071828379521,0.17746582346303016,0.03571428571428571,2,0.35668789808917195,0.4053571428571427,7.070749649995417e-4,0.8937525951835155,0.24867724867724866,94,0.4011111111111111,0.44977954144620985,0.026465840529734636,canada,extraction,CAN,0,1,0.07,0.631,2,1,1,2,2,1,98,0,1
1919,Ght Central Limited,london,-0.1277583,51.5073509,cyanid,3.984064,1,1,0,1,0,0,0,0,0,0,0,0,0,0,0,0,0,0,0,0,0,0,0,0,0,0,0,0,0.0026262562703981483,0.0028089887640449437,1,0.27381905524419536,0.27788255751738994,0,united kingdom,extraction,GBR,1,1,0.028,0.73,2,2,1,2,2,1,89,3,1
1908,Giant Mines Rhodesia Limited,johannesburg,28.04731,-26.2041,cyanid,0.7785888000000001,1,12,0,3,1,1,1,2,1,0,0.34214131626833316,0.07042253521126761,5,0.37967914438502676,0.4441314553990609,0.13658044615791093,0.1637817135240837,0.02531645569620253,2,0.4388888888888889,0.4736286919831224,0.0018922661490818062,0.2247837426795751,0.06481481481481481,7,0.44081632653061226,0.48796296296296315,0.05403451033462566,0.046942982590476856,0.07894736842105263,6,0.3089005235602094,0.3008771929824561,0.011309141995946315,south africa,extraction,ZAF,1,1,0.408,0.115,NA,NA,NA,NA,NA,NA,NA,-2,0
1916,Giant Mines Rhodesia Limited,wales,-3.7837117,52.1306607,cyanid,1.191611,1,1,0,0,0,0,0,0,0,0,0,0,0,0,0,0,0,0,0,0,0,0,0,0,0,0,0,0,0.019153285114727598,0.006042296072507553,2,0.28597122302158273,0.3168788663501661,6.391807358785618e-5,united kingdom,extraction,GBR,1,1,0.031,0.73,2,2,2,2,2,2,94,3,1
1917,Giant Mines Rhodesia Limited,wales,-3.7837117,52.1306607,cyanid,1.191043,1,7,0,6,0,1,0,0,1,0,0,0,0,0,0,0,0.3826272781048882,0.06521739130434782,3,0.4423076923076923,0.4909420289855072,0.008891885671265585,0.3626696457458893,0.04918032786885246,3,0.3860759493670886,0.4404371584699452,0.004438884381561241,0.09699309370947343,0.19047619047619047,64,0.34190782422293675,0.4019345238095217,0.02182899524568234,united kingdom,extraction,GBR,1,1,0.028,0.73,2,2,2,2,2,2,94,3,1
1917,Giant Mines Rhodesia Limited,johannesburg,28.0473051,-26.2041028,cyanid,1.191043,1,7,0,6,0,1,0,0,1,0,0,0,0,0,0,0,0.3826272781048882,0.06521739130434782,3,0.4423076923076923,0.4909420289855072,0.008891885671265585,0.3626696457458893,0.04918032786885246,3,0.3860759493670886,0.4404371584699452,0.004438884381561241,0.09699309370947343,0.19047619047619047,64,0.34190782422293675,0.4019345238095217,0.02182899524568234,south africa,extraction,ZAF,1,1,0.408,0.115,-1,-1,-1,-1,-1,-1,84,2,0
1908,Gibcbona Econo Roslidated Gold,london,-0.1277583,51.50735,cyanid,0.729927,1,1,0,0,0,0,0,0,0,0,0,0,0,0,0,0,0,0,0,0,0,0,0,0,0,0,0,0,0,0,0,0,0,0,united kingdom,extraction,GBR,1,1,0.028,0.73,2,2,2,2,2,1,98,3,1
1910,Ginsberg Gold Mining Limited,johannesburg,28.04731,-26.2041,cyanid,0.7782101,1,10,0,9,2,3,1,0,0,0,0.2351351371291023,0.07017543859649122,4,0.36774193548387096,0.4318713450292396,0.024315667869405155,0.2605292015342159,0.045454545454545456,3,0.4342105263157895,0.47853535353535354,0.0037726368514865954,0.3252771601169773,0.07954545454545454,7,0.43781094527363185,0.4895833333333336,0.02089401793890891,0.4736723125771951,0.1990521327014218,42,0.34095238095238095,0.3678289325208762,0.015386050381068536,south africa,extraction,ZAF,1,1,0.408,0.115,-1,-2,-3,-1,-2,-3,82,-2,0
1912,Ginsberg Gold Mining Limited,johannesburg,28.0473051,-26.2041028,cyanid,0.7785888000000001,1,5,0,4,0,0,0,0,0,0,0,0,0,0,0,0,0,0,0,0,0,0,0,0,0,0,0,0,0.35420455161532205,0.19169329073482427,60,0.31712707182320443,0.3989337694609253,0.017373630913867445,south africa,extraction,ZAF,1,1,0.408,0.115,-1,-1,-1,-1,-1,-2,84,2,0
1913,Ginsberg Gold Mining Limited,johannesburg,28.0473051,-26.2041028,cyanid,1.24148,1,7,0,3,0,0,0,0,0,0,0,0,0,0,0,0,0,0,0,0,0,0,0,0,0,0,0,0,0.7098129814518869,0.12264150943396226,39,0.28727634194831014,0.34202526160073293,0.016878275371319366,south africa,extraction,ZAF,1,1,0.408,0.115,-1,-1,-1,-1,-1,-1,84,2,0
1914,Ginsberg Gold Mining Limited,johannesburg,28.0473051,-26.2041028,cyanid,1.24148,1,5,0,4,0,1,0,0,0,0,0,0,0,0,0,0,0.25634944055279896,0.041666666666666664,3,0.45569620253164556,0.49074074074074076,0.005085703030674878,0.2404554676323303,0.03296703296703297,3,0.4099099099099099,0.45146520146520186,0.002659412653034595,0.2985725386377081,0.11666666666666667,42,0.33624454148471616,0.35087962962962865,0.030744713678525104,south africa,extraction,ZAF,1,1,0.408,0.115,-1,-1,-1,-1,-1,-1,84,2,0
1920,Ginsberg Gold Mining Limited,johannesburg,28.04731,-26.2041,cyanid,1.24148,1,8,0,7,1,2,1,0,0,0,0.026658229916348086,0.018518518518518517,1,0.25116279069767444,0.2864197530864196,0,0.3098774876414264,0.04918032786885246,3,0.4236111111111111,0.4726775956284153,0.004756362643607637,0.3057881568536827,0.05128205128205128,4,0.3880597014925373,0.4423076923076921,0.00455316609904823,0.8940623477349379,0.3020833333333333,116,0.3560460652591171,0.43405877976190427,0.02271458765963031,south africa,extraction,ZAF,1,1,0.408,0.115,-1,-1,-1,-1,-1,-1,84,2,0
1895,Glencairn Main Reef Gold Mining,transvaal,-81.1831,43.23256,cyanid,0.8515815,1,8,0,0,0,0,0,2,2,2,0.02862263059057485,0.03125,1,0.23423423423423423,0.22916666666666677,0,0.15114085728526785,0.03125,1,0.37209302325581395,0.42187500000000006,0,0.14815669102793647,0.044444444444444446,2,0.36885245901639346,0.4192592592592594,0.03698947733409265,0,0,0,0,0,0,canada,extraction,CAN,0,1,0.074,0.597,2,1,NA,2,1,NA,96,0,1
1908,Glencairn Main Reef Gold Mining,transvaal,-81.1831,43.23256,cyanid,0.8515815,1,10,0,3,1,1,1,2,2,0,0.34155598379363306,0.07042253521126761,5,0.3717277486910995,0.43708920187793415,0.0842665628581122,0.2323415551784434,0.0379746835443038,3,0.4647058823529412,0.4947257383966245,0.004235861045590716,0.2871785763030381,0.07407407407407407,8,0.45569620253164556,0.5000000000000002,0.06430877666183407,0.027176773983453882,0.07894736842105263,6,0.251063829787234,0.2604323308270678,0.0018615288220551376,canada,extraction,CAN,0,1,0.074,0.597,2,1,1,2,1,1,96,0,1
1909,Glencairn Main Reef Gold Mining,johannesburg,28.04731,-26.2041,cyanid,0.8528265,1,7,0,4,2,1,1,0,0,0,0.41549922659036487,0.05970149253731343,4,0.36312849162011174,0.41567164179104465,0.013249653164475341,0.09757762654544926,0.013157894736842105,1,0.37623762376237624,0.4210526315789473,0,0.18984748863852127,0.05154639175257732,5,0.40425531914893614,0.4458762886597941,0.0063958401308383366,0.23514955749853833,0.19101123595505617,34,0.33902439024390246,0.34328072052791214,0.027773801244450454,south africa,extraction,ZAF,1,1,0.408,0.115,NA,NA,NA,NA,NA,NA,NA,-2,0
1910,Glencairn Main Reef Gold Mining,transvaal,-81.1831,43.23256,cyanid,0.8511673000000001,1,9,0,6,2,3,1,0,0,0,0.23513513712910236,0.07017543859649122,4,0.36774193548387096,0.4318713450292396,0.024315667869405155,0.2605292015342159,0.045454545454545456,3,0.4342105263157895,0.47853535353535354,0.0037726368514865954,0.3252771601169772,0.07954545454545454,7,0.43781094527363185,0.4895833333333336,0.02089401793890891,0.6076476102194975,0.25118483412322273,53,0.3448940269749518,0.3758519521552699,0.014045741196122894,canada,extraction,CAN,0,1,0.074,0.597,2,1,1,2,1,1,96,0,1
1912,Glencairn Main Reef Gold Mining,transvaal,-81.1830974,43.2325617,cyanid,0.8515815,1,4,0,3,1,1,1,0,0,0,0.09061525051768879,0.014492753623188406,1,0.27800829875518673,0.30869565217391315,0,0.09268403705056945,0.012048192771084338,1,0.3878504672897196,0.4307228915662651,0,0.11114471588840544,0.01818181818181818,2,0.3737024221453287,0.4090909090909094,0.002119686039950077,0.29733725573919595,0.14057507987220447,44,0.30531914893617024,0.37201683655357715,0.003328468828732359,canada,extraction,CAN,0,1,0.072,0.61,2,1,1,2,1,1,96,0,1
1913,Glencairn Main Reef Gold Mining,transvaal,-81.1830974,43.2325617,cyanid,0.8515815,1,4,0,0,0,0,0,0,0,0,0,0,0,0,0,0,0,0,0,0,0,0,0,0,0,0,0,0,0.26886031405176514,0.025157232704402517,8,0.25284339457567806,0.2820143605520974,0,canada,extraction,CAN,0,1,0.072,0.61,2,1,1,2,1,1,96,0,1
1914,Glencairn Main Reef Gold Mining,transvaal,-81.1830974,43.2325617,cyanid,2.434706,1,10,0,4,0,0,0,0,0,0,0,0,0,0,0,0,0,0,0,0,0,0,0,0,0,0,0,0,0.37873768386030193,0.14444444444444443,52,0.345679012345679,0.36009259259259085,0.051736761561707444,canada,extraction,CAN,0,1,0.067,0.61,2,1,1,2,1,1,96,0,1
1915,Glencairn Main Reef Gold Mining,transvaal,-81.1830974,43.2325617,cyanid,2.434706,1,7,0,5,0,1,0,1,1,1,0.039202772191113774,0.016129032258064516,1,0.27,0.26693548387096777,0,0.22356014175627065,0.036585365853658534,3,0.44086021505376344,0.47967479674796754,0.006974814557477349,0.2252232324217823,0.04081632653061224,4,0.41379310344827586,0.4510204081632655,0.0065958468028489755,0.135166061673446,0.08238636363636363,29,0.3347236704900938,0.35825216450216346,3.0027770660981016e-4,canada,extraction,CAN,0,1,0.067,0.61,2,2,1,2,2,1,98,0,1
1916,Glencairn Main Reef Gold Mining,transvaal,-81.1830974,43.2325617,cyanid,2.434706,1,2,0,2,0,0,0,0,0,0,0,0,0,0,0,0,0,0,0,0,0,0,0,0,0,0,0,0,0.011952600982610594,0.012084592145015106,4,0.25853658536585367,0.2774205150338094,4.426860893418665e-5,canada,extraction,CAN,0,1,0.067,0.61,2,2,1,2,2,1,98,0,1
1917,Glencairn Main Reef Gold Mining,transvaal,-81.1830974,43.2325617,cyanid,2.434706,1,6,0,5,0,1,0,0,0,0,0,0,0,0,0,0,0.3826272781048882,0.06521739130434782,3,0.4423076923076923,0.4909420289855072,0.008891885671265585,0.36266964574588934,0.04918032786885246,3,0.3860759493670886,0.4404371584699452,0.004438884381561241,0.04043210632059386,0.07142857142857142,24,0.2953703703703704,0.3282879818594106,0.003525401346706228,canada,extraction,CAN,0,1,0.067,0.61,2,2,1,2,2,1,98,0,1
1919,Glencairn Main Reef Gold Mining,transvaal,-81.1830974,43.2325617,cyanid,2.434706,1,7,0,7,1,2,1,0,0,0,0.025264337997174195,0.018867924528301886,1,0.24806201550387597,0.17861635220125777,0,0.2861739381863526,0.046153846153846156,3,0.43333333333333335,0.4782051282051282,0.005079657059014178,0.2860867691649442,0.05,4,0.4166666666666667,0.4614583333333334,0.008640528656939718,1,0.16853932584269662,60,0.3569937369519833,0.4027153558052413,0.0053572616758322,canada,extraction,CAN,0,1,0.067,0.631,2,2,1,2,2,1,98,0,1
1920,Glencairn Main Reef Gold Mining,transvaal,-81.1831,43.23256,cyanid,2.434706,1,7,0,7,1,2,1,0,0,0,0.02665822991634809,0.018518518518518517,1,0.25116279069767444,0.2864197530864196,0,0.30987748764142653,0.04918032786885246,3,0.4236111111111111,0.4726775956284153,0.004756362643607637,0.30578815685368244,0.05128205128205128,4,0.3880597014925373,0.4423076923076921,0.00455316609904823,0.9112535649153912,0.24739583333333334,95,0.35132575757575757,0.41656746031745906,0.005849597758444675,canada,extraction,CAN,0,1,0.067,0.631,2,1,1,2,2,1,98,0,1
1908,Globe And Phoenix Gold Mining,rhodesia,-97.21348,32.82943,cyanid,0.8515815,1,10,382.0578442854707,1,0,0,0,2,2,2,0.2952609700563007,0.04225352112676056,3,0.3604060913705584,0.41478873239436603,0.022596542737387804,0.13605608259257587,0.02531645569620253,2,0.395,0.4419831223628692,0.001564826686639876,0.19400090426367858,0.046296296296296294,5,0.40148698884758366,0.4513888888888891,0.010836846578053711,5.4828795274728494e-18,0.013157894736842105,1,1,0.013157894736842105,0,united states of america,extraction,USA,0,0,0.117,0.581,1,1,1,1,1,1,98,1,1
1909,Globe And Phoenix Gold Mining,phoenix,-112.074,33.44838,cyanid,0.8528265,1,8,0,3,1,1,1,0,0,0,0.24582201947487112,0.029850746268656716,2,0.32338308457711445,0.36218905472636814,0.0027661604778693133,0.0741560849684345,0.013157894736842105,1,0.34234234234234234,0.38815789473684204,0,0.1252522468075133,0.030927835051546393,3,0.36964980544747084,0.4101374570446735,0.002861907171895351,0,0.0056179775280898875,1,1,0.0056179775280898875,0,united states of america,extraction,USA,0,0,0.117,0.581,1,1,1,1,1,1,98,1,1
1910,Globe And Phoenix Gold Mining,phoenix,-112.074,33.44838,cyanid,0.8511673000000001,1,9,0,6,1,1,1,0,0,0,0.14802801287458311,0.03508771929824561,2,0.3114754098360656,0.36491228070175435,0.0036017310453400676,0.07231477657753628,0.015151515151515152,1,0.3473684210526316,0.3939393939393939,0,0.12211756334524626,0.03409090909090909,3,0.3651452282157676,0.4138257575757574,0.0042768010987021855,0.0016882342432024847,0.014218009478672985,3,0.26998491704374056,0.2565447980139924,0.06232561713786616,united states of america,extraction,USA,0,0,0.098,0.581,1,2,1,1,2,1,98,3,1
1911,Globe And Phoenix Gold Mining,rhodesia,-97.2134822,32.8294337,cyanid,0.8507535,1,10,4.5913793676987665e-4,7,0,0,0,0,0,0,0,0,0,0,0,0,0,0,0,0,0,0,0,0,0,0,0,0,8.298146450473093e-4,0.007633587786259542,2,0.23658269441401972,0.21498545983278822,2.536760145271512e-4,united states of america,extraction,USA,0,0,0.098,0.581,1,2,1,1,2,1,98,3,1
1912,Globe And Phoenix Gold Mining,phoenix,-112.0740373,33.4483771,cyanid,0.8515815,1,11,0.0034829503470006377,6,0,0,0,0,0,0,0,0,0,0,0,0,0,0,0,0,0,0,0,0,0,0,0,0,8.06509083117197e-4,0.009584664536741214,3,0.2212798766383963,0.2298710519157809,6.948920678362254e-4,united states of america,extraction,USA,0,0,0.098,0.581,1,2,1,1,2,1,98,3,1
1913,Globe And Phoenix Gold Mining,phoenix,-112.0740373,33.4483771,cyanid,0.8519960999999999,1,1,0,0,0,0,0,0,0,0,0,0,0,0,0,0,0,0,0,0,0,0,0,0,0,0,0,0,0.0017168342831596268,0.009433962264150943,3,0.19944789510006902,0.20946858871387233,0.0071293213607671845,united states of america,extraction,USA,0,0,0.083,0.581,1,2,1,1,2,1,98,3,1
1914,Globe And Phoenix Gold Mining,phoenix,-112.0740373,33.4483771,cyanid,0.8629190999999999,1,7,0,2,0,0,0,1,1,1,0.1871438015854503,0.015873015873015872,1,0.32786885245901637,0.3542328042328043,0,0.1024106055564552,0.013888888888888888,1,0.375,0.42013888888888884,0,0.14384297353251263,0.02197802197802198,2,0.3888888888888889,0.4329670329670332,0.002182487600946307,0.0027082599965515507,0.005555555555555556,2,0.24213836477987422,0.23142305996472723,1.241748767925964e-4,united states of america,extraction,USA,0,0,0.079,0.581,1,2,1,1,2,1,98,3,1
1915,Globe And Phoenix Gold Mining,phoenix,-112.0740373,33.4483771,cyanid,0.8325404000000001,1,11,0,4,2,3,2,1,2,1,0.31684707514073446,0.04838709677419355,3,0.4153846153846154,0.4059139784946236,0.08017608896773358,0.2967832408738897,0.04878048780487805,4,0.5125,0.524390243902439,0.01950432892448287,0.36851201584098003,0.07142857142857142,7,0.4948453608247423,0.5110544217687076,0.03403815230824893,0.006674058592511316,0.028409090909090908,10,0.31813676907829536,0.3329342532467523,0.020300392036218265,united states of america,extraction,USA,0,0,0.07,0.581,1,2,1,1,2,1,98,3,1
1916,Globe And Phoenix Gold Mining,phoenix,-112.0740373,33.4483771,cyanid,0.8341276999999999,1,2,0,1,0,0,0,0,0,0,0,0,0,0,0,0,0,0,0,0,0,0,0,0,0,0,0,0,0.0017472005648694851,0.01812688821752266,6,0.2836752899197145,0.30166882462955064,0.021046329219908722,united states of america,extraction,USA,0,0,0.07,0.581,1,2,1,1,2,1,98,3,1
1917,Globe And Phoenix Gold Mining,phoenix,-112.0740373,33.4483771,cyanid,0.8337303,1,5,0,4,2,2,2,0,0,0,0.5179183792124559,0.08333333333333333,3,0.4,0.4166666666666667,0.05636054421768708,0.4692335045039349,0.08695652173913043,4,0.5227272727272727,0.5434782608695652,0.040240418891069045,0.6085094500346565,0.11475409836065574,7,0.48412698412698413,0.5314207650273223,0.05978734267220536,1.7438782642477597e-4,0.005952380952380952,2,0.2507861635220126,0.259445861678005,0.004533373546218873,united states of america,extraction,USA,0,0,0.07,0.581,1,2,1,1,2,1,98,3,1
1919,Globe And Phoenix Gold Mining,phoenix,-112.0740373,33.4483771,cyanid,0.8853475,1,9,0,5,1,2,1,0,0,0,0.1515736271346306,0.03773584905660377,2,0.27350427350427353,0.20723270440251562,0.00266086115142719,0.3768823488667496,0.06153846153846154,4,0.5158730158730159,0.5307692307692308,0.01899609558977301,0.3918266058297227,0.075,6,0.47619047619047616,0.5093750000000004,0.027431691907697616,2.3228860959436935e-4,0.011235955056179775,4,0.21495914519170334,0.22181982343499357,0.005501428026898387,united states of america,extraction,USA,0,0,0.07,0.581,1,2,1,1,2,1,98,3,1
1920,Globe And Phoenix Gold Mining,phoenix,-112.074,33.44838,cyanid,0.6412605,1,4,0,4,0,0,0,0,0,0,0,0,0,0,0,0,0,0,0,0,0,0,0,0,0,0,0,0,6.654615891719849e-5,0.015625,6,0.2623762376237624,0.2739025297619052,8.720456851117907e-4,united states of america,extraction,USA,0,0,0.078,0.581,1,2,1,1,2,1,98,3,1
1921,Globe And Phoenix Gold Mining,phoenix,-112.074,33.44838,cyanid,0.6735951,1,7,0,4,0,0,0,0,0,0,0,0,0,0,0,0,0,0,0,0,0,0,0,0,0,0,0,0,8.022119184993636e-4,0.013477088948787063,5,0.25591397849462366,0.26433063791554395,0.01048649331554877,united states of america,extraction,USA,0,0,0.095,0.581,1,2,1,1,2,1,98,3,1
1922,Globe And Phoenix Gold Mining,phoenix,-112.074,33.44838,cyanid,0.7750220999999999,1,5,0,2,0,0,0,1,0,0,0.22177456628148337,0.02564102564102564,1,0.31896551724137934,0.3572649572649573,0,0,0,0,0,0,0,0.07334908619469593,0.016129032258064516,1,0.2966507177033493,0.3327956989247312,0,2.8785318230957177e-6,0.005494505494505495,2,0.17041015625,0.17191588173731026,0.0052674598129143595,united states of america,extraction,USA,0,0,0.094,0.581,1,2,1,1,2,1,98,3,1
1923,Globe And Phoenix Gold Mining,phoenix,-112.074,33.44838,cyanid,0.8005489,1,6,0,4,0,0,0,0,0,0,0,0,0,0,0,0,0,0,0,0,0,0,0,0,0,0,0,0,0.0016757060593136435,0.013227513227513227,5,0.2985938792390405,0.3082010582010583,0.005078271201802843,united states of america,extraction,USA,0,0,0.096,0.581,1,2,1,1,2,1,98,3,1
1910,Glynis Lydenburg Limited,johannesburg,28.04731,-26.2041,cyanid,0.3418619,1,14,0,4,1,2,1,0,0,0,0.16101929907524729,0.017543859649122806,1,0.3630573248407643,0.4035087719298244,0,0.2571473426679785,0.045454545454545456,3,0.4852941176470588,0.5088383838383839,0.00937956436099091,0.29796329026731344,0.045454545454545456,4,0.43781094527363185,0.47537878787878823,0.0066831781315694555,0.26246954649302534,0.0947867298578199,20,0.3370998116760829,0.36285262920334066,0.011010994292560366,south africa,extraction,ZAF,1,1,0.408,0.115,-1,-2,-3,-1,-2,-3,82,-2,0
1911,Glynis Lydenburg Limited,transvaal,-81.1830974,43.2325617,cyanid,0.3418619,1,7,2.8333329557698393e-4,3,0,1,0,0,0,0,0,0,0,0,0,0,0.06885588159488937,0.011111111111111112,1,0.3435114503816794,0.3888888888888889,0,0.06282619088360408,0.008403361344537815,1,0.3216216216216216,0.36148459383753495,0,0.3300918088187969,0.09923664122137404,26,0.38571428571428573,0.37525445292620796,0.025448366080854212,canada,extraction,CAN,0,1,0.072,0.61,2,1,1,2,1,1,96,0,1
1912,Glynis Lydenburg Limited,transvaal,-81.1830974,43.2325617,cyanid,0.3422092,1,10,0,5,0,0,0,0,1,0,0,0,0,0,0,0,0.0570210609918728,0.012048192771084338,1,0.31679389312977096,0.358433734939759,0,0.05428413162142981,0.00909090909090909,1,0.3076923076923077,0.33590909090909077,0,0.22721242071693687,0.0670926517571885,21,0.31297709923664124,0.3654546376591095,0.0013264854750323558,canada,extraction,CAN,0,1,0.072,0.61,2,1,1,2,1,1,96,0,1
1912,Gold Coast Development Syndicate Limited,florence,11.2558136,43.7695604,cyanid,0.1458435,1,16,2.93244880871093e-4,2,0,1,0,0,0,0,0,0,0,0,0,0,0.06512410373025117,0.012048192771084338,1,0.3487394957983193,0.39457831325301207,0,0.06353937471985924,0.00909090909090909,1,0.32238805970149254,0.35833333333333334,0,0.01646250739875886,0.009584664536741214,3,0.2395659432387312,0.26224096280006903,0.01422828109049467,italy,extraction,ITA,0,0,0.348,0.563,1,1,0,1,1,0,94,2,1
1913,Gold Field Rhodesian Development Limited,mysore,76.6393805,12.2958104,cyanid,0.09737098,1,5,0,2,0,0,0,0,0,0,0,0,0,0,0,0,0,0,0,0,0,0,0,0,0,0,0,0,0.07097596207479179,0.031446540880503145,10,0.26465201465201466,0.3015149595338279,0.10464792610649634,india,extraction,IND,1,1,0.032,0.509,NA,NA,NA,NA,NA,NA,NA,2,1
1914,Gold Fields American Development Limited,mysore,76.6393805,12.2958104,cyanid,0.09861933,1,7,0,3,0,0,0,0,0,0,0,0,0,0,0,0,0,0,0,0,0,0,0,0,0,0,0,0,0.030391443237077653,0.03611111111111111,13,0.29902912621359223,0.2955125661375662,0.030863832059264202,india,extraction,IND,1,1,0.032,0.509,NA,NA,NA,NA,NA,NA,NA,2,1
1909,Gold Fields Mysore And General,mysore,76.63938,12.29581,cyanid,0.09746589,1,3,0,0,0,0,0,0,0,0,0,0,0,0,0,0,0,0,0,0,0,0,0,0,0,0,0,0,0,0,0,0,0,0,india,extraction,IND,1,1,0.032,0.509,NA,NA,NA,NA,NA,NA,NA,2,1
1910,Gold Fields Mysore And General,mysore,76.63938,12.29581,cyanid,0.09727625999999999,1,3,0,3,0,0,0,0,0,0,0,0,0,0,0,0,0,0,0,0,0,0,0,0,0,0,0,0,8.662014840010264e-18,0.02843601895734597,6,0.6666666666666666,0.028436018957345974,1.5045512675844434e-4,india,extraction,IND,1,1,0.032,0.509,NA,NA,NA,NA,NA,NA,NA,2,1
1911,Gold Fields Mysore And General,mysore,76.6393805,12.2958104,cyanid,0.09722897,1,5,7.011744621949612e-5,4,0,1,0,0,0,0,0,0,0,0,0,0,0.22531260585463533,0.03333333333333333,3,0.44554455445544555,0.4814814814814815,0.0039253487134000694,0.20328088932359278,0.025210084033613446,3,0.39144736842105265,0.4348739495798322,0.0019981205659071436,6.489896357816466e-5,0.06870229007633588,18,0.18274111675126903,0.17648733793771942,9.02746362077765e-5,india,extraction,IND,1,1,0.032,0.509,NA,NA,NA,NA,NA,NA,NA,2,1
1915,Gold Fields Rhodesian Development Limited,mysore,76.6393805,12.2958104,cyanid,1.217353,1,19,0,10,0,0,0,0,0,0,0,0,0,0,0,0,0,0,0,0,0,0,0,0,0,0,0,0,0.04349818833891641,0.09375,33,0.33860759493670883,0.36375811688311527,0.06825784848348085,india,extraction,IND,1,1,0.032,0.509,NA,NA,NA,NA,NA,NA,NA,2,1
1909,Gold Mining Syndicate West Australia,johannesburg,28.04731,-26.2041,cyanid,7.29572,1,10,0,6,2,3,1,0,0,0,0.41549922659036514,0.05970149253731343,4,0.36312849162011174,0.41567164179104465,0.013249653164475341,0.2363410450040908,0.039473684210526314,3,0.4578313253012048,0.4912280701754386,0.005194960401883315,0.31400982420069384,0.07216494845360824,7,0.45893719806763283,0.4905498281786944,0.016787627404830946,0.1762765219089643,0.10112359550561797,18,0.32400932400932403,0.309008828250402,0.005344457006787431,south africa,extraction,ZAF,1,1,0.408,0.115,NA,NA,NA,NA,NA,NA,NA,-2,0
1908,Golden Horse Shoe Estates Company,western,-95.71276,37.09375,cyanid,7.39645,1,8,0,0,0,0,0,0,0,0,0,0,0,0,0,0,0,0,0,0,0,0,0,0,0,0,0,0,0,0,0,0,0,0,united states of america,extraction,USA,0,0,0.117,0.581,1,1,1,1,1,1,98,1,1
1909,Golden Horse Shoe Estates Company,western,-95.71276,37.09375,cyanid,7.39645,1,1,0,1,0,0,0,0,0,0,0,0,0,0,0,0,0,0,0,0,0,0,0,0,0,0,0,0,0.017553600526808596,0.0056179775280898875,1,0.28778467908902694,0.25264401640806117,0,united states of america,extraction,USA,0,0,0.117,0.581,1,1,1,1,1,1,98,1,1
1911,Golden Horse Shoe Estates Company,western,-95.7127622,37.0937489,cyanid,7.39645,1,2,2.3055664769700538e-4,1,0,0,0,0,0,0,0,0,0,0,0,0,0,0,0,0,0,0,0,0,0,0,0,0,0,0.003816793893129771,1,1,0.003816793893129771,0,united states of america,extraction,USA,0,0,0.098,0.581,1,2,1,1,2,1,98,3,1
1912,Golden Horse Shoe Estates Company,boulder,-105.2705456,40.0149856,cyanid,7.39645,1,3,38.886158206317376,1,0,0,0,0,0,0,0,0,0,0,0,0,0,0,0,0,0,0,0,0,0,0,0,0,2.5064890223380655e-20,0.003194888178913738,1,1,0.003194888178913738,0,united states of america,extraction,USA,0,0,0.098,0.581,1,2,1,1,2,1,98,3,1
1913,Golden Horse Shoe Estates Company,boulder,-105.2705456,40.0149856,cyanid,7.39645,1,6,0,2,0,0,0,0,0,0,0,0,0,0,0,0,0,0,0,0,0,0,0,0,0,0,0,0,0,0.0031446540880503146,1,1,0.0031446540880503146,0,united states of america,extraction,USA,0,0,0.083,0.581,1,2,1,1,2,1,98,3,1
1914,Golden Horse Shoe Estates Company,western,-95.7127622,37.0937489,cyanid,7.39645,1,6,0,3,0,0,0,0,0,0,0,0,0,0,0,0,0,0,0,0,0,0,0,0,0,0,0,0,8.82407886010623e-18,0.005555555555555556,2,0.625,0.009722222222222222,6.190034045187249e-5,united states of america,extraction,USA,0,0,0.079,0.581,1,2,1,1,2,1,98,3,1
1915,Golden Horse Shoe Estates Company,boulder,-105.2705456,40.0149856,cyanid,7.39645,1,3,0,1,0,0,0,0,0,0,0,0,0,0,0,0,0,0,0,0,0,0,0,0,0,0,0,0,6.5972628703411074e-18,0.002840909090909091,1,1,0.002840909090909091,0,united states of america,extraction,USA,0,0,0.07,0.581,1,2,1,1,2,1,98,3,1
1916,Golden Horse Shoe Estates Company,boulder,-105.2705456,40.0149856,cyanid,7.39645,1,5,0,2,0,0,0,0,0,0,0,0,0,0,0,0,0,0,0,0,0,0,0,0,0,0,0,0,6.651451424886672e-6,0.0030211480362537764,1,0.19030520646319568,0.1941902843715532,0,united states of america,extraction,USA,0,0,0.07,0.581,1,2,1,1,2,1,98,3,1
1917,Golden Horse Shoe Estates Company,boulder,-105.2705456,40.0149856,cyanid,7.39645,1,3,0,2,0,0,0,0,0,0,0,0,0,0,0,0,0,0,0,0,0,0,0,0,0,0,0,0,7.677126274991695e-6,0.005952380952380952,2,0.20396419437340155,0.20673185941043185,0.005650319829424307,united states of america,extraction,USA,0,0,0.07,0.581,1,2,1,1,2,1,98,3,1
1920,Golden Horse Shoe Estates Company,boulder,-105.2705,40.01499,cyanid,7.39645,1,4,0.003923643417881736,2,0,0,0,0,0,0,0,0,0,0,0,0,0,0,0,0,0,0,0,0,0,0,0,0,0,0.0026041666666666665,1,1,0.0026041666666666665,0,united states of america,extraction,USA,0,0,0.078,0.581,1,2,1,1,2,1,98,3,1
1922,Golden Horse Shoe Estates Company,boulder,-105.2705,40.01499,cyanid,7.39645,1,6,0,3,0,0,0,0,0,0,0,0,0,0,0,0,0,0,0,0,0,0,0,0,0,0,0,0,2.5384268499423083e-5,0.008241758241758242,3,0.20481220657276994,0.2082286760858209,0.010519783247055974,united states of america,extraction,USA,0,0,0.094,0.581,1,2,1,1,2,1,98,3,1
1923,Golden Horse Shoe Estates Company,boulder,-105.2705,40.01499,cyanid,7.39645,1,3,0,2,0,0,0,0,0,0,0,0,0,0,0,0,0,0,0,0,0,0,0,0,0,0,0,0,8.13611247466888e-19,0.005291005291005291,2,1,0.005291005291005291,1.4034496793117482e-5,united states of america,extraction,USA,0,0,0.096,0.581,1,2,1,1,2,1,98,3,1
1909,Golden Pole Gold Mines Limited,western,-95.71276,37.09375,cyanid,0.09861933,1,4,0,0,0,0,0,0,0,0,0,0,0,0,0,0,0,0,0,0,0,0,0,0,0,0,0,0,0,0,0,0,0,0,united states of america,extraction,USA,0,0,0.117,0.581,1,1,1,1,1,1,98,1,1
1910,Golden Pole Gold Mines Limited,western,-95.71276,37.09375,cyanid,0.09861933,1,3,0,1,0,0,0,0,0,0,0,0,0,0,0,0,0,0,0,0,0,0,0,0,0,0,0,0,0,0,0,0,0,0,united states of america,extraction,USA,0,0,0.098,0.581,1,2,1,1,2,1,98,3,1
1911,Golden Pole Gold Mines Limited,australia,133.775136,-25.274398,cyanid,0.09861933,1,4,0.0036328525346458664,1,0,0,0,0,0,0,0,0,0,0,0,0,0,0,0,0,0,0,0,0,0,0,0,0,0,0,0,0,0,0,australia,extraction,AUS,0,1,0.041,0.659,2,3,2,2,3,2,99,2,1
1912,Golden Pole Gold Mines Limited,western,-95.7127622,37.0937489,cyanid,0.09861933,1,4,0,3,0,0,0,0,0,0,0,0,0,0,0,0,0,0,0,0,0,0,0,0,0,0,0,0,0.002943308909045839,0.009584664536741214,3,0.22723673792557403,0.24457906310941518,0.008236879293176402,united states of america,extraction,USA,0,0,0.098,0.581,1,2,1,1,2,1,98,3,1
1914,Golden Pole Gold Mines Limited,western,-95.7127622,37.0937489,cyanid,0.09861933,1,1,0,1,0,0,0,0,0,0,0,0,0,0,0,0,0,0,0,0,0,0,0,0,0,0,0,0,5.542688144430562e-6,0.002777777777777778,1,0.15770609318996415,0.14311287477954246,0,united states of america,extraction,USA,0,0,0.079,0.581,1,2,1,1,2,1,98,3,1
1908,Goldfields Dhabwab India,mysore,76.63938,12.29581,cyanid,0.09732360000000001,1,5,0,0,0,0,0,0,1,0,0,0,0,0,0,0,0.09233751503463267,0.012658227848101266,1,0.3798076923076923,0.4240506329113924,0,0.08533078586215086,0.009259259259259259,1,0.3450479233226837,0.38611111111111096,0,0,0,0,0,0,0,india,extraction,IND,1,1,0.032,0.509,NA,NA,NA,NA,NA,NA,NA,2,1
1912,Goldfields Dharwar India Limited,mysore,76.6393805,12.2958104,cyanid,0.09732360000000001,1,4,0,1,0,0,0,0,0,0,0,0,0,0,0,0,0,0,0,0,0,0,0,0,0,0,0,0,5.492265752812163e-5,0.012779552715654952,4,0.1773794808405439,0.18966808839013344,1.3808520198296555e-5,india,extraction,IND,1,1,0.032,0.509,NA,NA,NA,NA,NA,NA,NA,2,1
1912,Goldfields Dharwar India Limited,venezuela,-66.58973,6.42375,cyanid,0.09732360000000001,1,4,0,1,0,0,0,0,0,0,0,0,0,0,0,0,0,0,0,0,0,0,0,0,0,0,0,0,5.492265752812163e-5,0.012779552715654952,4,0.1773794808405439,0.18966808839013344,1.3808520198296555e-5,venezuela,extraction,VEN,0,0,0.507,0.684,-1,-1,-2,-1,-1,-2,91,0,0
1913,Granville Mining Company,western,-95.7127622,37.0937489,cyanid,7.302824,1,12,0,3,1,2,1,0,0,0,0.2066148263055992,0.034482758620689655,2,0.39090909090909093,0.3290229885057471,0.07259528130671507,0.28883305811146553,0.0379746835443038,3,0.4114583333333333,0.4599156118143459,0.00663263007643864,0.3448421681023135,0.05102040816326531,5,0.4246575342465753,0.44931972789115665,0.03325586695330631,1.865363562023723e-9,0.03459119496855346,11,0.11445544554455446,0.12565111338696291,0.061405075094736424,united states of america,extraction,USA,0,0,0.083,0.581,1,2,1,1,2,1,98,3,1
1921,Granville Mining Company,boulder,-105.2705,40.01499,cyanid,7.302824,1,2,0,2,0,2,0,0,0,0,0,0,0,0,0,0,0.2185144871632167,0.0392156862745098,2,0.3923076923076923,0.44444444444444436,0.001861411291515098,0.19835279091561697,0.029411764705882353,2,0.35789473684210527,0.4066176470588233,6.8944750381504e-4,1.7172184978353288e-4,0.0215633423180593,8,0.21288014311270126,0.2179181106404845,0.015516864573468347,united states of america,extraction,USA,0,0,0.095,0.581,1,2,1,1,2,1,98,3,1
1908,Great Boulder Main Reef Limited,western,-95.71276,37.09375,cyanid,0.007552311,1,1,0,0,0,0,0,1,1,1,0.24542592708473854,0.028169014084507043,2,0.35323383084577115,0.40352112676056323,0.018945172868714114,0.23234155517844346,0.0379746835443038,3,0.4647058823529412,0.4947257383966245,0.004235861045590716,0.2808306643792034,0.046296296296296294,5,0.42023346303501946,0.465277777777778,0.007462631599588922,0,0,0,0,0,0,united states of america,extraction,USA,0,0,0.117,0.581,1,1,1,1,1,1,98,1,1
1910,Great Boulder Main Reef Limited,western,-95.71276,37.09375,cyanid,0.007552311,1,8,0,1,0,1,0,0,2,0,0,0,0,0,0,0,0.260529201534216,0.045454545454545456,3,0.4342105263157895,0.47853535353535354,0.0037726368514865954,0.23337204598605038,0.03409090909090909,3,0.3876651982378855,0.4337121212121212,0.001716338448903281,0,0.004739336492890996,1,1,0.004739336492890996,0,united states of america,extraction,USA,0,0,0.098,0.581,1,2,1,1,2,1,98,3,1
1912,Great Cliff Tasmania Syndicate Limited,australia,133.775136,-25.274398,cyanid,3.649635,1,9,0,0,0,0,0,0,2,0,0,0,0,0,0,0,0.21482920177269346,0.03614457831325301,3,0.5,0.5130522088353414,0.00690006232154246,0.20493602871867328,0.02727272727272727,3,0.4268774703557312,0.4537878787878791,0.003591196442991892,0,0,0,0,0,0,australia,extraction,AUS,0,1,0.041,0.659,2,3,2,2,3,2,99,2,1
1911,Great Cobar North Limited,australia,133.775136,-25.274398,cyanid,2.673797,1,4,0.0036328525346458664,0,0,0,0,0,0,0,0,0,0,0,0,0,0,0,0,0,0,0,0,0,0,0,0,0,0,0,0,0,0,0,australia,extraction,AUS,0,1,0.041,0.659,2,3,2,2,3,2,99,2,1
1913,Great Cobar North Limited,australia,133.775136,-25.274398,cyanid,3.651412,1,7,0,2,0,1,0,0,1,0,0,0,0,0,0,0,0.1700588109646345,0.02531645569620253,2,0.4340659340659341,0.4704641350210971,0.014331674749290832,0.1654289354470471,0.02040816326530612,2,0.40611353711790393,0.42261904761904784,0.006540905080755359,0,0.006289308176100629,2,1,0.0031446540880503146,0,australia,extraction,AUS,0,1,0.041,0.659,2,3,2,2,3,2,99,2,1
1914,Great Cobar North Limited,australia,133.775136,-25.274398,cyanid,3.698225,1,7,0,0,0,0,0,0,0,0,0,0,0,0,0,0,0,0,0,0,0,0,0,0,0,0,0,0,0,0,0,0,0,0,australia,extraction,AUS,0,1,0.041,0.659,2,3,2,2,3,2,99,2,1
1915,Great Cobar North Limited,australia,133.775136,-25.274398,cyanid,3.698225,1,6,0,2,1,0,0,0,1,0,0.17900057808161826,0.016129032258064516,1,0.3375,0.331989247311828,0,0.06036040362501666,0.012195121951219513,1,0.3082706766917293,0.34756097560975613,0,0.10741591464670984,0.02040816326530612,2,0.32653061224489793,0.36462585034013595,3.2494628790359035e-4,0.014899808439118065,0.019886363636363636,7,0.3019755409219191,0.3095204274891776,0.006680496312900304,australia,extraction,AUS,0,1,0.041,0.659,2,3,3,2,3,3,99,3,1
1916,Great Cobar North Limited,australia,133.775136,-25.274398,cyanid,1.998097,1,2,0,2,0,0,0,0,0,0,0,0,0,0,0,0,0,0,0,0,0,0,0,0,0,0,0,0,0.005182632837322159,0.01812688821752266,6,0.2628099173553719,0.2784347575888372,0.007624416543159054,australia,extraction,AUS,0,1,0.041,0.659,2,3,3,2,3,3,99,3,1
1917,Great Cobar North Limited,london,-0.1277583,51.5073509,cyanid,1.539025,1,2,0,0,0,0,0,0,0,0,0,0,0,0,0,0,0,0,0,0,0,0,0,0,0,0,0,0,0,0,0,0,0,0,united kingdom,extraction,GBR,1,1,0.028,0.73,2,2,2,2,2,2,94,3,1
1920,Great Cobar North Limited,australia,133.7751,-25.2744,cyanid,1.539025,1,3,0,1,0,1,0,0,0,0,0,0,0,0,0,0,0.110747899889565,0.01639344262295082,1,0.34269662921348315,0.38934426229508196,0,0.09963946481104713,0.01282051282051282,1,0.3291139240506329,0.3685897435897434,0,0,0,0,0,0,0,australia,extraction,AUS,0,1,0.041,0.659,2,3,3,2,3,3,99,3,1
1921,Great Cobar North Limited,australia,133.7751,-25.2744,cyanid,1.616628,1,4,0,2,0,0,0,0,0,0,0,0,0,0,0,0,0,0,0,0,0,0,0,0,0,0,0,0,0.0075400865786850735,0.0026954177897574125,1,0.2933442892358258,0.3026954177897579,0,australia,extraction,AUS,0,1,0.041,0.659,2,3,3,2,3,3,99,3,1
1908,Great Finga Consolidated Limited,adelaide,138.6007,-34.9285,cyanid,0.08759124,1,5,1164.5322086442575,0,0,0,0,0,0,0,0,0,0,0,0,0,0,0,0,0,0,0,0,0,0,0,0,0,0,0,0,0,0,0,australia,extraction,AUS,0,1,0.041,0.659,2,2,2,2,2,2,99,2,1
1909,Great Finga Consolidated Limited,australia,133.7751,-25.2744,cyanid,0.0877193,1,5,0,0,0,0,0,0,0,0,0,0,0,0,0,0,0,0,0,0,0,0,0,0,0,0,0,0,0,0,0,0,0,0,australia,extraction,AUS,0,1,0.041,0.659,2,2,2,2,2,2,99,2,1
1910,Great Finga Consolidated Limited,australia,133.7751,-25.2744,cyanid,0.08754864,1,5,0,1,0,1,0,0,0,0,0,0,0,0,0,0,0.10329347078956312,0.015151515151515152,1,0.3707865168539326,0.41666666666666663,0,0.09263683230704013,0.011363636363636364,1,0.34782608695652173,0.38731060606060586,0,0.003925595208770084,0.014218009478672985,3,0.27838258164852253,0.26304445948995736,0.06628366756715602,australia,extraction,AUS,0,1,0.041,0.659,2,3,2,2,3,2,99,2,1
1911,Great Finga Consolidated Limited,australia,133.775136,-25.274398,cyanid,0.08750608,1,3,0.0036328525346458664,2,0,1,0,0,0,0,0,0,0,0,0,0,0.09192239306163544,0.011111111111111112,1,0.36885245901639346,0.4138888888888889,0,0.08337704983591245,0.008403361344537815,1,0.3439306358381503,0.38375350140056025,0,0.008303409620419037,0.019083969465648856,5,0.28993288590604027,0.26755725190839785,0.004755942229043751,australia,extraction,AUS,0,1,0.041,0.659,2,3,2,2,3,2,99,2,1
1912,Great Finga Consolidated Limited,broken,-95.7813885,36.0628961,cyanid,0.6085686,1,5,0,4,0,1,0,0,0,0,0,0,0,0,0,0,0.09268403705056939,0.012048192771084338,1,0.3878504672897196,0.4307228915662651,0,0.08711252237738422,0.00909090909090909,1,0.3588039867109635,0.39166666666666666,0,0.0034719794148112713,0.012779552715654952,4,0.23201293451899757,0.25329907933741874,0.002959068297008717,united states of america,extraction,USA,0,0,0.098,0.581,1,2,1,1,2,1,98,3,1
1913,Great Finga Consolidated Limited,broken,-95.7813885,36.0628961,cyanid,0.6085686,1,4,0,2,0,1,0,0,0,0,0,0,0,0,0,0,0.1154270674135621,0.012658227848101266,1,0.34347826086956523,0.3892405063291139,0,0.10861128279129324,0.01020408163265306,1,0.3333333333333333,0.35578231292517,0,0.001540663095072306,0.012578616352201259,4,0.20323488045007032,0.21679862764768473,0.02353383978670578,united states of america,extraction,USA,0,0,0.083,0.581,1,2,1,1,2,1,98,3,1
1914,Great Finga Consolidated Limited,australia,133.775136,-25.274398,cyanid,0.6085686,1,2,0,1,0,0,0,0,0,0,0,0,0,0,0,0,0,0,0,0,0,0,0,0,0,0,0,0,2.2444883421385934e-4,0.005555555555555556,2,0.2064343163538874,0.19248456790123508,2.398638192510059e-4,australia,extraction,AUS,0,1,0.041,0.659,2,3,2,2,3,2,99,2,1
1916,Great Finga Consolidated Limited,western,-95.7127622,37.0937489,cyanid,0.6085686,1,2,0,0,0,0,0,0,0,0,0,0,0,0,0,0,0,0,0,0,0,0,0,0,0,0,0,0,1.0280030525237838e-4,0.006042296072507553,2,0.2296028880866426,0.238649115235219,0,united states of america,extraction,USA,0,0,0.07,0.581,1,2,1,1,2,1,98,3,1
1917,Great Finga Consolidated Limited,western,-95.7127622,37.0937489,cyanid,0.19723870000000002,1,2,0,0,0,0,0,0,0,0,0,0,0,0,0,0,0,0,0,0,0,0,0,0,0,0,0,0,0,0.002976190476190476,1,0.6,0.005952380952380952,0,united states of america,extraction,USA,0,0,0.07,0.581,1,2,1,1,2,1,98,3,1
1915,Great Fingall Consolidated Limited,western,-95.7127622,37.0937489,cyanid,0.190295,1,3,0,3,0,1,0,0,0,0,0,0,0,0,0,0,0.1017941914236823,0.012195121951219513,1,0.36936936936936937,0.41463414634146345,0,0.0942272212489184,0.01020408163265306,1,0.35555555555555557,0.3897959183673468,0,0.0011342940955696588,0.02556818181818182,9,0.2646331409727947,0.27033279220779305,0.009320834835967275,united states of america,extraction,USA,0,0,0.07,0.581,1,2,1,1,2,1,98,3,1
1908,Guildford Loddon Deep Leads Limited,essex,0.4856781,51.57424,cyanid,3.041363,1,3,43.204940158759534,0,0,0,0,0,0,0,0,0,0,0,0,0,0,0,0,0,0,0,0,0,0,0,0,0,0,0,0,0,0,0,united kingdom,extraction,GBR,1,1,0.028,0.73,2,2,2,2,2,1,98,3,1
1908,Guinea Fowl Mines Limited,rhodesia,-97.21348,32.82943,cyanid,0.01508516,1,4,382.0578442854707,0,0,0,0,1,2,1,0.16508074760008848,0.014084507042253521,1,0.29957805907172996,0.35023474178403763,0,0.15694939913775743,0.02531645569620253,2,0.42473118279569894,0.46413502109704646,0.001529145056492738,0.19498601895591797,0.027777777777777776,3,0.3870967741935484,0.4320987654320991,0.002000204436993849,0,0,0,0,0,0,united states of america,extraction,USA,0,0,0.117,0.581,1,1,1,1,1,1,98,1,1
1909,Guinea Fowl Mines Limited,rhodesia,-97.21348,32.82943,cyanid,0.01508516,1,3,0,3,1,1,1,0,0,0,0.15039945580036443,0.014925373134328358,1,0.3333333333333333,0.36368159203980094,0,0.09757762654544924,0.013157894736842105,1,0.37623762376237624,0.4210526315789473,0,0.13826004773813783,0.020618556701030927,2,0.3815261044176707,0.4149484536082475,6.193447094533413e-4,7.463131658153467e-5,0.016853932584269662,3,0.20057720057720058,0.17846664883181731,0.011341755009627802,united states of america,extraction,USA,0,0,0.117,0.581,1,1,1,1,1,1,98,1,1
1910,Guinea Fowl Mines Limited,rhodesia,-97.21348,32.82943,cyanid,0.01507782,1,3,0,3,1,2,1,0,0,0,0.1610192990752474,0.017543859649122806,1,0.3630573248407643,0.4035087719298244,0,0.18483256609044232,0.030303030303030304,2,0.4074074074074074,0.45328282828282823,0.0013443871403182614,0.23035932585823654,0.03409090909090909,3,0.39461883408071746,0.43939393939393945,0.0022873895405261784,2.5957237008395103e-7,0.02843601895734597,6,0.15770925110132158,0.15353945685699236,3.0091025351688858e-5,united states of america,extraction,USA,0,0,0.098,0.581,1,2,1,1,2,1,98,3,1
1911,Guinea Fowl Mines Limited,rhodesia,-97.2134822,32.8294337,cyanid,0.01507782,1,3,4.5913793676987665e-4,0,0,0,0,0,0,0,0,0,0,0,0,0,0,0,0,0,0,0,0,0,0,0,0,0,4.996842348251113e-4,0.003816793893129771,1,0.22857142857142856,0.20670210832424604,0,united states of america,extraction,USA,0,0,0.098,0.581,1,2,1,1,2,1,98,3,1
1912,Guinea Fowl Mines Limited,rhodesia,-97.2134822,32.8294337,cyanid,0.01507782,1,3,0,2,1,1,1,1,1,1,0.1985315310560223,0.028985507246376812,2,0.3401015228426396,0.377294685990338,0.013448422847399829,0.0926840370505694,0.012048192771084338,1,0.3878504672897196,0.4307228915662651,0,0.1411659122335533,0.02727272727272727,3,0.3898916967509025,0.4265151515151518,0.0027263203788329077,0.010675072645700565,0.01597444089456869,5,0.2689784442361762,0.2866539654878321,0.01903215849717334,united states of america,extraction,USA,0,0,0.098,0.581,1,2,1,1,2,1,98,3,1
1913,Guinea Fowl Mines Limited,rhodesia,-97.2134822,32.8294337,cyanid,0.01507782,1,3,0,0,0,0,0,0,0,0,0,0,0,0,0,0,0,0,0,0,0,0,0,0,0,0,0,0,0.0022794563925024646,0.009433962264150943,3,0.19726962457337885,0.20679223816016284,1.2553361092235388e-4,united states of america,extraction,USA,0,0,0.083,0.581,1,2,1,1,2,1,98,3,1
1914,Guinea Fowl Mines Limited,rhodesia,-97.2134822,32.8294337,cyanid,0.01507782,0,3,0,0,0,0,0,0,0,0,0,0,0,0,0,0,0,0,0,0,0,0,0,0,0,0,0,0,0.0035665830914854784,0.008333333333333333,3,0.21226740179186768,0.20484567901234646,4.421452889419463e-6,united states of america,extraction,USA,0,0,0.079,0.581,1,2,1,1,2,1,98,3,1
1909,Gwalia Consolidated Limited,essex,0.4856781,51.57424,cyanid,3.045809,1,5,0,0,0,0,0,1,1,1,0.16596543138017372,0.029850746268656716,2,0.3439153439153439,0.3810945273631839,0.017442108622569955,0.06952231889198343,0.013157894736842105,1,0.31932773109243695,0.36184210526315785,0,0.11863051014184349,0.030927835051546393,3,0.35315985130111527,0.3934707903780067,0.0034561098850690703,0,0,0,0,0,0,united kingdom,extraction,GBR,1,1,0.028,0.73,2,2,2,2,2,1,98,3,1
1910,Gwalia Consolidated Limited,essex,0.4856781,51.57424,cyanid,3.039883,1,6,0,2,0,0,0,0,0,0,0,0,0,0,0,0,0,0,0,0,0,0,0,0,0,0,0,0,0,0,0,0,0,0,united kingdom,extraction,GBR,1,1,0.028,0.73,2,2,2,2,2,2,98,3,1
1911,Gwalia Consolidated Limited,essex,0.4856781,51.5742447,cyanid,3.038405,1,5,5.2291847233171e-4,2,0,0,0,0,0,0,0,0,0,0,0,0,0,0,0,0,0,0,0,0,0,0,0,0,0,0.003816793893129771,1,0.6666666666666666,0.0057251908396946565,0,united kingdom,extraction,GBR,1,1,0.028,0.73,2,2,2,2,2,2,98,3,1
1912,Gwalia Consolidated Limited,essex,0.4856781,51.5742447,cyanid,3.041363,1,4,0,2,0,0,0,0,0,0,0,0,0,0,0,0,0,0,0,0,0,0,0,0,0,0,0,0,5.043158052688611e-12,0.006389776357827476,2,0.11093931194433707,0.11658908888518023,0,united kingdom,extraction,GBR,1,1,0.028,0.73,2,2,2,2,2,2,98,3,1
1913,Gwalia Consolidated Limited,western,-95.7127622,37.0937489,cyanid,3.041363,1,4,0,0,0,0,0,0,0,0,0,0,0,0,0,0,0,0,0,0,0,0,0,0,0,0,0,0,7.591239939039246e-13,0.0031446540880503146,1,0.08573123702165529,0.08850350819690449,0,united states of america,extraction,USA,0,0,0.083,0.581,1,2,1,1,2,1,98,3,1
1913,Hampton Uruguay Limited,western,-95.7127622,37.0937489,cyanid,0.5842259000000001,1,5,0,0,0,0,0,0,1,0,0,0,0,0,0,0,0.054631743551072406,0.012658227848101266,1,0.32113821138211385,0.36392405063291133,0,0.05681765265575402,0.01020408163265306,1,0.31313131313131315,0.3340136054421768,0,0,0,0,0,0,0,united states of america,extraction,USA,0,0,0.083,0.581,1,2,1,1,2,1,98,3,1
1915,Hampton Uruguay Limited,australia,133.775136,-25.274398,cyanid,0.5842259000000001,1,6,0,2,0,1,0,0,0,0,0,0,0,0,0,0,0.07322309911761911,0.012195121951219513,1,0.33884297520661155,0.3841463414634146,0,0.06986209179358624,0.01020408163265306,1,0.3333333333333333,0.36564625850340116,0,3.2394883523263145e-6,0.008522727272727272,3,0.18053993250843645,0.17985096500721523,0.006479053354053354,australia,extraction,AUS,0,1,0.041,0.659,2,3,3,2,3,3,99,3,1
1916,Hampton Uruguay Limited,western,-95.7127622,37.0937489,cyanid,0.028544240000000002,1,6,0,0,0,0,0,0,0,0,0,0,0,0,0,0,0,0,0,0,0,0,0,0,0,0,0,0,0,0,0,0,0,0,united states of america,extraction,USA,0,0,0.07,0.581,1,2,1,1,2,1,98,3,1
1908,Hannan Reward Limited,australia,133.7751,-25.2744,cyanid,0.08519961,1,7,1935.325106752318,0,0,0,0,1,0,0,0.1087604726633199,0.014084507042253521,1,0.29218106995884774,0.33041582830315236,0,0,0,0,0,0,0,0.02308666385307566,0.009259259259259259,1,0.2819843342036554,0.30725308641975324,0,0,0,0,0,0,0,australia,extraction,AUS,0,1,0.041,0.659,2,2,2,2,2,2,99,2,1
1908,Hannan Reward Limited,western,-95.71276,37.09375,cyanid,0.08519961,1,7,0,0,0,0,0,1,0,0,0.1087604726633199,0.014084507042253521,1,0.29218106995884774,0.33041582830315236,0,0,0,0,0,0,0,0.02308666385307566,0.009259259259259259,1,0.2819843342036554,0.30725308641975324,0,0,0,0,0,0,0,united states of america,extraction,USA,0,0,0.117,0.581,1,1,1,1,1,1,98,1,1
1909,Hannan Reward Limited,australia,133.7751,-25.2744,cyanid,0.08519961,1,9,0,2,0,0,0,0,1,0,0,0,0,0,0,0,0.09757762654544924,0.013157894736842105,1,0.37623762376237624,0.4210526315789473,0,0.08763848030088957,0.010309278350515464,1,0.3584905660377358,0.39003436426116816,0,0,0.011235955056179775,2,1,0.011235955056179775,6.347997206881229e-5,australia,extraction,AUS,0,1,0.041,0.659,2,2,2,2,2,2,99,2,1
1909,Hannan Reward Limited,western,-95.71276,37.09375,cyanid,0.08519961,1,9,0,2,0,0,0,0,1,0,0,0,0,0,0,0,0.09757762654544924,0.013157894736842105,1,0.37623762376237624,0.4210526315789473,0,0.08763848030088957,0.010309278350515464,1,0.3584905660377358,0.39003436426116816,0,0,0.011235955056179775,2,1,0.011235955056179775,6.347997206881229e-5,united states of america,extraction,USA,0,0,0.117,0.581,1,1,1,1,1,1,98,1,1
1910,Hannan Reward Limited,australia,133.7751,-25.2744,cyanid,0.08519961,1,1,0,1,0,0,0,0,0,0,0,0,0,0,0,0,0,0,0,0,0,0,0,0,0,0,0,0,0.00832914222411929,0.004739336492890996,1,0.2524682651622003,0.24416422177085687,0,australia,extraction,AUS,0,1,0.041,0.659,2,3,2,2,3,2,99,2,1
1911,Hannan Reward Limited,australia,133.775136,-25.274398,cyanid,0.08519961,1,1,0.0036328525346458664,0,0,0,0,0,0,0,0,0,0,0,0,0,0,0,0,0,0,0,0,0,0,0,0,0,0,0,0,0,0,0,australia,extraction,AUS,0,1,0.041,0.659,2,3,2,2,3,2,99,2,1
1913,Hannan Reward Limited,australia,133.775136,-25.274398,cyanid,0.08519961,1,1,0,0,0,0,0,0,0,0,0,0,0,0,0,0,0,0,0,0,0,0,0,0,0,0,0,0,0.002505611060273914,0.006289308176100629,2,0.22542901716068642,0.2292615054407515,0.08414229386868041,australia,extraction,AUS,0,1,0.041,0.659,2,3,2,2,3,2,99,2,1
1914,Hannan Reward Limited,australia,133.775136,-25.274398,cyanid,0.08519961,1,5,0,2,1,0,0,0,0,0,0.08121042681447756,0.015873015873015872,1,0.2843601895734597,0.3076719576719577,0,0,0,0,0,0,0,0.03138945016009031,0.01098901098901099,1,0.2774390243902439,0.30311355311355315,0,6.628733380373786e-18,0.002777777777777778,1,1,0.002777777777777778,0,australia,extraction,AUS,0,1,0.041,0.659,2,3,2,2,3,2,99,2,1
1917,Hausa Nigeria Limited,rhodesia,-97.2134822,32.8294337,cyanid,0.3156274,1,1,0,0,0,0,0,0,0,0,0,0,0,0,0,0,0,0,0,0,0,0,0,0,0,0,0,0,0,0,0,0,0,0,united states of america,extraction,USA,0,0,0.07,0.581,1,2,1,1,2,1,98,3,1
1912,Hay Gold Mining Limited,rhodesia,-97.2134822,32.8294337,cyanid,0.6861443,1,3,0,0,0,0,0,1,1,1,0.012786971544350103,0.014492753623188406,1,0.2271186440677966,0.24627329192546576,0,0.06512410373025115,0.012048192771084338,1,0.3487394957983193,0.39457831325301207,0,0.0686532759766448,0.01818181818181818,2,0.32432432432432434,0.3643939393939394,0.0011641433030702582,0,0,0,0,0,0,united states of america,extraction,USA,0,0,0.098,0.581,1,2,1,1,2,1,98,3,1
1913,Hay Gold Mining Limited,rhodesia,-97.2134822,32.8294337,cyanid,0.6861443,1,4,0,2,1,2,1,0,0,0,0,0.017241379310344827,1,0.35,0.05316091954022989,0,0.0546317435510724,0.012658227848101266,1,0.32113821138211385,0.36392405063291133,0,0.05897755188534758,0.02040816326530612,2,0.3152542372881356,0.3408163265306121,0.005918464471913852,0.0085956036156745,0.009433962264150943,3,0.21877365632096896,0.23193913877876185,6.956313853688995e-4,united states of america,extraction,USA,0,0,0.083,0.581,1,2,1,1,2,1,98,3,1
1914,Hay Gold Mining Limited,rhodesia,-97.2134822,32.8294337,cyanid,0.6861443,1,7,0,2,1,1,1,0,0,0,8.628626926949778e-19,0.015873015873015872,1,0.6666666666666666,0.023809523809523808,0,0.07154364381956921,0.013888888888888888,1,0.3333333333333333,0.37847222222222215,0,0.07309855541855226,0.02197802197802198,2,0.3159722222222222,0.3631868131868132,0.005179045002442606,9.627577718785142e-5,0.002777777777777778,1,0.1752988047808765,0.16287437870771196,0,united states of america,extraction,USA,0,0,0.079,0.581,1,2,1,1,2,1,98,3,1
1915,Hay Gold Mining Limited,rhodesia,-97.2134822,32.8294337,cyanid,0.6861443,1,4,0,3,1,2,1,0,0,0,0,0.016129032258064516,1,0.6,0.03225806451612903,0,0.0732230991176191,0.012195121951219513,1,0.33884297520661155,0.3841463414634146,0,0.07177388302470959,0.02040816326530612,2,0.3356643356643357,0.37244897959183654,0.006522196507468989,0.0019139662297021028,0.011363636363636364,4,0.25255704169944926,0.2521306818181823,4.401596435488312e-4,united states of america,extraction,USA,0,0,0.07,0.581,1,2,1,1,2,1,98,3,1
1916,Hay Gold Mining Limited,rhodesia,-97.2134822,32.8294337,cyanid,0.6861443,1,4,0,0,0,0,0,0,0,0,0,0,0,0,0,0,0,0,0,0,0,0,0,0,0,0,0,0,0,0,0,0,0,0,united states of america,extraction,USA,0,0,0.07,0.581,1,2,1,1,2,1,98,3,1
1919,Hay Gold Mining Limited,rhodesia,-97.2134822,32.8294337,cyanid,0.6861443,1,6,0,4,1,2,1,0,2,0,4.9458007033290544e-17,0.018867924528301886,1,0.6,0.03773584905660377,0,0.29515907268556885,0.046153846153846156,3,0.49242424242424243,0.5128205128205129,0.01135002415685261,0.2896443964988502,0.05,4,0.45454545454545453,0.48645833333333377,0.02508281050491843,0.029414623970085596,0.016853932584269662,6,0.30866425992779783,0.3274143927233813,0.006973739856704681,united states of america,extraction,USA,0,0,0.07,0.581,1,2,1,1,2,1,98,3,1
1920,Hearreira Delvelopment Oil,transvaal,-81.1831,43.23256,cyanid,0.5646426999999999,1,7,0,5,0,1,0,0,0,0,0,0,0,0,0,0,0.10587932409349127,0.01639344262295082,1,0.3630952380952381,0.40983606557377045,0,0.1011716906896851,0.01282051282051282,1,0.3436123348017621,0.3846153846153844,0,0.3957474459975946,0.22916666666666666,88,0.4002157497303128,0.4815848214285743,0.050808875069203396,canada,extraction,CAN,0,1,0.067,0.631,2,1,1,2,2,1,98,0,1
1894,Henry Nourse Gold Mining Company,johannesburg,28.04731,-26.2041,cyanid,0.39024390000000003,1,11,9215.796431216804,0,0,0,0,2,2,1,0.3660254037844388,0.1111111111111111,1,0.4666666666666667,0.40740740740740744,0,0.3797353327119667,0.15384615384615385,2,0.4642857142857143,0.532051282051282,0.002314814814814815,0.4471949108488702,0.16666666666666666,3,0.45,0.5231481481481481,0.023680180606864325,0,0,0,0,0,0,south africa,extraction,ZAF,1,1,NA,NA,NA,NA,NA,NA,NA,NA,NA,NA,NA
1895,Henry Nourse Gold Mining Company,london,-0.1277583,51.50735,cyanid,0.3910068,1,15,0,8,4,2,2,0,1,0,0.27210029179888107,0.03125,1,0.3466666666666667,0.32031249999999994,0,0.3910094710767387,0.09375,3,0.43243243243243246,0.4947916666666667,0.010044575184827641,0.44176548179569175,0.08888888888888889,4,0.4166666666666667,0.4740740740740738,0.0168501892637331,0.6813244217988567,0.2571428571428571,9,0.44642857142857145,0.41523809523809535,0.14678606174404496,united kingdom,extraction,GBR,1,1,0.028,0.73,2,2,NA,2,2,NA,98,3,1
1908,Hikutaia Gold Syndicate Limited,new zealand,174.886,-40.90056,cyanid,0.0729927,0,1,0,0,0,0,0,0,1,0,0,0,0,0,0,0,0.06461188410312478,0.012658227848101266,1,0.32644628099173556,0.370253164556962,0,0.062100189584687916,0.009259259259259259,1,0.3059490084985836,0.34398148148148133,0,0,0,0,0,0,0,new zealand,extraction,NA,0,0,NA,NA,NA,NA,NA,NA,NA,NA,NA,NA,NA
1909,Hikutaia Gold Syndicate Limited,new zealand,174.886,-40.90056,cyanid,0.07309942,0,1,0,0,0,0,0,0,0,0,0,0,0,0,0,0,0,0,0,0,0,0,0,0,0,0,0,0,0,0,0,0,0,0,new zealand,extraction,NA,0,0,NA,NA,NA,NA,NA,NA,NA,NA,NA,NA,NA
1913,Hollinger Ibre Gold Mines Limited,ontario,-85.323214,51.253775,cyanid,3,1,2,944.8498229643143,1,0,0,0,0,0,0,0,0,0,0,0,0,0,0,0,0,0,0,0,0,0,0,0,0,1.942716860774181e-18,0.0031446540880503146,1,1,0.0031446540880503146,0,canada,extraction,CAN,0,1,0.072,0.61,2,1,1,2,1,1,96,0,1
1914,Hollinger Ibre Gold Mines Limited,ontario,-85.323214,51.253775,cyanid,3,0,4,0,1,0,0,0,0,0,0,0,0,0,0,0,0,0,0,0,0,0,0,0,0,0,0,0,0,3.112242300312664e-5,0.002777777777777778,1,0.17420814479638008,0.16039752685585987,0,canada,extraction,CAN,0,1,0.067,0.61,2,1,1,2,1,1,96,0,1
1915,Hollinger Ibre Gold Mines Limited,ontario,-85.323214,51.253775,cyanid,3,1,5,0,1,0,0,0,0,0,0,0,0,0,0,0,0,0,0,0,0,0,0,0,0,0,0,0,0,0,0,0,0,0,0,canada,extraction,CAN,0,1,0.067,0.61,2,2,1,2,2,1,98,0,1
1916,Hollinger Ibre Gold Mines Limited,ontario,-85.323214,51.253775,cyanid,3,1,5,0,0,0,0,0,0,0,0,0,0,0,0,0,0,0,0,0,0,0,0,0,0,0,0,0,0,0,0,0,0,0,0,canada,extraction,CAN,0,1,0.067,0.61,2,2,1,2,2,1,98,0,1
1917,Hollinger Ibre Gold Mines Limited,porcupine,-111.7909417,40.6189514,cyanid,3,1,5,0,0,0,0,0,0,0,0,0,0,0,0,0,0,0,0,0,0,0,0,0,0,0,0,0,0,0,0,0,0,0,0,united states of america,extraction,USA,0,0,0.07,0.581,1,2,1,1,2,1,98,3,1
1923,Hollinger Ibre Gold Mines Limited,ontario,-85.32321,51.25377,cyanid,3,1,1,0,1,0,0,0,0,0,0,0,0,0,0,0,0,0,0,0,0,0,0,0,0,0,0,0,0,3.7168383356154026e-18,0.005291005291005291,2,1,0.005291005291005291,1.4034496793117482e-5,canada,extraction,CAN,0,1,0.07,0.631,2,1,1,2,2,1,98,0,1
1919,Hook Yuanm Gold,western,-95.7127622,37.0937489,cyanid,1.146525,1,15,0,2,0,0,0,0,0,0,0,0,0,0,0,0,0,0,0,0,0,0,0,0,0,0,0,0,0.007036183231765781,0.025280898876404494,9,0.29457364341085274,0.3051029962546818,0.0015919463922104806,united states of america,extraction,USA,0,0,0.07,0.581,1,2,1,1,2,1,98,3,1
1912,Huinquintipa Syndicate Limited,london,-0.1277583,51.5073509,cyanid,0.05839416,1,7,0,2,1,0,0,0,0,0,0.09061525051768882,0.014492753623188406,1,0.27800829875518673,0.30869565217391315,0,0,0,0,0,0,0,0.02403219351102121,0.00909090909090909,1,0.27621483375959077,0.29363636363636375,0,0,0.006389776357827476,2,1,0.003194888178913738,0,united kingdom,extraction,GBR,1,1,0.028,0.73,2,2,2,2,2,2,98,3,1
1917,Hutti Nizadm Gold Mines Limited,nine s including the,-96.7816649,32.7844571,cyanid,0.23820870000000002,1,1,0,0,0,0,0,1,1,1,0.18857710109560244,0.027777777777777776,1,0.2909090909090909,0.3097222222222221,0,0.3826272781048882,0.06521739130434782,3,0.4423076923076923,0.4909420289855072,0.008891885671265585,0.41338752072842694,0.06557377049180328,4,0.4178082191780822,0.47185792349726763,0.017824601519732284,0,0,0,0,0,0,united states of america,extraction,USA,0,0,0.07,0.581,1,2,1,1,2,1,98,3,1
1919,Hutti Nizadm Gold Mines Limited,london,-0.1277583,51.5073509,cyanid,0.2213369,1,6,0,2,0,0,0,0,0,0,0,0,0,0,0,0,0,0,0,0,0,0,0,0,0,0,0,0,2.006563764147484e-5,0.008426966292134831,3,0.19826086956521738,0.20071562332798382,0.005396423484728597,united kingdom,extraction,GBR,1,1,0.028,0.73,2,2,1,2,2,1,89,3,1
1908,Hutti Nizam Gold Mines Limited,nine square including the hutti,-88.19144,39.48468,cyanid,0.243309,1,12,411.19520100844954,0,0,0,0,0,1,0,0,0,0,0,0,0,0.1637817135240837,0.02531645569620253,2,0.4388888888888889,0.4736286919831224,0.0018922661490818062,0.1529357013839339,0.018518518518518517,2,0.37894736842105264,0.42237654320987683,9.26343595461395e-4,0,0,0,0,0,0,united states of america,extraction,USA,0,0,0.117,0.581,1,1,1,1,1,1,98,1,1
1909,Hutti Nizam Gold Mines Limited,nine square including the hutti,-88.19144,39.48468,cyanid,0.243309,1,3,0,2,0,0,0,1,0,0,0.10791345261595829,0.014925373134328358,1,0.28634361233480177,0.314179104477612,0,0,0,0,0,0,0,0.03216149211263471,0.010309278350515464,1,0.28023598820059,0.2994845360824743,0,0,0,0,0,0,0,united states of america,extraction,USA,0,0,0.117,0.581,1,1,1,1,1,1,98,1,1
1910,Hutti Nizam Gold Mines Limited,nine square including the hutti,-88.19144,39.48468,cyanid,0.05836576,1,3,0,0,0,0,0,0,0,0,0,0,0,0,0,0,0,0,0,0,0,0,0,0,0,0,0,0,0,0,0,0,0,0,united states of america,extraction,USA,0,0,0.098,0.581,1,2,1,1,2,1,98,3,1
1911,Hutti Nizam Gold Mines Limited,marshall,-95.774913,36.0674332,cyanid,0.058337379999999994,1,1,0.7703875842848864,0,0,0,0,0,0,0,0,0,0,0,0,0,0,0,0,0,0,0,0,0,0,0,0,0,0,0,0,0,0,0,united states of america,extraction,USA,0,0,0.098,0.581,1,2,1,1,2,1,98,3,1
1913,Hutti Nizam Gold Mines Limited,london,-0.1277583,51.5073509,cyanid,0.058422589999999996,1,4,0,0,0,0,0,0,1,0,0,0,0,0,0,0,0.1380995366547817,0.02531645569620253,2,0.4114583333333333,0.4546413502109704,0.01785928547304065,0.13844761806473901,0.02040816326530612,2,0.3891213389121339,0.40986394557823136,0.008310390569657964,0,0,0,0,0,0,united kingdom,extraction,GBR,1,1,0.028,0.73,2,2,2,2,2,2,98,3,1
1914,Hutti Nizam Gold Mines Limited,london,-0.1277583,51.5073509,cyanid,0.23786870000000002,0,3,0,1,0,0,0,0,0,0,0,0,0,0,0,0,0,0,0,0,0,0,0,0,0,0,0,0,4.273603615870709e-18,0.002777777777777778,1,1,0.002777777777777778,0,united kingdom,extraction,GBR,1,1,0.028,0.73,2,2,2,2,2,2,98,3,1
1915,Hutti Nizam Gold Mines Limited,nine s including the,-96.7816649,32.7844571,cyanid,0.23786870000000002,1,1,34.48330482755223,0,0,0,0,0,0,0,0,0,0,0,0,0,0,0,0,0,0,0,0,0,0,0,0,0,0,0,0,0,0,0,united states of america,extraction,USA,0,0,0.07,0.581,1,2,1,1,2,1,98,3,1
1916,Hutti Nizam Gold Mines Limited,nine s including the,-96.7816649,32.7844571,cyanid,0.2383222,1,1,0,0,0,0,0,0,0,0,0,0,0,0,0,0,0,0,0,0,0,0,0,0,0,0,0,0,4.8025764384485156e-4,0.006042296072507553,2,0.23520710059171598,0.24515537332757964,0,united states of america,extraction,USA,0,0,0.07,0.581,1,2,1,1,2,1,98,3,1
1920,Hutti Nizam Gold Mines Limited,london,-0.1277583,51.50735,cyanid,0.1832173,1,7,0,3,0,0,0,0,0,0,0,0,0,0,0,0,0,0,0,0,0,0,0,0,0,0,0,0,0.0038266880033497605,0.015625,6,0.3237347294938918,0.34309895833333154,0.0024507622169553096,united kingdom,extraction,GBR,1,1,0.028,0.73,2,2,1,2,2,1,89,3,1
1908,Ida Gold Mining Company,western,-95.71276,37.09375,cyanid,0.38891590000000004,1,4,0,0,0,0,0,0,0,0,0,0,0,0,0,0,0,0,0,0,0,0,0,0,0,0,0,0,0,0,0,0,0,0,united states of america,extraction,USA,0,0,0.117,0.581,1,1,1,1,1,1,98,1,1
1909,Ida Gold Mining Company,western,-95.71276,37.09375,cyanid,0.2436647,1,8,0,0,0,0,0,0,1,0,0,0,0,0,0,0,0.06924109956665807,0.013157894736842105,1,0.336283185840708,0.38157894736842096,0,0.06091080298477588,0.010309278350515464,1,0.32646048109965636,0.3577319587628865,0,0,0,0,0,0,0,united states of america,extraction,USA,0,0,0.117,0.581,1,1,1,1,1,1,98,1,1
1910,Ida Gold Mining Company,western,-95.71276,37.09375,cyanid,0.2431907,1,5,0,1,0,1,0,1,1,1,0.16101929907524734,0.017543859649122806,1,0.3630573248407643,0.4035087719298244,0,0.25130488281087304,0.045454545454545456,3,0.4714285714285714,0.5012626262626262,0.009128362283221555,0.29048346409269377,0.045454545454545456,4,0.43349753694581283,0.4725378787878792,0.007099935265740912,7.998458578936076e-19,0.004739336492890996,1,1,0.004739336492890996,0,united states of america,extraction,USA,0,0,0.098,0.581,1,2,1,1,2,1,98,3,1
1912,Ida Gold Mining Company,western,-95.7127622,37.0937489,cyanid,0.34350359999999996,1,3,0,2,0,2,0,0,0,0,0,0,0,0,0,0,0.1613342171555529,0.024096385542168676,2,0.415,0.45682730923694786,6.102861837270865e-4,0.15244094640127784,0.01818181818181818,2,0.37630662020905925,0.41136363636363665,2.9325822660648446e-4,6.4309029078023e-12,0.01597444089456869,5,0.11098221191028615,0.1181865329746371,6.301554593518221e-6,united states of america,extraction,USA,0,0,0.098,0.581,1,2,1,1,2,1,98,3,1
1908,Indwe Railway Collieries,rhodesia,-97.21348,32.82943,cyanid,0.243309,1,2,382.0578442854707,0,0,0,0,0,0,0,0,0,0,0,0,0,0,0,0,0,0,0,0,0,0,0,0,0,0,0,0,0,0,0,united states of america,extraction,USA,0,0,0.117,0.581,1,1,1,1,1,1,98,1,1
1909,Inez Gold Mining Company,salisbury,-75.59937,38.36067,cyanid,0.5111977,1,2,0,0,0,0,0,0,0,0,0,0,0,0,0,0,0,0,0,0,0,0,0,0,0,0,0,0,0,0,0,0,0,0,united states of america,extraction,USA,0,0,0.117,0.581,1,1,1,1,1,1,98,1,1
1910,Inez Gold Mining Company,rhodesia,-97.21348,32.82943,cyanid,0.5111977,1,2,0,0,0,0,0,0,0,0,0,0,0,0,0,0,0,0,0,0,0,0,0,0,0,0,0,0,0,0,0,0,0,0,united states of america,extraction,USA,0,0,0.098,0.581,1,2,1,1,2,1,98,3,1
1913,Inez Gold Mining Company,rhodesia,-97.2134822,32.8294337,cyanid,0.5111977,1,2,0,0,0,0,0,0,0,0,0,0,0,0,0,0,0,0,0,0,0,0,0,0,0,0,0,0,0,0,0,0,0,0,united states of america,extraction,USA,0,0,0.083,0.581,1,2,1,1,2,1,98,3,1
1911,Insiza Mines Limited,rhodesia,-97.2134822,32.8294337,cyanid,0.48685490000000003,1,8,4.5913793676987665e-4,0,0,0,0,0,0,0,0,0,0,0,0,0,0,0,0,0,0,0,0,0,0,0,0,0,0,0,0,0,0,0,united states of america,extraction,USA,0,0,0.098,0.581,1,2,1,1,2,1,98,3,1
1913,Insiza Mines Limited,rhodesia,-97.2134822,32.8294337,cyanid,0.48685490000000003,1,8,0,2,0,2,0,0,1,0,0,0,0,0,0,0,0.2888330581114654,0.0379746835443038,3,0.4114583333333333,0.4599156118143459,0.00663263007643864,0.2735780162528621,0.030612244897959183,3,0.38589211618257263,0.41275510204081645,0.003863108141106198,0.015207876584006129,0.031446540880503145,10,0.24184100418410043,0.26680064345158777,0.040970412388019996,united states of america,extraction,USA,0,0,0.083,0.581,1,2,1,1,2,1,98,3,1
1915,Insiza Mines Limited,rhodesia,-97.2134822,32.8294337,cyanid,0.4930966,1,5,0,0,0,0,0,0,0,0,0,0,0,0,0,0,0,0,0,0,0,0,0,0,0,0,0,0,4.494025755439781e-4,0.002840909090909091,1,0.22431865828092243,0.2230902777777787,0,united states of america,extraction,USA,0,0,0.07,0.581,1,2,1,1,2,1,98,3,1
1916,Insiza Mines Limited,rhodesia,-97.2134822,32.8294337,cyanid,0.4930966,1,4,0,2,0,2,0,0,0,0,0,0,0,0,0,0,0.33659743869887215,0.05172413793103448,3,0.4461538461538462,0.48850574712643674,0.021319003016856453,0.32742777658227024,0.04,3,0.39893617021276595,0.4459999999999999,0.012152319045229433,0.01964164309590872,0.03323262839879154,11,0.30754352030947774,0.3321752265861028,0.04308285558461739,united states of america,extraction,USA,0,0,0.07,0.581,1,2,1,1,2,1,98,3,1
1917,Insiza Mines Limited,rhodesia,-97.2134822,32.8294337,cyanid,0.4930966,1,7,0,4,0,2,0,0,0,0,0,0,0,0,0,0,0.3826272781048882,0.06521739130434782,3,0.4423076923076923,0.4909420289855072,0.008891885671265585,0.3626696457458891,0.04918032786885246,3,0.3860759493670886,0.4404371584699452,0.004438884381561241,0.016214027289873593,0.02976190476190476,10,0.30151228733459357,0.32985402494331056,0.0440255019030203,united states of america,extraction,USA,0,0,0.07,0.581,1,2,1,1,2,1,98,3,1
1917,Irtysh Corporation Limited,london,-0.1277583,51.5073509,cyanid,4.573606,1,7,0,4,0,0,0,0,0,0,0,0,0,0,0,0,0,0,0,0,0,0,0,0,0,0,0,0,0.002479342212029162,0.017857142857142856,6,0.27933450087565675,0.2895762471655336,0.005596491872898605,united kingdom,extraction,GBR,1,1,0.028,0.73,2,2,2,2,2,2,94,3,1
1908,Ivan Hoe Gold Corporation Limited,london,-0.1277583,51.50735,cyanid,4.671533,1,7,0,1,0,0,0,1,1,1,0.029801443484626464,0.014084507042253521,1,0.24067796610169492,0.2682092555331993,0,0.09233751503463264,0.012658227848101266,1,0.3798076923076923,0.4240506329113924,0,0.09989865585959691,0.018518518518518517,2,0.34726688102893893,0.3922839506172838,6.670711420098165e-4,0.010820910693157583,0.013157894736842105,1,0.2757009345794392,0.23749999999999996,0,united kingdom,extraction,GBR,1,1,0.028,0.73,2,2,2,2,2,1,98,3,1
1909,Ivan Hoe Gold Corporation Limited,london,-0.1277583,51.50735,cyanid,4.678363,1,6,0,4,1,1,1,0,0,0,0.02075896065648,0.014925373134328358,1,0.24344569288389514,0.2576048329779674,0,0.09757762654544928,0.013157894736842105,1,0.37623762376237624,0.4210526315789473,0,0.09582384173792646,0.020618556701030927,2,0.3612167300380228,0.3969072164948452,0.001356619051528844,0.006451615722864278,0.028089887640449437,5,0.26990291262135924,0.2419297306937757,0.007248329872000073,united kingdom,extraction,GBR,1,1,0.028,0.73,2,2,2,2,2,1,98,3,1
1911,Ivan Hoe Gold Corporation Limited,london,-0.1277583,51.5073509,cyanid,4.666991,1,6,1.0013217677085525e-4,2,0,0,0,0,0,0,0,0,0,0,0,0,0,0,0,0,0,0,0,0,0,0,0,0,2.2806119366751314e-5,0.011450381679389313,3,0.1958295557570263,0.17842602689930925,3.767841975025114e-4,united kingdom,extraction,GBR,1,1,0.028,0.73,2,2,2,2,2,2,98,3,1
1911,Ivan Hoe Gold Corporation Limited,western,-95.7127622,37.0937489,cyanid,4.666991,1,6,2.3055664769700538e-4,2,0,0,0,0,0,0,0,0,0,0,0,0,0,0,0,0,0,0,0,0,0,0,0,0,2.2806119366751314e-5,0.011450381679389313,3,0.1958295557570263,0.17842602689930925,3.767841975025114e-4,united states of america,extraction,USA,0,0,0.098,0.581,1,2,1,1,2,1,98,3,1
1913,Ivan Hoe Gold Corporation Limited,london,-0.1277583,51.5073509,cyanid,4.671533,1,9,0,1,0,0,0,0,1,0,0,0,0,0,0,0,0.11542706741356205,0.012658227848101266,1,0.34347826086956523,0.3892405063291139,0,0.10861128279129319,0.01020408163265306,1,0.3333333333333333,0.35578231292517,0,2.0388721618333273e-6,0.006289308176100629,2,0.14566532258064516,0.14681348525688223,0.005713945598476281,united kingdom,extraction,GBR,1,1,0.028,0.73,2,2,2,2,2,2,98,3,1
1914,Ivan Hoe Gold Corporation Limited,london,-0.1277583,51.5073509,cyanid,4.733728,1,4,0,2,0,0,0,0,0,0,0,0,0,0,0,0,0,0,0,0,0,0,0,0,0,0,0,0,2.6679849842669505e-4,0.011111111111111112,4,0.19935275080906148,0.188595679012346,0,united kingdom,extraction,GBR,1,1,0.028,0.73,2,2,2,2,2,2,98,3,1
1915,Ivan Hoe Gold Corporation Limited,london,-0.1277583,51.5073509,cyanid,4.567079,1,13,0,3,0,0,0,0,2,0,0,0,0,0,0,0,0.13358350274263575,0.024390243902439025,2,0.3867924528301887,0.4349593495934959,0.003009299133281175,0.12717619059353819,0.02040816326530612,2,0.37209302325581395,0.40816326530612235,0.0015432789465489084,2.907433907380321e-4,0.017045454545454544,6,0.2620408163265306,0.2687702922077927,0.0033408629923073157,united kingdom,extraction,GBR,1,1,0.028,0.73,2,2,2,2,2,2,98,3,1
1916,Ivan Hoe Gold Corporation Limited,london,-0.1277583,51.5073509,cyanid,4.575786,1,9,0,6,0,0,0,0,0,0,0,0,0,0,0,0,0,0,0,0,0,0,0,0,0,0,0,0,0.00394214481499456,0.02416918429003021,8,0.29775280898876405,0.31622068767083905,0.037523573896477695,united kingdom,extraction,GBR,1,1,0.031,0.73,2,2,2,2,2,2,94,3,1
1919,Ivan Hoe Gold Corporation Limited,london,-0.1277583,51.5073509,cyanid,4.426737,1,13,0,9,1,1,1,0,0,0,1.1560271556998696e-16,0.018867924528301886,1,0.42857142857142855,0.08333333333333334,0,0.11021245718263531,0.015384615384615385,1,0.3611111111111111,0.4076923076923077,0,0.11871191652347676,0.025,2,0.35714285714285715,0.4039583333333332,0.004191023709217462,0.010839314367164166,0.05898876404494382,21,0.3260247855100095,0.35262172284644094,0.08134838916962127,united kingdom,extraction,GBR,1,1,0.028,0.73,2,2,1,2,2,1,89,3,1
1920,Ivan Hoe Gold Corporation Limited,london,-0.1277583,51.50735,cyanid,3.517772,1,12,0,6,1,1,1,1,1,1,0.06825026679268018,0.037037037037037035,2,0.29508196721311475,0.337037037037037,0.011444550674110423,0.4157568117349176,0.06557377049180328,4,0.5169491525423728,0.5327868852459017,0.01904668915210136,0.43632418351986807,0.07692307692307693,6,0.4508670520231214,0.49786324786324804,0.016564970913945928,0.006067479065025989,0.0625,24,0.36515748031496065,0.39392361111110985,0.07677907429021295,united kingdom,extraction,GBR,1,1,0.028,0.73,2,2,1,2,2,1,89,3,1
1921,Ivan Hoe Gold Corporation Limited,london,-0.1277583,51.50735,cyanid,3.69515,1,11,0,7,0,1,0,0,0,0,0,0,0,0,0,0,0.08091713249657767,0.0196078431372549,1,0.34459459459459457,0.39215686274509803,0,0.07800183961556491,0.014705882352941176,1,0.3300970873786408,0.3693627450980392,0,0.053429790577018486,0.06199460916442048,23,0.3555776892430279,0.38382749326145305,0.03715904929267106,united kingdom,extraction,GBR,1,1,0.028,0.73,2,2,1,2,2,1,89,3,1
1922,Ivan Hoe Gold Corporation Limited,london,-0.1277583,51.50735,cyanid,4.25155,1,11,0,7,0,0,0,0,0,0,0,0,0,0,0,0,0,0,0,0,0,0,0,0,0,0,0,0,0.028404349790120517,0.06868131868131869,25,0.3532388663967611,0.3826465201465176,0.03531902587114604,united kingdom,extraction,GBR,1,1,0.027,0.73,2,2,1,2,2,1,89,3,1
1923,Ivan Hoe Gold Corporation Limited,london,-0.1277583,51.50735,cyanid,4.391583,1,9,0,7,1,1,1,0,0,0,0.012689132318520655,0.021739130434782608,1,0.2471264367816092,0.2668737060041406,0,0.09939296831355063,0.025,1,0.3333333333333333,0.3812500000000001,0,0.10582222277466852,0.03571428571428571,2,0.32748538011695905,0.37410714285714297,0.0012194588452014688,0.0261660239729858,0.10582010582010581,40,0.3661257606490872,0.4044091710758366,0.057852177832921285,united kingdom,extraction,GBR,1,1,0.027,0.73,2,2,1,2,2,1,89,3,1
1909,Jacoletti Gold Mines Limited,western,-95.71276,37.09375,cyanid,0.4136253,1,4,0,2,0,0,0,0,0,0,0,0,0,0,0,0,0,0,0,0,0,0,0,0,0,0,0,0,0,0.011235955056179775,2,1,0.0056179775280898875,0,united states of america,extraction,USA,0,0,0.117,0.581,1,1,1,1,1,1,98,1,1
1910,Jacoletti Gold Mines Limited,western,-95.71276,37.09375,cyanid,0.4136253,1,1,0,0,0,0,0,0,0,0,0,0,0,0,0,0,0,0,0,0,0,0,0,0,0,0,0,0,0,0,0,0,0,0,united states of america,extraction,USA,0,0,0.098,0.581,1,2,1,1,2,1,98,3,1
1912,Jacoletti Gold Mines Limited,western,-95.7127622,37.0937489,cyanid,0.4136253,1,2,0,1,0,0,0,0,0,0,0,0,0,0,0,0,0,0,0,0,0,0,0,0,0,0,0,0,0.0018677815601089247,0.009584664536741214,3,0.22162162162162163,0.23700514962495858,0.00958769800835053,united states of america,extraction,USA,0,0,0.098,0.581,1,2,1,1,2,1,98,3,1
1913,Jacoletti Gold Mines Limited,western,-95.7127622,37.0937489,cyanid,0.4136253,1,1,0,0,0,0,0,0,0,0,0,0,0,0,0,0,0,0,0,0,0,0,0,0,0,0,0,0,0,0,0,0,0,0,united states of america,extraction,USA,0,0,0.083,0.581,1,2,1,1,2,1,98,3,1
1895,Joe Reefs United Sheba Limited,london,-0.1277583,51.50735,cyanid,0.2932551,0,8,0,0,0,0,0,2,2,2,0.11120208417232506,0.03125,1,0.25742574257425743,0.2520833333333334,0,0.08960231452650921,0.03125,1,0.3333333333333333,0.3828125,0,0.12565146349934192,0.044444444444444446,2,0.33088235294117646,0.38296296296296306,0.0033352762170188355,0,0,0,0,0,0,united kingdom,extraction,GBR,1,1,0.028,0.73,2,2,NA,2,2,NA,98,3,1
1909,Joint Stock Investment Company,mexico,-102.5528,23.6345,cyanid,0.29239770000000004,1,5,0,1,0,1,0,0,1,0,0,0,0,0,0,0,0.17173371151388384,0.02631578947368421,2,0.4367816091954023,0.47258771929824567,0.0024132760943906457,0.1552620966534918,0.020618556701030927,2,0.4008438818565401,0.430412371134021,0.0010294166973359076,0,0.011235955056179775,2,1,0.011235955056179775,6.347997206881229e-5,mexico,extraction,MEX,0,0,0.853,0.556,-2,-2,-2,-2,-2,-2,96,1,0
1895,Jubilee Gold Mining Company,salisbury,-75.59937,38.36067,cyanid,0.07302824000000001,1,10,0,0,0,0,0,0,0,0,0,0,0,0,0,0,0,0,0,0,0,0,0,0,0,0,0,0,0,0,0,0,0,0,united states of america,extraction,USA,0,0,0.147,0.478,1,1,NA,1,1,NA,95,1,1
1908,Jubilee Gold Mining Company,salisbury,-75.59937,38.36067,cyanid,0.07302824000000001,1,10,0,3,0,0,0,0,0,0,0,0,0,0,0,0,0,0,0,0,0,0,0,0,0,0,0,0,0.663974707585943,0.09210526315789473,7,0.24180327868852458,0.24172932330827068,0.008640728412472334,united states of america,extraction,USA,0,0,0.117,0.581,1,1,1,1,1,1,98,1,1
1909,Jubilee Gold Mining Company,salisbury,-75.59937,38.36067,cyanid,0.4873294,1,15,0,8,0,0,0,0,0,0,0,0,0,0,0,0,0,0,0,0,0,0,0,0,0,0,0,0,0.12230258476429737,0.11235955056179775,20,0.35459183673469385,0.3359149277688611,0.05452577382076524,united states of america,extraction,USA,0,0,0.117,0.581,1,1,1,1,1,1,98,1,1
1909,Jubilee Gold Mining Company,rhodesia,-97.21348,32.82943,cyanid,0.4873294,1,15,0,8,0,0,0,0,0,0,0,0,0,0,0,0,0,0,0,0,0,0,0,0,0,0,0,0,0.12230258476429737,0.11235955056179775,20,0.35459183673469385,0.3359149277688611,0.05452577382076524,united states of america,extraction,USA,0,0,0.117,0.581,1,1,1,1,1,1,98,1,1
1911,Jubilee Gold Mining Company,salisbury,-75.5993692,38.3606736,cyanid,0.4873294,1,8,4.0568282861542555e-4,5,0,1,0,0,1,0,0,0,0,0,0,0,0.1607782746565248,0.022222222222222223,2,0.4411764705882353,0.47407407407407415,0.002527875658848684,0.14620324071951643,0.01680672268907563,2,0.3888888888888889,0.4292717086834737,0.001380504774950809,0.05820950033025714,0.061068702290076333,16,0.35121951219512193,0.3299618320610687,0.020163969617411893,united states of america,extraction,USA,0,0,0.098,0.581,1,2,1,1,2,1,98,3,1
1912,Jubilee Gold Mining Company,salisbury,-75.5993692,38.3606736,cyanid,0.43816940000000004,1,12,0,6,0,1,0,0,0,0,0,0,0,0,0,0,0.09268403705056939,0.012048192771084338,1,0.3878504672897196,0.4307228915662651,0,0.0871125223773843,0.00909090909090909,1,0.3588039867109635,0.39166666666666666,0,0.023955903434115976,0.051118210862619806,16,0.25308641975308643,0.2855152391094895,0.0036513498444827957,united states of america,extraction,USA,0,0,0.098,0.581,1,2,1,1,2,1,98,3,1
1913,Jubilee Gold Mining Company,salisbury,-75.5993692,38.3606736,cyanid,0.43816940000000004,1,4,0,2,0,0,0,0,0,0,0,0,0,0,0,0,0,0,0,0,0,0,0,0,0,0,0,0,0.09955087252860995,0.031446540880503145,10,0.2589605734767025,0.28687401871364254,2.7858268970960246e-4,united states of america,extraction,USA,0,0,0.083,0.581,1,2,1,1,2,1,98,3,1
1914,Juga Nigeria Tin And Power,rhodesia,-97.2134822,32.8294337,cyanid,1.356016,1,3,0,1,0,0,0,0,0,0,0,0,0,0,0,0,0,0,0,0,0,0,0,0,0,0,0,0,0.0054835195593169045,0.005555555555555556,2,0.23245283018867924,0.2219058641975316,9.550502522356629e-5,united states of america,extraction,USA,0,0,0.079,0.581,1,2,1,1,2,1,98,3,1
1908,Jumbo Gold Mining Company,rhodesia,-97.21348,32.82943,cyanid,0.486618,1,11,382.0578442854707,1,0,1,0,2,1,1,0.009987909866943345,0.028169014084507043,2,0.2253968253968254,0.25637156270959094,0.028169014084507043,0.14000404014381077,0.02531645569620253,2,0.4030612244897959,0.4483122362869198,0.001567221203342825,0.13665279533482044,0.037037037037037035,4,0.36860068259385664,0.41975308641975334,0.022416008040712275,0.075017273467195,0.02631578947368421,2,0.27699530516431925,0.25626566416040114,2.5958196927726006e-4,united states of america,extraction,USA,0,0,0.117,0.581,1,1,1,1,1,1,98,1,1
1908,Jumbo Gold Mining Company,london,-0.1277583,51.50735,cyanid,0.486618,1,11,0,1,0,1,0,2,1,1,0.009987909866943345,0.028169014084507043,2,0.2253968253968254,0.25637156270959094,0.028169014084507043,0.14000404014381077,0.02531645569620253,2,0.4030612244897959,0.4483122362869198,0.001567221203342825,0.13665279533482044,0.037037037037037035,4,0.36860068259385664,0.41975308641975334,0.022416008040712275,0.075017273467195,0.02631578947368421,2,0.27699530516431925,0.25626566416040114,2.5958196927726006e-4,united kingdom,extraction,GBR,1,1,0.028,0.73,2,2,2,2,2,1,98,3,1
1911,Jumbo Gold Mining Company,rhodesia,-97.2134822,32.8294337,cyanid,0.48614490000000005,1,6,4.5913793676987665e-4,4,0,0,0,0,0,0,0,0,0,0,0,0,0,0,0,0,0,0,0,0,0,0,0,0,0.1284913667114498,0.07633587786259542,20,0.37961335676625657,0.3671755725190833,0.06456643655515801,united states of america,extraction,USA,0,0,0.098,0.581,1,2,1,1,2,1,98,3,1
1912,Jumbo Gold Mining Company,rhodesia,-97.2134822,32.8294337,cyanid,0.486618,1,9,0,3,1,0,0,0,0,0,0.03910037886917821,0.014492753623188406,1,0.24907063197026022,0.27960662525879926,0,0,0,0,0,0,0,0.011298493536956097,0.00909090909090909,1,0.26535626535626533,0.27969696969696967,0,0.1385262713417352,0.051118210862619806,16,0.31263616557734203,0.35406714336426676,0.04411139770528694,united states of america,extraction,USA,0,0,0.098,0.581,1,2,1,1,2,1,98,3,1
1912,Jumbo Gold Mining Company,transvaal,-81.1830974,43.2325617,cyanid,0.486618,1,9,0,3,1,0,0,0,0,0,0.03910037886917821,0.014492753623188406,1,0.24907063197026022,0.27960662525879926,0,0,0,0,0,0,0,0.011298493536956097,0.00909090909090909,1,0.26535626535626533,0.27969696969696967,0,0.1385262713417352,0.051118210862619806,16,0.31263616557734203,0.35406714336426676,0.04411139770528694,canada,extraction,CAN,0,1,0.072,0.61,2,1,1,2,1,1,96,0,1
1913,Jumbo Gold Mining Company,rhodesia,-97.2134822,32.8294337,cyanid,0.48685490000000003,1,8,0,6,1,0,0,0,0,0,0.020240871993070102,0.017241379310344827,1,0.24431818181818182,0.20574712643678153,0,0,0,0,0,0,0,0.009366228035767817,0.01020408163265306,1,0.256198347107438,0.25629251700680267,0,0.29741654663954775,0.11320754716981132,36,0.2861386138613861,0.35961618744637486,0.05890034075777797,united states of america,extraction,USA,0,0,0.083,0.581,1,2,1,1,2,1,98,3,1
1913,Jumbo Gold Mining Company,transvaal,-81.1830974,43.2325617,cyanid,0.48685490000000003,1,8,0,6,1,0,0,0,0,0,0.020240871993070102,0.017241379310344827,1,0.24431818181818182,0.20574712643678153,0,0,0,0,0,0,0,0.009366228035767817,0.01020408163265306,1,0.256198347107438,0.25629251700680267,0,0.29741654663954775,0.11320754716981132,36,0.2861386138613861,0.35961618744637486,0.05890034075777797,canada,extraction,CAN,0,1,0.072,0.61,2,1,1,2,1,1,96,0,1
1914,Jumbo Gold Mining Company,transvaal,-81.1830974,43.2325617,cyanid,1.427212,1,2,0,0,0,0,0,0,0,0,0,0,0,0,0,0,0,0,0,0,0,0,0,0,0,0,0,0,0.12318044691168116,0.025,9,0.29931972789115646,0.30375330687830676,0.01207916304942564,canada,extraction,CAN,0,1,0.067,0.61,2,1,1,2,1,1,96,0,1
1915,Jumbo Gold Mining Company,rhodesia,-97.2134822,32.8294337,cyanid,1.427212,1,1,0,1,0,0,0,0,0,0,0,0,0,0,0,0,0,0,0,0,0,0,0,0,0,0,0,0,0.07550271088649928,0.03977272727272727,14,0.3515881708652793,0.37297754329004157,0.020561683434690798,united states of america,extraction,USA,0,0,0.07,0.581,1,2,1,1,2,1,98,3,1
1916,Jumbo Gold Mining Company,rhodesia,-97.2134822,32.8294337,cyanid,1.429933,1,1,0,0,0,0,0,0,0,0,0,0,0,0,0,0,0,0,0,0,0,0,0,0,0,0,0,0,0.03405347935233907,0.00906344410876133,3,0.3093385214007782,0.3313192346424975,6.294933661805386e-4,united states of america,extraction,USA,0,0,0.07,0.581,1,2,1,1,2,1,98,3,1
1917,Jumbo Gold Mining Company,rhodesia,-97.2134822,32.8294337,cyanid,1.429933,1,1,0,0,0,0,0,0,0,0,0,0,0,0,0,0,0,0,0,0,0,0,0,0,0,0,0,0,0.03144040080208726,0.011904761904761904,4,0.32852729145211124,0.35347222222222124,3.192721068185566e-4,united states of america,extraction,USA,0,0,0.07,0.581,1,2,1,1,2,1,98,3,1
1919,Jumbo Gold Mining Company,salisbury,-75.5993692,38.3606736,cyanid,0.4764173,1,1,0,0,0,0,0,0,0,0,0,0,0,0,0,0,0,0,0,0,0,0,0,0,0,0,0,0,0.04491482771372288,0.019662921348314606,7,0.35330578512396693,0.37668539325842504,0.005197428046741069,united states of america,extraction,USA,0,0,0.07,0.581,1,2,1,1,2,1,98,3,1
1920,Jumbo Gold Mining Company,salisbury,-75.59937,38.36067,cyanid,1.099304,1,4,0,3,0,0,0,0,0,0,0,0,0,0,0,0,0,0,0,0,0,0,0,0,0,0,0,0,0.01884788250700949,0.036458333333333336,14,0.35845410628019325,0.3825086805555536,0.03853877217876604,united states of america,extraction,USA,0,0,0.078,0.581,1,2,1,1,2,1,98,3,1
1921,Jumbo Gold Mining Company,rhodesia,-97.21348,32.82943,cyanid,1.099304,1,2,0,1,0,0,0,0,0,0,0,0,0,0,0,0,0,0,0,0,0,0,0,0,0,0,0,0,0.13911143164118256,0.05660377358490566,21,0.3936052921719956,0.4196765498652294,0.020972797038345457,united states of america,extraction,USA,0,0,0.095,0.581,1,2,1,1,2,1,98,3,1
1922,Jumbo Gold Mining Company,rhodesia,-97.21348,32.82943,cyanid,1.328609,1,1,0,1,0,0,0,0,0,0,0,0,0,0,0,0,0,0,0,0,0,0,0,0,0,0,0,0,0.07188930138158522,0.04120879120879121,15,0.3496993987975952,0.37165750915750667,0.009531110666917806,united states of america,extraction,USA,0,0,0.094,0.581,1,2,1,1,2,1,98,3,1
1923,Jumbo Gold Mining Company,rhodesia,-97.21348,32.82943,cyanid,1.37237,1,3,0,0,0,0,0,0,0,0,0,0,0,0,0,0,0,0,0,0,0,0,0,0,0,0,0,0,0.12847602547070347,0.03968253968253968,15,0.43130227001194743,0.44475308641975503,0.014012917299731347,united states of america,extraction,USA,0,0,0.096,0.581,1,2,1,1,2,1,98,3,1
1911,Jumper Gold Syndicate California Limited,bombay,72.8776559,19.0759837,cyanid,0.01215362,1,13,851.636311151814,3,0,1,0,2,2,1,0.22372577056562704,0.02631578947368421,2,0.4010989010989011,0.4254385964912279,0.010731278927321465,0.1607782746565249,0.022222222222222223,2,0.4411764705882353,0.47407407407407415,0.002527875658848684,0.22645491297553388,0.03361344537815126,4,0.44074074074074077,0.474089635854342,0.009649114317834042,0.0041053134928502495,0.030534351145038167,8,0.27906976744186046,0.2620592511813894,0.07192216984267524,india,extraction,IND,1,1,0.032,0.509,NA,NA,NA,NA,NA,NA,NA,2,1
1909,Jumpers Deep Limited,johannesburg,28.04731,-26.2041,cyanid,1.949318,1,5,0,2,0,1,0,0,0,0,0,0,0,0,0,0,0.06924109956665805,0.013157894736842105,1,0.336283185840708,0.38157894736842096,0,0.06091080298477589,0.010309278350515464,1,0.32646048109965636,0.3577319587628865,0,0.4603799099802486,0.09550561797752809,17,0.32629107981220656,0.31204521134296476,6.48755285593532e-4,south africa,extraction,ZAF,1,1,0.408,0.115,NA,NA,NA,NA,NA,NA,NA,-2,0
1910,Jumpers Deep Limited,transvaal,-81.1831,43.23256,cyanid,1.945525,1,5,0,0,0,0,0,0,0,0,0,0,0,0,0,0,0,0,0,0,0,0,0,0,0,0,0,0,0.2052284070954453,0.04739336492890995,10,0.3173758865248227,0.33103701196118346,2.1292522187932095e-4,canada,extraction,CAN,0,1,0.074,0.597,2,1,1,2,1,1,96,0,1
1895,Jumpers Gold Mining Company,london,-0.1277583,51.50735,cyanid,0.2052786,1,9,0,7,0,0,0,2,0,0,0.02862263059057482,0.03125,1,0.23423423423423423,0.22916666666666677,0,0,0,0,0,0,0,0.008358172047552279,0.022222222222222223,1,0.2393617021276596,0.2691005291005289,0,0.33949733070642907,0.14285714285714285,5,0.4166666666666667,0.3580952380952382,0.15242148141307804,united kingdom,extraction,GBR,1,1,0.028,0.73,2,2,NA,2,2,NA,98,3,1
1908,Jumpers Gold Mining Company,transvaal,-81.1831,43.23256,cyanid,0.2052786,1,9,0,0,0,0,0,1,1,0,0.10876047266331991,0.014084507042253521,1,0.29218106995884774,0.33041582830315236,0,0.07144419848945106,0.012658227848101266,1,0.34347826086956523,0.3892405063291139,0,0.09069157937485875,0.018518518518518517,2,0.34285714285714286,0.38873456790123445,0.0022458750571856512,0,0,0,0,0,0,canada,extraction,CAN,0,1,0.074,0.597,2,1,1,2,1,1,96,0,1
1909,Jumpers Gold Mining Company,transvaal,-81.1831,43.23256,cyanid,0.20467839999999998,1,7,0,5,0,2,0,0,0,0,0,0,0,0,0,0,0.1433971845350926,0.02631578947368421,2,0.42696629213483145,0.4660087719298245,0.003380409227402873,0.12853441933737814,0.020618556701030927,2,0.3941908713692946,0.42525773195876315,0.0015368503954635237,0.386581205725799,0.11235955056179775,20,0.38935574229691877,0.3676565008025689,0.02908809630558056,canada,extraction,CAN,0,1,0.074,0.597,2,1,1,2,1,1,96,0,1
1910,Jumpers Gold Mining Company,transvaal,-81.1831,43.23256,cyanid,0.20428020000000002,1,7,0,4,1,0,0,0,0,0,0.10945470116045325,0.017543859649122806,1,0.30158730158730157,0.3444444444444445,0,0,0,0,0,0,0,0.03759585892135975,0.011363636363636364,1,0.28664495114006516,0.315909090909091,0,0.29157633398618404,0.09004739336492891,19,0.3403041825095057,0.36585420898217164,0.004370482890240063,canada,extraction,CAN,0,1,0.074,0.597,2,1,1,2,1,1,96,0,1
1911,Jumpers Gold Mining Company,transvaal,-81.1830974,43.2325617,cyanid,0.2041808,1,6,2.8333329557698393e-4,4,1,0,0,0,0,0,0.07510244523651509,0.013157894736842105,1,0.30416666666666664,0.3282894736842106,0,0,0,0,0,0,0,0.025883696007700796,0.008403361344537815,1,0.2833333333333333,0.3089635854341738,0,0.45870937387714533,0.16793893129770993,44,0.4044943820224719,0.4089058524173018,0.023645403311681083,canada,extraction,CAN,0,1,0.072,0.61,2,1,1,2,1,1,96,0,1
1908,Jupiter Gold Company,transvaal,-81.1831,43.23256,cyanid,2.919708,1,6,0,0,0,0,0,0,0,0,0,0,0,0,0,0,0,0,0,0,0,0,0,0,0,0,0,0,0,0,0,0,0,0,canada,extraction,CAN,0,1,0.074,0.597,2,1,1,2,1,1,96,0,1
1912,Jupiter Gold Company,transvaal,-81.1830974,43.2325617,cyanid,2.919708,1,14,0,6,0,1,0,1,1,1,0.012748670191459133,0.014492753623188406,1,0.22259136212624583,0.24192546583850916,0,0.12214516472212401,0.024096385542168676,2,0.41089108910891087,0.4538152610441768,0.002310383403136263,0.12542863908876717,0.02727272727272727,3,0.37630662020905925,0.4162121212121215,0.003747205788595527,0.4795954863654184,0.1757188498402556,55,0.3188888888888889,0.38915005831938626,0.01409698649741489,canada,extraction,CAN,0,1,0.072,0.61,2,1,1,2,1,1,96,0,1
1913,Jupiter Gold Company,transvaal,-81.1830974,43.2325617,cyanid,2.92113,1,10,0,5,1,2,1,0,0,0,0.008773955973688926,0.017241379310344827,1,0.22631578947368422,0.18908045977011478,0,0.14456994114526656,0.02531645569620253,2,0.3910891089108911,0.43881856540084385,0.009311611480514261,0.14601388088000025,0.030612244897959183,3,0.3795918367346939,0.4064625850340136,0.018605281169282176,0.211864649954096,0.07861635220125786,25,0.29732510288065844,0.3494900714240329,0.06065685656216557,canada,extraction,CAN,0,1,0.072,0.61,2,1,1,2,1,1,96,0,1
1914,Jupiter Gold Company,transvaal,-81.1830974,43.2325617,cyanid,2.95858,1,5,0,2,0,0,0,0,0,0,0,0,0,0,0,0,0,0,0,0,0,0,0,0,0,0,0,0,0.14833123917898067,0.030555555555555555,11,0.3171987641606591,0.32148478835978755,0.0018637542879552651,canada,extraction,CAN,0,1,0.067,0.61,2,1,1,2,1,1,96,0,1
1915,Jupiter Gold Company,transvaal,-81.1830974,43.2325617,cyanid,2.95858,1,11,0,5,0,0,0,0,0,0,0,0,0,0,0,0,0,0,0,0,0,0,0,0,0,0,0,0,0.1590131027387677,0.10511363636363637,37,0.3455328310010764,0.3709550865800849,0.007893350483349569,canada,extraction,CAN,0,1,0.067,0.61,2,2,1,2,2,1,98,0,1
1917,Jupiter Gold Company,transvaal,-81.1830974,43.2325617,cyanid,0.002167699,1,3,0,1,0,0,0,0,0,0,0,0,0,0,0,0,0,0,0,0,0,0,0,0,0,0,0,0,0.14803639946513386,0.05952380952380952,20,0.33649789029535865,0.37925878684807157,0.0018738704011276675,canada,extraction,CAN,0,1,0.067,0.61,2,2,1,2,2,1,98,0,1
1919,Jupiter Gold Company,transvaal,-81.1830974,43.2325617,cyanid,0.002014166,1,7,0,4,0,1,0,0,0,0,0,0,0,0,0,0,0.090708410680397,0.015384615384615385,1,0.34946236559139787,0.39615384615384613,0,0.08963917726824794,0.0125,1,0.3389830508474576,0.3799999999999998,0,0.556790924583424,0.13764044943820225,49,0.3981373690337602,0.4449438202247197,0.01262060959480183,canada,extraction,CAN,0,1,0.067,0.631,2,2,1,2,2,1,98,0,1
1920,Jupiter Gold Company,transvaal,-81.1831,43.23256,cyanid,0.001667277,1,6,0,5,0,1,0,0,0,0,0,0,0,0,0,0,0.10587932409349127,0.01639344262295082,1,0.3630952380952381,0.40983606557377045,0,0.1011716906896851,0.01282051282051282,1,0.3436123348017621,0.3846153846153844,0,0.19983645350705162,0.12239583333333333,47,0.38686131386861317,0.4392671130952393,0.009226465319908143,canada,extraction,CAN,0,1,0.067,0.631,2,1,1,2,2,1,98,0,1
1910,Kakabo Rnolj Mtrcu Tcate Ljm,london,-0.1277583,51.50735,amalgama,0.3015564,0,3,0,0,0,0,0,0,0,0,0,0,0,0,0,0,0,0,0,0,0,0,0,0,0,0,0,0,0,0,0,0,0,0,united kingdom,extraction,GBR,1,1,0.028,0.73,2,2,2,2,2,2,98,3,1
1912,Kanaka Gold Mining Compawt Limited,turkey,35.243322,38.963745,amalgama,0.4476886,1,2,2068.5853426065555,0,0,0,0,0,0,0,0,0,0,0,0,0,0,0,0,0,0,0,0,0,0,0,0,0,0,0,0,0,0,0,turkey,extraction,TUR,0,0,0.627,0.557,-1,-1,-1,-1,-1,-1,72,1,0
1908,Kauri Freehold Gold Estates Limited,new zealand,174.886,-40.90056,cyanid,0.01520681,0,0,0,0,0,0,0,0,0,0,0,0,0,0,0,0,0,0,0,0,0,0,0,0,0,0,0,0,0,0,0,0,0,0,new zealand,extraction,NA,0,0,NA,NA,NA,NA,NA,NA,NA,NA,NA,NA,NA
1920,Kirkland Lake Proprietary Limited,kirkland,-122.206,47.67689,amalgama,0.8853475,1,6,0.0012894368194608474,2,1,1,1,0,1,0,0.18350210651708018,0.018518518518518517,1,0.33540372670807456,0.38765432098765434,0,0.19883762586371254,0.03278688524590164,2,0.4552238805970149,0.48633879781420764,0.006772575622908912,0.2616367740596408,0.038461538461538464,3,0.4262295081967213,0.46581196581196593,0.00626814822837993,5.482995402117281e-5,0.013020833333333334,5,0.22943722943722944,0.23861607142857277,0.015160637003594312,united states of america,extraction,USA,0,0,0.078,0.581,1,2,1,1,2,1,98,3,1
1922,Kirkland Lake Proprietary Limited,kirkland,-122.206,47.67689,cyanid,0.8853475,1,10,0.0012894368194608474,3,0,1,0,1,2,1,0.2217745662814832,0.02564102564102564,1,0.31896551724137934,0.3572649572649573,0,0.2755785643272339,0.06521739130434782,3,0.42592592592592593,0.4800724637681159,0.010015411321685201,0.32566476545248596,0.06451612903225806,4,0.4161073825503356,0.46639784946236534,0.010764712502534536,0.018081438258379195,0.03296703296703297,12,0.3201834862385321,0.34105180533751883,0.01849964947777283,united states of america,extraction,USA,0,0,0.094,0.581,1,2,1,1,2,1,98,3,1
1923,Kirkland Lake Proprietary Limited,kirkland,-122.206,47.67689,cyanid,0.02401647,1,10,0,7,1,4,1,0,0,0,0.20087660032654636,0.021739130434782608,1,0.3359375,0.36449275362318845,0,0.3399681008315275,0.075,3,0.5,0.5270833333333333,0.009816992891653525,0.3864965047997208,0.07142857142857142,4,0.43410852713178294,0.48065476190476164,0.006493738710978801,0.05752368880358497,0.05555555555555555,21,0.34056603773584904,0.37059082892415957,0.0476544442463712,united states of america,extraction,USA,0,0,0.096,0.581,1,2,1,1,2,1,98,3,1
1889,Klerksdorp Gold Mining Company,ebden street kimberley,24.7499112,-28.7282384,amalgama,0.1460565,0,5,0,0,0,0,0,0,0,0,0.9999999999999994,0.6666666666666666,2,0.75,0.8333333333333333,0.6666666666666666,0.6180339887498946,0.4,2,0.5,0.6333333333333334,0.4,0.9999999999999996,0.5714285714285714,4,0.5833333333333334,0.7380952380952379,0.5476190476190477,0,0,0,0,0,0,south africa,extraction,ZAF,1,1,NA,NA,NA,NA,NA,NA,NA,NA,NA,NA,NA
1913,Klerksdorp Proprietary Mines Limited,london,-0.1277583,51.5073509,cyanid,4.381694,1,12,0,3,1,1,0,0,0,0,0.19784087033191028,0.017241379310344827,1,0.3706896551724138,0.30890804597701155,0,0.05463174355107244,0.012658227848101266,1,0.32113821138211385,0.36392405063291133,0,0.12222234433354286,0.02040816326530612,2,0.35094339622641507,0.3778911564625849,0.002385257249989083,0.1689451094625605,0.050314465408805034,16,0.258266309204647,0.3027952829839626,0.018631180892575323,united kingdom,extraction,GBR,1,1,0.028,0.73,2,2,2,2,2,2,98,3,1
1914,Knight Central Limited,transvaal,-81.1830974,43.2325617,cyanid,2.497621,1,2,0,0,0,0,0,0,0,0,0,0,0,0,0,0,0,0,0,0,0,0,0,0,0,0,0,0,0,0,0,0,0,0,canada,extraction,CAN,0,1,0.067,0.61,2,1,1,2,1,1,96,0,1
1915,Knight Central Limited,johannesburg,28.0473051,-26.2041028,cyanid,2.497621,1,6,0,3,0,0,0,1,1,1,0.1790005780816182,0.016129032258064516,1,0.3375,0.331989247311828,0,0.06036040362501666,0.012195121951219513,1,0.3082706766917293,0.34756097560975613,0,0.10741591464670988,0.02040816326530612,2,0.32653061224489793,0.36462585034013595,3.2494628790359035e-4,0.4031791291662705,0.15056818181818182,53,0.3812351543942993,0.42837527056276986,0.010206210434965744,south africa,extraction,ZAF,1,1,0.408,0.115,-1,-1,-1,-1,-1,-1,84,2,0
1916,Knight Central Limited,transvaal,-81.1830974,43.2325617,cyanid,2.502383,1,11,0,7,2,2,2,0,0,0,0.3093700684360931,0.047619047619047616,2,0.3793103448275862,0.34126984126984133,0.005242434684943396,0.19916810430585438,0.034482758620689655,2,0.37662337662337664,0.42959770114942525,0.007272590085713421,0.36940003128994225,0.05333333333333334,4,0.375,0.4299999999999998,0.011461409498365317,0.7206873669288207,0.2628398791540785,87,0.38922888616891066,0.4668680765357498,0.04693291906305642,canada,extraction,CAN,0,1,0.067,0.61,2,2,1,2,2,1,98,0,1
1917,Knight Central Limited,transvaal,-81.1830974,43.2325617,cyanid,2.501191,1,5,0,3,1,1,1,0,0,0,0.2202748666579428,0.027777777777777776,1,0.3018867924528302,0.323611111111111,0,0.11767304954076109,0.021739130434782608,1,0.3333333333333333,0.3804347826086956,0,0.18045473718837407,0.03278688524590164,2,0.3388888888888889,0.39043715846994526,0.002294274485300525,0.24578283401710738,0.0744047619047619,25,0.34978070175438597,0.38566468253968084,0.004122191157642119,canada,extraction,CAN,0,1,0.067,0.61,2,2,1,2,2,1,98,0,1
1921,Knight Central Limited,london,-0.1277583,51.50735,cyanid,2.020785,1,9,0,5,0,0,0,0,0,0,0,0,0,0,0,0,0,0,0,0,0,0,0,0,0,0,0,0,0.2944908103202506,0.11590296495956873,43,0.40384615384615385,0.4425876010781686,0.03314603946852457,united kingdom,extraction,GBR,1,1,0.028,0.73,2,2,1,2,2,1,89,3,1
1922,Knight Central Limited,london,-0.1277583,51.50735,cyanid,2.325066,1,7,0,3,0,0,0,0,0,0,0,0,0,0,0,0,0,0,0,0,0,0,0,0,0,0,0,0,0.2903131653199311,0.06043956043956044,22,0.4039351851851852,0.42770146520146596,0.02008527149877464,united kingdom,extraction,GBR,1,1,0.027,0.73,2,2,1,2,2,1,89,3,1
1923,Knight Central Limited,transvaal,-81.1831,43.23256,cyanid,2.401647,1,5,0,3,0,0,0,0,0,0,0,0,0,0,0,0,0,0,0,0,0,0,0,0,0,0,0,0,0.21031159903646,0.047619047619047616,18,0.37487019730010385,0.40304232804232726,0.006836341567911579,canada,extraction,CAN,0,1,0.07,0.631,2,1,1,2,2,1,98,0,1
1919,Knight Witwatersirand Gold Mining Lghts,transvaal,-81.1830974,43.2325617,cyanid,3.291394,1,1,0,0,0,0,0,0,0,0,0,0,0,0,0,0,0,0,0,0,0,0,0,0,0,0,0,0,0,0,0,0,0,0,canada,extraction,CAN,0,1,0.067,0.631,2,2,1,2,2,1,98,0,1
1908,Knights Deep Limited,transvaal,-81.1831,43.23256,cyanid,3.666302,1,6,0,0,0,0,0,0,1,0,0,0,0,0,0,0,0.16772967107531866,0.02531645569620253,2,0.42473118279569894,0.46413502109704646,0.0011394947857551521,0.15394318629224277,0.018518518518518517,2,0.3737024221453287,0.41666666666666696,5.814739524188651e-4,0,0,0,0,0,0,canada,extraction,CAN,0,1,0.074,0.597,2,1,1,2,1,1,96,0,1
1909,Knights Deep Limited,transvaal,-81.1831,43.23256,cyanid,3.666302,1,8,0,4,0,1,0,0,1,0,0,0,0,0,0,0,0.16681872611210732,0.02631578947368421,2,0.4367816091954023,0.47258771929824567,0.0024975816419399322,0.14854928328566538,0.020618556701030927,2,0.4008438818565401,0.430412371134021,0.0010633856816586035,0.4339394198536424,0.1348314606741573,24,0.3601036269430052,0.3479935794542543,0.009006787364665933,canada,extraction,CAN,0,1,0.074,0.597,2,1,1,2,1,1,96,0,1
1912,Knights Deep Limited,transvaal,-81.1830974,43.2325617,cyanid,3.666302,1,3,0,2,0,0,0,0,0,0,0,0,0,0,0,0,0,0,0,0,0,0,0,0,0,0,0,0,0.2691890570626778,0.07987220447284345,25,0.30052356020942406,0.3604493128454783,0.0017739130553637405,canada,extraction,CAN,0,1,0.072,0.61,2,1,1,2,1,1,96,0,1
1913,Knights Deep Limited,transvaal,-81.1830974,43.2325617,cyanid,3.666302,1,6,0,4,1,0,0,0,0,0,0,0.017241379310344827,1,0.6666666666666666,0.02586206896551724,0,0,0,0,0,0,0,0,0.01020408163265306,1,0.6666666666666666,0.015306122448979591,0,0.16276529280393742,0.04716981132075472,15,0.28928928928928926,0.32648168567979874,0.02151949975458399,canada,extraction,CAN,0,1,0.072,0.61,2,1,1,2,1,1,96,0,1
1914,Knights Deep Limited,transvaal,-81.1830974,43.2325617,cyanid,3.666302,1,6,0,4,0,0,0,0,0,0,0,0,0,0,0,0,0,0,0,0,0,0,0,0,0,0,0,0,0.21533874577650822,0.08055555555555556,29,0.326271186440678,0.3422718253968243,0.021201705310293195,canada,extraction,CAN,0,1,0.067,0.61,2,1,1,2,1,1,96,0,1
1915,Knights Deep Limited,transvaal,-81.1830974,43.2325617,cyanid,3.666302,1,10,0,6,0,0,0,0,0,0,0,0,0,0,0,0,0,0,0,0,0,0,0,0,0,0,0,0,0.3910414019149798,0.17613636363636365,62,0.40632911392405063,0.44228219696969745,0.03766362098883782,canada,extraction,CAN,0,1,0.067,0.61,2,2,1,2,2,1,98,0,1
1916,Knights Deep Limited,transvaal,-81.1830974,43.2325617,cyanid,0.996225,1,7,0,7,0,1,0,0,0,0,0,0,0,0,0,0,0.142561287831426,0.017241379310344827,1,0.34523809523809523,0.3922413793103448,0,0.12751989150029022,0.013333333333333334,1,0.3232758620689655,0.36622222222222206,0,0.16790596717367576,0.09969788519637462,33,0.336864406779661,0.3775427995971791,0.014621059003646806,canada,extraction,CAN,0,1,0.067,0.61,2,2,1,2,2,1,98,0,1
1917,Knights Deep Limited,transvaal,-81.1830974,43.2325617,cyanid,1.4498,1,6,0,5,0,0,0,0,0,0,0,0,0,0,0,0,0,0,0,0,0,0,0,0,0,0,0,0,0.11731598017336373,0.08333333333333333,28,0.3265097236438076,0.36313775510203944,0.008077967401133472,canada,extraction,CAN,0,1,0.067,0.61,2,2,1,2,2,1,98,0,1
1921,Knights Deep Limited,transvaal,-81.1831,43.23256,cyanid,1.4498,1,8,0,5,0,0,0,0,0,0,0,0,0,0,0,0,0,0,0,0,0,0,0,0,0,0,0,0,0.17779638839294845,0.10512129380053908,39,0.37697993664202745,0.42156334231805886,0.023535093567180462,canada,extraction,CAN,0,1,0.067,0.631,2,1,1,2,2,1,98,0,1
1921,Knights Deep Limited,johannesburg,28.04731,-26.2041,cyanid,1.4498,1,8,0,5,0,0,0,0,0,0,0,0,0,0,0,0,0,0,0,0,0,0,0,0,0,0,0,0,0.17779638839294845,0.10512129380053908,39,0.37697993664202745,0.42156334231805886,0.023535093567180462,south africa,extraction,ZAF,1,1,0.408,0.115,-1,-1,-1,-1,-1,-1,84,2,0
1909,Komata Reefs Gold Mining Company,new zealand,174.886,-40.90056,cyanid,0.4873294,0,3,0,1,1,0,0,0,1,0,0.15126551445771566,0.014925373134328358,1,0.3080568720379147,0.33731343283582094,0,0.16709994543743273,0.02631578947368421,2,0.3958333333333333,0.4429824561403508,9.783201030579434e-4,0.1866932651358937,0.030927835051546393,3,0.4008438818565401,0.43470790378006907,0.0022490361792748418,0,0.0056179775280898875,1,0.6666666666666666,0.008426966292134831,0,new zealand,extraction,NA,0,0,NA,NA,NA,NA,NA,NA,NA,NA,NA,NA,NA
1913,Komata Reefs Gold Mining Company,england,-1.1743197,52.3555177,cyanid,0.4873294,0,3,0,0,0,0,0,0,0,0,0,0,0,0,0,0,0,0,0,0,0,0,0,0,0,0,0,0,0,0,0,0,0,0,united kingdom,extraction,GBR,1,1,0.028,0.73,2,2,2,2,2,2,98,3,1
1915,Komata Reefs Gold Mining Company,new zealand,174.885971,-40.900557,cyanid,0.47573740000000003,0,2,0,2,1,0,0,0,0,0,0.020414127894475748,0.016129032258064516,1,0.2571428571428571,0.246774193548387,0,0,0,0,0,0,0,0.010088940934064055,0.01020408163265306,1,0.25806451612903225,0.26734693877551013,0,1.0244919573886275e-9,0.002840909090909091,1,0.13747323340471093,0.13255187836153787,0,new zealand,extraction,NA,0,0,NA,NA,NA,NA,NA,NA,NA,NA,NA,NA,NA
1887,Kootenay Valleys Company,valley,-94.6474474,36.835068,amalgama,0.2004755,1,10,0,0,0,0,0,0,0,0,0,0,0,0,0,0,0,0,0,0,0,0,0,0,0,0,0,0,0,0,0,0,0,0,united states of america,extraction,USA,0,0,0.147,0.415,1,1,NA,1,1,NA,90,1,1
1922,Kwahu Mining Limited,london,-0.1277583,51.50735,cyanid,2.657219,1,10,0,7,0,1,0,0,0,0,0,0,0,0,0,0,0.13269949709923956,0.021739130434782608,1,0.38333333333333336,0.4293478260869565,0,0.12077349902726052,0.016129032258064516,1,0.3583815028901734,0.39784946236559116,0,0.050465832757075786,0.06593406593406594,24,0.3428290766208251,0.36806645735216925,0.013396006940645312,united kingdom,extraction,GBR,1,1,0.027,0.73,2,2,1,2,2,1,89,3,1
1923,Kwahu Mining Limited,zacatecas,-102.5832,22.77086,cyanid,2.657219,1,22,0,14,0,0,0,0,0,0,0,0,0,0,0,0,0,0,0,0,0,0,0,0,0,0,0,0,0.4508866377125924,0.28835978835978837,109,0.4646074646074646,0.5200617283950644,0.12149047784218464,mexico,extraction,MEX,0,0,0.795,0.557,-1,-2,-2,-1,-2,-2,85,0,0
1914,Kyshtim Corporation Limited,zacatecas,-102.5832426,22.7708555,cyanid,4.757374,1,14,0,2,0,0,0,1,1,1,0.03137863184459955,0.015873015873015872,1,0.26666666666666666,0.27989417989417986,0,0.327893084372368,0.05555555555555555,4,0.5142857142857142,0.5277777777777778,0.014563937434112438,0.33114642323020393,0.054945054945054944,5,0.4504950495049505,0.4880952380952384,0.010701175784302486,0.04202219337695321,0.03333333333333333,12,0.29902912621359223,0.2997718253968254,0.004149534245728189,mexico,extraction,MEX,0,0,0.774,0.561,-3,-3,-3,-3,-3,-3,69,0,0
1915,Kyshtim Corporation Limited,zacatecas,-102.5832426,22.7708555,cyanid,4.757374,1,23,0,9,1,3,1,1,1,1,0.1849258247019498,0.03225806451612903,2,0.34177215189873417,0.342741935483871,0.028027498677948175,0.23537769416631804,0.036585365853658534,3,0.4659090909090909,0.49491869918699194,0.008450467270806433,0.2739374551352504,0.05102040816326531,5,0.4444444444444444,0.47448979591836754,0.026304774818624813,0.06773016996356201,0.08238636363636363,29,0.3474025974025974,0.3722537878787856,0.04314111580260769,mexico,extraction,MEX,0,0,0.774,0.561,-3,-3,-3,-3,-3,-3,70,0,0
1916,Kyshtim Corporation Limited,zacatecas,-102.5832426,22.7708555,cyanid,4.766444,1,8,0,4,0,0,0,0,1,0,0,0,0,0,0,0,0.11371685666296019,0.017241379310344827,1,0.31868131868131866,0.3620689655172414,0,0.12207196417879186,0.013333333333333334,1,0.3048780487804878,0.34355555555555567,0,0.004891565906749904,0.030211480362537766,10,0.30547550432276654,0.3285498489425984,0.0795626581895123,mexico,extraction,MEX,0,0,0.774,0.561,-2,-2,-3,-2,-2,-3,76,0,0
1917,Kyshtim Corporation Limited,zacatecas,-102.5832426,22.7708555,cyanid,4.764173,1,5,0,5,0,0,0,0,1,0,0,0,0,0,0,0,0.2496414901678471,0.043478260869565216,2,0.39655172413793105,0.4492753623188405,0.00400950874664998,0.23758926166670352,0.03278688524590164,2,0.3546511627906977,0.40683060109289604,0.0018956774616283008,0.012268194748568212,0.05357142857142857,18,0.3251783893985729,0.34345238095238023,0.04270507937006923,mexico,extraction,MEX,0,0,0.79,0.54,-2,-2,-3,-2,-2,-3,76,0,0
1919,Kyshtim Corporation Limited,zacatecas,-102.5832426,22.7708555,cyanid,4.764173,1,14,0,7,1,1,1,1,1,0,2.2157187150914165e-16,0.05660377358490566,3,0.6,0.11320754716981132,0.01451378809869376,0.3768823488667497,0.06153846153846154,4,0.5158730158730159,0.5307692307692308,0.01899609558977301,0.3849065973205894,0.0875,7,0.4878048780487805,0.5208333333333337,0.06746775808996258,0.057274190196019134,0.042134831460674156,15,0.375,0.3994382022471893,0.025628407390017455,mexico,extraction,MEX,0,0,0.795,0.565,-2,-2,-3,-2,-2,-3,76,0,0
1908,Laagte Royal Gold Mining,austin,-97.74306,30.26715,cyanid,0.729927,1,9,668.2815398348788,4,0,0,0,0,1,0,0,0,0,0,0,0,0.09233751503463263,0.012658227848101266,1,0.3798076923076923,0.4240506329113924,0,0.08533078586215082,0.009259259259259259,1,0.3450479233226837,0.38611111111111096,0,0.05486916531385019,0.10526315789473684,8,0.3105263157894737,0.3074561403508771,0.030841305738636363,united states of america,extraction,USA,0,0,0.117,0.581,1,1,1,1,1,1,98,1,1
1908,Laagte Royal Gold Mining,johannesburg,28.04731,-26.2041,cyanid,0.729927,1,9,0,4,0,0,0,0,1,0,0,0,0,0,0,0,0.09233751503463263,0.012658227848101266,1,0.3798076923076923,0.4240506329113924,0,0.08533078586215082,0.009259259259259259,1,0.3450479233226837,0.38611111111111096,0,0.05486916531385019,0.10526315789473684,8,0.3105263157894737,0.3074561403508771,0.030841305738636363,south africa,extraction,ZAF,1,1,0.408,0.115,NA,NA,NA,NA,NA,NA,NA,-2,0
1908,Lagos Proprietary Syndicate Limited,western,-95.71276,37.09375,cyanid,1.946472,1,10,0,2,0,0,0,1,2,1,0.1118074094129864,0.028169014084507043,2,0.2946058091286307,0.3398054996646547,0.028169014084507043,0.22839359762720846,0.0379746835443038,3,0.4759036144578313,0.5010548523206751,0.0049862378922144205,0.23986912419386525,0.046296296296296294,5,0.4302788844621514,0.47222222222222243,0.02771043139784174,0.0050539307205359554,0.02631578947368421,2,0.28780487804878047,0.25635964912280707,0.06441786283891546,united states of america,extraction,USA,0,0,0.117,0.581,1,1,1,1,1,1,98,1,1
1910,Lake Consols Limited,adelaide,138.6007,-34.9285,cyanid,1.215953,1,1,0,1,1,1,1,0,0,0,0.05854674560899819,0.017543859649122806,1,0.2893401015228426,0.3239766081871345,0,0.07231477657753627,0.015151515151515152,1,0.3473684210526316,0.3939393939393939,0,0.09391995085795328,0.022727272727272728,2,0.3534136546184739,0.3977272727272726,0.002232979208840809,1.2197055976353353e-8,0.004739336492890996,1,0.1458842705786471,0.13605280974949202,0,australia,extraction,AUS,0,1,0.041,0.659,2,3,2,2,3,2,99,2,1
1911,Lake View And Star Limited,kalgoorlie,121.466,-30.749,cyanid,1.215362,1,18,0,5,2,2,2,1,2,1,0.02066044576497989,0.02631578947368421,2,0.25886524822695034,0.27741228070175433,0.0020248169443215884,0.16011975898228642,0.022222222222222223,2,0.4090909090909091,0.45185185185185195,0.0011376430464681711,0.15729855441117832,0.03361344537815126,4,0.3742138364779874,0.4236694677871151,0.005897443838215867,4.3373582863521885e-4,0.03435114503816794,9,0.23920265780730898,0.225054525627045,0.020234689733344868,australia,extraction,AUS,0,1,0.041,0.659,2,3,2,2,3,2,99,2,1
1913,Lake View And Star Limited,western,-95.7127622,37.0937489,cyanid,1.215362,1,7,0,3,1,2,1,0,0,0,0.009608069254179983,0.017241379310344827,1,0.2388888888888889,0.1999999999999999,0,0.17005881096463443,0.02531645569620253,2,0.4340659340659341,0.4704641350210971,0.014331674749290832,0.17278788831477188,0.030612244897959183,3,0.40969162995594716,0.4294217687074832,0.012572627586209764,3.971620512102219e-5,0.0220125786163522,7,0.1702002355712603,0.17766671658181085,0.0364872130759445,united states of america,extraction,USA,0,0,0.083,0.581,1,2,1,1,2,1,98,3,1
1914,Lake View And Star Limited,western,-95.7127622,37.0937489,cyanid,1.215362,1,13,0,3,1,1,1,0,0,0,0.08121042681447756,0.015873015873015872,1,0.2843601895734597,0.3076719576719577,0,0.17395424937602444,0.027777777777777776,2,0.4444444444444444,0.4780092592592592,0.0037805085100062366,0.19799477070965374,0.03296703296703297,3,0.4099099099099099,0.4540293040293044,0.004983412332243078,0.00324317012514543,0.030555555555555555,11,0.24405705229793978,0.23864528218694944,0.03735449319327796,united states of america,extraction,USA,0,0,0.079,0.581,1,2,1,1,2,1,98,3,1
1909,Lake View Consols Limited,adelaide,138.6007,-34.9285,cyanid,1.218324,1,14,0,4,2,2,2,1,2,1,0.2790718690728027,0.04477611940298507,3,0.38461538461538464,0.4246268656716416,0.028507182722350907,0.31049712997252527,0.05263157894736842,4,0.5135135135135135,0.5263157894736842,0.012794198793286629,0.37039285320258447,0.07216494845360824,7,0.47738693467336685,0.5008591065292098,0.01885588522718445,0.006483920367249469,0.033707865168539325,6,0.271484375,0.24614321383984306,0.012926478901109133,australia,extraction,AUS,0,1,0.041,0.659,2,2,2,2,2,2,99,2,1
1909,Lake View Consols Limited,western,-95.71276,37.09375,cyanid,1.218324,1,14,0,4,2,2,2,1,2,1,0.2790718690728027,0.04477611940298507,3,0.38461538461538464,0.4246268656716416,0.028507182722350907,0.31049712997252527,0.05263157894736842,4,0.5135135135135135,0.5263157894736842,0.012794198793286629,0.37039285320258447,0.07216494845360824,7,0.47738693467336685,0.5008591065292098,0.01885588522718445,0.006483920367249469,0.033707865168539325,6,0.271484375,0.24614321383984306,0.012926478901109133,united states of america,extraction,USA,0,0,0.117,0.581,1,1,1,1,1,1,98,1,1
1912,Lake View Consols Limited,western,-95.7127622,37.0937489,cyanid,1.218324,1,5,0,3,0,0,0,0,0,0,0,0,0,0,0,0,0,0,0,0,0,0,0,0,0,0,0,0,2.9807261610657896e-7,0.022364217252396165,7,0.1632536973833902,0.17716822581039843,0.04952418011523443,united states of america,extraction,USA,0,0,0.098,0.581,1,2,1,1,2,1,98,3,1
1920,Lake View Investment Rust Limited,kalgoorlie,121.466,-30.749,cyanid,0.6412605,1,8,0,6,2,3,1,0,0,0,0.22509414339341233,0.037037037037037035,2,0.3724137931034483,0.42283950617283933,0.01616703527080886,0.32279850996469645,0.04918032786885246,3,0.4765625,0.505464480874317,0.009014342597879714,0.4026268535947167,0.0641025641025641,5,0.44571428571428573,0.4893162393162395,0.011884624771566968,0.0033605914578445904,0.06770833333333333,26,0.3248686514886165,0.3529513888888869,0.044216337108310286,australia,extraction,AUS,0,1,0.041,0.659,2,3,3,2,3,3,99,3,1
1908,Lake View South Limited,adelaide,138.6007,-34.9285,cyanid,0.0913382,1,3,1164.5322086442575,0,0,0,0,0,0,0,0,0,0,0,0,0,0,0,0,0,0,0,0,0,0,0,0,0,0,0,0,0,0,0,australia,extraction,AUS,0,1,0.041,0.659,2,2,2,2,2,2,99,2,1
1909,Lancaster Gold Mining Company,western,-95.71276,37.09375,cyanid,1.949318,1,12,0,7,2,3,2,0,0,0,0.16974843986816227,0.029850746268656716,2,0.3170731707317073,0.354726368159204,0.010900045228403439,0.24125603040586716,0.039473684210526314,3,0.4634146341463415,0.49451754385964913,0.005197149267058384,0.26156302878811094,0.05154639175257732,5,0.4418604651162791,0.47164948453608274,0.010187216753173517,0.24275367296770134,0.0898876404494382,16,0.3564102564102564,0.33255082932049307,0.0065324797732567545,united states of america,extraction,USA,0,0,0.117,0.581,1,1,1,1,1,1,98,1,1
1909,Lancaster Gold Mining Company,transvaal,-81.1831,43.23256,cyanid,1.949318,1,12,0,7,2,3,2,0,0,0,0.16974843986816227,0.029850746268656716,2,0.3170731707317073,0.354726368159204,0.010900045228403439,0.24125603040586716,0.039473684210526314,3,0.4634146341463415,0.49451754385964913,0.005197149267058384,0.26156302878811094,0.05154639175257732,5,0.4418604651162791,0.47164948453608274,0.010187216753173517,0.24275367296770134,0.0898876404494382,16,0.3564102564102564,0.33255082932049307,0.0065324797732567545,canada,extraction,CAN,0,1,0.074,0.597,2,1,1,2,1,1,96,0,1
1911,Lancaster West Gold Mining Limited,transvaal,-81.1830974,43.2325617,cyanid,3.403014,1,8,2.8333329557698393e-4,6,0,0,0,0,0,0,0,0,0,0,0,0,0,0,0,0,0,0,0,0,0,0,0,0,0.23958854227824355,0.13358778625954199,35,0.3829787234042553,0.37773536895674176,0.009783356405878423,canada,extraction,CAN,0,1,0.072,0.61,2,1,1,2,1,1,96,0,1
1913,Lancaster West Gold Mining Limited,transvaal,-81.1830974,43.2325617,cyanid,3.403014,1,5,0,1,0,0,0,0,0,0,0,0,0,0,0,0,0,0,0,0,0,0,0,0,0,0,0,0,0.026580486835590323,0.015723270440251572,5,0.22010662604722012,0.24689122024027732,4.333277967553437e-4,canada,extraction,CAN,0,1,0.072,0.61,2,1,1,2,1,1,96,0,1
1914,Lancaster West Gold Mining Limited,transvaal,-81.1830974,43.2325617,cyanid,3.451677,1,10,0,8,1,2,1,0,0,0,0,0.015873015873015872,1,0.6666666666666666,0.023809523809523808,0,0.17395424937602444,0.027777777777777776,2,0.4444444444444444,0.4780092592592592,0.0037805085100062366,0.1688220351908325,0.03296703296703297,3,0.3991228070175439,0.44578754578754615,0.018586858689156063,0.14567795400252817,0.1,36,0.32150313152400833,0.3367162698412687,0.025182953455899,canada,extraction,CAN,0,1,0.067,0.61,2,1,1,2,1,1,96,0,1
1908,Langla Agte Estate Algu Mining,johannesburg,28.04731,-26.2041,cyanid,2.189781,1,1,0,0,0,0,0,0,1,0,0,0,0,0,0,0,0.0714441984894511,0.012658227848101266,1,0.34347826086956523,0.3892405063291139,0,0.06760491552178305,0.009259259259259259,1,0.31671554252199413,0.3574074074074073,0,0,0,0,0,0,0,south africa,extraction,ZAF,1,1,0.408,0.115,NA,NA,NA,NA,NA,NA,NA,-2,0
1908,Langlaagte Estate Gold Mining Limited,transvaal,-81.1831,43.23256,cyanid,2.192982,1,6,0,1,0,1,0,0,0,0,0,0,0,0,0,0,0.07539215604068596,0.012658227848101266,1,0.34649122807017546,0.39240506329113917,0,0.06861240043009194,0.009259259259259259,1,0.32432432432432434,0.3629629629629628,0,0.07501727346719494,0.02631578947368421,2,0.27699530516431925,0.25626566416040114,2.5958196927726006e-4,canada,extraction,CAN,0,1,0.074,0.597,2,1,1,2,1,1,96,0,1
1909,Langlaagte Estate Gold Mining Limited,transvaal,-81.1831,43.23256,cyanid,2.192982,1,8,0,5,1,1,0,0,0,0,0.30166497025808003,0.029850746268656716,2,0.38461538461538464,0.4184079601990048,0.007861400496179036,0.06924109956665807,0.013157894736842105,1,0.336283185840708,0.38157894736842096,0,0.1473356226796317,0.030927835051546393,3,0.3941908713692946,0.42955326460481136,0.0030639013856965463,0.7375650715790452,0.15168539325842698,27,0.36675461741424803,0.3537051899411457,0.006708342919821303,canada,extraction,CAN,0,1,0.074,0.597,2,1,1,2,1,1,96,0,1
1909,Langlaagte Estate Gold Mining Limited,johannesburg,28.04731,-26.2041,cyanid,2.192982,1,8,0,5,1,1,0,0,0,0,0.30166497025808003,0.029850746268656716,2,0.38461538461538464,0.4184079601990048,0.007861400496179036,0.06924109956665807,0.013157894736842105,1,0.336283185840708,0.38157894736842096,0,0.1473356226796317,0.030927835051546393,3,0.3941908713692946,0.42955326460481136,0.0030639013856965463,0.7375650715790452,0.15168539325842698,27,0.36675461741424803,0.3537051899411457,0.006708342919821303,south africa,extraction,ZAF,1,1,0.408,0.115,NA,NA,NA,NA,NA,NA,NA,-2,0
1912,Langlaagte Estate Gold Mining Limited,london,-0.1277583,51.5073509,amalgama,2.189781,1,8,0,4,1,0,0,0,0,0,0.20886244689834954,0.028985507246376812,2,0.3621621621621622,0.3990338164251206,0.0301248619324443,0,0,0,0,0,0,0.05429301769333072,0.01818181818181818,2,0.3130434782608696,0.3465151515151514,0.002416563158836951,0.09057823339824773,0.05750798722044728,18,0.28642714570858285,0.3341979816420707,0.003982819286258476,united kingdom,extraction,GBR,1,1,0.028,0.73,2,2,2,2,2,2,98,3,1
1912,Langlaagte Estate Gold Mining Limited,johannesburg,28.0473051,-26.2041028,cyanid,2.189781,1,8,0,4,1,0,0,0,0,0,0.20886244689834954,0.028985507246376812,2,0.3621621621621622,0.3990338164251206,0.0301248619324443,0,0,0,0,0,0,0.05429301769333072,0.01818181818181818,2,0.3130434782608696,0.3465151515151514,0.002416563158836951,0.09057823339824773,0.05750798722044728,18,0.28642714570858285,0.3341979816420707,0.003982819286258476,south africa,extraction,ZAF,1,1,0.408,0.115,-1,-1,-1,-1,-1,-2,84,2,0
1912,Langlaagte Estate Gold Mining Limited,transvaal,-81.1830974,43.2325617,cyanid,2.189781,1,8,0,4,1,0,0,0,0,0,0.20886244689834954,0.028985507246376812,2,0.3621621621621622,0.3990338164251206,0.0301248619324443,0,0,0,0,0,0,0.05429301769333072,0.01818181818181818,2,0.3130434782608696,0.3465151515151514,0.002416563158836951,0.09057823339824773,0.05750798722044728,18,0.28642714570858285,0.3341979816420707,0.003982819286258476,canada,extraction,CAN,0,1,0.072,0.61,2,1,1,2,1,1,96,0,1
1921,Langlaagte Estate Gold Mining Limited,johannesburg,28.04731,-26.2041,cyanid,2.189781,1,6,0,5,0,0,0,0,0,0,0,0,0,0,0,0,0,0,0,0,0,0,0,0,0,0,0,0,0.5294240355308164,0.18598382749326145,69,0.3620689655172414,0.4124438454627119,0.027057317655779695,south africa,extraction,ZAF,1,1,0.408,0.115,-1,-1,-1,-1,-1,-1,84,2,0
1910,Langlaagte Exploration Building Limited,johannesburg,28.04731,-26.2041,cyanid,2.188716,1,13,0,2,1,0,0,0,0,0,0.2704740002357005,0.03508771929824561,2,0.41007194244604317,0.45029239766081847,0.010194663683164353,0,0,0,0,0,0,0.1012108325457414,0.022727272727272728,2,0.33976833976833976,0.3835227272727271,0.0011384448847308571,0.026669202168589014,0.023696682464454975,5,0.26362297496318116,0.26633942676596734,0.008096004610474982,south africa,extraction,ZAF,1,1,0.408,0.115,-1,-2,-3,-1,-2,-3,82,-2,0
1910,Langlaagte Exploration Building Limited,transvaal,-81.1831,43.23256,cyanid,2.188716,1,13,0,2,1,0,0,0,0,0,0.2704740002357005,0.03508771929824561,2,0.41007194244604317,0.45029239766081847,0.010194663683164353,0,0,0,0,0,0,0.1012108325457414,0.022727272727272728,2,0.33976833976833976,0.3835227272727271,0.0011384448847308571,0.026669202168589014,0.023696682464454975,5,0.26362297496318116,0.26633942676596734,0.008096004610474982,canada,extraction,CAN,0,1,0.074,0.597,2,1,1,2,1,1,96,0,1
1911,Langlaagte Exploration Building Limited,london,-0.1277583,51.5073509,amalgama,2.187652,1,7,1.0013217677085525e-4,3,0,0,0,1,1,1,0.1581339579080584,0.02631578947368421,2,0.35784313725490197,0.38925438596491213,0.009706795803287038,0.15711523993398427,0.022222222222222223,2,0.41284403669724773,0.4546296296296297,0.0014867466229082787,0.20238347925652955,0.03361344537815126,4,0.39666666666666667,0.4425770308123252,0.006260429661912557,0.016030386016542268,0.019083969465648856,5,0.28421052631578947,0.2647946201381323,2.0848128454136055e-4,united kingdom,extraction,GBR,1,1,0.028,0.73,2,2,2,2,2,2,98,3,1
1911,Langlaagte Exploration Building Limited,johannesburg,28.0473051,-26.2041028,cyanid,2.187652,1,7,5.797111121967143e-4,3,0,0,0,1,1,1,0.1581339579080584,0.02631578947368421,2,0.35784313725490197,0.38925438596491213,0.009706795803287038,0.15711523993398427,0.022222222222222223,2,0.41284403669724773,0.4546296296296297,0.0014867466229082787,0.20238347925652955,0.03361344537815126,4,0.39666666666666667,0.4425770308123252,0.006260429661912557,0.016030386016542268,0.019083969465648856,5,0.28421052631578947,0.2647946201381323,2.0848128454136055e-4,south africa,extraction,ZAF,1,1,0.408,0.115,-1,-1,-1,-1,-1,-2,84,2,0
1913,Langlaagte Exploration Building Limited,johannesburg,28.0473051,-26.2041028,cyanid,2.187652,1,9,0,1,0,0,0,0,0,0,0,0,0,0,0,0,0,0,0,0,0,0,0,0,0,0,0,0,0.019039210098137173,0.006289308176100629,2,0.22351121423047177,0.23996209939606225,1.7005790471655594e-5,south africa,extraction,ZAF,1,1,0.408,0.115,-1,-1,-1,-1,-1,-1,84,2,0
1914,Langlaagte Exploration Building Limited,johannesburg,28.0473051,-26.2041028,cyanid,2.218935,1,12,0,6,1,0,0,0,1,0,0.26835422839992784,0.031746031746031744,2,0.37267080745341613,0.4044973544973543,0.026793333820983603,0.10241060555645518,0.013888888888888888,1,0.375,0.42013888888888884,0,0.1752324236926029,0.03296703296703297,3,0.4026548672566372,0.44853479853479894,0.005428903500567154,0.2359862464599293,0.075,27,0.3201663201663202,0.3295403439153429,0.020575146466756813,south africa,extraction,ZAF,1,1,0.408,0.115,-1,-1,-1,-1,-1,-1,84,2,0
1915,Langlaagte Exploration Building Limited,johannesburg,28.0473051,-26.2041028,cyanid,4.519505,1,5,0,2,0,0,0,1,1,1,0.039202772191113774,0.016129032258064516,1,0.27,0.26693548387096777,0,0.17501729054130144,0.024390243902439025,2,0.43617021276595747,0.47154471544715454,0.003479880743511494,0.18085167826047444,0.030612244897959183,3,0.42857142857142855,0.4557823129251703,0.00646849826012269,0.17844171044939122,0.05397727272727273,19,0.32755102040816325,0.359736877705627,0.003377930343793691,south africa,extraction,ZAF,1,1,0.408,0.115,-1,-1,-1,-1,-1,-1,84,2,0
1916,Langlaagte Exploration Building Limited,johannesburg,28.0473051,-26.2041028,cyanid,4.519505,1,7,0,6,2,1,1,0,0,0,0.3696402259027769,0.07142857142857142,3,0.44,0.386904761904762,0.11791170501971893,0.22801253547432018,0.034482758620689655,2,0.42028985507246375,0.4640804597701149,0.014455752393282442,0.4009362478588698,0.06666666666666667,5,0.42613636363636365,0.4771111111111112,0.059230401973039117,0.07660340095217295,0.04833836858006042,16,0.301994301994302,0.33582937706804783,0.008079193470286222,south africa,extraction,ZAF,1,1,0.408,0.115,-1,-1,-1,-1,-1,-1,84,2,0
1917,Langlaagte Exploration Building Limited,johannesburg,28.0473051,-26.2041028,cyanid,4.519505,1,5,0,3,1,1,1,0,1,0,0.05424052492220529,0.027777777777777776,1,0.2711864406779661,0.28194444444444433,0,0.21959201433608802,0.043478260869565216,2,0.40350877192982454,0.45471014492753614,0.004703083692853514,0.238485970842493,0.04918032786885246,3,0.391025641025641,0.44262295081967196,0.0218288733544841,0.031422971781190745,0.008928571428571428,3,0.29757462686567165,0.3194869614512474,0.005650319829424307,south africa,extraction,ZAF,1,1,0.408,0.115,-1,-1,-1,-1,-1,-1,84,2,0
1919,Langlaagte Exploration Building Limited,johannesburg,28.0473051,-26.2041028,cyanid,4.519505,1,6,0,3,0,0,0,0,0,0,0,0,0,0,0,0,0,0,0,0,0,0,0,0,0,0,0,0,0.4052648178629872,0.10393258426966293,37,0.37012987012987014,0.4192883895131072,0.017357338598139756,south africa,extraction,ZAF,1,1,0.408,0.115,-1,-1,-1,-1,-1,-1,84,2,0
1922,Langlaagte Exploration Building Limited,johannesburg,28.04731,-26.2041,cyanid,4.519505,1,4,0,3,0,0,0,0,0,0,0,0,0,0,0,0,0,0,0,0,0,0,0,0,0,0,0,0,0.2581515042980604,0.08516483516483517,31,0.37009544008483564,0.4061813186813173,0.0038349848787249973,south africa,extraction,ZAF,1,1,0.408,0.115,-1,-1,-1,-1,-1,-1,84,2,0
1923,Langlaagte Exploration Building Limited,johannesburg,28.04731,-26.2041,cyanid,4.519505,1,4,0,3,0,0,0,0,0,0,0,0,0,0,0,0,0,0,0,0,0,0,0,0,0,0,0,0,0.3311306204957681,0.1693121693121693,64,0.4011111111111111,0.4465608465608482,0.008896707323391461,south africa,extraction,ZAF,1,1,0.408,0.115,-1,-1,-1,-1,-1,-1,84,2,0
1909,Langlaagte Royal Gold,johannesburg,28.04731,-26.2041,cyanid,0.7309941999999999,1,1,0,1,0,0,0,0,0,0,0,0,0,0,0,0,0,0,0,0,0,0,0,0,0,0,0,0,0.006741716455848597,0.0056179775280898875,1,0.24558303886925795,0.21832307829498868,0,south africa,extraction,ZAF,1,1,0.408,0.115,NA,NA,NA,NA,NA,NA,NA,-2,0
1895,Langlaagte Royal Gold Mining Company,london,-0.1277583,51.50735,cyanid,0.2932551,1,36,0,5,0,0,0,5,2,2,0.3984265898620442,0.09375,3,0.3880597014925373,0.37760416666666674,0.08832565284178187,0.4806117856032477,0.125,4,0.5333333333333333,0.5625,0.05004509214098976,0.5821511747548833,0.15555555555555556,7,0.4891304347826087,0.5462962962962962,0.08200841222145586,0.016799841136669495,0.08571428571428572,3,0.30864197530864196,0.2774149659863944,0.01510163039574804,united kingdom,extraction,GBR,1,1,0.028,0.73,2,2,NA,2,2,NA,98,3,1
1895,Langlaagte Royal Gold Mining Company,paris,2.352222,48.85661,cyanid,0.2932551,1,36,343.9167136520118,5,0,0,0,5,2,2,0.3984265898620442,0.09375,3,0.3880597014925373,0.37760416666666674,0.08832565284178187,0.4806117856032477,0.125,4,0.5333333333333333,0.5625,0.05004509214098976,0.5821511747548833,0.15555555555555556,7,0.4891304347826087,0.5462962962962962,0.08200841222145586,0.016799841136669495,0.08571428571428572,3,0.30864197530864196,0.2774149659863944,0.01510163039574804,france,extraction,FRA,0,0,NA,0.81,2,2,NA,2,2,NA,97,2,1
1895,Langlaagte Royal Gold Mining Company,transvaal,-81.1831,43.23256,cyanid,0.2932551,1,36,0,5,0,0,0,5,2,2,0.3984265898620442,0.09375,3,0.3880597014925373,0.37760416666666674,0.08832565284178187,0.4806117856032477,0.125,4,0.5333333333333333,0.5625,0.05004509214098976,0.5821511747548833,0.15555555555555556,7,0.4891304347826087,0.5462962962962962,0.08200841222145586,0.016799841136669495,0.08571428571428572,3,0.30864197530864196,0.2774149659863944,0.01510163039574804,canada,extraction,CAN,0,1,0.074,0.597,2,1,NA,2,1,NA,96,0,1
1920,Lbaedn Ellas Limited,london,-0.1277583,51.50735,cyanid,1.923782,1,12,0,6,0,0,0,1,0,0,0.18350210651708027,0.018518518518518517,1,0.33540372670807456,0.38765432098765434,0,0,0,0,0,0,0,0.07693185786184956,0.01282051282051282,1,0.3107569721115538,0.3506410256410256,0,0.05881764248237877,0.057291666666666664,22,0.3691542288557214,0.4021701388888879,0.018134858442388498,united kingdom,extraction,GBR,1,1,0.028,0.73,2,2,1,2,2,1,89,3,1
1919,Leeuwpoort African Farms Tin Mines Limited,nicaragua,-85.207229,12.865416,cyanid,6.772908,1,19,0,9,2,2,1,0,0,0,0.30509304218007793,0.03773584905660377,2,0.3855421686746988,0.2672955974842768,0.018480890179003378,0.09070841068039699,0.015384615384615385,1,0.34946236559139787,0.39615384615384613,0,0.15046900033082872,0.0375,3,0.35714285714285715,0.4091666666666665,0.00388920376321632,0.3226524705025022,0.1853932584269663,66,0.40569395017793597,0.4579119850187279,0.12145223489573213,nicaragua,extraction,NIC,0,0,0.886,0.349,-3,-3,-4,-3,-3,-4,72,-1,0
1920,Leonesa Mines Limited,nicaragua,-85.20723,12.86542,cyanid,0.2198608,1,1,0,1,0,0,0,0,0,0,0,0,0,0,0,0,0,0,0,0,0,0,0,0,0,0,0,0,0.003943043187505696,0.010416666666666666,4,0.29258675078864355,0.30402405753968254,0.002264179794408461,nicaragua,extraction,NIC,0,0,0.886,0.349,-3,-3,-4,-3,-3,-4,72,-1,0
1919,Lgnely Reef Gold Mining Limited,rhodesia,-97.2134822,32.8294337,cyanid,0.31429840000000003,1,5,0,2,1,1,1,1,1,1,6.846708451912918e-17,0.018867924528301886,1,0.6,0.03773584905660377,0,0.09070841068039696,0.015384615384615385,1,0.34946236559139787,0.39615384615384613,0,0.09497692445547419,0.025,2,0.3418803418803419,0.38833333333333314,0.0036699043132557433,0.002960117517056037,0.014044943820224719,5,0.2714285714285714,0.279708400214019,0.005594504524598561,united states of america,extraction,USA,0,0,0.07,0.581,1,2,1,1,2,1,98,3,1
1895,Lisbon Berlyn Gold Fields Limited,transvaal,-81.1831,43.23256,cyanid,2.492669,1,20,0,2,0,0,0,0,0,0,0,0,0,0,0,0,0,0,0,0,0,0,0,0,0,0,0,0,1.3596860643047076e-18,0.05714285714285714,2,0.75,0.07142857142857142,8.403361344537816e-4,canada,extraction,CAN,0,1,0.074,0.597,2,1,NA,2,1,NA,96,0,1
1923,London And Silverton Mining Company,rhodesia,-97.21348,32.82943,cyanid,0.9698079000000001,1,10,0,6,1,1,1,0,0,0,0,0.021739130434782608,1,0.6666666666666666,0.03260869565217391,0,0.12873463546897115,0.025,1,0.4,0.44375000000000003,0,0.11547417169289924,0.03571428571428571,2,0.3660130718954248,0.41428571428571404,0.01753246753246753,0.0315438104158278,0.08465608465608465,32,0.36538461538461536,0.38743386243386085,0.03777075085200638,united states of america,extraction,USA,0,0,0.096,0.581,1,2,1,1,2,1,98,3,1
1888,London And South African Exploration,london,-0.1277583,51.5073509,amalgama,0.243546,1,11,0,0,0,0,0,0,0,0,0,0,0,0,0,0,0.8660254037844383,0.3333333333333333,2,0.5714285714285714,0.4722222222222222,0.2,0.8660254037844387,0.25,2,0.5714285714285714,0.3541666666666667,0.10714285714285714,0,0,0,0,0,0,united kingdom,extraction,GBR,1,1,0.028,0.73,2,2,NA,2,2,NA,98,3,1
1912,London Rhoddesian Mining Land Limited,salisbury,-75.5993692,38.3606736,cyanid,1.459854,1,3,0,0,0,0,0,1,1,1,0.1697620680291715,0.014492753623188406,1,0.33004926108374383,0.36038647342995167,0,0.12567124109685632,0.024096385542168676,2,0.37727272727272726,0.4267068273092369,6.252138481554894e-4,0.162607079801698,0.02727272727272727,3,0.3711340206185567,0.41060606060606086,0.0015577059978608228,0,0,0,0,0,0,united states of america,extraction,USA,0,0,0.098,0.581,1,2,1,1,2,1,98,3,1
1910,London Venture Corporation Limited,london,-0.1277583,51.50735,amalgama,2.675097,0,0,0,0,0,0,0,0,0,0,0,0,0,0,0,0,0,0,0,0,0,0,0,0,0,0,0,0,0,0,0,0,0,0,united kingdom,extraction,GBR,1,1,0.028,0.73,2,2,2,2,2,2,98,3,1
1912,Lonely Reef Gold Mining Co Limited,rhodesia,-97.2134822,32.8294337,cyanid,0.2919708,1,10,0,3,0,0,0,1,1,1,0.0127869715443501,0.014492753623188406,1,0.2271186440677966,0.24627329192546576,0,0.06512410373025117,0.012048192771084338,1,0.3487394957983193,0.39457831325301207,0,0.0686532759766448,0.01818181818181818,2,0.32432432432432434,0.3643939393939394,0.0011641433030702582,0.0052512164624635435,0.012779552715654952,4,0.24656357388316152,0.2619557049269518,0.008486277781449163,united states of america,extraction,USA,0,0,0.098,0.581,1,2,1,1,2,1,98,3,1
1913,Lonely Reef Gold Mining Co Limited,rhodesia,-97.2134822,32.8294337,cyanid,0.3407984,1,8,0,3,1,1,1,0,0,0,0,0.017241379310344827,1,0.35,0.05316091954022989,0,0.05463174355107243,0.012658227848101266,1,0.32113821138211385,0.36392405063291133,0,0.05897755188534757,0.02040816326530612,2,0.3152542372881356,0.3408163265306121,0.005918464471913852,0.014726015438905435,0.0220125786163522,7,0.22954725972994441,0.25493664267249244,0.007506722555923023,united states of america,extraction,USA,0,0,0.083,0.581,1,2,1,1,2,1,98,3,1
1914,Lonely Reef Gold Mining Co Limited,rhodesia,-97.2134822,32.8294337,cyanid,0.3500986,1,4,0,2,0,0,0,0,0,0,0,0,0,0,0,0,0,0,0,0,0,0,0,0,0,0,0,0,0.0025000664131761136,0.011111111111111112,4,0.21241379310344827,0.20530864197530949,0.004750851129681213,united states of america,extraction,USA,0,0,0.079,0.581,1,2,1,1,2,1,98,3,1
1915,Lonely Reef Gold Mining Co Limited,rhodesia,-97.2134822,32.8294337,cyanid,0.3377735,1,10,0,6,1,1,1,0,0,0,0,0.016129032258064516,1,0.6,0.03225806451612903,0,0.07322309911761911,0.012195121951219513,1,0.33884297520661155,0.3841463414634146,0,0.07177388302470954,0.02040816326530612,2,0.3356643356643357,0.37244897959183654,0.006522196507468989,0.0048846491962037065,0.028409090909090908,10,0.2835689045936396,0.2947544642857146,0.011513107050576636,united states of america,extraction,USA,0,0,0.07,0.581,1,2,1,1,2,1,98,3,1
1916,Lonely Reef Gold Mining Co Limited,rhodesia,-97.2134822,32.8294337,cyanid,0.3384175,1,4,0,3,0,0,0,0,0,0,0,0,0,0,0,0,0,0,0,0,0,0,0,0,0,0,0,0,0.013066267985630486,0.01812688821752266,6,0.28067078552515445,0.2949719464825214,0.009217041742030828,united states of america,extraction,USA,0,0,0.07,0.581,1,2,1,1,2,1,98,3,1
1917,Lonely Reef Gold Mining Co Limited,rhodesia,-97.2134822,32.8294337,cyanid,0.3382563,1,1,0,1,0,0,0,0,0,0,0,0,0,0,0,0,0,0,0,0,0,0,0,0,0,0,0,0,6.73678821240347e-5,0.011904761904761904,4,0.223859649122807,0.23131731859410556,0.011273987206823028,united states of america,extraction,USA,0,0,0.07,0.581,1,2,1,1,2,1,98,3,1
1920,Lonely Reef Gold Mining Co Limited,rhodesia,-97.21348,32.82943,cyanid,0.2601686,0,1,0,1,0,0,0,0,0,0,0,0,0,0,0,0,0,0,0,0,0,0,0,0,0,0,0,0,0.012553515816528858,0.018229166666666668,7,0.30534979423868314,0.32281746031745995,7.056935939302295e-4,united states of america,extraction,USA,0,0,0.078,0.581,1,2,1,1,2,1,98,3,1
1921,Lonely Reef Gold Mining Co Limited,rhodesia,-97.21348,32.82943,cyanid,0.27328709999999995,1,5,0,4,1,1,1,0,0,0,5.1630483770519145e-18,0.02127659574468085,1,1,0.02127659574468085,0,0.08091713249657766,0.0196078431372549,1,0.34459459459459457,0.39215686274509803,0,0.07899527572233417,0.029411764705882353,2,0.3333333333333333,0.37916666666666654,0.029411764705882353,0.04594030980996595,0.04582210242587601,17,0.340324118207817,0.3694519317160806,0.016156869723077918,united states of america,extraction,USA,0,0,0.095,0.581,1,2,1,1,2,1,98,3,1
1922,Lonely Reef Gold Mining Co Limited,rhodesia,-97.21348,32.82943,cyanid,0.3144376,1,1,0,1,0,0,0,0,0,0,0,0,0,0,0,0,0,0,0,0,0,0,0,0,0,0,0,0,0.007974839027449058,0.01098901098901099,4,0.3000859845227859,0.30950418628990073,7.227331966556282e-5,united states of america,extraction,USA,0,0,0.094,0.581,1,2,1,1,2,1,98,3,1
1913,Lucizy Chaigge Umcnes Limited,johannesburg,28.0473051,-26.2041028,cyanid,2.726388,1,2,0,1,0,0,0,1,1,1,0,0.017241379310344827,1,0.3888888888888889,0.05747126436781609,0,0.11542706741356212,0.012658227848101266,1,0.34347826086956523,0.3892405063291139,0,0.11477662833635613,0.02040816326530612,2,0.34317343173431736,0.3690476190476189,0.004047567427525767,1.286254902408051e-4,0.006289308176100629,2,0.17894736842105263,0.17917959922676915,0.005713945598476281,south africa,extraction,ZAF,1,1,0.408,0.115,-1,-1,-1,-1,-1,-1,84,2,0
1914,Lucky Tiger Combination Gold Mining,sonora,-110.3308814,29.2972247,cyanid,0.024654830000000003,1,4,413.7657123970845,0,0,0,0,1,1,1,0.036477893947645425,0.015873015873015872,1,0.26666666666666666,0.28439153439153436,0,0.07154364381956921,0.013888888888888888,1,0.3333333333333333,0.37847222222222215,0,0.08880864279710929,0.02197802197802198,2,0.33211678832116787,0.3798534798534798,0.0013152680358513038,0,0,0,0,0,0,mexico,extraction,MEX,0,0,0.774,0.561,-3,-3,-3,-3,-3,-3,69,0,0
1916,Lucky Tiger Combination Gold Mining,moctezuma,-122.2568903,47.4579901,cyanid,0.024654830000000003,1,4,66.28913337338383,0,0,0,0,0,0,0,0,0,0,0,0,0,0,0,0,0,0,0,0,0,0,0,0,0,0,0,0,0,0,0,united states of america,extraction,USA,0,0,0.07,0.581,1,2,1,1,2,1,98,3,1
1920,Lucky Tiger Combination Gold Mining,montezuma,-77.65543,39.91618,cyanid,0.024654830000000003,1,8,98.35945180334011,3,0,0,0,1,1,1,0.22422204890454195,0.037037037037037035,2,0.3624161073825503,0.4209876543209875,0.022457109490035862,0.20370620165978628,0.03278688524590164,2,0.3860759493670886,0.4371584699453552,0.0018744687020428815,0.2828668666175255,0.05128205128205128,4,0.4126984126984127,0.46153846153846145,0.00832391232199393,0,0.0078125,3,1,0.0026041666666666665,0,united states of america,extraction,USA,0,0,0.078,0.581,1,2,1,1,2,1,98,3,1
1921,Lucky Tiger Combination Gold Mining,montezuma,-77.65543,39.91618,cyanid,0.024654830000000003,1,13,0,1,0,0,0,0,1,0,0,0,0,0,0,0,0.09431610529121727,0.0196078431372549,1,0.3269230769230769,0.37254901960784315,0,0.08621050342886924,0.014705882352941176,1,0.3148148148148148,0.3526960784313727,0,4.113025724894627e-18,0.0026954177897574125,1,1,0.0026954177897574125,0,united states of america,extraction,USA,0,0,0.095,0.581,1,2,1,1,2,1,98,3,1
1922,Lucky Tiger Combination Gold Mining,montezuma,-77.65543,39.91618,cyanid,0.024654830000000003,1,6,0,4,0,0,0,0,0,0,0,0,0,0,0,0,0,0,0,0,0,0,0,0,0,0,0,0,1.7279862071744744e-19,0.0027472527472527475,1,1,0.0027472527472527475,0,united states of america,extraction,USA,0,0,0.094,0.581,1,2,1,1,2,1,98,3,1
1923,Lucky Tiger Combination Gold Mining,montezuma,-77.65543,39.91618,cyanid,0.024654830000000003,1,14,0,6,1,1,1,0,0,0,0.2602937430993007,0.043478260869565216,2,0.3524590163934426,0.3873188405797102,0.013446513661125023,0.2112334653625564,0.05,2,0.39215686274509803,0.44791666666666674,0.001386071828379521,0.29961927213137035,0.07142857142857142,4,0.4028776978417266,0.4604166666666664,0.007220104166158336,3.1959750125700706e-18,0.007936507936507936,3,1,0.005291005291005291,1.4034496793117482e-5,united states of america,extraction,USA,0,0,0.096,0.581,1,2,1,1,2,1,98,3,1
1908,Luipaard Vlei Gold Mining Company,johannesburg,28.04731,-26.2041,cyanid,0.1703992,1,11,0,2,0,0,0,1,2,0,0.010154061385165178,0.014084507042253521,1,0.22118380062305296,0.24590878604963107,0,0.16772967107531855,0.02531645569620253,2,0.42473118279569894,0.46413502109704646,0.0011394947857551521,0.15676241017992085,0.027777777777777776,3,0.38162544169611307,0.4274691358024694,0.02088060227854483,8.928226590722351e-4,0.039473684210526314,3,0.20848056537102475,0.2065476190476187,0.0027889420520999463,south africa,extraction,ZAF,1,1,0.408,0.115,NA,NA,NA,NA,NA,NA,NA,-2,0
1910,Luipaard Vlei Gold Mining Company,dudley,-2.081112,52.51226,cyanid,0.1703992,0,2,64.0910919061465,0,0,0,0,0,0,0,0,0,0,0,0,0,0,0,0,0,0,0,0,0,0,0,0,0,0.04894251538050267,0.03317535545023697,7,0.3129370629370629,0.3178740690589042,0.03598623577948226,united kingdom,extraction,GBR,1,1,0.028,0.73,2,2,2,2,2,2,98,3,1
1911,Luipaard Vlei Gold Mining Company,london,-0.1277583,51.5073509,cyanid,0.2430724,1,8,1.0013217677085525e-4,6,1,1,0,0,0,0,0.003434660396329749,0.013157894736842105,1,0.21098265895953758,0.22039473684210506,0,0.09192239306163544,0.011111111111111112,1,0.36885245901639346,0.4138888888888889,0,0.08578119672656596,0.01680672268907563,2,0.34593023255813954,0.3893557422969188,0.003717978385206363,0.1211401999009752,0.10687022900763359,28,0.3737024221453287,0.36736641221373945,0.02997445965572994,united kingdom,extraction,GBR,1,1,0.028,0.73,2,2,2,2,2,2,98,3,1
1915,Luipaard Vlei Gold Mining Company,johannesburg,28.0473051,-26.2041028,cyanid,1.189343,1,3,0,1,1,0,0,0,0,0,0.006495728320826521,0.016129032258064516,1,0.2125984251968504,0.20564516129032231,0,0,0,0,0,0,0,0.003032905382491427,0.01020408163265306,1,0.24870466321243523,0.25408163265306116,0,0.042487945764874545,0.03977272727272727,14,0.33683105981112277,0.3564191017316005,0.022571209926173525,south africa,extraction,ZAF,1,1,0.408,0.115,-1,-1,-1,-1,-1,-1,84,2,0
1916,Luipaard Vlei Gold Mining Company,johannesburg,28.0473051,-26.2041028,cyanid,1.189343,1,1,0,0,0,0,0,0,0,0,0,0,0,0,0,0,0,0,0,0,0,0,0,0,0,0,0,0,0.02186552563242197,0.015105740181268883,5,0.31673306772908366,0.33862034239677713,0.013134349421154852,south africa,extraction,ZAF,1,1,0.408,0.115,-1,-1,-1,-1,-1,-1,84,2,0
1919,Luipaard Vlei Gold Mining Company,johannesburg,28.0473051,-26.2041028,cyanid,2.478973,1,3,0,3,0,0,0,0,0,0,0,0,0,0,0,0,0,0,0,0,0,0,0,0,0,0,0,0,0.03775100143679648,0.02247191011235955,8,0.3323615160349854,0.3529026217228452,0.011223958186842263,south africa,extraction,ZAF,1,1,0.408,0.115,-1,-1,-1,-1,-1,-1,84,2,0
1920,Luipaard Vlei Gold Mining Company,johannesburg,28.04731,-26.2041,cyanid,2.052034,1,6,0,3,0,1,0,0,1,0,0,0,0,0,0,0,0.4157568117349176,0.06557377049180328,4,0.5169491525423728,0.5327868852459017,0.01904668915210136,0.37986388526447307,0.05128205128205128,4,0.4406779661016949,0.480769230769231,0.008153629340284805,0.01961734421309498,0.036458333333333336,14,0.34967012252591895,0.3778955853174579,0.02043911753779076,south africa,extraction,ZAF,1,1,0.408,0.115,-1,-1,-1,-1,-1,-1,84,2,0
1921,Luipaard Vlei Gold Mining Company,johannesburg,28.04731,-26.2041,cyanid,2.052034,1,8,0,6,0,1,0,2,2,2,0.3240121012775601,0.0851063829787234,4,0.41284403669724773,0.453900709219858,0.09672868502655732,0.30690425914907893,0.058823529411764705,3,0.425,0.4771241830065359,0.00604333176921053,0.40968756128407274,0.10294117647058823,7,0.425,0.49068627450980384,0.04909082698153807,0.25302783357604736,0.1078167115902965,40,0.3971078976640712,0.43715184186882405,0.044939429822392365,south africa,extraction,ZAF,1,1,0.408,0.115,-1,-1,-1,-1,-1,-1,84,2,0
1922,Luipaard Vlei Gold Mining Company,western,-95.71276,37.09375,cyanid,2.052034,1,7,0,7,1,3,1,0,0,0,0.3364882515141047,0.07692307692307693,3,0.3557692307692308,0.41709401709401717,0.0711393869288606,0.3232295753231982,0.06521739130434782,3,0.5,0.5235507246376812,0.01630388914682605,0.40154249548431264,0.0967741935483871,6,0.4881889763779528,0.5241935483870966,0.07031478552374817,0.11348108080373757,0.07967032967032966,29,0.3856353591160221,0.4165293040293036,0.053389709557760796,united states of america,extraction,USA,0,0,0.094,0.581,1,2,1,1,2,1,98,3,1
1923,Luipaard Vlei Gold Mining Company,western,-95.71276,37.09375,cyanid,2.052034,1,8,0,8,1,3,1,0,0,0,0.29771850611820205,0.06521739130434782,3,0.3644067796610169,0.4072463768115943,0.0304251847066629,0.3272152960950988,0.075,3,0.4878048780487805,0.5208333333333334,0.009098106634305731,0.42643225129876827,0.10714285714285714,6,0.4409448818897638,0.4999999999999998,0.02080243057547265,0.19347710725151965,0.11375661375661375,43,0.4272189349112426,0.46393298059964966,0.06552033452903772,united states of america,extraction,USA,0,0,0.096,0.581,1,2,1,1,2,1,98,3,1
1911,Machave Gold Mining Limited,transvaal,-81.1830974,43.2325617,cyanid,0.2916869,1,7,2.8333329557698393e-4,2,0,1,0,0,1,0,0,0,0,0,0,0,0.22897564057717568,0.03333333333333333,3,0.47368421052631576,0.4981481481481482,0.006027570700945274,0.20689787069657628,0.025210084033613446,3,0.4075342465753425,0.44747899159663895,0.0030472684000475707,0.003519699726827244,0.015267175572519083,4,0.27169811320754716,0.24825517993456978,0.006397745534054791,canada,extraction,CAN,0,1,0.072,0.61,2,1,1,2,1,1,96,0,1
1912,Machave Gold Mining Limited,transvaal,-81.1830974,43.2325617,cyanid,0.2916869,1,3,0,1,0,1,0,0,0,0,0,0,0,0,0,0,0.15780814078082056,0.024096385542168676,2,0.4715909090909091,0.4929718875502009,0.003530357564947143,0.15065189709724355,0.01818181818181818,2,0.41064638783269963,0.43863636363636394,0.0019237218297239852,0.008513413690084343,0.012779552715654952,4,0.24956521739130436,0.2750648889626535,1.5486356192144572e-4,canada,extraction,CAN,0,1,0.072,0.61,2,1,1,2,1,1,96,0,1
1913,Machave Gold Mining Limited,transvaal,-81.1830974,43.2325617,cyanid,0.4138267,1,3,0,2,0,1,0,0,0,0,0,0,0,0,0,0,0.1700588109646345,0.02531645569620253,2,0.4340659340659341,0.4704641350210971,0.014331674749290832,0.16542893544704712,0.02040816326530612,2,0.40611353711790393,0.42261904761904784,0.006540905080755359,0.01283948135106006,0.015723270440251572,5,0.2286392405063291,0.24808204548770652,0.007926106547716283,canada,extraction,CAN,0,1,0.072,0.61,2,1,1,2,1,1,96,0,1
1914,Machave Gold Mining Limited,transvaal,-81.1830974,43.2325617,cyanid,0.4138267,1,5,0,4,0,0,0,0,0,0,0,0,0,0,0,0,0,0,0,0,0,0,0,0,0,0,0,0,0.008833812211496225,0.011111111111111112,4,0.24600638977635783,0.23908840388007133,0.004758509678538432,canada,extraction,CAN,0,1,0.067,0.61,2,1,1,2,1,1,96,0,1
1917,Machave Gold Mining Limited,transvaal,-81.1830974,43.2325617,cyanid,0.4138267,1,2,0,1,0,0,0,0,0,0,0,0,0,0,0,0,0,0,0,0,0,0,0,0,0,0,0,0,0.009287669510348928,0.011904761904761904,4,0.27763272410791995,0.29332482993197373,6.553153382904097e-5,canada,extraction,CAN,0,1,0.067,0.61,2,2,1,2,2,1,98,0,1
1910,Macth Wtet Ing Company,transvaal,-81.1831,43.23256,cyanid,0.2918288,1,6,0,1,0,1,0,0,0,0,0,0,0,0,0,0,0.17560824736709937,0.030303030303030304,2,0.44,0.476010101010101,0.003173515607786076,0.16024079671611674,0.022727272727272728,2,0.39111111111111113,0.4318181818181818,0.001268957191337697,0.003987024006062958,0.009478672985781991,2,0.2528248587570621,0.2387497178966375,2.8114533668840443e-4,canada,extraction,CAN,0,1,0.074,0.597,2,1,1,2,1,1,96,0,1
1913,Main Reef Extensions Limited,transvaal,-81.1830974,43.2325617,cyanid,4.138267,1,5,0,3,0,0,0,0,0,0,0,0,0,0,0,0,0,0,0,0,0,0,0,0,0,0,0,0,0.22813892178244932,0.06289308176100629,20,0.2936991869918699,0.3446458066741079,0.027745778317053434,canada,extraction,CAN,0,1,0.072,0.61,2,1,1,2,1,1,96,0,1
1909,Main Reef West Limited,transvaal,-81.1831,43.23256,cyanid,0.4159705,1,9,0,2,0,1,0,0,1,0,0,0,0,0,0,0,0.17173371151388372,0.02631578947368421,2,0.4367816091954023,0.47258771929824567,0.0024132760943906457,0.1552620966534917,0.020618556701030927,2,0.4008438818565401,0.430412371134021,0.0010294166973359076,0.032497931809110425,0.02247191011235955,4,0.30616740088105726,0.27670545746388464,0.001128958523504214,canada,extraction,CAN,0,1,0.074,0.597,2,1,1,2,1,1,96,0,1
1910,Main Reef West Limited,western,-95.71276,37.09375,cyanid,0.4159705,1,9,0,0,0,0,0,0,0,0,0,0,0,0,0,0,0,0,0,0,0,0,0,0,0,0,0,0,0.07351605532694849,0.02843601895734597,6,0.307032590051458,0.3158259986459048,2.0379060533772418e-5,united states of america,extraction,USA,0,0,0.098,0.581,1,2,1,1,2,1,98,3,1
1911,Main Reef West Limited,western,-95.7127622,37.0937489,cyanid,0.4159705,1,9,2.3055664769700538e-4,4,0,2,0,0,0,0,0,0,0,0,0,0,0.0688558815948894,0.011111111111111112,1,0.3435114503816794,0.3888888888888889,0,0.06282619088360408,0.008403361344537815,1,0.3216216216216216,0.36148459383753495,0,0.20533602341575447,0.09541984732824428,25,0.3380281690140845,0.336423118865867,9.203251488848955e-4,united states of america,extraction,USA,0,0,0.098,0.581,1,2,1,1,2,1,98,3,1
1912,Main Reef West Limited,western,-95.7127622,37.0937489,cyanid,0.4159705,1,14,0,8,0,2,0,1,1,1,0.16976206802917151,0.014492753623188406,1,0.33004926108374383,0.36038647342995167,0,0.2264583208858042,0.03614457831325301,3,0.49404761904761907,0.5100401606425703,0.006477566176649881,0.2589748452775118,0.03636363636363636,4,0.44081632653061226,0.46666666666666695,0.006760532582434239,0.5691318905144884,0.17252396166134185,54,0.3325608342989571,0.4071479283939338,0.009919332842660509,united states of america,extraction,USA,0,0,0.098,0.581,1,2,1,1,2,1,98,3,1
1914,Main Reef West Limited,transvaal,-81.1830974,43.2325617,cyanid,0.4159705,1,2,0,1,0,0,0,0,0,0,0,0,0,0,0,0,0,0,0,0,0,0,0,0,0,0,0,0,0.35842793137055606,0.04722222222222222,17,0.32941176470588235,0.331574074074073,0.0032940866402946436,canada,extraction,CAN,0,1,0.067,0.61,2,1,1,2,1,1,96,0,1
1916,Main Reef West Limited,transvaal,-81.1830974,43.2325617,cyanid,0.4159705,1,3,0,2,0,0,0,0,0,0,0,0,0,0,0,0,0,0,0,0,0,0,0,0,0,0,0,0,0.1933491932848085,0.030211480362537766,10,0.3102439024390244,0.3440871817004744,7.550047423205457e-6,canada,extraction,CAN,0,1,0.067,0.61,2,2,1,2,2,1,98,0,1
1917,Main Reef West Limited,transvaal,-81.1830974,43.2325617,cyanid,0.4169271,1,4,0,3,1,0,0,0,0,0,0.22027486665794266,0.027777777777777776,1,0.3018867924528302,0.323611111111111,0,0,0,0,0,0,0,0.06672168478102167,0.01639344262295082,1,0.2824074074074074,0.3163934426229508,0,0.4788175978096749,0.22321428571428573,75,0.3952912019826518,0.4697420634920638,0.06882731974565423,canada,extraction,CAN,0,1,0.067,0.61,2,2,1,2,2,1,98,0,1
1903,Mantraim Wassau Limited,london,-0.1277583,51.50735,cyanid,0.03411965,0,4,0,0,0,0,0,0,0,0,0,0,0,0,0,0,0,0,0,0,0,0,0,0,0,0,0,0,0,0,0,0,0,0,united kingdom,extraction,GBR,1,1,0.028,0.73,2,2,1,2,2,1,98,3,1
1911,Marazion Mines Limited,transvaal,-81.1830974,43.2325617,cyanid,0.0031842489999999997,1,9,2.8333329557698393e-4,6,1,1,0,0,0,0,0.07510244523651512,0.013157894736842105,1,0.30416666666666664,0.3282894736842106,0,0.0688558815948894,0.011111111111111112,1,0.3435114503816794,0.3888888888888889,0,0.08870988689130486,0.01680672268907563,2,0.347953216374269,0.3943977591036417,0.0022897504411742774,0.40777782436798604,0.1717557251908397,45,0.39488117001828155,0.40356234096692023,0.012469959726960066,canada,extraction,CAN,0,1,0.072,0.61,2,1,1,2,1,1,96,0,1
1911,Marazion Mines Limited,the east,-86.7430361,36.1945142,cyanid,0.0031842489999999997,1,9,5.832989181721671e-4,6,1,1,0,0,0,0,0.07510244523651512,0.013157894736842105,1,0.30416666666666664,0.3282894736842106,0,0.0688558815948894,0.011111111111111112,1,0.3435114503816794,0.3888888888888889,0,0.08870988689130486,0.01680672268907563,2,0.347953216374269,0.3943977591036417,0.0022897504411742774,0.40777782436798604,0.1717557251908397,45,0.39488117001828155,0.40356234096692023,0.012469959726960066,united states of america,extraction,USA,0,0,0.098,0.581,1,2,1,1,2,1,98,3,1
1912,Marazion Mines Limited,the east,-86.7430361,36.1945142,cyanid,0.003187348,1,9,0,4,0,1,0,0,1,0,0,0,0,0,0,0,0.22645832088580414,0.03614457831325301,3,0.49404761904761907,0.5100401606425703,0.006477566176649881,0.21598032112113708,0.02727272727272727,3,0.4235294117647059,0.4515151515151518,0.0035222254515045004,0.5950189683038118,0.23961661341853036,75,0.3478787878787879,0.4360477204726387,0.03268848504087953,united states of america,extraction,USA,0,0,0.098,0.581,1,2,1,1,2,1,98,3,1
1913,Marazion Mines Limited,transvaal,-81.1830974,43.2325617,cyanid,1.329596,1,3,0,2,0,1,0,0,0,0,0,0,0,0,0,0,0.05463174355107243,0.012658227848101266,1,0.32113821138211385,0.36392405063291133,0,0.05681765265575399,0.01020408163265306,1,0.31313131313131315,0.3340136054421768,0,0.31536280995493665,0.09119496855345911,29,0.2976313079299691,0.36304203308920235,0.028110271427332897,canada,extraction,CAN,0,1,0.072,0.61,2,1,1,2,1,1,96,0,1
1913,Marazion Mines Limited,the east,-86.7430361,36.1945142,cyanid,1.329596,1,3,0,2,0,1,0,0,0,0,0,0,0,0,0,0,0.05463174355107243,0.012658227848101266,1,0.32113821138211385,0.36392405063291133,0,0.05681765265575399,0.01020408163265306,1,0.31313131313131315,0.3340136054421768,0,0.31536280995493665,0.09119496855345911,29,0.2976313079299691,0.36304203308920235,0.028110271427332897,united states of america,extraction,USA,0,0,0.083,0.581,1,2,1,1,2,1,98,3,1
1914,Marazion Mines Limited,transvaal,-81.1830974,43.2325617,cyanid,1.329596,1,7,0,0,0,0,0,0,0,0,0,0,0,0,0,0,0,0,0,0,0,0,0,0,0,0,0,0,0.2048837295801723,0.03611111111111111,13,0.3373493975903614,0.33939814814814734,0.003190109838977119,canada,extraction,CAN,0,1,0.067,0.61,2,1,1,2,1,1,96,0,1
1914,Marazion Mines Limited,the east,-86.7430361,36.1945142,cyanid,1.329596,1,7,0,0,0,0,0,0,0,0,0,0,0,0,0,0,0,0,0,0,0,0,0,0,0,0,0,0,0.2048837295801723,0.03611111111111111,13,0.3373493975903614,0.33939814814814734,0.003190109838977119,united states of america,extraction,USA,0,0,0.079,0.581,1,2,1,1,2,1,98,3,1
1915,Marazion Mines Limited,transvaal,-81.1830974,43.2325617,cyanid,3.211227,1,11,0,7,0,1,0,0,0,0,0,0,0,0,0,0,0.07322309911761911,0.012195121951219513,1,0.33884297520661155,0.3841463414634146,0,0.06986209179358623,0.01020408163265306,1,0.3333333333333333,0.36564625850340116,0,0.5668415081011836,0.23579545454545456,83,0.3962962962962963,0.4593141233766243,0.0569738667322736,canada,extraction,CAN,0,1,0.067,0.61,2,2,1,2,2,1,98,0,1
1915,Marazion Mines Limited,the west and,-95.712891,37.09024,cyanid,3.211227,1,11,0,7,0,1,0,0,0,0,0,0,0,0,0,0,0.07322309911761911,0.012195121951219513,1,0.33884297520661155,0.3841463414634146,0,0.06986209179358623,0.01020408163265306,1,0.3333333333333333,0.36564625850340116,0,0.5668415081011836,0.23579545454545456,83,0.3962962962962963,0.4593141233766243,0.0569738667322736,united states of america,extraction,USA,0,0,0.07,0.581,1,2,1,1,2,1,98,3,1
1916,Marazion Mines Limited,transvaal,-81.1830974,43.2325617,cyanid,3.21735,1,2,0,2,0,0,0,0,0,0,0,0,0,0,0,0,0,0,0,0,0,0,0,0,0,0,0,0,0.2786617655640097,0.06042296072507553,20,0.34527687296416937,0.38630412890231536,0.018842923792793478,canada,extraction,CAN,0,1,0.067,0.61,2,2,1,2,2,1,98,0,1
1916,Marazion Mines Limited,the west and,-95.712891,37.09024,cyanid,3.21735,1,2,0,2,0,0,0,0,0,0,0,0,0,0,0,0,0,0,0,0,0,0,0,0,0,0,0,0,0.2786617655640097,0.06042296072507553,20,0.34527687296416937,0.38630412890231536,0.018842923792793478,united states of america,extraction,USA,0,0,0.07,0.581,1,2,1,1,2,1,98,3,1
1917,Marazion Mines Limited,transvaal,-81.1831,43.23256,cyanid,3.21735,1,9,0,8,0,2,0,0,0,0,0,0,0,0,0,0,0.3515604549631739,0.06521739130434782,3,0.46938775510204084,0.5072463768115941,0.02304761371955716,0.34228910133712825,0.04918032786885246,3,0.4066666666666667,0.4549180327868851,0.011472447313474875,0.46365249917263923,0.27976190476190477,94,0.3943139678615575,0.47058531746031773,0.09356622509185115,canada,extraction,CAN,0,1,0.067,0.61,2,2,1,2,2,1,98,0,1
1919,Marazion Mines Limited,transvaal,-81.1830974,43.2325617,cyanid,3.762727,1,2,0,0,0,0,0,0,0,0,0,0,0,0,0,0,0,0,0,0,0,0,0,0,0,0,0,0,0.38171643728269405,0.0702247191011236,25,0.40093786635404455,0.4312734082397007,0.011544000540912742,canada,extraction,CAN,0,1,0.067,0.631,2,2,1,2,2,1,98,0,1
1919,Marazion Mines Limited,the west and,-95.712891,37.09024,cyanid,3.762727,1,2,0,0,0,0,0,0,0,0,0,0,0,0,0,0,0,0,0,0,0,0,0,0,0,0,0,0,0.38171643728269405,0.0702247191011236,25,0.40093786635404455,0.4312734082397007,0.011544000540912742,united states of america,extraction,USA,0,0,0.07,0.581,1,2,1,1,2,1,98,3,1
1920,Marazion Mines Limited,transvaal,-81.1831,43.23256,cyanid,3.114694,1,11,0,7,0,1,0,0,0,0,0,0,0,0,0,0,0.1058793240934913,0.01639344262295082,1,0.3630952380952381,0.40983606557377045,0,0.10117169068968518,0.01282051282051282,1,0.3436123348017621,0.3846153846153844,0,0.27171140119046705,0.17708333333333334,68,0.41685393258426967,0.4752604166666694,0.052802305325515754,canada,extraction,CAN,0,1,0.067,0.631,2,1,1,2,2,1,98,0,1
1920,Marazion Mines Limited,the east,-86.74304,36.19451,cyanid,3.114694,1,11,0,7,0,1,0,0,0,0,0,0,0,0,0,0,0.1058793240934913,0.01639344262295082,1,0.3630952380952381,0.40983606557377045,0,0.10117169068968518,0.01282051282051282,1,0.3436123348017621,0.3846153846153844,0,0.27171140119046705,0.17708333333333334,68,0.41685393258426967,0.4752604166666694,0.052802305325515754,united states of america,extraction,USA,0,0,0.078,0.581,1,2,1,1,2,1,98,3,1
1921,Marazion Mines Limited,transvaal,-81.1831,43.23256,cyanid,2.598152,1,10,0,9,0,0,0,0,0,0,0,0,0,0,0,0,0,0,0,0,0,0,0,0,0,0,0,0,0.6382059838325587,0.20485175202156333,76,0.4375,0.48769092542677744,0.07727916942961813,canada,extraction,CAN,0,1,0.067,0.631,2,1,1,2,2,1,98,0,1
1921,Marazion Mines Limited,the east,-86.74304,36.19451,cyanid,2.598152,1,10,0,9,0,0,0,0,0,0,0,0,0,0,0,0,0,0,0,0,0,0,0,0,0,0,0,0,0.6382059838325587,0.20485175202156333,76,0.4375,0.48769092542677744,0.07727916942961813,united states of america,extraction,USA,0,0,0.095,0.581,1,2,1,1,2,1,98,3,1
1922,Marazion Mines Limited,transvaal,-81.1831,43.23256,cyanid,2.989371,1,8,0,8,1,0,0,0,0,0,0.09816386111875801,0.02564102564102564,1,0.27611940298507465,0.3025641025641024,0,0,0,0,0,0,0,0.026983358118654842,0.016129032258064516,1,0.27312775330396477,0.29838709677419345,0,1,0.3021978021978022,110,0.4434561626429479,0.5085164835164856,0.12438537648860601,canada,extraction,CAN,0,1,0.07,0.631,2,1,1,2,2,1,98,0,1
1922,Marazion Mines Limited,the east,-86.74304,36.19451,cyanid,2.989371,1,8,0,8,1,0,0,0,0,0,0.09816386111875801,0.02564102564102564,1,0.27611940298507465,0.3025641025641024,0,0,0,0,0,0,0,0.026983358118654842,0.016129032258064516,1,0.27312775330396477,0.29838709677419345,0,1,0.3021978021978022,110,0.4434561626429479,0.5085164835164856,0.12438537648860601,united states of america,extraction,USA,0,0,0.094,0.581,1,2,1,1,2,1,98,3,1
1923,Marazion Mines Limited,transvaal,-81.1831,43.23256,cyanid,3.087832,1,11,0,10,0,0,0,0,0,0,0,0,0,0,0,0,0,0,0,0,0,0,0,0,0,0,0,0,0.926118873826573,0.2830687830687831,107,0.441320293398533,0.4976190476190503,0.07621539455193296,canada,extraction,CAN,0,1,0.07,0.631,2,1,1,2,2,1,98,0,1
1923,Marazion Mines Limited,the east and,-73.96578,40.76635,cyanid,3.087832,1,11,0.6829898213696111,10,0,0,0,0,0,0,0,0,0,0,0,0,0,0,0,0,0,0,0,0,0,0,0,0,0.926118873826573,0.2830687830687831,107,0.441320293398533,0.4976190476190503,0.07621539455193296,united states of america,extraction,USA,0,0,0.096,0.581,1,2,1,1,2,1,98,3,1
1914,Mashonaland Consolidated Limited,rhodesia,-97.2134822,32.8294337,amalgama,0.486618,1,4,0,1,0,0,0,0,0,0,0,0,0,0,0,0,0,0,0,0,0,0,0,0,0,0,0,0,0.00148239027852447,0.008333333333333333,3,0.21300138312586445,0.20535493827160572,3.700772525464771e-5,united states of america,extraction,USA,0,0,0.079,0.581,1,2,1,1,2,1,98,3,1
1912,Masterpiece Gold Mining Company,rhodesia,-97.2134822,32.8294337,cyanid,0.8763389,0,4,0,1,0,1,0,0,0,0,0,0,0,0,0,0,0.0926840370505694,0.012048192771084338,1,0.3878504672897196,0.4307228915662651,0,0.08711252237738422,0.00909090909090909,1,0.3588039867109635,0.39166666666666666,0,2.4582502620551925e-5,0.003194888178913738,1,0.1770512029611351,0.18487575612176274,0,united states of america,extraction,USA,0,0,0.098,0.581,1,2,1,1,2,1,98,3,1
1913,Masterpiece Gold Mining Company,rhodesia,-97.2134822,32.8294337,cyanid,0.8763389,1,2,0,0,0,0,0,0,1,0,0,0,0,0,0,0,0.2053652650077562,0.02531645569620253,2,0.3798076923076923,0.4293248945147679,0.0021193739782004437,0.19194805084387728,0.02040816326530612,2,0.36186770428015563,0.388095238095238,0.0012179402334672592,0,0,0,0,0,0,united states of america,extraction,USA,0,0,0.083,0.581,1,2,1,1,2,1,98,3,1
1908,Mat Consolidated Gold,london,-0.1277583,51.50735,cyanid,1.411192,0,0,0,0,0,0,0,0,0,0,0,0,0,0,0,0,0,0,0,0,0,0,0,0,0,0,0,0,0,0,0,0,0,0,united kingdom,extraction,GBR,1,1,0.028,0.73,2,2,2,2,2,1,98,3,1
1895,May Consolidated Gold Mining Company,berlin,13.40495,52.52001,cyanid,1.413255,1,12,934.5183354912367,0,0,0,0,0,0,0,0,0,0,0,0,0,0,0,0,0,0,0,0,0,0,0,0,0,0,0,0,0,0,0,germany,extraction,DEU,0,0,0.078,0.302,1,1,NA,1,1,NA,92,1,1
1895,May Consolidated Gold Mining Company,london,-0.1277583,51.50735,cyanid,1.413255,1,12,0,0,0,0,0,0,0,0,0,0,0,0,0,0,0,0,0,0,0,0,0,0,0,0,0,0,0,0,0,0,0,0,united kingdom,extraction,GBR,1,1,0.028,0.73,2,2,NA,2,2,NA,98,3,1
1909,May Consolidated Gold Mining Company,transvaal,-81.1831,43.23256,cyanid,1.413255,1,8,0,5,0,0,0,1,1,1,0.01848292541044664,0.014925373134328358,1,0.24904214559386972,0.2620824449182658,0,0.07415608496843451,0.013157894736842105,1,0.34234234234234234,0.38815789473684204,0,0.07486976365221724,0.020618556701030927,2,0.3333333333333333,0.36975945017182116,0.0011480292569210082,0.15565348970058285,0.0898876404494382,16,0.34663341645885287,0.3390650080256828,0.009230358299407257,canada,extraction,CAN,0,1,0.074,0.597,2,1,1,2,1,1,96,0,1
1911,May Consolidated Gold Mining Company,transvaal,-81.1830974,43.2325617,cyanid,1.40982,1,7,2.8333329557698393e-4,4,1,1,1,0,0,0,0.014803478251505195,0.013157894736842105,1,0.25,0.2607456140350877,0,0.16011975898228645,0.022222222222222223,2,0.4090909090909091,0.45185185185185195,0.0011376430464681711,0.1537173312142318,0.025210084033613446,3,0.371875,0.4180672268907566,0.0018484790218410078,0.17022453488063907,0.08396946564885496,22,0.35121951219512193,0.33852235550708815,0.0045096215390149266,canada,extraction,CAN,0,1,0.072,0.61,2,1,1,2,1,1,96,0,1
1912,May Consolidated Gold Mining Company,transvaal,-81.1830974,43.2325617,cyanid,1.411192,1,7,0,0,0,0,0,0,0,0,0,0,0,0,0,0,0,0,0,0,0,0,0,0,0,0,0,0,0.09299785737622575,0.04792332268370607,15,0.30662393162393164,0.3510243927176825,0.0023402265945392216,canada,extraction,CAN,0,1,0.072,0.61,2,1,1,2,1,1,96,0,1
1913,May Consolidated Gold Mining Company,transvaal,-81.1830974,43.2325617,cyanid,1.411879,1,7,0,1,0,0,0,0,0,0,0,0,0,0,0,0,0,0,0,0,0,0,0,0,0,0,0,0,0.20984354796809526,0.050314465408805034,16,0.26908752327746743,0.3193047169462264,0.024965892179787005,canada,extraction,CAN,0,1,0.072,0.61,2,1,1,2,1,1,96,0,1
1914,May Consolidated Gold Mining Company,transvaal,-81.1830974,43.2325617,cyanid,1.42998,1,6,0,2,0,0,0,0,0,0,0,0,0,0,0,0,0,0,0,0,0,0,0,0,0,0,0,0,0.10749134067345327,0.05555555555555555,20,0.3311827956989247,0.3370833333333322,0.011911390433687503,canada,extraction,CAN,0,1,0.067,0.61,2,1,1,2,1,1,96,0,1
1915,May Consolidated Gold Mining Company,transvaal,-81.1830974,43.2325617,cyanid,1.379638,1,6,0,5,1,1,1,0,0,0,0,0.016129032258064516,1,0.6,0.03225806451612903,0,0.07322309911761911,0.012195121951219513,1,0.33884297520661155,0.3841463414634146,0,0.07177388302470956,0.02040816326530612,2,0.3356643356643357,0.37244897959183654,0.006522196507468989,0.31496270620940703,0.19886363636363635,70,0.37066974595842955,0.42648133116882997,0.03256296009396758,canada,extraction,CAN,0,1,0.067,0.61,2,2,1,2,2,1,98,0,1
1916,May Consolidated Gold Mining Company,transvaal,-81.1830974,43.2325617,cyanid,1.382269,1,3,0,2,0,0,0,0,0,0,0,0,0,0,0,0,0,0,0,0,0,0,0,0,0,0,0,0,0.026274290490509646,0.03625377643504532,12,0.27943760984182775,0.31307006186160374,0.0034878050998398877,canada,extraction,CAN,0,1,0.067,0.61,2,2,1,2,2,1,98,0,1
1917,May Consolidated Gold Mining Company,transvaal,-81.1830974,43.2325617,cyanid,1.382269,1,4,0,2,0,0,0,0,0,0,0,0,0,0,0,0,0,0,0,0,0,0,0,0,0,0,0,0,0.023696236713086734,0.01488095238095238,5,0.32124874118831825,0.3485615079365072,0.0011113101246822406,canada,extraction,CAN,0,1,0.067,0.61,2,2,1,2,2,1,98,0,1
1916,Mayo Rhodesia Development Limited,rhodesia,-97.2134822,32.8294337,cyanid,0.07162536,1,5,0,0,0,0,0,0,0,0,0,0,0,0,0,0,0,0,0,0,0,0,0,0,0,0,0,0,0,0,0,0,0,0,united states of america,extraction,USA,0,0,0.07,0.581,1,2,1,1,2,1,98,3,1
1917,Mayo Rhodesia Development Limited,rhodesia,-97.2134822,32.8294337,cyanid,0.6412605,1,5,0,0,0,0,0,0,0,0,0,0,0,0,0,0,0,0,0,0,0,0,0,0,0,0,0,0,0,0,0,0,0,0,united states of america,extraction,USA,0,0,0.07,0.581,1,2,1,1,2,1,98,3,1
1919,Mayo Rhodesia Development Limited,rhodesia,-97.2134822,32.8294337,cyanid,0.6412605,1,5,0,0,0,0,0,0,0,0,0,0,0,0,0,0,0,0,0,0,0,0,0,0,0,0,0,0,0,0,0,0,0,0,united states of america,extraction,USA,0,0,0.07,0.581,1,2,1,1,2,1,98,3,1
1920,Mayo Rhodesia Development Limited,rhodesia,-97.21348,32.82943,cyanid,0.6412605,1,5,0,0,0,0,0,0,0,0,0,0,0,0,0,0,0,0,0,0,0,0,0,0,0,0,0,0,7.97151198736226e-4,0.0078125,3,0.2661406025824964,0.2747395833333339,0.00132460563309302,united states of america,extraction,USA,0,0,0.078,0.581,1,2,1,1,2,1,98,3,1
1921,Mayo Rhodesia Development Limited,salisbury,-75.59937,38.36067,cyanid,0.6735951,1,1,0,1,0,0,0,0,0,0,0,0,0,0,0,0,0,0,0,0,0,0,0,0,0,0,0,0,0.0060568997058188705,0.008086253369272238,3,0.28860145513338725,0.29690026954177956,0.0012489820961295401,united states of america,extraction,USA,0,0,0.095,0.581,1,2,1,1,2,1,98,3,1
1922,Mayo Rhodesia Development Limited,salisbury,-75.59937,38.36067,cyanid,0.7750220999999999,1,1,0,1,0,0,0,0,0,0,0,0,0,0,0,0,0,0,0,0,0,0,0,0,0,0,0,0,7.071906642036052e-4,0.008241758241758242,3,0.2494639027877055,0.25355180533752025,0,united states of america,extraction,USA,0,0,0.094,0.581,1,2,1,1,2,1,98,3,1
1923,Mayo Rhodesia Development Limited,salisbury,-75.59937,38.36067,cyanid,0.8005489,0,1,0,0,0,0,0,0,0,0,0,0,0,0,0,0,0,0,0,0,0,0,0,0,0,0,0,0,0.0022383660783768826,0.005291005291005291,2,0.30828351836037576,0.31693121693121673,2.2454745592824992e-4,united states of america,extraction,USA,0,0,0.096,0.581,1,2,1,1,2,1,98,3,1
1903,Mesquital Del Oro Mining Company,mexico,-102.5528,23.6345,cyanid,0.0729572,1,5,1524.068532432487,0,0,0,0,0,0,0,0,0,0,0,0,0,0,0,0,0,0,0,0,0,0,0,0,0,0,0,0,0,0,0,mexico,extraction,MEX,0,0,0.853,0.556,-2,-2,-2,-2,-2,-2,96,1,0
1908,Messina Transvaal Development Limited,johannesburg,28.04731,-26.2041,cyanid,0.5360624,1,13,0,0,0,0,0,1,0,0,0.16508074760008837,0.014084507042253521,1,0.29957805907172996,0.35023474178403763,0,0,0,0,0,0,0,0.047555043509079124,0.009259259259259259,1,0.2849604221635884,0.31975308641975314,0,0,0,0,0,0,0,south africa,extraction,ZAF,1,1,0.408,0.115,NA,NA,NA,NA,NA,NA,NA,-2,0
1910,Metek And Cttath Ootjd Plan,johannesburg,28.04731,-26.2041,cyanid,0.8511673000000001,1,4,0,0,0,0,0,0,0,0,0,0,0,0,0,0,0,0,0,0,0,0,0,0,0,0,0,0,0,0,0,0,0,0,south africa,extraction,ZAF,1,1,0.408,0.115,-1,-2,-3,-1,-2,-3,82,-2,0
1895,Metropolitan Gold Mining Company,morton,-95.98141,36.17439,cyanid,0.34146340000000003,1,10,21.847482633793845,2,0,0,0,0,0,0,0,0,0,0,0,0,0,0,0,0,0,0,0,0,0,0,0,0,0.004598501587441155,0.02857142857142857,1,0.25510204081632654,0.22479591836734697,0,united states of america,extraction,USA,0,0,0.147,0.478,1,1,NA,1,1,NA,95,1,1
1908,Metropolitan Gold Mining Company,western,-95.71276,37.09375,cyanid,0.1564027,1,4,0,0,0,0,0,1,1,1,0.026061792548764673,0.014084507042253521,1,0.23745819397993312,0.2611670020120725,0,0.09233751503463263,0.012658227848101266,1,0.3798076923076923,0.4240506329113924,0,0.09526278782475606,0.018518518518518517,2,0.34726688102893893,0.3922839506172838,9.663372584607095e-4,1.9809024655993154e-4,0.039473684210526314,3,0.20344827586206896,0.20350877192982422,0.008596491228070173,united states of america,extraction,USA,0,0,0.117,0.581,1,1,1,1,1,1,98,1,1
1903,Mexican Gold And Silver Recovery,mexico,-102.5528,23.6345,cyanid,1.829268,1,6,1524.068532432487,0,0,0,0,1,1,1,0,0.07142857142857142,1,0.6,0.14285714285714285,0,0.08330949807319674,0.0625,1,0.2962962962962963,0.34375,0,0.09827829456086482,0.08333333333333333,2,0.2857142857142857,0.35624999999999984,0.03403209109730849,0,0,0,0,0,0,mexico,extraction,MEX,0,0,0.853,0.556,-2,-2,-2,-2,-2,-2,96,1,0
1908,Mexican Gold And Silver Recovery,mexico,-102.5528,23.6345,cyanid,0.48638129999999996,1,6,0,1,1,0,0,0,0,0,0.10876047266331988,0.014084507042253521,1,0.29218106995884774,0.33041582830315236,0,0,0,0,0,0,0,0.02308666385307566,0.009259259259259259,1,0.2819843342036554,0.30725308641975324,0,0.0033664644023265002,0.013157894736842105,1,0.18495297805642633,0.16491750208855457,0,mexico,extraction,MEX,0,0,0.853,0.556,-2,-2,-2,-2,-2,-2,96,1,0
1909,Mexican Gold And Silver Recovery,mexico,-102.5528,23.6345,cyanid,0.48638129999999996,1,6,0,2,0,0,0,0,0,0,0,0,0,0,0,0,0,0,0,0,0,0,0,0,0,0,0,0,0,0.0056179775280898875,1,0.6666666666666666,0.008426966292134831,0,mexico,extraction,MEX,0,0,0.853,0.556,-2,-2,-2,-2,-2,-2,96,1,0
1908,Mexico Mines Oro Limited,mexico,-102.5528,23.6345,cyanid,0.8563273,1,13,0,3,2,2,1,1,1,1,0.3036426637480348,0.04225352112676056,3,0.39226519337016574,0.444600938967136,0.07065225295607587,0.3037857536678945,0.05063291139240506,4,0.512987012987013,0.5253164556962026,0.009978129050984812,0.36885786875831467,0.06481481481481481,7,0.47161572052401746,0.5054012345679014,0.02499475463428102,0.1847703826150675,0.05263157894736842,4,0.28780487804878047,0.280388471177945,0.060516077201492234,mexico,extraction,MEX,0,0,0.853,0.556,-2,-2,-2,-2,-2,-2,96,1,0
1909,Mexico Mines Oro Limited,mexico,-102.5528,23.6345,cyanid,0.8563273,0,1,0,0,0,0,0,0,0,0,0,0,0,0,0,0,0,0,0,0,0,0,0,0,0,0,0,0,0,0.0056179775280898875,1,0.6666666666666666,0.008426966292134831,0,mexico,extraction,MEX,0,0,0.853,0.556,-2,-2,-2,-2,-2,-2,96,1,0
1912,Mexico Mines Oro Limited,mexico,-102.552784,23.634501,cyanid,0.8563273,0,1,0,0,0,0,0,0,0,0,0,0,0,0,0,0,0,0,0,0,0,0,0,0,0,0,0,0,9.459244746171923e-4,0.003194888178913738,1,0.20812182741116753,0.21706118694936608,0,mexico,extraction,MEX,0,0,0.816,0.561,-2,-2,-3,-2,-2,-3,70,0,0
1913,Mexico Mines Oro Limited,mexico,-102.552784,23.634501,cyanid,0.8563273,1,3,0,0,0,0,0,1,1,1,0.020240871993070102,0.017241379310344827,1,0.24431818181818182,0.20574712643678153,0,0.19889486051727123,0.02531645569620253,2,0.38349514563106796,0.4324894514767932,0.002512628768632471,0.20090988630640225,0.030612244897959183,3,0.37349397590361444,0.4025510204081632,0.007921725582349295,0,0,0,0,0,0,mexico,extraction,MEX,0,0,0.774,0.561,-3,-3,-3,-3,-3,-3,70,0,0
1914,Mexico Mines Oro Limited,mexico,-102.552784,23.634501,cyanid,0.8563273,1,5,0,1,0,0,0,0,0,0,0,0,0,0,0,0,0,0,0,0,0,0,0,0,0,0,0,0,0.011484431490108062,0.008333333333333333,3,0.2590412111017662,0.2530897266313941,9.701551608942478e-4,mexico,extraction,MEX,0,0,0.774,0.561,-3,-3,-3,-3,-3,-3,69,0,0
1915,Mexico Mines Oro Limited,mexico,-102.552784,23.634501,cyanid,0.8563273,1,6,0,3,1,1,1,0,0,0,0.11743236916464057,0.016129032258064516,1,0.3,0.29811827956989256,0,0.1631997381312539,0.024390243902439025,2,0.40594059405940597,0.4502032520325203,0.0022202271511041665,0.18114506846661985,0.030612244897959183,3,0.4067796610169492,0.44166666666666693,0.004502559183237738,0.01942645551118801,0.017045454545454544,6,0.3150147203140334,0.32804383116883057,0.008113731611305174,mexico,extraction,MEX,0,0,0.774,0.561,-3,-3,-3,-3,-3,-3,70,0,0
1916,Mexico Mines Oro Limited,mexico,-102.552784,23.634501,cyanid,0.85796,1,6,0,6,3,0,0,0,0,0,0.4728227503029269,0.07142857142857142,3,0.42857142857142855,0.38095238095238104,0.017287590458322167,0,0,0,0,0,0,0.216793464543532,0.04,3,0.3073770491803279,0.3557777777777778,0.0021302095203391573,0.008823875322957288,0.027190332326283987,9,0.2896174863387978,0.31417781614156304,0.037657349619230826,mexico,extraction,MEX,0,0,0.774,0.561,-2,-2,-3,-2,-2,-3,76,0,0
1919,Mexico Mines Oro Limited,mexico,-102.552784,23.634501,cyanid,0.8853475,1,8,0,5,2,1,1,0,0,0,0.1515736271346305,0.03773584905660377,2,0.27350427350427353,0.20723270440251562,0.00266086115142719,0.1919357333638161,0.03076923076923077,2,0.39634146341463417,0.44487179487179485,0.0017667556123366175,0.21301698021185245,0.05,4,0.3883495145631068,0.4410416666666665,0.007798027981753345,0.002895842714309944,0.02247191011235955,8,0.2620689655172414,0.2774411449973257,0.01504742995682533,mexico,extraction,MEX,0,0,0.795,0.565,-2,-2,-3,-2,-2,-3,76,0,0
1920,Mexico Mines Oro Limited,mexico,-102.5528,23.6345,cyanid,0.6595823000000001,1,3,0,2,1,1,1,0,0,0,0.034864712105869375,0.018518518518518517,1,0.2660098522167488,0.3089506172839506,0,0.1991295877518614,0.03278688524590164,2,0.3765432098765432,0.42896174863387976,0.0013853022292698513,0.19791483166643475,0.038461538461538464,3,0.3842364532019704,0.4337606837606836,0.011294102368945595,0.005391165406322916,0.0078125,3,0.3008921330089213,0.3197358630952379,3.825981756426886e-4,mexico,extraction,MEX,0,0,0.795,0.557,-2,-2,-3,-2,-2,-3,76,0,0
1921,Mexico Mines Oro Limited,mexico,-102.5528,23.6345,cyanid,0.7698229,1,6,0,3,2,0,0,0,0,0,0.16778858676522426,0.0425531914893617,2,0.3383458646616541,0.3783687943262412,0.02236793576511702,0,0,0,0,0,0,0.06402545372941988,0.029411764705882353,2,0.3063063063063063,0.3502450980392158,0.0021216205895681693,0.0070399482627635035,0.029649595687331536,11,0.3033135089209856,0.3194968553459117,0.02434977634880843,mexico,extraction,MEX,0,0,0.795,0.557,-1,-2,-2,-1,-2,-2,85,0,0
1922,Mexico Mines Oro Limited,mexico,-102.5528,23.6345,cyanid,0.8857396,1,1,0,0,0,0,0,0,0,0,0,0,0,0,0,0,0,0,0,0,0,0,0,0,0,0,0,0,0,0,0,0,0,0,mexico,extraction,MEX,0,0,0.795,0.557,-1,-2,-2,-1,-2,-2,85,0,0
1923,Mexico Mines Oro Limited,mexico,-102.5528,23.6345,cyanid,0.9149130999999999,1,2,0,2,1,0,0,0,0,0,0.056307905301266524,0.021739130434782608,1,0.25,0.2821169772256727,0,0,0,0,0,0,0,0.02911719161225312,0.017857142857142856,1,0.27586206896551724,0.3065476190476189,0,0.009784329909012316,0.03439153439153439,13,0.3364398881640261,0.35405643738976883,0.01126734172360475,mexico,extraction,MEX,0,0,0.795,0.557,-1,-2,-2,-1,-2,-2,85,0,0
1912,Meyer And Chaelton,johannesburg,28.0473051,-26.2041028,cyanid,0.8515815,1,5,0,3,0,0,0,0,0,0,0,0,0,0,0,0,0,0,0,0,0,0,0,0,0,0,0,0,0.08570189769111916,0.07348242811501597,23,0.28137254901960784,0.3381015771590849,0.005675251868795494,south africa,extraction,ZAF,1,1,0.408,0.115,-1,-1,-1,-1,-1,-2,84,2,0
1912,Meyer And Charlton Mining Limited,transvaal,-81.1830974,43.2325617,cyanid,0.486618,1,5,0,3,1,0,0,0,0,0,0.16976206802917135,0.014492753623188406,1,0.33004926108374383,0.36038647342995167,0,0,0,0,0,0,0,0.042994524156374614,0.00909090909090909,1,0.2975206611570248,0.3222727272727272,0,0.0474325146029875,0.08626198083067092,27,0.2601994560290118,0.29742149933843315,0.008126358012997948,canada,extraction,CAN,0,1,0.072,0.61,2,1,1,2,1,1,96,0,1
1914,Meyer And Charlton Mining Limited,johannesburg,28.0473051,-26.2041028,cyanid,0.9861933,1,6,0,5,1,0,0,0,0,0,0.18714380158545021,0.015873015873015872,1,0.32786885245901637,0.3542328042328043,0,0,0,0,0,0,0,0.04811949376023233,0.01098901098901099,1,0.2993421052631579,0.3335164835164835,0,0.04222940210624032,0.08333333333333333,30,0.3013698630136986,0.30491071428571415,0.024908221263858273,south africa,extraction,ZAF,1,1,0.408,0.115,-1,-1,-1,-1,-1,-1,84,2,0
1917,Meyer And Charlton Mining Limited,johannesburg,28.04731,-26.2041,cyanid,1.5,0,6,0,0,0,0,0,0,0,0,0,0,0,0,0,0,0,0,0,0,0,0,0,0,0,0,0,0,0.008340845104424342,0.01488095238095238,5,0.28868778280542984,0.3038548752834475,0,south africa,extraction,ZAF,1,1,0.408,0.115,-1,-1,-1,-1,-1,-1,84,2,0
1919,Meyer And Charlton Mining Limited,transvaal,-81.1830974,43.2325617,cyanid,4,1,13,0,1,0,0,0,1,1,1,1.3486983483165143e-16,0.018867924528301886,1,0.42857142857142855,0.08333333333333334,0,0.090708410680397,0.015384615384615385,1,0.34946236559139787,0.39615384615384613,0,0.10285407009797101,0.025,2,0.3508771929824561,0.3977083333333331,0.0050761294678081156,0.05213935225340672,0.016853932584269662,6,0.31347387717690195,0.3288188871054036,0,canada,extraction,CAN,0,1,0.067,0.631,2,2,1,2,2,1,98,0,1
1922,Meyer And Charlton Mining Limited,transvaal,-81.1831,43.23256,cyanid,4,1,10,0,4,0,1,0,1,0,0,0.09816386111875808,0.02564102564102564,1,0.27611940298507465,0.3025641025641024,0,0.10960649465894938,0.021739130434782608,1,0.35384615384615387,0.40217391304347827,0,0.1273630114484977,0.03225806451612903,2,0.35428571428571426,0.40241935483870944,0.006561260791594453,0.001951521385962024,0.008241758241758242,3,0.23328877005347592,0.23526622187336582,0,canada,extraction,CAN,0,1,0.07,0.631,2,1,1,2,2,1,98,0,1
1923,Meyer And Charlton Mining Limited,transvaal,-81.1831,43.23256,cyanid,1.5,1,13,0,9,2,0,0,0,0,0,0.29385514725925654,0.06521739130434782,3,0.35833333333333334,0.40181159420289864,0.025391444962778214,0,0,0,0,0,0,0.1368394262990829,0.05357142857142857,3,0.33136094674556216,0.39315476190476195,0.004234082945139453,0.07606466828400121,0.0291005291005291,11,0.3269927536231884,0.3410052910052897,0,canada,extraction,CAN,0,1,0.07,0.631,2,1,1,2,2,1,98,0,1
1895,Meyer And Leeb Gold Mining,cornucopia,-123.0968,44.04128,cyanid,0.09775171,1,20,2430.7836696736645,0,0,0,0,4,0,0,0.2721002917988812,0.03125,1,0.3466666666666667,0.32031249999999994,0,0,0,0,0,0,0,0.08074842312956831,0.022222222222222223,1,0.3,0.3374074074074074,0,0,0,0,0,0,0,united states of america,extraction,USA,0,0,0.147,0.478,1,1,NA,1,1,NA,95,1,1
1908,Midas Deep Limited,johannesburg,28.04731,-26.2041,cyanid,0.8515815,1,7,0,3,0,1,0,0,1,0,0,0,0,0,0,0,0.1637817135240837,0.02531645569620253,2,0.4388888888888889,0.4736286919831224,0.0018922661490818062,0.15293570138393384,0.018518518518518517,2,0.37894736842105264,0.42237654320987683,9.26343595461395e-4,0.057198929615839236,0.07894736842105263,6,0.3241758241758242,0.3131578947368419,0.0290045173442347,south africa,extraction,ZAF,1,1,0.408,0.115,NA,NA,NA,NA,NA,NA,NA,-2,0
1891,Minerals Separation American Syndicate Limited,italy,12.56738,41.87194,amalgama,0.07309942,1,4,0,0,0,0,0,0,0,0,0,0,0,0,0,0,0,0,0,0,0,0,0,0,0,0,0,0,0,0,0,0,0,0,italy,extraction,ITA,0,0,0.348,0.563,1,1,NA,1,1,NA,94,2,1
1893,Minerals Separation American Syndicate Limited,italy,12.56738,41.87194,amalgama,0.07309942,1,4,0,0,0,0,0,0,0,0,0,0.25,1,1,0.25,0,0,0,0,0,0,0,4.8453014897935866e-17,0.1,1,1,0.1,0,0,0,0,0,0,0,italy,extraction,ITA,0,0,0.348,0.563,1,1,NA,1,1,NA,94,2,1
1913,Minerals Separation American Syndicate Limited,mexico,-102.552784,23.634501,cyanid,0.07302824000000001,1,11,0,0,0,0,0,0,0,0,0,0,0,0,0,0,0,0,0,0,0,0,0,0,0,0,0,0,0,0,0,0,0,0,mexico,extraction,MEX,0,0,0.774,0.561,-3,-3,-3,-3,-3,-3,70,0,0
1908,Mines Proprietary Limited,western,-95.71276,37.09375,amalgama,0.486618,1,8,0,0,0,0,0,0,2,0,0,0,0,0,0,0,0.14683635453013705,0.02531645569620253,2,0.42934782608695654,0.4672995780590718,0.002285175169672417,0.13621731595187495,0.018518518518518517,2,0.37630662020905925,0.4189814814814818,0.00121564920346784,0,0,0,0,0,0,united states of america,extraction,USA,0,0,0.117,0.581,1,1,1,1,1,1,98,1,1
1919,Mines Tailings Limited,canada,-106.346771,56.130366,cyanid,1.217137,1,4,0,2,0,0,0,0,0,0,0,0,0,0,0,0,0,0,0,0,0,0,0,0,0,0,0,0,0.0023265823446264417,0.016853932584269662,6,0.2878787878787879,0.2997926698769401,0.013901548765156545,canada,extraction,CAN,0,1,0.067,0.631,2,2,1,2,2,1,98,0,1
1903,Mining And Railway Company,chilian,-71.54297,-35.67515,cyanid,4.377432,1,5,7946.170250638855,1,0,1,0,0,0,0,0,0,0,0,0,0,0.2768711421350802,0.0625,1,0.38095238095238093,0.43749999999999994,0,0.25634728788933586,0.041666666666666664,1,0.35294117647058826,0.39583333333333315,0,1.7172886266853788e-16,0.2,2,1,0.2,0.022222222222222223,chile,extraction,CHL,0,0,0.276,0.272,0,1,-1,0,1,-1,97,1,1
1917,Mining Mantat Mimia Bar Witwatersrand,transvaal,-81.1830974,43.2325617,cyanid,0.01965222,1,0,0,0,0,0,0,0,0,0,0,0,0,0,0,0,0,0,0,0,0,0,0,0,0,0,0,0,0,0,0,0,0,0,canada,extraction,CAN,0,1,0.067,0.61,2,2,1,2,2,1,98,0,1
1917,Mitsubishi Kogyo Kaisha Mitsubishi Limited,transvaal,-81.1831,43.23256,cyanid,3.970043,1,3,0,2,0,0,0,0,0,0,0,0,0,0,0,0,0,0,0,0,0,0,0,0,0,0,0,0,0.035559272706392205,0.01488095238095238,5,0.2915904936014625,0.31591553287981905,0.0056528199467878945,canada,extraction,CAN,0,1,0.067,0.61,2,2,1,2,2,1,98,0,1
1922,Mitsubishi Kogyo Kaisha Mitsubishi Limited,transvaal,-81.1831,43.23256,cyanid,3.970043,1,5,0,2,0,0,0,0,0,0,0,0,0,0,0,0,0,0,0,0,0,0,0,0,0,0,0,0,0.16567763158431972,0.03571428571428571,13,0.3605371900826446,0.3835164835164815,0.005645616772637441,canada,extraction,CAN,0,1,0.07,0.631,2,1,1,2,2,1,98,0,1
1913,Modder Leases,western,-95.7127622,37.0937489,cyanid,0.0102483,1,4,0,2,0,1,0,0,0,0,0,0,0,0,0,0,0.05463174355107243,0.012658227848101266,1,0.32113821138211385,0.36392405063291133,0,0.05681765265575405,0.01020408163265306,1,0.31313131313131315,0.3340136054421768,0,0.18716169593237894,0.0660377358490566,21,0.28500986193293887,0.33678417145398254,0.006425256619846558,united states of america,extraction,USA,0,0,0.083,0.581,1,2,1,1,2,1,98,3,1
1921,Modderfodntein Gold Mines Limited,transvaal,-81.1831,43.23256,cyanid,3.416046,1,0,0,0,0,0,0,0,0,0,0,0,0,0,0,0,0,0,0,0,0,0,0,0,0,0,0,0,0,0,0,0,0,0,canada,extraction,CAN,0,1,0.067,0.631,2,1,1,2,2,1,98,0,1
1923,Modderfodntein Gold Mines Limited,transvaal,-81.1831,43.23256,cyanid,0.009149131,1,0,0,0,0,0,0,0,0,0,0,0,0,0,0,0,0,0,0,0,0,0,0,0,0,0,0,0,0,0,0,0,0,0,canada,extraction,CAN,0,1,0.07,0.631,2,1,1,2,2,1,98,0,1
1919,Modderfontein Deep Levels Limited,transvaal,-81.1830974,43.2325617,cyanid,0.4426737,1,5,0,2,0,0,0,0,1,0,0,0,0,0,0,0,0.1759614810037174,0.03076923076923077,2,0.3651685393258427,0.41794871794871796,0.0010355312430603172,0.1648910966628864,0.025,2,0.35398230088495575,0.3993749999999998,7.530779318187914e-4,0.11018446321514015,0.042134831460674156,15,0.32947976878612717,0.35374531835205875,0.0013943500637160634,canada,extraction,CAN,0,1,0.067,0.631,2,2,1,2,2,1,98,0,1
1914,Modderfontein Gold Mining Company,heidelberg,8.6724335,49.3987524,cyanid,0.1460565,1,16,0,0,0,0,0,0,0,0,0,0,0,0,0,0,0,0,0,0,0,0,0,0,0,0,0,0,0,0,0,0,0,0,germany,extraction,DEU,0,0,0.088,0.563,1,1,1,1,1,1,92,1,1
1916,Modderfontein Gold Mining Company,transvaal,-81.1830974,43.2325617,cyanid,5.719733,1,16,0,11,0,0,0,0,0,0,0,0,0,0,0,0,0,0,0,0,0,0,0,0,0,0,0,0,0.5123759189563997,0.2628398791540785,87,0.3684820393974508,0.45632283124730083,0.06777973023163661,canada,extraction,CAN,0,1,0.067,0.61,2,2,1,2,2,1,98,0,1
1916,Modderfontein Gold Mining Company,johannesburg,28.0473051,-26.2041028,cyanid,5.719733,1,16,0,11,0,0,0,0,0,0,0,0,0,0,0,0,0,0,0,0,0,0,0,0,0,0,0,0,0.5123759189563997,0.2628398791540785,87,0.3684820393974508,0.45632283124730083,0.06777973023163661,south africa,extraction,ZAF,1,1,0.408,0.115,-1,-1,-1,-1,-1,-1,84,2,0
1917,Modderfontein Gold Mining Company,western,-95.71276,37.09375,cyanid,5.717008,1,5,0,5,0,0,0,0,0,0,0,0,0,0,0,0,0,0,0,0,0,0,0,0,0,0,0,0,0.6242234467184004,0.30357142857142855,102,0.39974937343358397,0.47802579365079434,0.04118578984284017,united states of america,extraction,USA,0,0,0.07,0.581,1,2,1,1,2,1,98,3,1
1920,Modderfontein Gold Mining Company,transvaal,-81.1831,43.23256,cyanid,5.717008,1,17,0,10,0,3,0,0,1,0,0,0,0,0,0,0,0.3095855257532774,0.04918032786885246,3,0.49193548387096775,0.5136612021857924,0.012678451071599284,0.2843443810088384,0.038461538461538464,3,0.4262295081967213,0.46581196581196593,0.005197370494648548,0.3055697046777251,0.19270833333333334,74,0.41268075639599555,0.47612847222222454,0.05418931401649736,canada,extraction,CAN,0,1,0.067,0.631,2,1,1,2,2,1,98,0,1
1923,Modderfontein Gold Mining Company,transvaal,-81.1831,43.23256,cyanid,5.489478,1,17,0,15,3,3,2,0,1,0,0.2602937430993003,0.043478260869565216,2,0.3524590163934426,0.3873188405797102,0.013446513661125023,0.43936106914507805,0.1,4,0.5263157894736842,0.55,0.017223966084825813,0.4973937237215288,0.10714285714285714,6,0.45528455284552843,0.5089285714285712,0.019778983376243984,1,0.3439153439153439,130,0.4397076735688185,0.4989417989418022,0.08420599178011072,canada,extraction,CAN,0,1,0.07,0.631,2,1,1,2,2,1,98,0,1
1923,Modderfontein Gold Mining Company,western,-95.71276,37.09375,cyanid,5.489478,1,17,0,15,3,3,2,0,1,0,0.2602937430993003,0.043478260869565216,2,0.3524590163934426,0.3873188405797102,0.013446513661125023,0.43936106914507805,0.1,4,0.5263157894736842,0.55,0.017223966084825813,0.4973937237215288,0.10714285714285714,6,0.45528455284552843,0.5089285714285712,0.019778983376243984,1,0.3439153439153439,130,0.4397076735688185,0.4989417989418022,0.08420599178011072,united states of america,extraction,USA,0,0,0.096,0.581,1,2,1,1,2,1,98,3,1
1912,Modderfontein Proprietary Mines Limited,western,-95.7127622,37.0937489,cyanid,2.434275,1,19,0,9,0,1,0,0,0,0,0,0,0,0,0,0,0.1578081407808206,0.024096385542168676,2,0.4715909090909091,0.4929718875502009,0.003530357564947143,0.15065189709724355,0.01818181818181818,2,0.41064638783269963,0.43863636363636394,0.0019237218297239852,0.22633711547127244,0.12460063897763578,39,0.31712707182320443,0.3862214108220487,0.02159422836491552,united states of america,extraction,USA,0,0,0.098,0.581,1,2,1,1,2,1,98,3,1
1922,Modderfontein Proprietary Mines Limited,transvaal,-81.1831,43.23256,cyanid,0.147929,1,7,0,3,0,1,0,0,0,0,0,0,0,0,0,0,0.13269949709923953,0.021739130434782608,1,0.38333333333333336,0.4293478260869565,0,0.12077349902726038,0.016129032258064516,1,0.3583815028901734,0.39784946236559116,0,0.09527708076666032,0.03021978021978022,11,0.38351648351648354,0.40251831501831414,0.015504351930843156,canada,extraction,CAN,0,1,0.07,0.631,2,1,1,2,2,1,98,0,1
1903,Montana Mining Company,montana,-110.3626,46.87968,cyanid,0.48816570000000004,1,6,1043.3479997664324,0,0,0,0,0,1,0,0,0,0,0,0,0,0.23833229970759937,0.0625,1,0.34782608695652173,0.40624999999999994,0,0.217425572378462,0.041666666666666664,1,0.3157894736842105,0.36597222222222203,0,0,0,0,0,0,0,united states of america,extraction,USA,0,0,0.117,0.581,1,1,1,1,1,1,98,1,1
1903,Montana Mining Company,nevada,-116.4194,38.80261,cyanid,0.48816570000000004,1,6,512.5450132794323,0,0,0,0,0,1,0,0,0,0,0,0,0,0.23833229970759937,0.0625,1,0.34782608695652173,0.40624999999999994,0,0.217425572378462,0.041666666666666664,1,0.3157894736842105,0.36597222222222203,0,0,0,0,0,0,0,united states of america,extraction,USA,0,0,0.117,0.581,1,1,1,1,1,1,98,1,1
1908,Montana Mining Company,marysville,-122.1771,48.05176,cyanid,0.48816570000000004,1,3,451.41162891728226,0,0,0,0,0,1,0,0,0,0,0,0,0,0.07144419848945108,0.012658227848101266,1,0.34347826086956523,0.3892405063291139,0,0.06760491552178308,0.009259259259259259,1,0.31671554252199413,0.3574074074074073,0,0,0,0,0,0,0,united states of america,extraction,USA,0,0,0.117,0.581,1,1,1,1,1,1,98,1,1
1908,Montana Mining Company,nevada,-116.4194,38.80261,cyanid,0.48816570000000004,1,3,0,0,0,0,0,0,1,0,0,0,0,0,0,0,0.07144419848945108,0.012658227848101266,1,0.34347826086956523,0.3892405063291139,0,0.06760491552178308,0.009259259259259259,1,0.31671554252199413,0.3574074074074073,0,0,0,0,0,0,0,united states of america,extraction,USA,0,0,0.117,0.581,1,1,1,1,1,1,98,1,1
1913,Montana Mining Company,montana,-110.3625658,46.8796822,cyanid,0.48816570000000004,1,5,0.00261839564959861,4,0,3,0,0,0,0,0,0,0,0,0,0,0.25999700855882857,0.0379746835443038,3,0.4759036144578313,0.5010548523206751,0.025762660208005533,0.24876570349963148,0.030612244897959183,3,0.43661971830985913,0.44727891156462607,0.012647449978430043,4.024039737209622e-5,0.0220125786163522,7,0.15732172019597168,0.17227607734683256,0.017159787352037808,united states of america,extraction,USA,0,0,0.083,0.581,1,2,1,1,2,1,98,3,1
1914,Montana Mining Company,montana,-110.3625658,46.8796822,cyanid,0.48816570000000004,1,4,0,2,0,0,0,0,0,0,0,0,0,0,0,0,0,0,0,0,0,0,0,0,0,0,0,0,4.130769993774466e-4,0.011111111111111112,4,0.21344421344421344,0.20595017636684396,0.010272382311735169,united states of america,extraction,USA,0,0,0.079,0.581,1,2,1,1,2,1,98,3,1
1914,Montana Mining Company,nevada,-116.419389,38.8026097,cyanid,0.48816570000000004,1,4,9.561125457013073e-4,2,0,0,0,0,0,0,0,0,0,0,0,0,0,0,0,0,0,0,0,0,0,0,0,0,4.130769993774466e-4,0.011111111111111112,4,0.21344421344421344,0.20595017636684396,0.010272382311735169,united states of america,extraction,USA,0,0,0.079,0.581,1,2,1,1,2,1,98,3,1
1913,Mount Boppy Gold Mining Company,wales,-3.7837117,52.1306607,cyanid,0.5890944,1,4,0,1,0,1,0,1,0,0,0,0.017241379310344827,1,1,0.017241379310344827,0,0.28883305811146553,0.0379746835443038,3,0.4114583333333333,0.4599156118143459,0.00663263007643864,0.27684377918559894,0.04081632653061224,4,0.3891213389121339,0.4195578231292519,0.023219304227788284,3.645929507930535e-4,0.025157232704402517,8,0.18268015170670038,0.20280995210240552,0.0010753467111106908,united kingdom,extraction,GBR,1,1,0.028,0.73,2,2,2,2,2,2,98,3,1
1908,Mount Roudny Gold Mines Limited,london,-0.1277583,51.50735,cyanid,0.486618,1,5,0,0,0,0,0,1,2,1,0.1650807476000885,0.014084507042253521,1,0.29957805907172996,0.35023474178403763,0,0.16772967107531864,0.02531645569620253,2,0.42473118279569894,0.46413502109704646,0.0011394947857551521,0.2014982298013219,0.027777777777777776,3,0.3956043956043956,0.4390432098765435,0.0025797747003351835,0,0,0,0,0,0,united kingdom,extraction,GBR,1,1,0.028,0.73,2,2,2,2,2,1,98,3,1
1911,Mungana Chillagoe Mining Company,western,-95.7127622,37.0937489,cyanid,0.41322309999999995,1,6,2.3055664769700538e-4,0,0,0,0,0,0,0,0,0,0,0,0,0,0,0,0,0,0,0,0,0,0,0,0,0,0,0,0,0,0,0,united states of america,extraction,USA,0,0,0.098,0.581,1,2,1,1,2,1,98,3,1
1910,Murex Magnetic Company,london,-0.1277583,51.50735,cyanid,0.43770909999999996,0,4,0,0,0,0,0,0,0,0,0,0,0,0,0,0,0,0,0,0,0,0,0,0,0,0,0,0,0,0,0,0,0,0,united kingdom,extraction,GBR,1,1,0.028,0.73,2,2,2,2,2,2,98,3,1
1911,Murex Magnetic Company,london,-0.1277583,51.5073509,cyanid,0.4374964,1,4,1.0013217677085525e-4,0,0,0,0,0,1,0,0,0,0,0,0,0,0.1607782746565248,0.022222222222222223,2,0.4411764705882353,0.47407407407407415,0.002527875658848684,0.14620324071951646,0.01680672268907563,2,0.3888888888888889,0.4292717086834737,0.001380504774950809,0,0,0,0,0,0,united kingdom,extraction,GBR,1,1,0.028,0.73,2,2,2,2,2,2,98,3,1
1912,Murex Magnetic Company,australia,133.775136,-25.274398,cyanid,0.4379221,1,6,0,1,0,0,0,0,1,0,0,0,0,0,0,0,0.22645832088580395,0.03614457831325301,3,0.49404761904761907,0.5100401606425703,0.006477566176649881,0.21598032112113713,0.02727272727272727,3,0.4235294117647059,0.4515151515151518,0.0035222254515045004,0,0,0,0,0,0,australia,extraction,AUS,0,1,0.041,0.659,2,3,2,2,3,2,99,2,1
1910,Mynachdy Colliery Company,mysore,76.63938,12.29581,cyanid,0.6566148,1,8,0,2,0,1,0,0,0,0,0,0,0,0,0,0,0.2605292015342159,0.045454545454545456,3,0.4342105263157895,0.47853535353535354,0.0037726368514865954,0.23337204598605044,0.03409090909090909,3,0.3876651982378855,0.4337121212121212,0.001716338448903281,1.5210338956553912e-17,0.02843601895734597,6,0.7272727272727273,0.03080568720379147,1.293914090122621e-4,india,extraction,IND,1,1,0.032,0.509,NA,NA,NA,NA,NA,NA,NA,2,1
1909,Mysohe Gold Mining,mysore,76.63938,12.29581,cyanid,0.6578946999999999,0,0,0,0,0,0,0,0,0,0,0,0,0,0,0,0,0,0,0,0,0,0,0,0,0,0,0,0,0,0,0,0,0,0,india,extraction,IND,1,1,0.032,0.509,NA,NA,NA,NA,NA,NA,NA,2,1
1895,Mysore Gold Mining Company,glasgow,-4.251806,55.86424,cyanid,1.094358,1,5,416.6950076351206,0,0,0,0,0,2,0,0,0,0,0,0,0,0.3910094710767385,0.09375,3,0.43243243243243246,0.4947916666666667,0.010044575184827641,0.3610170586661232,0.06666666666666667,3,0.3879310344827586,0.44259259259259254,0.005814810958244897,0,0,0,0,0,0,united kingdom,extraction,GBR,1,1,0.028,0.73,2,2,NA,2,2,NA,98,3,1
1908,Mysore Gold Mining Company,mysore,76.63938,12.29581,cyanid,0.6569343000000001,1,5,0,2,0,1,0,0,0,0,0,0,0,0,0,0,0.23234155517844346,0.0379746835443038,3,0.4647058823529412,0.4947257383966245,0.004235861045590716,0.21604337587693076,0.027777777777777776,3,0.3956043956043956,0.4390432098765435,0.0018759293722151427,4.1643516661923507e-16,0.07894736842105263,6,0.8,0.046052631578947366,1.7543859649122806e-4,india,extraction,IND,1,1,0.032,0.509,NA,NA,NA,NA,NA,NA,NA,2,1
1911,Mysore Gold Mining Company,mysore,76.6393805,12.2958104,cyanid,0.6562956,1,6,7.011744621949612e-5,3,0,1,0,1,0,0,0.018423197931115513,0.013157894736842105,1,0.25524475524475526,0.26688596491228067,0,0.22531260585463536,0.03333333333333333,3,0.44554455445544555,0.4814814814814815,0.0039253487134000694,0.2153217912136453,0.03361344537815126,4,0.39403973509933776,0.44047619047619074,0.0036440379991444357,1.667465277417804e-4,0.08778625954198473,23,0.22176591375770022,0.21547164667393703,0.008938078036419099,india,extraction,IND,1,1,0.032,0.509,NA,NA,NA,NA,NA,NA,NA,2,1
1912,Mysore Gold Mining Company,mysore,76.6393805,12.2958104,cyanid,0.6569343000000001,1,6,0,3,0,1,0,0,0,0,0,0,0,0,0,0,0.21835527814742578,0.03614457831325301,3,0.4368421052631579,0.4769076305220884,0.00229482138534163,0.20672507802270762,0.02727272727272727,3,0.3898916967509025,0.4265151515151518,0.0011153244720199058,9.786358131141264e-4,0.07348242811501597,23,0.2149812734082397,0.24487941948005884,0.01431240913467343,india,extraction,IND,1,1,0.032,0.509,NA,NA,NA,NA,NA,NA,NA,2,1
1913,Mysore Gold Mining Company,mysore,76.6393805,12.2958104,cyanid,0.6569343000000001,1,3,0,2,0,0,0,0,0,0,0,0,0,0,0,0,0,0,0,0,0,0,0,0,0,0,0,0,0.004070711321250844,0.05660377358490566,18,0.2212863705972435,0.25562637048486175,0.09955974273775052,india,extraction,IND,1,1,0.032,0.509,NA,NA,NA,NA,NA,NA,NA,2,1
1914,Mysore Gold Mining Company,mysore,76.6393805,12.2958104,cyanid,0.6656805,1,2,0,2,0,0,0,0,0,0,0,0,0,0,0,0,0,0,0,0,0,0,0,0,0,0,0,0,0.0017116661977898137,0.030555555555555555,11,0.24858757062146894,0.2517934303350977,0.027121394084334883,india,extraction,IND,1,1,0.032,0.509,NA,NA,NA,NA,NA,NA,NA,2,1
1916,Mysore Gold Mining Company,mysore,76.6393805,12.2958104,cyanid,0.64347,1,5,0,4,0,1,0,0,0,0,0,0,0,0,0,0,0.3365974386988721,0.05172413793103448,3,0.4461538461538462,0.48850574712643674,0.021319003016856453,0.32742777658227024,0.04,3,0.39893617021276595,0.4459999999999999,0.012152319045229433,3.9460828326167883e-4,0.06646525679758308,22,0.2796833773087071,0.3140483383685812,0.11930372648467052,india,extraction,IND,1,1,0.032,0.509,NA,NA,NA,NA,NA,NA,NA,2,1
1917,Mysore Gold Mining Company,mysore,76.63938,12.29581,cyanid,0.6431634,1,5,0,0,0,0,0,0,0,0,0,0,0,0,0,0,0,0,0,0,0,0,0,0,0,0,0,0,1.7744524790335917e-4,0.01488095238095238,5,0.27884615384615385,0.28839285714285795,0.02899725995658446,india,extraction,IND,1,1,0.032,0.509,NA,NA,NA,NA,NA,NA,NA,2,1
1919,Mysore Gold Mining Company,mysore,76.6393805,12.2958104,cyanid,0.5976096,1,6,0,5,0,1,0,0,0,0,0,0,0,0,0,0,0.2861739381863527,0.046153846153846156,3,0.43333333333333335,0.4782051282051282,0.005079657059014178,0.2703881203566399,0.0375,3,0.40816326530612246,0.44999999999999996,0.003515509156487897,0.027744758162155082,0.13202247191011235,47,0.31204379562043794,0.3523876404494376,0.0387387107886831,india,extraction,IND,1,1,0.032,0.509,NA,NA,NA,NA,NA,NA,NA,2,1
1920,Mysore Gold Mining Company,mysore,76.63938,12.29581,cyanid,1.117626,1,3,0,2,0,1,0,0,0,0,0,0,0,0,0,0,0.21205061007513148,0.03278688524590164,2,0.4295774647887324,0.4699453551912568,0.0034863441389373223,0.19669119494531997,0.02564102564102564,2,0.3880597014925373,0.4316239316239315,0.0015033856483383202,0.001205742771340516,0.033854166666666664,13,0.2951471758154336,0.3176649305555558,0.00750531661566208,india,extraction,IND,1,1,0.032,0.509,NA,NA,NA,NA,NA,NA,NA,2,1
1915,Mysore Qiuna Osm Resiy Ted,mysore,76.6393805,12.2958104,cyanid,0.6422455,1,0,0,0,0,0,0,0,0,0,0,0,0,0,0,0,0,0,0,0,0,0,0,0,0,0,0,0,0,0,0,0,0,0,india,extraction,IND,1,1,0.032,0.509,NA,NA,NA,NA,NA,NA,NA,2,1
1911,Mysore Reefs And Explorers Limited,mysore,76.6393805,12.2958104,cyanid,0.7292173000000001,1,3,7.011744621949612e-5,2,0,1,0,0,0,0,0,0,0,0,0,0,0.22531260585463536,0.03333333333333333,3,0.44554455445544555,0.4814814814814815,0.0039253487134000694,0.2032808893235927,0.025210084033613446,3,0.39144736842105265,0.4348739495798322,0.0019981205659071436,3.847762703550155e-5,0.03816793893129771,10,0.18258664412510567,0.17457894099115456,1.8966536471142945e-5,india,extraction,IND,1,1,0.032,0.509,NA,NA,NA,NA,NA,NA,NA,2,1
1911,Mysore Wynaad Gold Company,mysore,76.6393805,12.2958104,cyanid,0.7292173000000001,1,1,7.011744621949612e-5,0,0,0,0,1,0,0,0.14862332532911185,0.013157894736842105,1,0.35096153846153844,0.37719298245614014,0,0,0,0,0,0,0,0.05436797624831658,0.008403361344537815,1,0.30512820512820515,0.33949579831932764,0,0,0,0,0,0,0,india,extraction,IND,1,1,0.032,0.509,NA,NA,NA,NA,NA,NA,NA,2,1
1903,Neble Gold Mine Limited,madison,-89.40123,43.07305,cyanid,0.5836576,1,1,668.4171646633514,0,0,0,0,0,0,0,0,0,0,0,0,0,0,0,0,0,0,0,0,0,0,0,0,0,0,0,0,0,0,0,united states of america,extraction,USA,0,0,0.117,0.581,1,1,1,1,1,1,98,1,1
1912,New Bimkose Gold,johannesburg,28.0473051,-26.2041028,cyanid,1.459854,1,4,0,0,0,0,0,2,2,1,0.2768130526949295,0.057971014492753624,4,0.38285714285714284,0.4275362318840578,0.14639476707702975,0.1256712410968563,0.024096385542168676,2,0.37727272727272726,0.4267068273092369,6.252138481554894e-4,0.19233618992730947,0.05454545454545454,6,0.3956043956043956,0.44242424242424266,0.024130819110983703,0,0,0,0,0,0,south africa,extraction,ZAF,1,1,0.408,0.115,-1,-1,-1,-1,-1,-2,84,2,0
1921,New Brimrose Gold,johannesburg,28.04731,-26.2041,cyanid,1.154734,1,0,0,0,0,0,0,0,0,0,0,0,0,0,0,0,0,0,0,0,0,0,0,0,0,0,0,0,0,0,0,0,0,0,south africa,extraction,ZAF,1,1,0.408,0.115,-1,-1,-1,-1,-1,-1,84,2,0
1912,New Chuquitambo Gold Mines Limited,santiago,-70.6692655,-33.4488897,cyanid,0.17031629999999998,1,5,259.65084828026744,0,0,0,0,0,0,0,0,0,0,0,0,0,0,0,0,0,0,0,0,0,0,0,0,0,0,0,0,0,0,0,chile,extraction,CHL,0,0,0.276,0.272,0,1,-1,0,1,-1,97,1,1
1913,New Chuquitambo Gold Mines Limited,santiago,-70.6692655,-33.4488897,cyanid,0.1703992,1,5,0,1,0,0,0,0,0,0,0,0,0,0,0,0,0,0,0,0,0,0,0,0,0,0,0,0,0.022562095088034084,0.0031446540880503146,1,0.23325262308313155,0.25388807558618953,0,chile,extraction,CHL,0,0,0.276,0.272,0,1,-1,0,1,-1,97,1,1
1914,New Chuquitambo Gold Mines Limited,santiago,-70.6692655,-33.4488897,cyanid,0.17258379999999998,1,2,0,0,0,0,0,0,0,0,0,0,0,0,0,0,0,0,0,0,0,0,0,0,0,0,0,0,0,0,0,0,0,0,chile,extraction,CHL,0,0,0.276,0.272,0,1,-1,0,1,-1,97,1,1
1915,New Chuquitambo Gold Mines Limited,santiago,-70.6692655,-33.4488897,cyanid,0.17258379999999998,0,2,0,0,0,0,0,0,0,0,0,0,0,0,0,0,0,0,0,0,0,0,0,0,0,0,0,0,5.651236860526779e-18,0.002840909090909091,1,1,0.002840909090909091,0,chile,extraction,CHL,0,0,0.276,0.272,0,1,-1,0,1,-1,97,1,1
1916,New Chuquitambo Gold Mines Limited,santiago,-70.6692655,-33.4488897,cyanid,0.17258379999999998,1,1,0,1,0,0,0,0,0,0,0,0,0,0,0,0,0,0,0,0,0,0,0,0,0,0,0,0,7.35439129175852e-4,0.006042296072507553,2,0.24182509505703423,0.24746799021723576,0.005804266227226953,chile,extraction,CHL,0,0,0.276,0.272,0,1,-1,0,1,-1,97,1,1
1917,New Chuquitambo Gold Mines Limited,santiago,-70.66927,-33.44889,cyanid,0.17258379999999998,1,3,4.1971800766807697e-4,1,0,0,0,0,0,0,0,0,0,0,0,0,0,0,0,0,0,0,0,0,0,0,0,0,0,0.002976190476190476,1,1,0.002976190476190476,0,chile,extraction,CHL,0,0,0.276,0.272,0,1,-1,0,1,-1,97,1,1
1919,New Chuquitambo Gold Mines Limited,santiago,-70.6692655,-33.4488897,cyanid,0.17258379999999998,1,3,0,0,0,0,0,0,0,0,0,0,0,0,0,0,0,0,0,0,0,0,0,0,0,0,0,0,0.013587373947855393,0.0056179775280898875,2,0.27099841521394613,0.2800361155698243,2.4845072731185483e-4,chile,extraction,CHL,0,0,0.276,0.272,0,1,-1,0,1,-1,97,1,1
1920,New Chuquitambo Gold Mines Limited,santiago,-70.66927,-33.44889,cyanid,0.17258379999999998,1,2,0,0,0,0,0,0,0,0,0,0,0,0,0,0,0,0,0,0,0,0,0,0,0,0,0,0,0,0,0,0,0,0,chile,extraction,CHL,0,0,0.184,0.272,0,1,-1,0,1,-1,97,1,1
1921,New Chuquitambo Gold Mines Limited,santiago,-70.66927,-33.44889,cyanid,0.17258379999999998,1,2,0,1,0,0,0,0,0,0,0,0,0,0,0,0,0,0,0,0,0,0,0,0,0,0,0,0,0.032093793311129194,0.0026954177897574125,1,0.3020304568527919,0.31136567834681045,0,chile,extraction,CHL,0,0,0.184,0.272,0,1,-1,0,1,-1,97,1,1
1922,New Chuquitambo Gold Mines Limited,santiago,-70.66927,-33.44889,cyanid,0.2214349,1,3,0,0,0,0,0,0,0,0,0,0,0,0,0,0,0,0,0,0,0,0,0,0,0,0,0,0,0,0,0,0,0,0,chile,extraction,CHL,0,0,0.184,0.272,0,1,-1,0,1,-1,97,1,1
1923,New Chuquitambo Gold Mines Limited,santiago,-70.66927,-33.44889,cyanid,0.34146390000000004,1,6,0,1,0,0,0,0,0,0,0,0,0,0,0,0,0,0,0,0,0,0,0,0,0,0,0,0,0.014867166327852847,0.005291005291005291,2,0.318342151675485,0.32830687830687766,0,chile,extraction,CHL,0,0,0.184,0.272,0,1,-1,0,1,-1,97,1,1
1908,New Comet Gold Mining Company,heidelberg,8.672434,49.39875,cyanid,1.094891,1,6,465.06044359583586,1,0,0,0,0,0,0,0,0,0,0,0,0,0,0,0,0,0,0,0,0,0,0,0,0,0.0049564645698585074,0.013157894736842105,1,0.27314814814814814,0.23486842105263153,0,germany,extraction,DEU,0,0,0.078,0.587,1,1,1,1,1,1,92,1,1
1909,New Comet Gold Mining Company,heidelberg,8.672434,49.39875,cyanid,0.9293956999999999,1,6,0,0,0,0,0,0,0,0,0,0,0,0,0,0,0,0,0,0,0,0,0,0,0,0,0,0,0.393820884383838,0.0898876404494382,16,0.3582474226804124,0.34106474050294344,0.0025299588030181035,germany,extraction,DEU,0,0,0.078,0.587,1,1,1,1,1,1,92,1,1
1921,New Geduld Deep Limited,transvaal,-81.1831,43.23256,cyanid,1.250962,1,11,0,9,2,2,2,0,0,0,0.2267513416407388,0.0425531914893617,2,0.36585365853658536,0.40141843971631214,0.04225610688308626,0.2994316196597945,0.058823529411764705,3,0.4811320754716981,0.511437908496732,0.018419392878947713,0.3708677645720039,0.07352941176470588,5,0.4358974358974359,0.4840686274509802,0.01806912659411494,0.674594173861106,0.15363881401617252,57,0.38846572361262244,0.4328840970350409,0.034362451847827,canada,extraction,CAN,0,1,0.067,0.631,2,1,1,2,2,1,98,0,1
1908,New Goch Gold Mines Limited,transvaal,-81.1831,43.23256,cyanid,1.581509,1,8,0,2,0,0,0,2,0,0,0.2712360655084192,0.028169014084507043,2,0.3497536945812808,0.40164319248826275,0.01014481159350375,0,0,0,0,0,0,0.07153193382001759,0.018518518518518517,2,0.3112391930835735,0.3527777777777777,8.69999770193355e-4,3.8717984569608475e-4,0.039473684210526314,3,0.21223021582733814,0.21115288220551345,0.01221951703902505,canada,extraction,CAN,0,1,0.074,0.597,2,1,1,2,1,1,96,0,1
1910,New Goch Gold Mines Limited,transvaal,-81.1831,43.23256,cyanid,1.580739,1,4,0,3,1,0,0,0,0,0,0.1610192990752474,0.017543859649122806,1,0.3630573248407643,0.4035087719298244,0,0,0,0,0,0,0,0.06361497362438162,0.011363636363636364,1,0.3176895306859206,0.3532196969696968,0,0.07867935533940817,0.10426540284360189,22,0.29635761589403975,0.30153464229293686,0.0014656758089192914,canada,extraction,CAN,0,1,0.074,0.597,2,1,1,2,1,1,96,0,1
1911,New Goch Gold Mines Limited,transvaal,-81.1830974,43.2325617,cyanid,1.579971,1,4,2.8333329557698393e-4,3,1,0,0,0,0,0,0.1486233253291118,0.013157894736842105,1,0.35096153846153844,0.37719298245614014,0,0,0,0,0,0,0,0.05436797624831661,0.008403361344537815,1,0.30512820512820515,0.33949579831932764,0,0.08307821584367073,0.11450381679389313,30,0.3181148748159057,0.3073791348600519,0.0031332232094779798,canada,extraction,CAN,0,1,0.072,0.61,2,1,1,2,1,1,96,0,1
1912,New Goch Gold Mines Limited,transvaal,-81.1830974,43.2325617,cyanid,1.581509,1,6,0,1,0,0,0,0,0,0,0,0,0,0,0,0,0,0,0,0,0,0,0,0,0,0,0,0,0.04258321310589607,0.02875399361022364,9,0.2756964457252642,0.3089849890968105,8.753149780176765e-4,canada,extraction,CAN,0,1,0.072,0.61,2,1,1,2,1,1,96,0,1
1913,New Goch Gold Mines Limited,transvaal,-81.1830974,43.2325617,cyanid,1.582278,1,6,0,2,0,0,0,0,0,0,0,0,0,0,0,0,0,0,0,0,0,0,0,0,0,0,0,0,0.05665854430294548,0.050314465408805034,16,0.2634457611668186,0.3013253605234745,0.03711211736413541,canada,extraction,CAN,0,1,0.072,0.61,2,1,1,2,1,1,96,0,1
1914,New Goch Gold Mines Limited,transvaal,-81.1830974,43.2325617,cyanid,1.602564,1,6,0,0,0,0,0,0,0,0,0,0,0,0,0,0,0,0,0,0,0,0,0,0,0,0,0,0,0.017893728539296348,0.022222222222222223,8,0.27598566308243727,0.2655555555555564,0.0013227386172656496,canada,extraction,CAN,0,1,0.067,0.61,2,1,1,2,1,1,96,0,1
1915,New Goch Gold Mines Limited,transvaal,-81.1830974,43.2325617,cyanid,1.546147,1,6,0,6,0,0,0,0,0,0,0,0,0,0,0,0,0,0,0,0,0,0,0,0,0,0,0,0,0.08476035847561371,0.09090909090909091,32,0.33753943217665616,0.35405167748917604,0.012080056815587638,canada,extraction,CAN,0,1,0.067,0.61,2,2,1,2,2,1,98,0,1
1916,New Goch Gold Mines Limited,transvaal,-81.1830974,43.2325617,cyanid,1.549094,1,2,0,3,0,0,0,0,0,0,0,0,0,0,0,0,0,0,0,0,0,0,0,0,0,0,0,0,0.020234424226463692,0.0755287009063444,25,0.2864864864864865,0.31545820745216585,0.027691623251983412,canada,extraction,CAN,0,1,0.067,0.61,2,2,1,2,2,1,98,0,1
1917,New Goch Gold Mines Limited,transvaal,-81.1831,43.23256,cyanid,2.143878,1,2,0,2,1,1,1,0,0,0,0.22027486665794274,0.027777777777777776,1,0.3018867924528302,0.323611111111111,0,0.21959201433608794,0.043478260869565216,2,0.40350877192982454,0.45471014492753614,0.004703083692853514,0.28515457685879886,0.04918032786885246,3,0.3860759493670886,0.43852459016393425,0.00742150892983789,0.045578722002352044,0.08035714285714286,27,0.3596392333709132,0.3895691609977301,0.03308702346783408,canada,extraction,CAN,0,1,0.067,0.61,2,2,1,2,2,1,98,0,1
1919,New Goch Gold Mines Limited,transvaal,-81.1830974,43.2325617,cyanid,2.143878,1,7,0,5,1,1,1,0,0,0,0.24082592586102555,0.018867924528301886,1,0.3516483516483517,0.24056603773584911,0,0.20092086786303226,0.03076923076923077,2,0.45774647887323944,0.48717948717948717,0.0062619774016832875,0.2412483126146559,0.0375,3,0.425531914893617,0.46395833333333364,0.00541898778172378,0.2599912840036566,0.08426966292134831,30,0.3392857142857143,0.3669007490636682,0.008308719512558063,canada,extraction,CAN,0,1,0.067,0.631,2,2,1,2,2,1,98,0,1
1920,New Goch Gold Mines Limited,transvaal,-81.1831,43.23256,cyanid,1.190912,1,7,0,6,1,1,1,1,1,1,0.22509414339341238,0.037037037037037035,2,0.3724137931034483,0.42283950617283933,0.01616703527080886,0.30500891184535267,0.04918032786885246,3,0.4765625,0.505464480874317,0.011644221991116087,0.3865206142917759,0.0641025641025641,5,0.44571428571428573,0.4893162393162395,0.013248695974320166,0.06038826511781696,0.09375,36,0.3403669724770642,0.37708333333333044,0.026408074633103962,canada,extraction,CAN,0,1,0.067,0.631,2,1,1,2,2,1,98,0,1
1922,New Goch Gold Mines Limited,transvaal,-81.1831,43.23256,cyanid,1.439327,1,1,0,1,1,1,1,0,0,0,0.0048558265907622895,0.02564102564102564,1,0.1989247311827957,0.22185592185592193,0,0.2136230806642488,0.043478260869565216,2,0.41818181818181815,0.4655797101449275,0.003706736347486461,0.20611015424354226,0.04838709677419355,3,0.38509316770186336,0.4354838709677417,0.009125392559914182,0.044296755572088016,0.01098901098901099,4,0.3193046660567246,0.33738880167451524,0,canada,extraction,CAN,0,1,0.07,0.631,2,1,1,2,2,1,98,0,1
1923,New Goch Gold Mines Limited,transvaal,-81.1831,43.23256,cyanid,1.486734,1,1,0,1,1,1,1,0,0,0,0.012689132318520657,0.021739130434782608,1,0.2471264367816092,0.2668737060041406,0,0.19848066062612757,0.05,2,0.37735849056603776,0.43541666666666673,0.0010824195235959943,0.18862613507696535,0.05357142857142857,3,0.35668789808917195,0.41279761904761886,0.0032547958189920374,0.13819689395310708,0.03968253968253968,15,0.32877959927140255,0.343871252204584,0,canada,extraction,CAN,0,1,0.07,0.631,2,1,1,2,2,1,98,0,1
1912,New Gold Venture Syndicate Limited,heidelberg,8.6724335,49.3987524,cyanid,0.2919708,1,9,0,5,0,0,0,0,0,0,0,0,0,0,0,0,0,0,0,0,0,0,0,0,0,0,0,0,0.19145888053035579,0.13099041533546327,41,0.3253968253968254,0.3952596480551742,0.024813786858702034,germany,extraction,DEU,0,0,0.078,0.587,1,1,1,1,1,1,92,1,1
1909,New Hekiot Gold,london,-0.1277583,51.50735,cyanid,4.645712,1,11,0,2,0,0,0,0,0,0,0,0,0,0,0,0,0,0,0,0,0,0,0,0,0,0,0,0,0.05187958695327194,0.03932584269662921,7,0.29018789144050106,0.2758783663278048,5.925172972330427e-4,united kingdom,extraction,GBR,1,1,0.028,0.73,2,2,2,2,2,1,98,3,1
1909,New Hekiot Gold,transvaal,-81.1831,43.23256,cyanid,4.645712,1,11,0,2,0,0,0,0,0,0,0,0,0,0,0,0,0,0,0,0,0,0,0,0,0,0,0,0,0.05187958695327194,0.03932584269662921,7,0.29018789144050106,0.2758783663278048,5.925172972330427e-4,canada,extraction,CAN,0,1,0.074,0.597,2,1,1,2,1,1,96,0,1
1894,New Heriot Gold Mining Company,london,-0.1277583,51.50735,cyanid,0.3658537,1,9,261.4279548040811,1,1,1,1,2,3,2,0.6339745962155612,0.2222222222222222,2,0.5384615384615384,0.4814814814814814,0.027777777777777776,0.6685119065585551,0.3076923076923077,4,0.5909090909090909,0.6538461538461539,0.05334060317091991,0.7928544342641095,0.3333333333333333,6,0.5625,0.6481481481481481,0.11992021255410758,0,0.16666666666666666,1,1,0.16666666666666666,0,united kingdom,extraction,GBR,1,1,0.028,0.73,2,2,NA,2,2,NA,98,3,1
1895,New Heriot Gold Mining Company,london,-0.1277583,51.50735,cyanid,0.3812317,1,18,0,8,2,4,2,2,0,0,0.4458083204599399,0.09375,3,0.3880597014925373,0.37760416666666674,0.06086789554531489,0.3910094710767389,0.09375,3,0.43243243243243246,0.4947916666666667,0.010044575184827641,0.5017565378748865,0.13333333333333333,6,0.4411764705882353,0.5092592592592591,0.04664705423491487,1,0.3142857142857143,11,0.43859649122807015,0.4000000000000001,0.22710576538307634,united kingdom,extraction,GBR,1,1,0.028,0.73,2,2,NA,2,2,NA,98,3,1
1919,New Ipbimrose Old,johannesburg,28.0473051,-26.2041028,cyanid,1.43869,1,0,0,0,0,0,0,0,0,0,0,0,0,0,0,0,0,0,0,0,0,0,0,0,0,0,0,0,0,0,0,0,0,0,south africa,extraction,ZAF,1,1,0.408,0.115,-1,-1,-1,-1,-1,-1,84,2,0
1914,New Jagersfontein Mining And Exploration Company,transvaal,-81.1830974,43.2325617,cyanid,4.70069,1,11,0,5,0,0,0,0,1,0,0,0,0,0,0,0,0.1846703487142537,0.027777777777777776,2,0.42857142857142855,0.46759259259259256,0.0021828445400058987,0.17260941511730182,0.02197802197802198,2,0.3922413793103448,0.43315018315018333,0.001139058016074647,0.26266736292246007,0.08055555555555556,29,0.31785345717234265,0.33629960317460206,0.026250023289211097,canada,extraction,CAN,0,1,0.067,0.61,2,1,1,2,1,1,96,0,1
1921,New Kilburn Colliery Limited,transvaal,-81.1831,43.23256,cyanid,0.8901078,1,17,0,9,2,1,0,0,0,0,0.28522030222153083,0.0425531914893617,2,0.37815126050420167,0.41205673758865247,0.01937436539384627,0.08091713249657771,0.0196078431372549,1,0.34459459459459457,0.39215686274509803,0,0.17892996731886954,0.04411764705882353,3,0.37777777777777777,0.4276960784313723,0.00682889752597075,0.22411274308842527,0.15633423180592992,58,0.4146341463414634,0.465543575920937,0.12623108111002512,canada,extraction,CAN,0,1,0.067,0.631,2,1,1,2,2,1,98,0,1
1921,New Kilburn Colliery Limited,western,-95.71276,37.09375,cyanid,0.8901078,1,17,0,9,2,1,0,0,0,0,0.28522030222153083,0.0425531914893617,2,0.37815126050420167,0.41205673758865247,0.01937436539384627,0.08091713249657771,0.0196078431372549,1,0.34459459459459457,0.39215686274509803,0,0.17892996731886954,0.04411764705882353,3,0.37777777777777777,0.4276960784313723,0.00682889752597075,0.22411274308842527,0.15633423180592992,58,0.4146341463414634,0.465543575920937,0.12623108111002512,united states of america,extraction,USA,0,0,0.095,0.581,1,2,1,1,2,1,98,3,1
1895,New Kleinfontein Company,london,-0.1277583,51.50735,cyanid,1.3382,1,13,0,6,2,2,2,0,0,0,0.2721002917988811,0.03125,1,0.3466666666666667,0.32031249999999994,0,0.37050819752798436,0.09375,3,0.47058823529411764,0.5182291666666667,0.02459041659602669,0.42824836751490614,0.08888888888888889,4,0.4326923076923077,0.48518518518518494,0.022958008566926123,0.016714636422683223,0.08571428571428572,3,0.2777777777777778,0.2497959183673468,0,united kingdom,extraction,GBR,1,1,0.028,0.73,2,2,NA,2,2,NA,98,3,1
1908,New Kleinfontein Company,western,-95.71276,37.09375,cyanid,1.3382,1,10,0,2,1,1,1,0,1,0,0.16508074760008842,0.014084507042253521,1,0.29957805907172996,0.35023474178403763,0,0.22839359762720834,0.0379746835443038,3,0.4759036144578313,0.5010548523206751,0.0049862378922144205,0.26259093447770104,0.037037037037037035,4,0.416988416988417,0.4591049382716052,0.004465341966351943,0.037052876041039275,0.09210526315789473,7,0.37341772151898733,0.34517543859649086,0.1517863356433314,united states of america,extraction,USA,0,0,0.117,0.581,1,1,1,1,1,1,98,1,1
1910,New Kleinfontein Company,transvaal,-81.1831,43.23256,cyanid,1.337549,1,11,0,8,2,3,2,0,0,0,0.17242523051386824,0.03508771929824561,2,0.37748344370860926,0.42397660818713423,0.02601009241876114,0.25714734266797856,0.045454545454545456,3,0.4852941176470588,0.5088383838383839,0.00937956436099091,0.30577602355823263,0.056818181818181816,5,0.44221105527638194,0.4829545454545458,0.014364757522905105,0.38860970418087476,0.16587677725118483,35,0.342911877394636,0.3912096592191379,0.017067721901047547,canada,extraction,CAN,0,1,0.074,0.597,2,1,1,2,1,1,96,0,1
1912,New Kleinfontein Company,transvaal,-81.1830974,43.2325617,cyanid,4.722493,1,8,0,2,0,0,0,1,0,0,0.09061525051768878,0.014492753623188406,1,0.27800829875518673,0.30869565217391315,0,0,0,0,0,0,0,0.024032193511021222,0.00909090909090909,1,0.27621483375959077,0.29363636363636375,0,0.384067269906362,0.11501597444089456,36,0.32429378531073444,0.3901085247730604,0.008673585237923552,canada,extraction,CAN,0,1,0.072,0.61,2,1,1,2,1,1,96,0,1
1913,New Kleinfontein Company,transvaal,-81.1830974,43.2325617,cyanid,4.722493,1,2,0,1,0,0,0,0,0,0,0,0,0,0,0,0,0,0,0,0,0,0,0,0,0,0,0,0,0.24555112050791053,0.04716981132075472,15,0.28388998035363455,0.3326287356947731,0.014214404611370416,canada,extraction,CAN,0,1,0.072,0.61,2,1,1,2,1,1,96,0,1
1915,New Kleinfontein Company,transvaal,-81.1830974,43.2325617,cyanid,4.281637,1,8,0,8,0,1,0,0,0,0,0,0,0,0,0,0,0.06036040362501668,0.012195121951219513,1,0.3082706766917293,0.34756097560975613,0,0.05731409879995187,0.01020408163265306,1,0.3037974683544304,0.33231292517006794,0,0.6593506075874799,0.26704545454545453,94,0.3816884661117717,0.4473823051948052,0.06142071560901989,canada,extraction,CAN,0,1,0.067,0.61,2,2,1,2,2,1,98,0,1
1916,New Kleinfontein Company,transvaal,-81.1830974,43.2325617,cyanid,4.281637,1,4,0,3,0,0,0,0,0,0,0,0,0,0,0,0,0,0,0,0,0,0,0,0,0,0,0,0,0.22701221181918652,0.0755287009063444,25,0.3426724137931034,0.3963026902603929,0.051823566248734874,canada,extraction,CAN,0,1,0.067,0.61,2,2,1,2,2,1,98,0,1
1917,New Kleinfontein Company,transvaal,-81.1831,43.23256,cyanid,5.754759,1,4,0,0,0,0,0,0,0,0,0,0,0,0,0,0,0,0,0,0,0,0,0,0,0,0,0,0,0.15732107586081995,0.03571428571428571,12,0.3275154004106776,0.3553642290249422,0.02715230408025801,canada,extraction,CAN,0,1,0.067,0.61,2,2,1,2,2,1,98,0,1
1917,New Kleinfontein Company,western,-95.71276,37.09375,cyanid,5.754759,1,4,0,0,0,0,0,0,0,0,0,0,0,0,0,0,0,0,0,0,0,0,0,0,0,0,0,0,0.15732107586081995,0.03571428571428571,12,0.3275154004106776,0.3553642290249422,0.02715230408025801,united states of america,extraction,USA,0,0,0.07,0.581,1,2,1,1,2,1,98,3,1
1919,New Kleinfontein Company,transvaal,-81.1830974,43.2325617,cyanid,5.754759,1,4,0,0,0,0,0,0,0,0,0,0,0,0,0,0,0,0,0,0,0,0,0,0,0,0,0,0,0.03392923503689135,0.019662921348314606,7,0.3333333333333333,0.35191947565542947,0.016689898525161687,canada,extraction,CAN,0,1,0.067,0.631,2,2,1,2,2,1,98,0,1
1919,New Kleinfontein Company,western,-95.7127622,37.0937489,cyanid,5.754759,1,4,0,0,0,0,0,0,0,0,0,0,0,0,0,0,0,0,0,0,0,0,0,0,0,0,0,0,0.03392923503689135,0.019662921348314606,7,0.3333333333333333,0.35191947565542947,0.016689898525161687,united states of america,extraction,USA,0,0,0.07,0.581,1,2,1,1,2,1,98,3,1
1920,New Kleinfontein Company,transvaal,-81.1831,43.23256,cyanid,5.754759,1,1,0,0,0,0,0,1,0,0,0.03486471210586935,0.018518518518518517,1,0.2660098522167488,0.3089506172839506,0,0,0,0,0,0,0,0.01886210190269384,0.01282051282051282,1,0.2775800711743772,0.30256410256410254,0,0.031868934188751634,0.018229166666666668,7,0.33514001806684734,0.36222718253968056,0.005231366695652627,canada,extraction,CAN,0,1,0.067,0.631,2,1,1,2,2,1,98,0,1
1920,New Kleinfontein Company,western,-95.71276,37.09375,cyanid,5.754759,1,1,0,0,0,0,0,1,0,0,0.03486471210586935,0.018518518518518517,1,0.2660098522167488,0.3089506172839506,0,0,0,0,0,0,0,0.01886210190269384,0.01282051282051282,1,0.2775800711743772,0.30256410256410254,0,0.031868934188751634,0.018229166666666668,7,0.33514001806684734,0.36222718253968056,0.005231366695652627,united states of america,extraction,USA,0,0,0.078,0.581,1,2,1,1,2,1,98,3,1
1922,New Kleinfontein Company,transvaal,-81.1831,43.23256,cyanid,1.024136,1,1,0,0,0,0,0,0,0,0,0,0,0,0,0,0,0,0,0,0,0,0,0,0,0,0,0,0,0.06159047841994649,0.024725274725274724,9,0.37852494577006507,0.3970238095238083,0.009291638565734674,canada,extraction,CAN,0,1,0.07,0.631,2,1,1,2,2,1,98,0,1
1922,New Kleinfontein Company,western,-95.71276,37.09375,cyanid,1.024136,1,1,0,0,0,0,0,0,0,0,0,0,0,0,0,0,0,0,0,0,0,0,0,0,0,0,0,0,0.06159047841994649,0.024725274725274724,9,0.37852494577006507,0.3970238095238083,0.009291638565734674,united states of america,extraction,USA,0,0,0.094,0.581,1,2,1,1,2,1,98,3,1
1923,New Kleinfontein Company,transvaal,-81.1831,43.23256,cyanid,1.057868,1,1,0,0,0,0,0,0,0,0,0,0,0,0,0,0,0,0,0,0,0,0,0,0,0,0,0,0,0.09552955589023446,0.023809523809523808,9,0.3832271762208068,0.39805996472663085,0.005987504326474993,canada,extraction,CAN,0,1,0.07,0.631,2,1,1,2,2,1,98,0,1
1923,New Kleinfontein Company,western,-95.71276,37.09375,cyanid,1.057868,1,1,0,0,0,0,0,0,0,0,0,0,0,0,0,0,0,0,0,0,0,0,0,0,0,0,0,0,0.09552955589023446,0.023809523809523808,9,0.3832271762208068,0.39805996472663085,0.005987504326474993,united states of america,extraction,USA,0,0,0.096,0.581,1,2,1,1,2,1,98,3,1
1914,New Lisbon Beblyn Transvaal,transvaal,-81.1830974,43.2325617,cyanid,5.91716,1,2,0,0,0,0,0,0,0,0,0,0,0,0,0,0,0,0,0,0,0,0,0,0,0,0,0,0,0,0,0,0,0,0,canada,extraction,CAN,0,1,0.067,0.61,2,1,1,2,1,1,96,0,1
1908,New Lisbon Berlyn Limited,transvaal,-81.1831,43.23256,cyanid,3.65319,1,2,0,0,0,0,0,0,0,0,0,0,0,0,0,0,0,0,0,0,0,0,0,0,0,0,0,0,0,0,0,0,0,0,canada,extraction,CAN,0,1,0.074,0.597,2,1,1,2,1,1,96,0,1
1910,New Lisbon Berlyn Limited,transvaal,-81.1831,43.23256,cyanid,3.65319,1,2,0,0,0,0,0,0,0,0,0,0,0,0,0,0,0,0,0,0,0,0,0,0,0,0,0,0,0,0,0,0,0,0,canada,extraction,CAN,0,1,0.074,0.597,2,1,1,2,1,1,96,0,1
1912,New Lisbon Berlyn Limited,transvaal,-81.1830974,43.2325617,cyanid,3.65319,1,6,0,2,0,0,0,0,1,0,0,0,0,0,0,0,0.1613342171555529,0.024096385542168676,2,0.415,0.45682730923694786,6.102861837270865e-4,0.15244094640127795,0.01818181818181818,2,0.37630662020905925,0.41136363636363665,2.9325822660648446e-4,0.0192948889513836,0.006389776357827476,2,0.24508966695132364,0.2608704571963365,0,canada,extraction,CAN,0,1,0.072,0.61,2,1,1,2,1,1,96,0,1
1912,New Lisbon Berlyn Limited,london,-0.1277583,51.5073509,cyanid,3.65319,1,6,0,2,0,0,0,0,1,0,0,0,0,0,0,0,0.1613342171555529,0.024096385542168676,2,0.415,0.45682730923694786,6.102861837270865e-4,0.15244094640127795,0.01818181818181818,2,0.37630662020905925,0.41136363636363665,2.9325822660648446e-4,0.0192948889513836,0.006389776357827476,2,0.24508966695132364,0.2608704571963365,0,united kingdom,extraction,GBR,1,1,0.028,0.73,2,2,2,2,2,2,98,3,1
1913,New Lisbon Berlyn Limited,transvaal,-81.1830974,43.2325617,cyanid,3.65319,1,7,0,2,0,0,0,0,0,0,0,0,0,0,0,0,0,0,0,0,0,0,0,0,0,0,0,0,0,0,0,0,0,0,canada,extraction,CAN,0,1,0.072,0.61,2,1,1,2,1,1,96,0,1
1915,New Lisbon Berlyn Limited,transvaal,-81.1830974,43.2325617,cyanid,3.65319,1,3,0,2,0,0,0,0,0,0,0,0,0,0,0,0,0,0,0,0,0,0,0,0,0,0,0,0,0.030186900584977413,0.008522727272727272,3,0.2833186231244484,0.29252908549783607,3.720552331199322e-5,canada,extraction,CAN,0,1,0.067,0.61,2,2,1,2,2,1,98,0,1
1916,New Lisbon Berlyn Limited,transvaal,-81.1830974,43.2325617,cyanid,3.65319,1,2,0,1,0,0,0,0,0,0,0,0,0,0,0,0,0,0,0,0,0,0,0,0,0,0,0,0,0,0,0,0,0,0,canada,extraction,CAN,0,1,0.067,0.61,2,2,1,2,2,1,98,0,1
1917,New Lisbon Berlyn Limited,transvaal,-81.1831,43.23256,cyanid,3.65319,1,3,0,2,0,0,0,0,0,0,0,0,0,0,0,0,0,0,0,0,0,0,0,0,0,0,0,0,7.867011533337657e-5,0.002976190476190476,1,0.21366376423308775,0.21528132086167942,0,canada,extraction,CAN,0,1,0.067,0.61,2,2,1,2,2,1,98,0,1
1919,New Lisbon Berlyn Limited,transvaal,-81.1830974,43.2325617,cyanid,3.65319,1,4,0,3,0,0,0,0,0,0,0,0,0,0,0,0,0,0,0,0,0,0,0,0,0,0,0,0,0.005866418203950287,0.014044943820224719,5,0.27491961414790994,0.28436998394863655,0.005464930466987019,canada,extraction,CAN,0,1,0.067,0.631,2,2,1,2,2,1,98,0,1
1920,New Lisbon Berlyn Limited,transvaal,-81.1831,43.23256,cyanid,3.65319,1,7,0,5,0,0,0,0,1,0,0,0,0,0,0,0,0.09295830177022124,0.01639344262295082,1,0.3279569892473118,0.3729508196721312,0,0.08353322550810614,0.01282051282051282,1,0.3183673469387755,0.3557692307692307,0,0.0031180992336245763,0.0234375,9,0.2907523510971787,0.3093625992063491,0.010956360937807339,canada,extraction,CAN,0,1,0.067,0.631,2,1,1,2,2,1,98,0,1
1921,New Lisbon Berlyn Limited,transvaal,-81.1831,43.23256,cyanid,3.65319,1,5,0,1,0,0,0,0,0,0,0,0,0,0,0,0,0,0,0,0,0,0,0,0,0,0,0,0,0.006252975777205076,0.005390835579514825,2,0.2935855263157895,0.2982929020664873,3.192100307713915e-4,canada,extraction,CAN,0,1,0.067,0.631,2,1,1,2,2,1,98,0,1
1922,New Lisbon Berlyn Limited,transvaal,-81.1831,43.23256,cyanid,3.65319,1,6,0,3,0,0,0,0,0,0,0,0,0,0,0,0,0,0,0,0,0,0,0,0,0,0,0,0,0.014773938938004867,0.024725274725274724,9,0.332697807435653,0.3451726844583975,0.014272066285409076,canada,extraction,CAN,0,1,0.07,0.631,2,1,1,2,2,1,98,0,1
1923,New Lisbon Berlyn Limited,transvaal,-81.1831,43.23256,cyanid,3.65319,1,5,0,2,0,0,0,0,0,0,0,0,0,0,0,0,0,0,0,0,0,0,0,0,0,0,0,0,0.003190749970162876,0.005291005291005291,2,0.31201382886776147,0.31560846560846506,1.6334616316992988e-4,canada,extraction,CAN,0,1,0.07,0.631,2,1,1,2,2,1,98,0,1
1908,New Modderfontein Gold Mining Company,transvaal,-81.1831,43.23256,cyanid,0.04941606,1,11,0,3,0,0,0,1,0,0,0.10876047266331985,0.014084507042253521,1,0.29218106995884774,0.33041582830315236,0,0,0,0,0,0,0,0.02308666385307566,0.009259259259259259,1,0.2819843342036554,0.30725308641975324,0,8.494291346329294e-4,0.05263157894736842,4,0.20848056537102475,0.2065476190476187,0.015119398431469375,canada,extraction,CAN,0,1,0.074,0.597,2,1,1,2,1,1,96,0,1
1909,New Modderfontein Gold Mining Company,johannesburg,28.04731,-26.2041,cyanid,0.049488300000000006,1,11,0,0,0,0,0,0,0,0,0,0,0,0,0,0,0,0,0,0,0,0,0,0,0,0,0,0,0.25843099790479596,0.056179775280898875,10,0.3357487922705314,0.3087613697164265,4.010297973481553e-4,south africa,extraction,ZAF,1,1,0.408,0.115,NA,NA,NA,NA,NA,NA,NA,-2,0
1911,New Modderfontein Gold Mining Company,johannesburg,28.0473051,-26.2041028,cyanid,5.842259,1,8,5.797111121967143e-4,5,1,1,1,0,1,0,0.0545272089618627,0.013157894736842105,1,0.28294573643410853,0.3048245614035088,0,0.09192239306163544,0.011111111111111112,1,0.36885245901639346,0.4138888888888889,0,0.10833407432605742,0.01680672268907563,2,0.3520710059171598,0.39565826330532233,0.0011356686205364229,0.5018700063085931,0.24045801526717558,63,0.38571428571428573,0.3951017811704827,0.011783489557178168,south africa,extraction,ZAF,1,1,0.408,0.115,-1,-1,-1,-1,-1,-2,84,2,0
1912,New Modderfontein Gold Mining Company,western,-95.7127622,37.0937489,cyanid,5.842259,1,6,0,5,1,0,0,0,0,0,0.039100378869178214,0.014492753623188406,1,0.24907063197026022,0.27960662525879926,0,0,0,0,0,0,0,0.01129849353695611,0.00909090909090909,1,0.26535626535626533,0.27969696969696967,0,0.635045253317387,0.22364217252396165,70,0.34330143540669855,0.4315216288858442,0.027946002436983412,united states of america,extraction,USA,0,0,0.098,0.581,1,2,1,1,2,1,98,3,1
1913,New Modderfontein Gold Mining Company,western,-95.7127622,37.0937489,cyanid,5.842259,1,10,0,3,1,1,0,0,0,0,0.009200059925248064,0.017241379310344827,1,0.23626373626373626,0.19568965517241368,0,0.19889486051727132,0.02531645569620253,2,0.38349514563106796,0.4324894514767932,0.002512628768632471,0.1981314521603004,0.030612244897959183,3,0.3675889328063241,0.39744897959183656,0.006210252844324438,0.3399665538352366,0.04716981132075472,15,0.28388998035363455,0.3354589243740183,0.00931916962285529,united states of america,extraction,USA,0,0,0.083,0.581,1,2,1,1,2,1,98,3,1
1915,New Modderfontein Gold Mining Company,western,-95.7127622,37.0937489,cyanid,5.842259,1,1,0,1,0,0,0,0,0,0,0,0,0,0,0,0,0,0,0,0,0,0,0,0,0,0,0,0,0.23801600031289236,0.07954545454545454,28,0.35508849557522126,0.3843411796536779,0.001932609759171312,united states of america,extraction,USA,0,0,0.07,0.581,1,2,1,1,2,1,98,3,1
1920,New Modderfontein Gold Mining Company,western,-95.71276,37.09375,cyanid,4.397215,1,11,0,7,1,1,0,0,0,0,0.04071994238746175,0.018518518518518517,1,0.2535211267605634,0.2888888888888887,0,0.10587932409349131,0.01639344262295082,1,0.3630952380952381,0.40983606557377045,0,0.12393400912620801,0.02564102564102564,2,0.35944700460829493,0.4059829059829058,0.00180040073198922,0.3854675958855724,0.15885416666666666,61,0.40502183406113534,0.461631944444447,0.04148387513260169,united states of america,extraction,USA,0,0,0.078,0.581,1,2,1,1,2,1,98,3,1
1922,New Modderfontein Gold Mining Company,western,-95.71276,37.09375,cyanid,5.314438,1,11,0,0,0,0,0,0,0,0,0,0,0,0,0,0,0,0,0,0,0,0,0,0,0,0,0,0,0.1911949548084123,0.03021978021978022,11,0.3605371900826446,0.3857404500261624,9.613922573614181e-4,united states of america,extraction,USA,0,0,0.094,0.581,1,2,1,1,2,1,98,3,1
1919,New Mopdardisecrafr Ecian Isgmoarl,western,-95.7127622,37.0937489,cyanid,5.312085,1,0,0,0,0,0,0,0,0,0,0,0,0,0,0,0,0,0,0,0,0,0,0,0,0,0,0,0,0,0,0,0,0,0,united states of america,extraction,USA,0,0,0.07,0.581,1,2,1,1,2,1,98,3,1
1913,New Nigerian And General Trust,johannesburg,28.0473051,-26.2041028,cyanid,1.582278,1,3,0,0,0,0,0,0,0,0,0,0,0,0,0,0,0,0,0,0,0,0,0,0,0,0,0,0,0,0,0,0,0,0,south africa,extraction,ZAF,1,1,0.408,0.115,-1,-1,-1,-1,-1,-1,84,2,0
1909,New Ooch Gold,transvaal,-81.1831,43.23256,cyanid,1.583821,1,0,0,0,0,0,0,0,0,0,0,0,0,0,0,0,0,0,0,0,0,0,0,0,0,0,0,0,0,0,0,0,0,0,canada,extraction,CAN,0,1,0.074,0.597,2,1,1,2,1,1,96,0,1
1914,New Primrose Gold,johannesburg,28.0473051,-26.2041028,cyanid,1.47929,1,6,0,3,1,2,1,0,1,0,0.03922546540084627,0.047619047619047616,3,0.27149321266968324,0.3055555555555555,0.059907834101382486,0.15393883499634362,0.027777777777777776,2,0.391304347826087,0.43981481481481477,0.0015513843436901064,0.1656953171518629,0.054945054945054944,5,0.3760330578512397,0.43443223443223444,0.04626690915215228,1.2224258176579521e-17,0.008333333333333333,3,1,0.005555555555555556,1.5475085112968123e-5,south africa,extraction,ZAF,1,1,0.408,0.115,-1,-1,-1,-1,-1,-1,84,2,0
1909,New Primrose Gold Mining Company,johannesburg,28.04731,-26.2041,cyanid,1.461988,1,4,0,2,1,0,0,1,1,1,0.4154992265903651,0.05970149253731343,4,0.36312849162011174,0.41567164179104465,0.013249653164475341,0.1433971845350925,0.02631578947368421,2,0.42696629213483145,0.4660087719298245,0.003380409227402873,0.2307434276750098,0.061855670103092786,6,0.45023696682464454,0.48109965635738855,0.013472679240854515,0.03757597922257014,0.028089887640449437,5,0.3159090909090909,0.2856942215088286,0.002929105432694051,south africa,extraction,ZAF,1,1,0.408,0.115,NA,NA,NA,NA,NA,NA,NA,-2,0
1917,New Primrose Gold Mining Company,johannesburg,28.04731,-26.2041,cyanid,1.429252,1,2,0,1,1,1,1,0,0,0,0.054240524922205234,0.027777777777777776,1,0.2711864406779661,0.28194444444444433,0,0.131968440627086,0.021739130434782608,1,0.3484848484848485,0.3967391304347826,0,0.143909288024067,0.03278688524590164,2,0.34269662921348315,0.39453551912568297,0.007762447305945719,0.019047982965477685,0.023809523809523808,8,0.3046800382043935,0.326388888888889,2.0152618012730497e-4,south africa,extraction,ZAF,1,1,0.408,0.115,-1,-1,-1,-1,-1,-1,84,2,0
1908,New Primrose Gold Mining Limited,johannesburg,28.04731,-26.2041,cyanid,1.459854,1,5,0,2,0,0,0,1,0,0,0.3319872548831679,0.056338028169014086,4,0.3641025641025641,0.4241784037558684,0.028733363662941117,0,0,0,0,0,0,0.06902881740796307,0.037037037037037035,4,0.3185840707964602,0.36759259259259247,0.003448148198889091,0.015164485846322701,0.05263157894736842,4,0.24481327800829875,0.2395989974937344,9.692982456140354e-4,south africa,extraction,ZAF,1,1,0.408,0.115,NA,NA,NA,NA,NA,NA,NA,-2,0
1910,New Primrose Gold Mining Limited,johannesburg,28.04731,-26.2041,cyanid,1.459854,1,9,0,7,1,2,0,0,0,0,0.23513513712910267,0.07017543859649122,4,0.36774193548387096,0.4318713450292396,0.024315667869405155,0.260529201534216,0.045454545454545456,3,0.4342105263157895,0.47853535353535354,0.0037726368514865954,0.3252771601169772,0.07954545454545454,7,0.43781094527363185,0.4895833333333336,0.02089401793890891,0.4786722994628903,0.17535545023696683,37,0.33583489681050654,0.35768449559918825,0.004163397167955617,south africa,extraction,ZAF,1,1,0.408,0.115,-1,-2,-3,-1,-2,-3,82,-2,0
1919,New Primrose Gold Mining Limited,roodepoort,27.9014654,-26.1201355,cyanid,2.54552,1,15,0,9,1,1,1,0,0,0,0.025264337997174233,0.018867924528301886,1,0.24806201550387597,0.17861635220125777,0,0.08172327618118086,0.015384615384615385,1,0.31862745098039214,0.3615384615384616,0,0.09141929712156853,0.025,2,0.32,0.3647916666666665,0.0011938099924644376,0.9186503001282976,0.19101123595505617,68,0.38127090301003347,0.4361891385767786,0.02149810589522666,south africa,extraction,ZAF,1,1,0.408,0.115,-1,-1,-1,-1,-1,-1,84,2,0
1920,New Primrose Gold Mining Limited,johannesburg,28.04731,-26.2041,cyanid,2.54552,1,6,0,4,1,1,1,0,0,0,0.026658229916348107,0.018518518518518517,1,0.25116279069767444,0.2864197530864196,0,0.09295830177022125,0.01639344262295082,1,0.3279569892473118,0.3729508196721312,0,0.11062918778700069,0.02564102564102564,2,0.32098765432098764,0.3643162393162392,5.61803693855703e-4,0.7900790242244664,0.21614583333333334,83,0.3591481122942885,0.424088541666666,0.010231745461496584,south africa,extraction,ZAF,1,1,0.408,0.115,-1,-1,-1,-1,-1,-1,84,2,0
1921,New Primrose Gold Mining Limited,transvaal,-81.1831,43.23256,cyanid,1.099304,1,14,0,6,0,0,0,0,0,0,0,0,0,0,0,0,0,0,0,0,0,0,0,0,0,0,0,0,0.4089387833955603,0.12129380053908356,45,0.3971078976640712,0.43984725965858146,0.06361383472041852,canada,extraction,CAN,0,1,0.067,0.631,2,1,1,2,2,1,98,0,1
1921,New Primrose Gold Mining Limited,new zealand,174.886,-40.90056,cyanid,1.099304,1,14,0,6,0,0,0,0,0,0,0,0,0,0,0,0,0,0,0,0,0,0,0,0,0,0,0,0,0.4089387833955603,0.12129380053908356,45,0.3971078976640712,0.43984725965858146,0.06361383472041852,new zealand,extraction,NA,0,0,NA,NA,NA,NA,NA,NA,NA,NA,NA,NA,NA
1922,New Primrose Gold Mining Limited,johannesburg,28.04731,-26.2041,cyanid,1.240035,1,6,0,2,0,0,0,0,0,0,0,0,0,0,0,0,0,0,0,0,0,0,0,0,0,0,0,0,0.35921391910097694,0.07142857142857142,26,0.3627858627858628,0.39347854526425746,0.0067766209848959084,south africa,extraction,ZAF,1,1,0.408,0.115,-1,-1,-1,-1,-1,-1,84,2,0
1916,New Primrws Gold Mining Company,johannesburg,28.0473051,-26.2041028,cyanid,1.429933,1,3,0,3,0,0,0,0,0,0,0,0,0,0,0,0,0,0,0,0,0,0,0,0,0,0,0,0,0.09081783948854694,0.10876132930513595,36,0.32153690596562184,0.37968637606099764,0.04813365423977627,south africa,extraction,ZAF,1,1,0.408,0.115,-1,-1,-1,-1,-1,-1,84,2,0
1910,New Ravenswood Limited,london,-0.1277583,51.50735,cyanid,0.1936527,1,8,0,0,0,0,0,0,1,0,0,0,0,0,0,0,0.2605292015342159,0.045454545454545456,3,0.4342105263157895,0.47853535353535354,0.0037726368514865954,0.23337204598605044,0.03409090909090909,3,0.3876651982378855,0.4337121212121212,0.001716338448903281,0,0,0,0,0,0,united kingdom,extraction,GBR,1,1,0.028,0.73,2,2,2,2,2,2,98,3,1
1910,New Scotland Land Company,austin,-97.74306,30.26715,cyanid,0.41342409999999996,1,4,0,1,0,0,0,0,0,0,0,0,0,0,0,0,0,0,0,0,0,0,0,0,0,0,0,0,0.012246362269711594,0.004739336492890996,1,0.2507002801120448,0.24432031896486897,0,united states of america,extraction,USA,0,0,0.098,0.581,1,2,1,1,2,1,98,3,1
1894,New Spes Bona Gold Mining,liverpool,-76.2177,43.10646,amalgama,0.5853659,1,7,482.7749624482,0,0,0,0,0,0,0,0,0,0,0,0,0,0,0,0,0,0,0,0,0,0,0,0,0,0,0,0,0,0,0,united states of america,extraction,USA,0,0,0.147,0.478,1,1,NA,1,1,NA,95,1,1
1908,New Spes Bona Gold Mining,transvaal,-81.1831,43.23256,cyanid,0.4136253,1,7,0,0,0,0,0,0,0,0,0,0,0,0,0,0,0,0,0,0,0,0,0,0,0,0,0,0,0,0,0,0,0,0,canada,extraction,CAN,0,1,0.074,0.597,2,1,1,2,1,1,96,0,1
1909,New Spes Bona Gold Mining,transvaal,-81.1831,43.23256,cyanid,0.41423,1,6,0,2,1,1,1,0,0,0,0.10791345261595833,0.014925373134328358,1,0.28634361233480177,0.314179104477612,0,0.09757762654544924,0.013157894736842105,1,0.37623762376237624,0.4210526315789473,0,0.11979997241352425,0.020618556701030927,2,0.36964980544747084,0.4046391752577318,6.941220423075401e-4,0.04305482599284107,0.02247191011235955,4,0.3028322440087146,0.2708065810593902,3.682602183555581e-4,canada,extraction,CAN,0,1,0.074,0.597,2,1,1,2,1,1,96,0,1
1911,New Spes Bona Gold Mining,transvaal,-81.1830974,43.2325617,cyanid,0.41322309999999995,1,6,2.8333329557698393e-4,2,0,0,0,0,0,0,0,0,0,0,0,0,0,0,0,0,0,0,0,0,0,0,0,0,0.2635473038752353,0.12213740458015267,32,0.3606010016694491,0.3651126862958916,0.0026383523123520046,canada,extraction,CAN,0,1,0.072,0.61,2,1,1,2,1,1,96,0,1
1912,New Spes Bona Gold Mining,transvaal,-81.1830974,43.2325617,cyanid,0.41322309999999995,1,7,0,7,0,0,0,0,0,0,0,0,0,0,0,0,0,0,0,0,0,0,0,0,0,0,0,0,0.25565698913334006,0.15335463258785942,48,0.31263616557734203,0.38831076626603717,0.014188832689559545,canada,extraction,CAN,0,1,0.072,0.61,2,1,1,2,1,1,96,0,1
1913,New Spes Bona Gold Mining,transvaal,-81.1830974,43.2325617,cyanid,0.9737098000000001,1,8,0,2,0,0,0,1,1,1,0.19784087033191036,0.017241379310344827,1,0.3706896551724138,0.30890804597701155,0,0.0546317435510724,0.012658227848101266,1,0.32113821138211385,0.36392405063291133,0,0.12222234433354284,0.02040816326530612,2,0.35094339622641507,0.3778911564625849,0.002385257249989083,0.5385786676988759,0.09748427672955975,31,0.29103726082578046,0.35085275486218825,0.03255718645186812,canada,extraction,CAN,0,1,0.072,0.61,2,1,1,2,1,1,96,0,1
1914,New Spes Bona Gold Mining,transvaal,-81.1830974,43.2325617,cyanid,0.9737098000000001,1,4,0,1,0,0,0,0,0,0,0,0,0,0,0,0,0,0,0,0,0,0,0,0,0,0,0,0,0.09662456237083022,0.04722222222222222,17,0.29558541266794625,0.2959722222222227,0.1259668446336869,canada,extraction,CAN,0,1,0.067,0.61,2,1,1,2,1,1,96,0,1
1915,New Spes Bona Gold Mining,transvaal,-81.1830974,43.2325617,cyanid,0.9737098000000001,1,3,0,3,0,0,0,0,0,0,0,0,0,0,0,0,0,0,0,0,0,0,0,0,0,0,0,0,0.1495956764055603,0.10795454545454546,38,0.3477789815817985,0.3788487554112539,0.051363482900266114,canada,extraction,CAN,0,1,0.067,0.61,2,2,1,2,2,1,98,0,1
1909,New Transvaal Chemical Company,aurora,-88.32007,41.76058,cyanid,0.7309941999999999,1,10,170.79974429856796,2,1,0,0,0,1,0,0.4154992265903652,0.05970149253731343,4,0.36312849162011174,0.41567164179104465,0.013249653164475341,0.07415608496843451,0.013157894736842105,1,0.34234234234234234,0.38815789473684204,0,0.16983262469023402,0.05154639175257732,5,0.38461538461538464,0.4316151202749144,0.006243584517546521,0.07475014836713588,0.056179775280898875,10,0.2842535787321063,0.27026038879971476,5.587332919333638e-4,united states of america,extraction,USA,0,0,0.117,0.581,1,1,1,1,1,1,98,1,1
1895,New Unified Main Reef Gold Company,alexandria,-77.04692,38.80484,cyanid,0.729927,1,27,0,4,0,2,0,0,0,0,0,0,0,0,0,0,0.39100947107673856,0.09375,3,0.43243243243243246,0.4947916666666667,0.010044575184827641,0.3610170586661233,0.06666666666666667,3,0.3879310344827586,0.44259259259259254,0.005814810958244897,0.14046693636608015,0.05714285714285714,2,0.3333333333333333,0.28619047619047605,0.11092436974789915,united states of america,extraction,USA,0,0,0.147,0.478,1,1,NA,1,1,NA,95,1,1
1910,New Unified Main Reef Gold Company,aurora,-88.32007,41.76058,cyanid,0.729572,1,7,0,5,1,1,1,0,0,0,0.05854674560899819,0.017543859649122806,1,0.2893401015228426,0.3239766081871345,0,0.10329347078956311,0.015151515151515152,1,0.3707865168539326,0.41666666666666663,0,0.11895281875591678,0.022727272727272728,2,0.36213991769547327,0.40624999999999983,0.0014381888716756056,0.37240019956594866,0.16113744075829384,34,0.3242753623188406,0.3559805912886487,0.00809623006427887,united states of america,extraction,USA,0,0,0.098,0.581,1,2,1,1,2,1,98,3,1
1912,New Unified Main Reef Gold Company,aurora,-88.3200715,41.7605849,cyanid,0.729927,1,10,5.583488732197491e-4,4,0,2,0,0,0,0,0,0,0,0,0,0,0.2183552781474257,0.03614457831325301,3,0.4368421052631579,0.4769076305220884,0.00229482138534163,0.20672507802270768,0.02727272727272727,3,0.3898916967509025,0.4265151515151518,0.0011153244720199058,0.17618300269343318,0.0926517571884984,29,0.2844400396432111,0.3359285460723156,2.2860784050111616e-4,united states of america,extraction,USA,0,0,0.098,0.581,1,2,1,1,2,1,98,3,1
1913,New Unified Main Reef Gold Company,aurora,-88.3200715,41.7605849,cyanid,0.7302824,1,9,0,3,0,2,0,1,0,0,0.020240871993070113,0.017241379310344827,1,0.24431818181818182,0.20574712643678153,0,0.2888330581114655,0.0379746835443038,3,0.4114583333333333,0.4599156118143459,0.00663263007643864,0.28424665435898644,0.04081632653061224,4,0.39574468085106385,0.4246598639455784,0.01455931309044991,0.46960014176971915,0.06289308176100629,20,0.2537313432835821,0.2883036687281981,2.9342227887740527e-4,united states of america,extraction,USA,0,0,0.083,0.581,1,2,1,1,2,1,98,3,1
1914,New Unified Main Reef Gold Company,aurora,-88.3200715,41.7605849,cyanid,0.739645,1,9,0,2,0,0,0,0,0,0,0,0,0,0,0,0,0,0,0,0,0,0,0,0,0,0,0,0,0.217883701651585,0.08888888888888889,32,0.3388338833883388,0.344583333333332,0.020142669623835447,united states of america,extraction,USA,0,0,0.079,0.581,1,2,1,1,2,1,98,3,1
1915,New Unified Main Reef Gold Company,aurora,-88.3200715,41.7605849,cyanid,1.284491,1,8,0,4,0,1,0,1,1,1,0.03920277219111377,0.016129032258064516,1,0.27,0.26693548387096777,0,0.22356014175627056,0.036585365853658534,3,0.44086021505376344,0.47967479674796754,0.006974814557477349,0.22522323242178224,0.04081632653061224,4,0.41379310344827586,0.4510204081632655,0.0065958468028489755,0.11783863150576816,0.07954545454545454,28,0.33753943217665616,0.3598146645021633,0.003722090658874298,united states of america,extraction,USA,0,0,0.07,0.581,1,2,1,1,2,1,98,3,1
1916,New Unified Main Reef Gold Company,johannesburg,28.0473051,-26.2041028,cyanid,1.28694,1,2,0,2,0,0,0,0,0,0,0,0,0,0,0,0,0,0,0,0,0,0,0,0,0,0,0,0,0.0060139768685507486,0.00906344410876133,3,0.24405218726016883,0.26297295353186706,4.426860893418665e-5,south africa,extraction,ZAF,1,1,0.408,0.115,-1,-1,-1,-1,-1,-1,84,2,0
1917,New Unified Main Reef Gold Company,johannesburg,28.04731,-26.2041,cyanid,1.28694,1,1,0,1,0,0,0,0,0,0,0,0,0,0,0,0,0,0,0,0,0,0,0,0,0,0,0,0,0.03331130854362515,0.044642857142857144,15,0.30409914204003813,0.331611394557823,7.50961072585255e-4,south africa,extraction,ZAF,1,1,0.408,0.115,-1,-1,-1,-1,-1,-1,84,2,0
1919,New Unified Main Reef Gold Company,johannesburg,28.0473051,-26.2041028,cyanid,1.195219,1,4,0,3,0,0,0,0,0,0,0,0,0,0,0,0,0,0,0,0,0,0,0,0,0,0,0,0,0.9450227741179734,0.1797752808988764,64,0.37012987012987014,0.41989700374531697,0.005821950566328024,south africa,extraction,ZAF,1,1,0.408,0.115,-1,-1,-1,-1,-1,-1,84,2,0
1920,New Unified Main Reef Gold Company,johannesburg,28.04731,-26.2041,cyanid,0.9893734000000001,1,4,0,2,0,0,0,0,0,0,0,0,0,0,0,0,0,0,0,0,0,0,0,0,0,0,0,0,0.5385314585795067,0.09114583333333333,35,0.32890070921985815,0.3674355158730139,2.729659374215992e-4,south africa,extraction,ZAF,1,1,0.408,0.115,-1,-1,-1,-1,-1,-1,84,2,0
1921,New Unified Main Reef Gold Company,johannesburg,28.04731,-26.2041,cyanid,1.039261,1,4,0,4,0,0,0,0,0,0,0,0,0,0,0,0,0,0,0,0,0,0,0,0,0,0,0,0,0.5155441717914524,0.15902964959568733,59,0.3620689655172414,0.4124438454627119,0.018920689979138646,south africa,extraction,ZAF,1,1,0.408,0.115,-1,-1,-1,-1,-1,-1,84,2,0
1922,New Unified Main Reef Gold Company,johannesburg,28.04731,-26.2041,cyanid,1.195748,1,7,0,6,0,0,0,0,0,0,0,0,0,0,0,0,0,0,0,0,0,0,0,0,0,0,0,0,0.5542196232816992,0.17032967032967034,62,0.368532206969377,0.41488095238095113,0.007523532048881528,south africa,extraction,ZAF,1,1,0.408,0.115,-1,-1,-1,-1,-1,-1,84,2,0
1923,New Unified Main Reef Gold Company,aurora,-88.32007,41.76058,cyanid,1.235133,1,5,0,4,0,0,0,1,0,0,0.011807050405985302,0.021739130434782608,1,0.22631578947368422,0.24081262939958575,0,0,0,0,0,0,0,0.008076849939498299,0.017857142857142856,1,0.25339366515837103,0.2726190476190475,0,0.26333506331538237,0.1349206349206349,51,0.3840425531914894,0.42451499118165814,0.0036219508315995072,united states of america,extraction,USA,0,0,0.096,0.581,1,2,1,1,2,1,98,3,1
1923,New Unified Main Reef Gold Company,transvaal,-81.1831,43.23256,cyanid,1.235133,1,5,0,4,0,0,0,1,0,0,0.011807050405985302,0.021739130434782608,1,0.22631578947368422,0.24081262939958575,0,0,0,0,0,0,0,0.008076849939498299,0.017857142857142856,1,0.25339366515837103,0.2726190476190475,0,0.26333506331538237,0.1349206349206349,51,0.3840425531914894,0.42451499118165814,0.0036219508315995072,canada,extraction,CAN,0,1,0.07,0.631,2,1,1,2,2,1,98,0,1
1914,New United Reefs Sheba Limited,transvaal,-81.1830974,43.2325617,cyanid,0.7302824,1,4,0,0,0,0,0,0,0,0,0,0,0,0,0,0,0,0,0,0,0,0,0,0,0,0,0,0,0,0,0,0,0,0,canada,extraction,CAN,0,1,0.067,0.61,2,1,1,2,1,1,96,0,1
1915,New United Reefs Sheba Limited,transvaal,-81.1830974,43.2325617,cyanid,0.7302824,1,4,0,2,0,1,0,0,1,0,0,0,0,0,0,0,0.2967832408738897,0.04878048780487805,4,0.5125,0.524390243902439,0.01950432892448287,0.2783229589973987,0.04081632653061224,4,0.46601941747572817,0.48299319727891177,0.010612797735398851,0.0017260357943792433,0.03409090909090909,12,0.2677231025854879,0.2812872023809531,0.008424298037431896,canada,extraction,CAN,0,1,0.067,0.61,2,2,1,2,2,1,98,0,1
1916,New United Reefs Sheba Limited,transvaal,-81.1830974,43.2325617,cyanid,0.7302824,1,4,0,0,0,0,0,0,0,0,0,0,0,0,0,0,0,0,0,0,0,0,0,0,0,0,0,0,1.0988109816692405e-5,0.0030211480362537764,1,0.218707015130674,0.22793842612573909,0,canada,extraction,CAN,0,1,0.067,0.61,2,2,1,2,2,1,98,0,1
1917,New United Reefs Sheba Limited,transvaal,-81.1831,43.23256,cyanid,0.7302824,1,1,0,0,0,0,0,0,0,0,0,0,0,0,0,0,0,0,0,0,0,0,0,0,0,0,0,0,2.085450212914766e-5,0.002976190476190476,1,0.21834360027378508,0.2243090986394574,0,canada,extraction,CAN,0,1,0.067,0.61,2,2,1,2,2,1,98,0,1
1920,New United Reefs Sheba Limited,transvaal,-81.1831,43.23256,cyanid,0.7302824,1,5,0,1,0,0,0,0,0,0,0,0,0,0,0,0,0,0,0,0,0,0,0,0,0,0,0,0,5.088491593702608e-4,0.015625,6,0.28582434514637906,0.3035156250000006,0.0023463310295465203,canada,extraction,CAN,0,1,0.067,0.631,2,1,1,2,2,1,98,0,1
1921,New United Reefs Sheba Limited,transvaal,-81.1831,43.23256,cyanid,0.7302824,1,2,0,3,0,0,0,0,0,0,0,0,0,0,0,0,0,0,0,0,0,0,0,0,0,0,0,0,0.07447979070287294,0.05390835579514825,20,0.36465781409601633,0.39150943396226234,0.06868918961807251,canada,extraction,CAN,0,1,0.067,0.631,2,1,1,2,2,1,98,0,1
1922,New United Reefs Sheba Limited,transvaal,-81.1831,43.23256,cyanid,0.7302824,1,4,0,2,0,1,0,0,0,0,0,0,0,0,0,0,0.2986715667675239,0.06521739130434782,3,0.4339622641509434,0.48550724637681153,0.00800039330079712,0.2727095249552072,0.04838709677419355,3,0.389937106918239,0.43951612903225784,0.003955800797194218,0.00987255844020641,0.0521978021978022,19,0.32106715731370744,0.35117085295656625,0.048858007354937304,canada,extraction,CAN,0,1,0.07,0.631,2,1,1,2,2,1,98,0,1
1895,New Zealand Jubilee Syndicate Limited,sydney,151.2093,-33.86882,cyanid,0.106305,1,13,11060.390181355864,1,0,0,0,1,3,1,2.3002893346954454e-17,0.03125,1,1,0.03125,0,0.3910094710767386,0.09375,3,0.43243243243243246,0.4947916666666667,0.010044575184827641,0.3682132812904287,0.08888888888888889,4,0.39473684210526316,0.45740740740740726,0.05025925540268933,1.725015855319912e-17,0.02857142857142857,1,0.4166666666666667,0.07380952380952381,0,australia,extraction,AUS,0,1,0.06,0.659,NA,NA,NA,NA,NA,NA,NA,0,1
1915,New Zealand Mines Trust Limited,new zealand,174.885971,-40.900557,cyanid,0.8563273,0,11,0,1,0,0,0,0,2,0,0,0,0,0,0,0,0.1631997381312539,0.024390243902439025,2,0.40594059405940597,0.4502032520325203,0.0022202271511041665,0.15114676840386063,0.02040816326530612,2,0.384,0.4195578231292519,0.0012080992680367443,6.202003432228671e-18,0.002840909090909091,1,1,0.002840909090909091,0,new zealand,extraction,NA,0,0,NA,NA,NA,NA,NA,NA,NA,NA,NA,NA,NA
1916,New Zealand Mines Trust Limited,new zealand,174.885971,-40.900557,cyanid,0.85796,0,9,0,6,0,3,0,0,0,0,0,0,0,0,0,0,0.3365974386988721,0.05172413793103448,3,0.4461538461538462,0.48850574712643674,0.021319003016856453,0.3274277765822702,0.04,3,0.39893617021276595,0.4459999999999999,0.012152319045229433,2.479208686796751e-4,0.01812688821752266,6,0.2459396751740139,0.2592720471874559,0.015447498546203538,new zealand,extraction,NA,0,0,NA,NA,NA,NA,NA,NA,NA,NA,NA,NA,NA
1917,New Zealand Mines Trust Limited,new zealand,174.886,-40.90056,cyanid,0.8575512,0,4,0,2,0,1,0,0,0,0,0,0,0,0,0,0,0.11767304954076108,0.021739130434782608,1,0.3333333333333333,0.3804347826086956,0,0.11373305240735232,0.01639344262295082,1,0.31443298969072164,0.3549180327868854,0,1.583301667728652e-4,0.01488095238095238,5,0.2585089141004862,0.2669713718820869,0.00899421577067439,new zealand,extraction,NA,0,0,NA,NA,NA,NA,NA,NA,NA,NA,NA,NA,NA
1908,Newcastle Colliery Company,transvaal,-81.1831,43.23256,cyanid,0.7785888000000001,1,17,0,1,0,1,0,0,1,0,0,0,0,0,0,0,0.14683635453013705,0.02531645569620253,2,0.42934782608695654,0.4672995780590718,0.002285175169672417,0.13621731595187497,0.018518518518518517,2,0.37630662020905925,0.4189814814814818,0.00121564920346784,0.1579276000977256,0.02631578947368421,2,0.22692307692307692,0.20971177944862127,3.189792663476874e-5,canada,extraction,CAN,0,1,0.074,0.597,2,1,1,2,1,1,96,0,1
1912,Newlands Syndicate Limited,heidelberg,8.6724335,49.3987524,cyanid,0.7785888000000001,1,10,0,7,1,1,1,0,0,0,0.1751174839461389,0.028985507246376812,2,0.3401015228426396,0.377294685990338,0.08184143222506395,0.1497050980424422,0.024096385542168676,2,0.41919191919191917,0.45983935742971893,0.0010593213534590546,0.18717596809611536,0.03636363636363636,4,0.40148698884758366,0.43939393939393967,0.012268016451438999,0.09638381619100503,0.1182108626198083,37,0.3021052631578947,0.35210203357168124,0.030847731945546106,germany,extraction,DEU,0,0,0.078,0.587,1,1,1,1,1,1,92,1,1
1921,Niekerk Consolidated Limited,western,-95.71276,37.09375,cyanid,4.618938,1,4,0,1,0,0,0,0,0,0,0,0,0,0,0,0,0,0,0,0,0,0,0,0,0,0,0,0,1.1962498132469089e-17,0.008086253369272238,3,1,0.008086253369272238,4.3709477671741826e-5,united states of america,extraction,USA,0,0,0.095,0.581,1,2,1,1,2,1,98,3,1
1909,Nigel Deep Limited,transvaal,-81.1831,43.23256,cyanid,0.6091618000000001,1,12,0,8,0,0,0,0,0,0,0,0,0,0,0,0,0,0,0,0,0,0,0,0,0,0,0,0,0.2697136835413072,0.12359550561797752,22,0.35917312661498707,0.35212011771000606,0.032522458958831504,canada,extraction,CAN,0,1,0.074,0.597,2,1,1,2,1,1,96,0,1
1910,Nigel Eep Jjmited,transvaal,-81.1831,43.23256,cyanid,0.6079766999999999,1,0,0,0,0,0,0,0,0,0,0,0,0,0,0,0,0,0,0,0,0,0,0,0,0,0,0,0,0,0,0,0,0,0,canada,extraction,CAN,0,1,0.074,0.597,2,1,1,2,1,1,96,0,1
1909,Nigel Gold Mining Company,transvaal,-81.1831,43.23256,cyanid,0.7797271,1,12,0,9,0,2,0,0,0,0,0,0,0,0,0,0,0.17173371151388372,0.02631578947368421,2,0.4367816091954023,0.47258771929824567,0.0024132760943906457,0.1552620966534917,0.020618556701030927,2,0.4008438818565401,0.430412371134021,0.0010294166973359076,0.16609861814371146,0.1348314606741573,24,0.3381995133819951,0.3182718031032645,0.019913751156162906,canada,extraction,CAN,0,1,0.074,0.597,2,1,1,2,1,1,96,0,1
1910,Nigel Gold Mining Company,heidelberg,8.672434,49.39875,cyanid,0.7782101,1,1,0,0,0,0,0,0,0,0,0,0,0,0,0,0,0,0,0,0,0,0,0,0,0,0,0,0,0.020103710899696113,0.009478672985781991,2,0.28685897435897434,0.2858158429248482,0.0026007170577124782,germany,extraction,DEU,0,0,0.078,0.587,1,1,1,1,1,1,92,1,1
1911,Nigel Gold Mining Company,heidelberg,8.6724335,49.3987524,cyanid,0.7778318000000001,1,6,2.6937794157838287e-4,2,1,2,1,0,0,0,0.16342680358061704,0.02631578947368421,2,0.365,0.39583333333333315,0.012221642125989954,0.22897564057717595,0.03333333333333333,3,0.47368421052631576,0.4981481481481482,0.006027570700945274,0.27091149834615236,0.04201680672268908,5,0.4343065693430657,0.4733893557422972,0.009358447545420805,0.06715816066443032,0.05343511450381679,14,0.3297709923664122,0.31234096692112034,0.008711873940684501,germany,extraction,DEU,0,0,0.078,0.594,1,1,1,1,1,1,92,1,1
1913,Nigel Gold Mining Company,heidelberg,8.6724335,49.3987524,cyanid,0.7789679,1,8,0,2,0,0,0,0,0,0,0,0,0,0,0,0,0,0,0,0,0,0,0,0,0,0,0,0,0.1577261997560606,0.0440251572327044,14,0.27264150943396226,0.30722158693856866,0.0035973900125335725,germany,extraction,DEU,0,0,0.078,0.587,1,1,1,1,1,1,92,1,1
1914,Nigel Gold Mining Company,heidelberg,8.6724335,49.3987524,cyanid,0.7889546,1,4,0,3,0,0,0,0,1,0,0,0,0,0,0,0,0.07154364381956921,0.013888888888888888,1,0.3333333333333333,0.37847222222222215,0,0.0708818407772831,0.01098901098901099,1,0.3137931034482759,0.3558608058608057,0,0.11525963593971203,0.03333333333333333,12,0.29389312977099236,0.298429232804233,7.69952343371818e-4,germany,extraction,DEU,0,0,0.088,0.563,1,1,1,1,1,1,92,1,1
1915,Nigel Gold Mining Company,transvaal,-81.1830974,43.2325617,cyanid,0.7889546,1,8,0,5,2,2,2,0,0,0,0.22137691471186363,0.03225806451612903,2,0.35064935064935066,0.3508064516129032,0.009107752814786126,0.23537769416631812,0.036585365853658534,3,0.4659090909090909,0.49491869918699194,0.008450467270806433,0.28295048421676294,0.05102040816326531,5,0.4444444444444444,0.47448979591836754,0.010772045883463735,0.06566172111883552,0.09375,33,0.32228915662650603,0.34878246753246617,0.021255211792644703,canada,extraction,CAN,0,1,0.067,0.61,2,2,1,2,2,1,98,0,1
1916,Nigel Gold Mining Company,transvaal,-81.1830974,43.2325617,cyanid,0.28598670000000004,1,4,0,1,0,0,0,0,0,0,0,0,0,0,0,0,0,0,0,0,0,0,0,0,0,0,0,0,0.016658769189921586,0.015105740181268883,5,0.3060635226179018,0.3323550568263559,0.026476877716322404,canada,extraction,CAN,0,1,0.067,0.61,2,2,1,2,2,1,98,0,1
1917,Nigel Gold Mining Company,western,-95.71276,37.09375,cyanid,0.2858504,1,5,0,4,1,2,1,0,0,0,0.22027486665794263,0.027777777777777776,1,0.3018867924528302,0.323611111111111,0,0.2042792759398079,0.043478260869565216,2,0.42592592592592593,0.4710144927536231,0.01062109719398722,0.2738072451869655,0.04918032786885246,3,0.40131578947368424,0.4508196721311474,0.010443934814726259,0.016221985050594544,0.03571428571428571,12,0.3265097236438076,0.35039682539682454,0.03821055598180043,united states of america,extraction,USA,0,0,0.07,0.581,1,2,1,1,2,1,98,3,1
1919,Nigel Gold Mining Company,heidelberg,8.6724335,49.3987524,cyanid,0.4426737,1,8,0,3,0,2,0,0,0,0,0,0,0,0,0,0,0.1849466155029335,0.03076923076923077,2,0.40625,0.45256410256410257,0.0028106765515520746,0.1788096256178702,0.025,2,0.38461538461538464,0.4274999999999999,0.001956587047651184,0.04936875172779832,0.03089887640449438,11,0.342,0.363623595505616,0.016773586207293887,germany,extraction,DEU,0,0,0.102,0.657,1,1,1,1,1,1,84,1,1
1920,Nigel Gold Mining Company,heidelberg,8.672434,49.39875,cyanid,0.4426737,1,7,0,4,1,2,1,0,0,0,0.1835021065170803,0.018518518518518517,1,0.33540372670807456,0.38765432098765434,0,0.21662722398305634,0.03278688524590164,2,0.4357142857142857,0.4740437158469945,0.004031406746647488,0.2777430133625818,0.038461538461538464,3,0.41711229946524064,0.4594017094017093,0.004731558665196424,0.024573412977800385,0.06770833333333333,26,0.33881278538812787,0.37513020833333055,0.02714217656364631,germany,extraction,DEU,0,0,0.084,0.674,1,1,1,1,1,1,89,1,1
1921,Nigel Gold Mining Company,heidelberg,8.672434,49.39875,cyanid,0.23094689999999998,1,5,0,3,0,0,0,0,0,0,0,0,0,0,0,0,0,0,0,0,0,0,0,0,0,0,0,0,0.021662826525988013,0.02425876010781671,9,0.3190348525469169,0.3375112309074566,0.0038990228019991956,germany,extraction,DEU,0,0,0.084,0.674,1,1,1,1,1,1,89,1,1
1922,Nigel Gold Mining Company,heidelberg,8.672434,49.39875,cyanid,0.2657219,1,5,0,4,0,0,0,0,0,0,0,0,0,0,0,0,0,0,0,0,0,0,0,0,0,0,0,0,0.02666291329493246,0.054945054945054944,20,0.3161231884057971,0.3411891679748816,0.04067254531348593,germany,extraction,DEU,0,0,0.084,0.674,1,1,1,1,1,1,89,1,1
1923,Nigel Gold Mining Company,heidelberg,8.672434,49.39875,cyanid,0.27447390000000005,1,5,0,0,0,0,0,0,0,0,0,0,0,0,0,0,0,0,0,0,0,0,0,0,0,0,0,0,0.002932055121829152,0.013227513227513227,5,0.31583552055993,0.328571428571428,0.0020739621129643843,germany,extraction,DEU,0,0,0.084,0.674,1,1,1,1,1,1,77,1,1
1920,Nigel Van Ryn Reefs Limited,transvaal,-81.1831,43.23256,cyanid,44.28698,1,7,0,1,0,0,0,0,0,0,0,0,0,0,0,0,0,0,0,0,0,0,0,0,0,0,0,0,5.220246083205904e-4,0.0026041666666666665,1,0.25324232081911263,0.26253720238095307,0,canada,extraction,CAN,0,1,0.067,0.631,2,1,1,2,2,1,98,0,1
1909,Nile Valley Gold Mining Company,england,-1.17432,52.35552,cyanid,0.1459854,1,4,0,2,0,0,0,0,0,0,0,0,0,0,0,0,0,0,0,0,0,0,0,0,0,0,0,0,0,0.011235955056179775,2,1,0.0056179775280898875,0,united kingdom,extraction,GBR,1,1,0.028,0.73,2,2,2,2,2,1,98,3,1
1910,Nile Valley Gold Mining Company,england,-1.17432,52.35552,cyanid,0.029239770000000002,1,4,0,0,0,0,0,0,0,0,0,0,0,0,0,0,0,0,0,0,0,0,0,0,0,0,0,0,0.013983970707879103,0.009478672985781991,2,0.28144654088050314,0.27227488151658796,0.0026630557436244664,united kingdom,extraction,GBR,1,1,0.028,0.73,2,2,2,2,2,2,98,3,1
1911,Nile Valley Gold Mining Company,england,-1.1743197,52.3555177,cyanid,0.009722897000000001,1,4,2.567453354034787e-4,0,0,0,0,0,0,0,0,0,0,0,0,0,0,0,0,0,0,0,0,0,0,0,0,0,0,0,0,0,0,0,united kingdom,extraction,GBR,1,1,0.028,0.73,2,2,2,2,2,2,98,3,1
1912,Nile Valley Gold Mining Company,london,-0.1277583,51.5073509,cyanid,0.00973236,1,4,0,3,0,0,0,0,0,0,0,0,0,0,0,0,0,0,0,0,0,0,0,0,0,0,0,0,0.009146094788646917,0.012779552715654952,4,0.22905027932960895,0.2452053626175042,0,united kingdom,extraction,GBR,1,1,0.028,0.73,2,2,2,2,2,2,98,3,1
1903,Nine Reefs Gold Mining Company,mysore,76.63938,12.29581,cyanid,0.547179,1,8,6761.315134140133,0,0,0,0,2,2,1,0,0.14285714285714285,2,0.75,0.17857142857142855,0.02197802197802198,0.5152034418426799,0.125,2,0.47058823529411764,0.5260416666666666,0.038888888888888896,0.5869507421123941,0.16666666666666666,4,0.42857142857142855,0.5104166666666667,0.14134748102139402,0,0,0,0,0,0,india,extraction,IND,1,1,0.032,0.509,NA,NA,NA,NA,NA,NA,NA,2,1
1914,Nixons Navigation Company,queensland,142.7027956,-20.9175738,cyanid,3.846154,1,4,0,0,0,0,0,0,0,0,0,0,0,0,0,0,0,0,0,0,0,0,0,0,0,0,0,0,0,0,0,0,0,0,australia,extraction,AUS,0,1,0.041,0.659,2,3,2,2,3,2,99,2,1
1914,North Anantapur Gold,madras,80.2707184,13.0826802,cyanid,0.4930966,1,0,0,0,0,0,0,0,0,0,0,0,0,0,0,0,0,0,0,0,0,0,0,0,0,0,0,0,0,0,0,0,0,0,india,extraction,IND,1,1,0.032,0.509,NA,NA,NA,NA,NA,NA,NA,2,1
1913,North Anantapur Gold Mines Limited,madras,80.2707184,13.0826802,cyanid,0.47573740000000003,1,2,403.91425132497545,0,0,0,0,0,0,0,0,0,0,0,0,0,0,0,0,0,0,0,0,0,0,0,0,0,0,0,0,0,0,0,india,extraction,IND,1,1,0.032,0.509,NA,NA,NA,NA,NA,NA,NA,2,1
1915,North Anantapur Gold Mines Limited,madras,80.2707184,13.0826802,cyanid,0.47573740000000003,1,2,0,1,0,0,0,0,0,0,0,0,0,0,0,0,0,0,0,0,0,0,0,0,0,0,0,0,0.006603345903185619,0.02556818181818182,9,0.2772020725388601,0.28950216450216537,0.09002406959137728,india,extraction,IND,1,1,0.032,0.509,NA,NA,NA,NA,NA,NA,NA,2,1
1916,North Anantapur Gold Mines Limited,madras,80.2707184,13.0826802,cyanid,0.4766444,1,1,0,0,0,0,0,1,1,1,0.3540506479467102,0.047619047619047616,2,0.39759036144578314,0.35317460317460325,0.005088214147447597,0.19403615086744627,0.034482758620689655,2,0.3625,0.41666666666666663,0.006394953526879971,0.3636237676317968,0.05333333333333334,4,0.3712871287128713,0.42822222222222206,0.014253104713322907,0,0,0,0,0,0,india,extraction,IND,1,1,0.032,0.509,NA,NA,NA,NA,NA,NA,NA,2,1
1917,North Anantapur Gold Mines Limited,madras,80.27072,13.08268,cyanid,0.4764173,1,2,1.7492300042636658e-4,1,0,0,0,0,0,0,0,0,0,0,0,0,0,0,0,0,0,0,0,0,0,0,0,0,1.6488607407953243e-4,0.01488095238095238,5,0.2642916321458161,0.2745819160997739,0.001958116776856374,india,extraction,IND,1,1,0.032,0.509,NA,NA,NA,NA,NA,NA,NA,2,1
1919,North Anantapur Gold Mines Limited,madras,80.2707184,13.0826802,cyanid,0.4426737,1,6,0,2,0,1,0,1,0,0,0.2408259258610258,0.018867924528301886,1,0.3516483516483517,0.24056603773584911,0,0.11021245718263525,0.015384615384615385,1,0.3611111111111111,0.4076923076923077,0,0.15160913534640796,0.025,2,0.37037037037037035,0.41499999999999987,0.0010664904796236685,0.0017397998854770623,0.019662921348314606,7,0.2638888888888889,0.28123327982878626,0.011572585652995654,india,extraction,IND,1,1,0.032,0.509,NA,NA,NA,NA,NA,NA,NA,2,1
1920,North Anantapur Gold Mines Limited,mine at chota nagpur northern india,85,23,cyanid,0.7328692,1,11,1206.1516185547798,4,0,1,0,1,1,0,0.03486471210586938,0.018518518518518517,1,0.2660098522167488,0.3089506172839506,0,0.30987748764142636,0.04918032786885246,3,0.4236111111111111,0.4726775956284153,0.004756362643607637,0.2975542964774819,0.05128205128205128,4,0.42162162162162165,0.467948717948718,0.021311022814580007,0.0018659392603253752,0.06510416666666667,25,0.3234524847428073,0.3612413194444426,0.03297726548647822,india,extraction,IND,1,1,0.032,0.509,NA,NA,NA,NA,NA,NA,NA,2,1
1921,North Anantapur Gold Mines Limited,mine at chota nagpur northern india,85,23,cyanid,0.7328692,1,3,0,0,0,0,0,0,0,0,0,0,0,0,0,0,0,0,0,0,0,0,0,0,0,0,0,0,0.008053004727671795,0.013477088948787063,5,0.29700499168053246,0.30741239892183314,0.0031396238745449736,india,extraction,IND,1,1,0.032,0.509,NA,NA,NA,NA,NA,NA,NA,2,1
1922,North Anantapur Gold Mines Limited,madras,80.27072,13.08268,cyanid,0.4428698,1,4,0,3,0,1,0,0,0,0,0,0,0,0,0,0,0.1326994970992395,0.021739130434782608,1,0.38333333333333336,0.4293478260869565,0,0.12077349902726046,0.016129032258064516,1,0.3583815028901734,0.39784946236559116,0,0.007914736352800818,0.03571428571428571,13,0.32404828226555243,0.3491562009419142,0.031370435296900666,india,extraction,IND,1,1,0.032,0.509,NA,NA,NA,NA,NA,NA,NA,2,1
1923,North Anantapur Gold Mines Limited,madras,80.27072,13.08268,cyanid,0.4574565,1,1,0,1,0,0,0,0,0,0,0,0,0,0,0,0,0,0,0,0,0,0,0,0,0,0,0,0,0.02606113459856777,0.015873015873015872,6,0.3672431332655137,0.38046737213403703,0.016250445153917693,india,extraction,IND,1,1,0.032,0.509,NA,NA,NA,NA,NA,NA,NA,2,1
1908,North Randsfontein Gold Mining Limited,randfontein,27.67868,-26.19915,cyanid,1.703163,1,8,23.933233247142667,0,0,0,0,1,0,0,0.1087604726633199,0.014084507042253521,1,0.29218106995884774,0.33041582830315236,0,0,0,0,0,0,0,0.02308666385307566,0.009259259259259259,1,0.2819843342036554,0.30725308641975324,0,0,0,0,0,0,0,south africa,extraction,ZAF,1,1,0.408,0.115,NA,NA,NA,NA,NA,NA,NA,-2,0
1909,North Randsfontein Gold Mining Limited,western,-95.71276,37.09375,cyanid,1.705653,1,8,0,3,1,0,0,0,0,0,0.30166497025808,0.029850746268656716,2,0.38461538461538464,0.4184079601990048,0.007861400496179036,0,0,0,0,0,0,0.08642481969485577,0.020618556701030927,2,0.3333333333333333,0.36975945017182116,6.361988368232164e-4,0.02190407047343678,0.028089887640449437,5,0.2730844793713163,0.2470394150169431,9.614849518994368e-4,united states of america,extraction,USA,0,0,0.117,0.581,1,1,1,1,1,1,98,1,1
1912,North Vttrte Feath,australia,133.775136,-25.274398,cyanid,0.2919708,1,4,0,2,0,0,0,0,0,0,0,0,0,0,0,0,0,0,0,0,0,0,0,0,0,0,0,0,1.148340163526799e-12,0.012779552715654952,4,0.10152104704633888,0.10736008755178084,0.01169410993692144,australia,extraction,AUS,0,1,0.041,0.659,2,3,2,2,3,2,99,2,1
1908,North White Feather Gold Mines,australia,133.7751,-25.2744,cyanid,1.060158,0,5,1935.325106752318,0,0,0,0,0,0,0,0,0,0,0,0,0,0,0,0,0,0,0,0,0,0,0,0,0,0,0,0,0,0,0,australia,extraction,AUS,0,1,0.041,0.659,2,2,2,2,2,2,99,2,1
1909,North White Feather Gold Mines,australia,133.7751,-25.2744,cyanid,1.060158,0,1,0,0,0,0,0,0,0,0,0,0,0,0,0,0,0,0,0,0,0,0,0,0,0,0,0,0,0,0,0,0,0,0,australia,extraction,AUS,0,1,0.041,0.659,2,2,2,2,2,2,99,2,1
1910,North White Feather Gold Mines,australia,133.7751,-25.2744,cyanid,1.060158,1,4,0,2,0,0,0,0,0,0,0,0,0,0,0,0,0,0,0,0,0,0,0,0,0,0,0,0,0,0.009478672985781991,2,0.75,0.011848341232227489,9.027307605506658e-5,australia,extraction,AUS,0,1,0.041,0.659,2,3,2,2,3,2,99,2,1
1913,North White Feather Gold Mines,australia,133.775136,-25.274398,cyanid,1.060158,1,4,0,2,0,0,0,0,0,0,0,0,0,0,0,0,0,0,0,0,0,0,0,0,0,0,0,0,6.744939613054839e-18,0.009433962264150943,3,0.5,0.009958071278825998,7.936035553439279e-5,australia,extraction,AUS,0,1,0.041,0.659,2,3,2,2,3,2,99,2,1
1914,North White Feather Gold Mines,australia,133.775136,-25.274398,cyanid,1.060158,1,4,0,0,0,0,0,0,0,0,0,0,0,0,0,0,0,0,0,0,0,0,0,0,0,0,0,0,0,0,0,0,0,0,australia,extraction,AUS,0,1,0.041,0.659,2,3,2,2,3,2,99,2,1
1917,North White Feather Gold Mines,western,-95.71276,37.09375,cyanid,1.060158,1,1,0,1,0,0,0,0,0,0,0,0,0,0,0,0,0,0,0,0,0,0,0,0,0,0,0,0,5.839821718114682e-6,0.008928571428571428,3,0.20279720279720279,0.20569727891156556,0.002816275764036958,united states of america,extraction,USA,0,0,0.07,0.581,1,2,1,1,2,1,98,3,1
1921,North White Feather Gold Mines,western,-95.71276,37.09375,cyanid,1.060158,1,3,0,2,0,0,0,0,0,0,0,0,0,0,0,0,0,0,0,0,0,0,0,0,0,0,0,0,0.020164586404305393,0.016172506738544475,6,0.32903225806451614,0.3437106918238983,0.0039157956526897604,united states of america,extraction,USA,0,0,0.095,0.581,1,2,1,1,2,1,98,3,1
1922,North White Feather Gold Mines,western,-95.71276,37.09375,cyanid,1.060158,1,1,0,0,0,0,0,0,0,0,0,0,0,0,0,0,0,0,0,0,0,0,0,0,0,0,0,0,0.007368233146885347,0.01098901098901099,4,0.3026886383347788,0.3118589743589744,0,united states of america,extraction,USA,0,0,0.094,0.581,1,2,1,1,2,1,98,3,1
1910,Norther Mines Limited,australia,133.7751,-25.2744,cyanid,0.2918288,1,3,0,1,0,0,0,0,0,0,0,0,0,0,0,0,0,0,0,0,0,0,0,0,0,0,0,0,2.901441977969018e-19,0.004739336492890996,1,1,0.004739336492890996,0,australia,extraction,AUS,0,1,0.041,0.659,2,3,2,2,3,2,99,2,1
1909,Northern And General Syndicate Limited,johannesburg,28.04731,-26.2041,cyanid,1.341457,1,29,0,7,1,2,1,1,2,0,0.014087615240992711,0.029850746268656716,2,0.23809523809523808,0.2589552238805971,0.028946178199909543,0.3104971299725253,0.05263157894736842,4,0.5135135135135135,0.5263157894736842,0.012794198793286629,0.2895865501157353,0.061855670103092786,6,0.45893719806763283,0.4862542955326463,0.030673234433228367,0.5943409138596496,0.15168539325842698,27,0.37669376693766937,0.36460674157303447,0.06418298336372173,south africa,extraction,ZAF,1,1,0.408,0.115,NA,NA,NA,NA,NA,NA,NA,-2,0
1909,Northern Minerals Transvaal Limited,australia,133.7751,-25.2744,cyanid,0.29239770000000004,1,0,0,0,0,0,0,0,0,0,0,0,0,0,0,0,0,0,0,0,0,0,0,0,0,0,0,0,0,0,0,0,0,0,australia,extraction,AUS,0,1,0.041,0.659,2,2,2,2,2,2,99,2,1
1908,Northern Natal Mining Sytndicate Limited,australia,133.7751,-25.2744,cyanid,0.2919708,1,2,1935.325106752318,0,0,0,0,0,0,0,0,0,0,0,0,0,0,0,0,0,0,0,0,0,0,0,0,0,0,0,0,0,0,0,australia,extraction,AUS,0,1,0.041,0.659,2,2,2,2,2,2,99,2,1
1910,Nourse Flnes Limited,transvaal,-81.1831,43.23256,cyanid,2.188716,1,8,0,5,0,0,0,0,0,0,0,0,0,0,0,0,0,0,0,0,0,0,0,0,0,0,0,0,0.5101483562790412,0.1848341232227488,39,0.3416030534351145,0.392552471225457,0.01021169474800949,canada,extraction,CAN,0,1,0.074,0.597,2,1,1,2,1,1,96,0,1
1910,Nourse Flnes Limited,the east,-86.74304,36.19451,cyanid,2.188716,1,8,386.7861876027994,5,0,0,0,0,0,0,0,0,0,0,0,0,0,0,0,0,0,0,0,0,0,0,0,0,0.5101483562790412,0.1848341232227488,39,0.3416030534351145,0.392552471225457,0.01021169474800949,united states of america,extraction,USA,0,0,0.098,0.581,1,2,1,1,2,1,98,3,1
1920,Nova Scotia Syndicate Limited,canada,-106.3468,56.13037,cyanid,0.06562956,1,5,0,4,0,2,0,0,0,0,0,0,0,0,0,0,0.3098774876414263,0.04918032786885246,3,0.4236111111111111,0.4726775956284153,0.004756362643607637,0.27869219457478833,0.038461538461538464,3,0.3842364532019704,0.4337606837606836,0.0023609876147734875,0.0028880280217121464,0.10416666666666667,40,0.3240174672489083,0.3633246527777756,0.029721990785540265,canada,extraction,CAN,0,1,0.067,0.631,2,1,1,2,2,1,98,0,1
1903,Nueva Esperanza Gold Mines Limited,western,-95.71276,37.09375,cyanid,0.1831907,1,11,0,2,0,1,0,0,0,0,0,0,0,0,0,0,0.40495129585399275,0.1875,3,0.42105263157894735,0.5208333333333333,0.09305555555555553,0.35752521231442647,0.125,3,0.375,0.4513888888888889,0.06060645272601794,0.8164965809277264,0.2,2,0.6,0.2,0,united states of america,extraction,USA,0,0,0.117,0.581,1,1,1,1,1,1,98,1,1
1908,Nundydroog Gold Mining Company,mysore,76.63938,12.29581,cyanid,0.9592801999999999,1,6,0,0,0,0,0,0,0,0,0,0,0,0,0,0,0,0,0,0,0,0,0,0,0,0,0,0,0,0,0,0,0,0,india,extraction,IND,1,1,0.032,0.509,NA,NA,NA,NA,NA,NA,NA,2,1
1909,Nundydroog Gold Mining Company,mysore,76.63938,12.29581,cyanid,0.04584428,1,6,0,4,1,2,1,0,0,0,0.15039945580036443,0.014925373134328358,1,0.3333333333333333,0.36368159203980094,0,0.31049712997252527,0.05263157894736842,4,0.5135135135135135,0.5263157894736842,0.012794198793286629,0.33004599965291287,0.05154639175257732,5,0.4634146341463415,0.4845360824742271,0.007986643563669224,0,0.056179775280898875,10,1,0.028089887640449437,3.618358407922301e-4,india,extraction,IND,1,1,0.032,0.509,NA,NA,NA,NA,NA,NA,NA,2,1
1910,Nundydroog Gold Mining Company,mysore,76.63938,12.29581,cyanid,0.01459144,1,6,0,3,0,2,0,0,0,0,0,0,0,0,0,0,0.2605292015342158,0.045454545454545456,3,0.4342105263157895,0.47853535353535354,0.0037726368514865954,0.23337204598605038,0.03409090909090909,3,0.3876651982378855,0.4337121212121212,0.001716338448903281,1.6221477239255507e-17,0.05687203791469194,12,0.8888888888888888,0.03554502369668247,4.7506206273978787e-4,india,extraction,IND,1,1,0.032,0.509,NA,NA,NA,NA,NA,NA,NA,2,1
1911,Nundydroog Gold Mining Company,mysore,76.6393805,12.2958104,cyanid,0.014584350000000001,1,5,7.011744621949612e-5,4,0,1,0,0,0,0,0,0,0,0,0,0,0.2253126058546353,0.03333333333333333,3,0.44554455445544555,0.4814814814814815,0.0039253487134000694,0.2032808893235928,0.025210084033613446,3,0.39144736842105265,0.4348739495798322,0.0019981205659071436,2.56099520706977e-4,0.08778625954198473,23,0.22199383350462487,0.21738004362050192,0.02030475233344716,india,extraction,IND,1,1,0.032,0.509,NA,NA,NA,NA,NA,NA,NA,2,1
1912,Nundydroog Gold Mining Company,mysore,76.6393805,12.2958104,cyanid,0.01459854,1,6,0,5,1,3,1,0,0,0,0.012748670191459128,0.014492753623188406,1,0.22259136212624583,0.24192546583850916,0,0.2183552781474257,0.03614457831325301,3,0.4368421052631579,0.4769076305220884,0.00229482138534163,0.2143302107701858,0.03636363636363636,4,0.3927272727272727,0.43257575757575784,0.004276544522330548,9.767399676528523e-4,0.0670926517571885,21,0.21465968586387435,0.24168453130114514,0.006114629195425678,india,extraction,IND,1,1,0.032,0.509,NA,NA,NA,NA,NA,NA,NA,2,1
1915,Nundydroog Gold Mining Company,london,-0.1277583,51.5073509,cyanid,0.014272120000000001,1,6,0,5,0,2,0,1,0,0,0.17900057808161823,0.016129032258064516,1,0.3375,0.331989247311828,0,0.2235601417562705,0.036585365853658534,3,0.44086021505376344,0.47967479674796754,0.006974814557477349,0.2585626830505704,0.04081632653061224,4,0.42105263157894735,0.45612244897959203,0.005487645388915353,0.002959014355130526,0.09659090909090909,34,0.295852534562212,0.3266943993506491,0.09049284261205262,united kingdom,extraction,GBR,1,1,0.028,0.73,2,2,2,2,2,2,98,3,1
1916,Nundydroog Gold Mining Company,canada,-106.346771,56.130366,cyanid,0.01429933,1,3,0.0018574801544032008,1,0,0,0,1,1,1,0.3540506479467101,0.047619047619047616,2,0.39759036144578314,0.35317460317460325,0.005088214147447597,0.19403615086744633,0.034482758620689655,2,0.3625,0.41666666666666663,0.006394953526879971,0.36362376763179693,0.05333333333333334,4,0.3712871287128713,0.42822222222222206,0.014253104713322907,2.355698444829218e-5,0.00906344410876133,3,0.21976503109882514,0.2324701481801197,0,canada,extraction,CAN,0,1,0.067,0.61,2,2,1,2,2,1,98,0,1
1917,Nundydroog Gold Mining Company,canada,-106.3468,56.13037,cyanid,0.014292520000000001,1,4,0,4,0,1,0,0,0,0,0,0,0,0,0,0,0.3826272781048882,0.06521739130434782,3,0.4423076923076923,0.4909420289855072,0.008891885671265585,0.3626696457458893,0.04918032786885246,3,0.3860759493670886,0.4404371584699452,0.004438884381561241,9.818906747400013e-4,0.05654761904761905,19,0.279090113735783,0.3078656462585044,0.10027014118821248,canada,extraction,CAN,0,1,0.067,0.61,2,2,1,2,2,1,98,0,1
1921,Nundydroog Mines Limited,canada,-106.3468,56.13037,cyanid,0.0038491149999999997,1,4,0,2,0,1,0,1,0,0,0.20143473220356461,0.02127659574468085,1,0.3435114503816794,0.37127659574468097,0,0.2185144871632167,0.0392156862745098,2,0.3923076923076923,0.44444444444444436,0.001861411291515098,0.27329784865368184,0.04411764705882353,3,0.37777777777777777,0.43112745098039196,0.0024254092487505058,0.005330695972221236,0.016172506738544475,6,0.265625,0.2791811064048269,1.3165827506617873e-4,canada,extraction,CAN,0,1,0.067,0.631,2,1,1,2,2,1,98,0,1
1922,Nundydroog Mines Limited,canada,-106.3468,56.13037,cyanid,0.004428698,1,5,0,5,1,2,1,0,1,0,0,0.02564102564102564,1,1,0.02564102564102564,0,0.2986715667675239,0.06521739130434782,3,0.4339622641509434,0.48550724637681153,0.00800039330079712,0.27674621107415465,0.06451612903225806,4,0.39490445859872614,0.45026881720430084,0.036213865313323254,0.03197327017502911,0.03571428571428571,13,0.3385063045586809,0.36000784929356144,0.03232043649713337,canada,extraction,CAN,0,1,0.07,0.631,2,1,1,2,2,1,98,0,1
1923,Nundydroog Mines Limited,canada,-106.3468,56.13037,cyanid,0.004574564999999999,1,1,0,2,0,0,0,0,0,0,0,0,0,0,0,0,0,0,0,0,0,0,0,0,0,0,0,0,0.02247404744106652,0.007936507936507936,3,0.31418624891209745,0.3242063492063487,0.0052391486087455755,canada,extraction,CAN,0,1,0.07,0.631,2,1,1,2,2,1,98,0,1
1913,Nundydroqg Company,mysore,76.6393805,12.2958104,cyanid,0.01460565,1,2,0,2,0,1,0,0,0,0,0,0,0,0,0,0,0.11542706741356211,0.012658227848101266,1,0.34347826086956523,0.3892405063291139,0,0.10861128279129324,0.01020408163265306,1,0.3333333333333333,0.35578231292517,0,4.598956859964994e-4,0.040880503144654086,13,0.18314321926489227,0.20805104224915597,0.0058383620363474525,india,extraction,IND,1,1,0.032,0.509,NA,NA,NA,NA,NA,NA,NA,2,1
1920,Obo Mining And Bail Way,mexico,-102.5528,23.6345,cyanid,0.2198608,0,0,0,0,0,0,0,0,0,0,0,0,0,0,0,0,0,0,0,0,0,0,0,0,0,0,0,0,0,0,0,0,0,0,mexico,extraction,MEX,0,0,0.795,0.557,-2,-2,-3,-2,-2,-3,76,0,0
1921,Obo Mining And Bail Way,mexico,-102.5528,23.6345,cyanid,0.23094689999999998,1,0,0,0,0,0,0,0,0,0,0,0,0,0,0,0,0,0,0,0,0,0,0,0,0,0,0,0,0,0,0,0,0,0,mexico,extraction,MEX,0,0,0.795,0.557,-1,-2,-2,-1,-2,-2,85,0,0
1908,Only Plymouth Evening,western,-95.71276,37.09375,amalgama,1.216545,1,7,0,0,0,0,0,0,0,0,0,0,0,0,0,0,0,0,0,0,0,0,0,0,0,0,0,0,0,0,0,0,0,0,united states of america,extraction,USA,0,0,0.117,0.581,1,1,1,1,1,1,98,1,1
1912,Ontario Porcupine Goldfields Development,mysore,76.6393805,12.2958104,cyanid,1.289538,1,13,0,1,0,0,0,0,0,0,0,0,0,0,0,0,0,0,0,0,0,0,0,0,0,0,0,0,0,0.003194888178913738,1,1,0.003194888178913738,0,india,extraction,IND,1,1,0.032,0.509,NA,NA,NA,NA,NA,NA,NA,2,1
1922,Oobegtjm Gold Mining,mysore,76.63938,12.29581,cyanid,1.173605,1,0,0,0,0,0,0,0,0,0,0,0,0,0,0,0,0,0,0,0,0,0,0,0,0,0,0,0,0,0,0,0,0,0,india,extraction,IND,1,1,0.032,0.509,NA,NA,NA,NA,NA,NA,NA,2,1
1923,Oobegtjm Gold Mining,burmah and,76.63938,12.29581,cyanid,1.21226,0,0,0,0,0,0,0,0,0,0,0,0,0,0,0,0,0,0,0,0,0,0,0,0,0,0,0,0,0,0,0,0,0,0,india,extraction,IND,1,1,0.032,0.509,NA,NA,NA,NA,NA,NA,NA,2,1
1903,Ooregum Gold Mining Company,mysore,76.63938,12.29581,cyanid,1.288911,1,5,6761.315134140133,0,0,0,0,0,1,0,0,0,0,0,0,0,0.2768711421350804,0.0625,1,0.38095238095238093,0.43749999999999994,0,0.256347287889336,0.041666666666666664,1,0.35294117647058826,0.39583333333333315,0,0,0,0,0,0,0,india,extraction,IND,1,1,0.032,0.509,NA,NA,NA,NA,NA,NA,NA,2,1
1914,Ooregum Gold Mining Company,chilian,-71.542969,-35.675147,cyanid,1.306706,1,6,0,2,0,1,0,0,0,0,0,0,0,0,0,0,0.17408969739500024,0.027777777777777776,2,0.41379310344827586,0.4571759259259259,0.0013514741469788734,0.16356953228730875,0.02197802197802198,2,0.38235294117647056,0.4249084249084249,7.756810423699662e-4,2.3558530195225418e-4,0.041666666666666664,15,0.2028985507246377,0.2102292768959448,0.0025835809223263275,chile,extraction,CHL,0,0,0.276,0.272,0,1,-1,0,1,-1,97,1,1
1915,Ooregum Gold Mining Company,chilian,-71.542969,-35.675147,cyanid,1.260704,1,4,0,3,0,1,0,0,0,0,0,0,0,0,0,0,0.1631997381312539,0.024390243902439025,2,0.40594059405940597,0.4502032520325203,0.0022202271511041665,0.15114676840386054,0.02040816326530612,2,0.384,0.4195578231292519,0.0012080992680367443,8.273735642360433e-5,0.019886363636363636,7,0.23060344827586207,0.23836016414141498,0.008587477337477343,chile,extraction,CHL,0,0,0.276,0.272,0,1,-1,0,1,-1,97,1,1
1916,Ooregum Gold Mining Company,mysore,76.6393805,12.2958104,cyanid,1.263108,1,4,0,0,0,0,0,0,0,0,0,0,0,0,0,0,0,0,0,0,0,0,0,0,0,0,0,0,3.558911006597639e-6,0.00906344410876133,3,0.18629173989455183,0.19802546396201937,0,india,extraction,IND,1,1,0.032,0.509,NA,NA,NA,NA,NA,NA,NA,2,1
1917,Ooregum Gold Mining Company,mysore,76.63938,12.29581,cyanid,1.262506,1,2,0,2,0,1,0,0,0,0,0,0,0,0,0,0,0.2649542285641272,0.043478260869565216,2,0.3898305084745763,0.44384057971014484,0.0023201776937409125,0.2489365933385367,0.03278688524590164,2,0.3546511627906977,0.4049180327868851,0.0012156283003291822,8.890706560641044e-7,0.011904761904761904,4,0.18073654390934843,0.18680319349962132,0.011282871357498224,india,extraction,IND,1,1,0.032,0.509,NA,NA,NA,NA,NA,NA,NA,2,1
1919,Ooregum Gold Mining Company,mysore,76.6393805,12.2958104,cyanid,1.173085,1,4,0,4,0,1,0,0,0,0,0,0,0,0,0,0,0.28617393818635267,0.046153846153846156,3,0.43333333333333335,0.4782051282051282,0.005079657059014178,0.27038812035663995,0.0375,3,0.40816326530612246,0.44999999999999996,0.003515509156487897,0.02388056371485729,0.09831460674157304,35,0.2878787878787879,0.32315409309791393,0.00514036534502117,india,extraction,IND,1,1,0.032,0.509,NA,NA,NA,NA,NA,NA,NA,2,1
1920,Ooregum Gold Mining Company,mysore,76.63938,12.29581,cyanid,0.9710517,1,4,0,3,0,0,0,1,1,1,0.040057802862340924,0.037037037037037035,2,0.2983425414364641,0.3416666666666667,0.018818702022549608,0.09295830177022124,0.01639344262295082,1,0.3279569892473118,0.3729508196721312,0,0.10826260465469023,0.038461538461538464,3,0.3466666666666667,0.39850427350427337,0.01060184191532218,0.001822948285993722,0.033854166666666664,13,0.2787377911344853,0.2968750000000008,2.575088690878286e-4,india,extraction,IND,1,1,0.032,0.509,NA,NA,NA,NA,NA,NA,NA,2,1
1921,Ooregum Gold Mining Company,burmah and,76.63938,12.29581,cyanid,1.020015,1,4,0,4,0,1,0,0,0,0,0,0,0,0,0,0,0.306904259149079,0.058823529411764705,3,0.425,0.4771241830065359,0.00604333176921053,0.27679825826761656,0.04411764705882353,3,0.37777777777777777,0.43112745098039196,0.002390617855603119,0.04307997270101945,0.07547169811320754,28,0.3120629370629371,0.3411949685534586,0.011042949904995698,india,extraction,IND,1,1,0.032,0.509,NA,NA,NA,NA,NA,NA,NA,2,1
1920,Ore Concentration Syndicate Limited,western,-95.71276,37.09375,cyanid,1.106684,1,9,0,3,0,1,0,0,1,0,0,0,0,0,0,0,0.2120506100751314,0.03278688524590164,2,0.4295774647887324,0.4699453551912568,0.0034863441389373223,0.19669119494532,0.02564102564102564,2,0.3880597014925373,0.4316239316239315,0.0015033856483383202,0.0017223309821539769,0.015625,6,0.283206106870229,0.29379340277777827,0.015377462952131854,united states of america,extraction,USA,0,0,0.078,0.581,1,2,1,1,2,1,98,3,1
1908,Oriental Consolidated Mining Company,western,-95.71276,37.09375,cyanid,0.2213369,1,1,0,0,0,0,0,0,0,0,0,0,0,0,0,0,0,0,0,0,0,0,0,0,0,0,0,0,0,0,0,0,0,0,united states of america,extraction,USA,0,0,0.117,0.581,1,1,1,1,1,1,98,1,1
1911,Oriental Consolidated Mining Company,western,-95.7127622,37.0937489,cyanid,0.2213369,1,3,2.3055664769700538e-4,0,0,0,0,0,1,0,0,0,0,0,0,0,0.0688558815948894,0.011111111111111112,1,0.3435114503816794,0.3888888888888889,0,0.06282619088360408,0.008403361344537815,1,0.3216216216216216,0.36148459383753495,0,0,0,0,0,0,0,united states of america,extraction,USA,0,0,0.098,0.581,1,2,1,1,2,1,98,3,1
1912,Oriental Consolidated Mining Company,western,-95.7127622,37.0937489,cyanid,0.2213369,1,7,0,1,0,1,0,1,2,1,0.028769463026850885,0.014492753623188406,1,0.23183391003460208,0.2530365769496204,0,0.2834793818776771,0.04819277108433735,4,0.5123456790123457,0.5240963855421688,0.010472484781400693,0.2813233184423614,0.045454545454545456,5,0.43724696356275305,0.4681818181818184,0.008901052334655194,0,0,0,0,0,0,united states of america,extraction,USA,0,0,0.098,0.581,1,2,1,1,2,1,98,3,1
1913,Oriental Consolidated Mining Company,western,-95.7127622,37.0937489,cyanid,0.2213369,1,3,0,1,0,1,0,0,0,0,0,0,0,0,0,0,0.2599970085588287,0.0379746835443038,3,0.4759036144578313,0.5010548523206751,0.025762660208005533,0.2487657034996313,0.030612244897959183,3,0.43661971830985913,0.44727891156462607,0.012647449978430043,0,0.006289308176100629,2,1,0.006289308176100629,1.9840088883598198e-5,united states of america,extraction,USA,0,0,0.083,0.581,1,2,1,1,2,1,98,3,1
1915,Oriental Consolidated Mining Company,western,-95.7127622,37.0937489,cyanid,0.2213369,1,2,0,0,0,0,0,0,0,0,0,0,0,0,0,0,0,0,0,0,0,0,0,0,0,0,0,0,0,0,0,0,0,0,united states of america,extraction,USA,0,0,0.07,0.581,1,2,1,1,2,1,98,3,1
1916,Oriental Consolidated Mining Company,western,-95.7127622,37.0937489,cyanid,0.2213369,1,2,0,1,0,1,0,0,0,0,0,0,0,0,0,0,0.08545124764289423,0.017241379310344827,1,0.31521739130434784,0.3577586206896552,0,0.09965210915523023,0.013333333333333334,1,0.3073770491803279,0.34311111111111126,0,1.9526272072925667e-18,0.0030211480362537764,1,1,0.0030211480362537764,0,united states of america,extraction,USA,0,0,0.07,0.581,1,2,1,1,2,1,98,3,1
1919,Oriental Consolidated Mining Company,western,-95.7127622,37.0937489,cyanid,0.2213369,1,1,0,1,0,1,0,0,0,0,0,0,0,0,0,0,0.090708410680397,0.015384615384615385,1,0.34946236559139787,0.39615384615384613,0,0.08963917726824784,0.0125,1,0.3389830508474576,0.3799999999999998,0,2.778237919636124e-18,0.0056179775280898875,2,1,0.0056179775280898875,1.582528881152081e-5,united states of america,extraction,USA,0,0,0.07,0.581,1,2,1,1,2,1,98,3,1
1921,Oriental Consolidated Mining Company,western,-95.71276,37.09375,cyanid,0.2213369,1,6,0,3,0,2,0,0,0,0,0,0,0,0,0,0,0.20511551436857714,0.0392156862745098,2,0.4396551724137931,0.4787581699346405,0.006187411184205006,0.19014412710231268,0.029411764705882353,2,0.3953488372093023,0.4362745098039213,0.0028025266092299717,0.001300915228653735,0.016172506738544475,6,0.2512315270935961,0.25817610062893154,0.012318960983059098,united states of america,extraction,USA,0,0,0.095,0.581,1,2,1,1,2,1,98,3,1
1923,Oriental Consolidated Mining Company,western,-95.71276,37.09375,cyanid,0.2213369,1,1,0,1,0,1,0,0,0,0,0,0,0,0,0,0,0.12873463546897118,0.025,1,0.4,0.44375000000000003,0,0.11254870053015177,0.017857142857142856,1,0.36129032258064514,0.4023809523809522,0,1.855670617464462e-5,0.010582010582010581,4,0.20951828206616366,0.21208112874779747,0.015115153046187522,united states of america,extraction,USA,0,0,0.096,0.581,1,2,1,1,2,1,98,3,1
1895,Orion Gold Mining Company,london,-0.1277583,51.50735,cyanid,0.04521017,1,12,0,0,0,0,0,0,2,0,0,0,0,0,0,0,0.08960231452650926,0.03125,1,0.3333333333333333,0.3828125,0,0.08684389427578086,0.022222222222222223,1,0.3125,0.35407407407407415,0,0,0,0,0,0,0,united kingdom,extraction,GBR,1,1,0.028,0.73,2,2,NA,2,2,NA,98,3,1
1910,Orion Mines Limited,niagara,-79.07416,43.08282,cyanid,0.1459144,1,4,172.32472524293195,1,0,0,0,0,0,0,0,0,0,0,0,0,0,0,0,0,0,0,0,0,0,0,0,0,0,0.004739336492890996,1,0.5,0.008688783570300158,0,canada,extraction,CAN,0,1,0.074,0.597,2,1,1,2,1,1,96,0,1
1911,Orion Mines Limited,niagara,-79.0741629,43.0828162,cyanid,0.1458435,1,1,4.837200655738758e-4,1,0,0,0,0,0,0,0,0,0,0,0,0,0,0,0,0,0,0,0,0,0,0,0,0,0,0,0,0,0,0,canada,extraction,CAN,0,1,0.072,0.61,2,1,1,2,1,1,96,0,1
1912,Orion Mines Limited,niagara,-79.0741629,43.0828162,cyanid,0.1459854,1,1,0,0,0,0,0,0,0,0,0,0,0,0,0,0,0,0,0,0,0,0,0,0,0,0,0,0,0,0,0,0,0,0,canada,extraction,CAN,0,1,0.072,0.61,2,1,1,2,1,1,96,0,1
1913,Orion Mines Limited,niagara,-79.0741629,43.0828162,cyanid,0.1459854,1,3,0,0,0,0,0,0,0,0,0,0,0,0,0,0,0,0,0,0,0,0,0,0,0,0,0,0,0,0,0,0,0,0,canada,extraction,CAN,0,1,0.072,0.61,2,1,1,2,1,1,96,0,1
1914,Orion Mines Limited,niagara,-79.0741629,43.0828162,cyanid,0.1459854,1,3,0,0,0,0,0,0,0,0,0,0,0,0,0,0,0,0,0,0,0,0,0,0,0,0,0,0,0,0,0,0,0,0,canada,extraction,CAN,0,1,0.067,0.61,2,1,1,2,1,1,96,0,1
1915,Orion Mines Limited,australia,133.775136,-25.274398,cyanid,0.1459854,1,2,0,0,0,0,0,0,0,0,0,0,0,0,0,0,0,0,0,0,0,0,0,0,0,0,0,0,0,0,0,0,0,0,australia,extraction,AUS,0,1,0.041,0.659,2,3,3,2,3,3,99,3,1
1913,Oro Mining And Railway Company,mexico,-102.552784,23.634501,cyanid,0.28598670000000004,1,6,0,0,0,0,0,0,0,0,0,0,0,0,0,0,0,0,0,0,0,0,0,0,0,0,0,0,0,0,0,0,0,0,mexico,extraction,MEX,0,0,0.774,0.561,-3,-3,-3,-3,-3,-3,70,0,0
1916,Oro Mining And Railway Company,mexico,-102.552784,23.634501,cyanid,0.28598670000000004,1,3,0,3,0,1,0,0,0,0,0,0,0,0,0,0,0.22801253547432007,0.034482758620689655,2,0.42028985507246375,0.4640804597701149,0.014455752393282442,0.2271720006555206,0.02666666666666667,2,0.3826530612244898,0.42711111111111094,0.007840032345461219,1.268876198226252e-4,0.02416918429003021,8,0.21486486486486486,0.22466191914832553,0.023107204980316768,mexico,extraction,MEX,0,0,0.774,0.561,-2,-2,-3,-2,-2,-3,76,0,0
1917,Oro Mining And Railway Company,mexico,-102.552784,23.634501,cyanid,0.2858504,1,2,0,0,0,0,0,0,0,0,0,0,0,0,0,0,0,0,0,0,0,0,0,0,0,0,0,0,0,0,0,0,0,0,mexico,extraction,MEX,0,0,0.79,0.54,-2,-2,-3,-2,-2,-3,76,0,0
1911,Oro Mining And Railway Limited,mexico,-102.552784,23.634501,cyanid,4.375304,1,2,0.0016363457217222974,1,0,0,0,0,0,0,0,0,0,0,0,0,0,0,0,0,0,0,0,0,0,0,0,0,0,0.007633587786259542,2,1,0.007633587786259542,2.924746278260361e-5,mexico,extraction,MEX,0,0,0.821,0.556,-2,-2,-3,-2,-2,-3,70,0,0
1922,Oro Mining And Railway Limited,mexico,-102.5528,23.6345,cyanid,4.43787,1,4,0,3,0,2,0,0,0,0,0,0,0,0,0,0,0.24230599175818884,0.043478260869565216,2,0.46938775510204084,0.4981884057971014,0.008183089475995655,0.2211531523571032,0.03225806451612903,2,0.4105960264900662,0.4489247311827954,0.003724794756330884,9.594731834249671e-4,0.02197802197802198,8,0.25107913669064746,0.2598704866562016,0.026185935276844367,mexico,extraction,MEX,0,0,0.795,0.557,-1,-2,-2,-1,-2,-2,85,0,0
1923,Oro Mining And Railway Limited,mexico,-102.5528,23.6345,cyanid,0.27447390000000005,1,5,0,3,1,1,1,0,0,0,0.20087660032654645,0.021739130434782608,1,0.3359375,0.36449275362318845,0,0.24088040851895057,0.05,2,0.46511627906976744,0.4979166666666666,0.004495648686825158,0.3036925924974237,0.05357142857142857,3,0.40875912408759124,0.4574404761904759,0.003353195528972565,0.013382001352336496,0.0582010582010582,22,0.3396048918156162,0.3619047619047599,0.03816763796302111,mexico,extraction,MEX,0,0,0.795,0.557,-1,-2,-2,-1,-2,-2,85,0,0
1920,Oroville Dredging Limited,kalgoorlie,121.466,-30.749,cyanid,3.5,1,9,0,4,1,0,0,1,1,0,0.040451342830047525,0.037037037037037035,2,0.26865671641791045,0.3212962962962964,0.005935646580300664,0.10587932409349125,0.01639344262295082,1,0.3630952380952381,0.40983606557377045,0,0.1260888194636439,0.038461538461538464,3,0.37320574162679426,0.42414529914529897,0.01249978710323634,0.0011444994003706956,0.049479166666666664,19,0.3201035375323555,0.3440972222222206,0.03188662472588152,australia,extraction,AUS,0,1,0.041,0.659,2,3,3,2,3,3,99,3,1
1921,Oroville Dredging Limited,kalgoorlie,121.466,-30.749,cyanid,0.02405697,1,3,0,2,0,1,0,0,0,0,0,0,0,0,0,0,0.08838977198586223,0.0196078431372549,1,0.3227848101265823,0.3676470588235294,0,0.07844546735199966,0.014705882352941176,1,0.3119266055045872,0.34901960784313735,0,0.03580345740433742,0.026954177897574125,10,0.3278236914600551,0.34681042228211917,0.00882411263115826,australia,extraction,AUS,0,1,0.041,0.659,2,3,3,2,3,3,99,3,1
1910,Oroya Black Range Limited,western,-95.71276,37.09375,cyanid,0.5350195,1,8,0,4,1,1,0,1,1,1,0.2704740002357006,0.03508771929824561,2,0.41007194244604317,0.45029239766081847,0.010194663683164353,0.2571473426679785,0.045454545454545456,3,0.4852941176470588,0.5088383838383839,0.00937956436099091,0.33555914918867297,0.056818181818181816,5,0.45595854922279794,0.49147727272727304,0.013180214413740026,4.3984476500593386e-7,0.023696682464454975,5,0.15953654188948307,0.1581603099375611,0.019953357104520883,united states of america,extraction,USA,0,0,0.098,0.581,1,2,1,1,2,1,98,3,1
1909,Oroya Extended Limited,kalgoorlie,121.466,-30.749,cyanid,0.36549709999999996,1,6,1352.9073496173123,0,0,0,0,0,2,0,0,0,0,0,0,0,0.06952231889198345,0.013157894736842105,1,0.31932773109243695,0.36184210526315785,0,0.06325153257739671,0.010309278350515464,1,0.31353135313531355,0.3422680412371133,0,0,0,0,0,0,0,australia,extraction,AUS,0,1,0.041,0.659,2,2,2,2,2,2,99,2,1
1912,Oroya Leonesa Limited,nicaragua,-85.207229,12.865416,cyanid,0.03649635,1,6,4.5563494578607376e-4,2,1,1,1,0,1,0,0.008214247288935128,0.014492753623188406,1,0.21967213114754097,0.23260869565217368,0,0.2183552781474258,0.03614457831325301,3,0.4368421052631579,0.4769076305220884,0.00229482138534163,0.2097765473449096,0.03636363636363636,4,0.3927272727272727,0.43257575757575784,0.010218179410261112,7.672052097471224e-9,0.012779552715654952,4,0.1413096996553422,0.15206494783172173,0.011741896725922291,nicaragua,extraction,NIC,0,0,0.887,0.34,-3,-3,-4,-3,-3,-4,75,-1,0
1911,Oroya Links Limited,western,-95.7127622,37.0937489,cyanid,0.6076811,1,1,2.3055664769700538e-4,0,0,0,0,0,0,0,0,0,0,0,0,0,0,0,0,0,0,0,0,0,0,0,0,0,0,0,0,0,0,0,united states of america,extraction,USA,0,0,0.098,0.581,1,2,1,1,2,1,98,3,1
1912,Oroya Links Limited,western,-95.7127622,37.0937489,cyanid,0.6082725,1,2,0,0,0,0,0,0,1,0,0,0,0,0,0,0,0.14970509804244214,0.024096385542168676,2,0.41919191919191917,0.45983935742971893,0.0010593213534590546,0.1413966539988141,0.01818181818181818,2,0.37894736842105264,0.4136363636363639,5.020775205189642e-4,0,0,0,0,0,0,united states of america,extraction,USA,0,0,0.098,0.581,1,2,1,1,2,1,98,3,1
1914,Oroya Links Limited,kalgoorlie,121.466,-30.749,cyanid,0.6163708,1,4,0,1,1,1,1,0,0,0,0.067856525792245,0.031746031746031744,2,0.29850746268656714,0.33042328042328045,0.035616146100017065,0.22548247881591282,0.041666666666666664,3,0.45569620253164556,0.49074074074074076,0.007249110237121432,0.2533497454777499,0.054945054945054944,5,0.4212962962962963,0.4688644688644692,0.009874574537746745,4.816651528466743e-6,0.002777777777777778,1,0.16435432230522945,0.14989157447490806,0,australia,extraction,AUS,0,1,0.041,0.659,2,3,2,2,3,2,99,2,1
1915,Oroya Links Limited,kalgoorlie,121.466,-30.749,cyanid,0.6163708,1,6,0,4,2,2,2,0,0,0,0.3388092838765036,0.04838709677419355,3,0.39705882352941174,0.39381720430107514,0.026920806733075373,0.2967832408738897,0.04878048780487805,4,0.5125,0.524390243902439,0.01950432892448287,0.3698683314344642,0.07142857142857142,7,0.4897959183673469,0.5085034013605444,0.02775126969130925,0.004271685798830445,0.036931818181818184,13,0.2986046511627907,0.31485051406926384,0.046959266569646184,australia,extraction,AUS,0,1,0.041,0.659,2,3,3,2,3,3,99,3,1
1916,Oroya Links Limited,kalgoorlie,121.466,-30.749,cyanid,0.02979028,1,6,0,5,1,1,1,0,0,0,0.19059796607987622,0.023809523809523808,1,0.3548387096774194,0.3134920634920636,0,0.22288058203591207,0.034482758620689655,2,0.38666666666666666,0.4382183908045977,0.007366563455805589,0.2999541883656835,0.04,3,0.3826530612244898,0.4342222222222222,0.008746107978637157,0.008330627587383711,0.054380664652567974,18,0.3045977011494253,0.33872824054092937,0.09063707072937328,australia,extraction,AUS,0,1,0.041,0.659,2,3,3,2,3,3,99,3,1
1917,Oroya Links Limited,kalgoorlie,121.466,-30.749,cyanid,0.029776080000000003,1,4,0,4,1,1,1,0,0,0,0.22027486665794274,0.027777777777777776,1,0.3018867924528302,0.323611111111111,0,0.26495422856412715,0.043478260869565216,2,0.3898305084745763,0.44384057971014484,0.0023201776937409125,0.31565827811955854,0.04918032786885246,3,0.3860759493670886,0.4404371584699452,0.007337392176914186,0.005172174400241149,0.05654761904761905,19,0.31121951219512195,0.3411210317460315,0.09342861346046885,australia,extraction,AUS,0,1,0.041,0.659,2,3,3,2,3,3,99,3,1
1919,Oroya Links Limited,kalgoorlie,121.466,-30.749,cyanid,0.02766711,1,4,0,0,0,0,0,0,0,0,0,0,0,0,0,0,0,0,0,0,0,0,0,0,0,0,0,0,0.02001437079410987,0.011235955056179775,4,0.2893401015228426,0.3002340823970045,3.8995382924465245e-4,australia,extraction,AUS,0,1,0.041,0.659,2,3,3,2,3,3,99,3,1
1922,Oroya Links Limited,kalgoorlie,121.466,-30.749,cyanid,0.02767936,1,6,0,4,1,1,1,0,1,0,0.08901619963067683,0.05128205128205128,2,0.3135593220338983,0.35,0.13765182186234817,0.4082780614264733,0.08695652173913043,4,0.5227272727272727,0.5434782608695652,0.02534242711755218,0.42549043291090866,0.0967741935483871,6,0.45255474452554745,0.5040322580645159,0.03798846529730878,0.03196416026610692,0.0521978021978022,19,0.3428290766208251,0.36840659340659154,0.07499043557282167,australia,extraction,AUS,0,1,0.041,0.659,2,3,3,2,3,3,99,3,1
1908,Ouro Preto Gold Mines Brazil,brazil,-51.92528,-14.235,cyanid,0.486618,1,4,3079.4834477189916,0,0,0,0,0,0,0,0,0,0,0,0,0,0,0,0,0,0,0,0,0,0,0,0,0,0,0,0,0,0,0,brazil,extraction,BRA,0,0,0.78,0.63,-2,-1,-2,-2,-1,-2,91,1,0
1909,Ouro Preto Gold Mines Brazil,brazil,-51.92528,-14.235,cyanid,0.4873294,1,4,0,0,0,0,0,0,0,0,0,0,0,0,0,0,0,0,0,0,0,0,0,0,0,0,0,0,0,0,0,0,0,0,brazil,extraction,BRA,0,0,0.78,0.63,-2,-1,-2,-2,-1,-2,91,1,0
1910,Ouro Preto Gold Mines Brazil,brazil,-51.92528,-14.235,cyanid,0.48638129999999996,1,4,0,1,0,0,0,0,0,0,0,0,0,0,0,0,0,0,0,0,0,0,0,0,0,0,0,0,0.002584539761056494,0.009478672985781991,2,0.23803191489361702,0.2245712028887388,9.811158191305417e-4,brazil,extraction,BRA,0,0,0.78,0.63,-2,-1,-2,-2,-1,-2,92,1,0
1910,Outtrim Howitti And British Consolidated,western,-95.71276,37.09375,cyanid,1.459144,1,10,0,2,0,0,0,0,0,0,0,0,0,0,0,0,0,0,0,0,0,0,0,0,0,0,0,0,0,0.009478672985781991,2,0.75,0.011848341232227489,9.027307605506658e-5,united states of america,extraction,USA,0,0,0.098,0.581,1,2,1,1,2,1,98,3,1
1895,Paarl Central Gold Mining And Exploration Company,london,-0.1277583,51.50735,cyanid,0.8308895,1,10,0,0,0,0,0,0,2,0,0,0,0,0,0,0,0.08960231452650926,0.03125,1,0.3333333333333333,0.3828125,0,0.08684389427578082,0.022222222222222223,1,0.3125,0.35407407407407415,0,0,0,0,0,0,0,united kingdom,extraction,GBR,1,1,0.028,0.73,2,2,NA,2,2,NA,98,3,1
1908,Paarl Central Gold Mining And Exploration Company,johannesburg,28.04731,-26.2041,cyanid,1.946472,1,7,0,3,1,2,1,0,0,0,0.16508074760008837,0.014084507042253521,1,0.29957805907172996,0.35023474178403763,0,0.30378575366789445,0.05063291139240506,4,0.512987012987013,0.5253164556962026,0.009978129050984812,0.33120333490779297,0.046296296296296294,5,0.43724696356275305,0.4768518518518521,0.008001356918557809,0.14121200256191987,0.13157894736842105,10,0.4013605442176871,0.3831140350877191,0.20617994309443766,south africa,extraction,ZAF,1,1,0.408,0.115,NA,NA,NA,NA,NA,NA,NA,-2,0
1893,Pahang Kabang Limited,london,-0.1277583,51.50735,amalgama,0.9727625999999999,1,4,0,0,0,0,0,0,0,0,0,0,0,0,0,0,0,0,0,0,0,0,0,0,0,0,0,0,0,0,0,0,0,0,united kingdom,extraction,GBR,1,1,0.028,0.73,2,2,NA,2,2,NA,98,3,1
1894,Pahang Kabang Limited,london,-0.1277583,51.50735,amalgama,0.9756098000000001,0,4,261.4279548040811,0,0,0,0,0,0,0,0,0,0,0,0,0,0,0,0,0,0,0,0,0,0,0,0,0,0,0,0,0,0,0,united kingdom,extraction,GBR,1,1,0.028,0.73,2,2,NA,2,2,NA,98,3,1
1909,Peak Hill Goldfield Limited,western,-95.71276,37.09375,cyanid,1.461988,1,6,0,0,0,0,0,0,0,0,0,0,0,0,0,0,0,0,0,0,0,0,0,0,0,0,0,0,0,0,0,0,0,0,united states of america,extraction,USA,0,0,0.117,0.581,1,1,1,1,1,1,98,1,1
1911,Peak Hill Goldfield Limited,western,-95.7127622,37.0937489,cyanid,1.458435,1,3,2.3055664769700538e-4,2,0,0,0,1,0,0,0.05452720896186269,0.013157894736842105,1,0.28294573643410853,0.3048245614035088,0,0,0,0,0,0,0,0.024957024490145016,0.008403361344537815,1,0.271689497716895,0.2939775910364148,0,0,0.007633587786259542,2,1,0.003816793893129771,0,united states of america,extraction,USA,0,0,0.098,0.581,1,2,1,1,2,1,98,3,1
1912,Peak Hill Goldfield Limited,western,-95.7127622,37.0937489,cyanid,1.459854,1,6,0,4,1,0,0,0,0,0,0.09061525051768878,0.014492753623188406,1,0.27800829875518673,0.30869565217391315,0,0,0,0,0,0,0,0.024032193511021233,0.00909090909090909,1,0.27621483375959077,0.29363636363636375,0,5.549712376327552e-11,0.009584664536741214,3,0.11029976940814758,0.11126427525365726,0,united states of america,extraction,USA,0,0,0.098,0.581,1,2,1,1,2,1,98,3,1
1891,Persian Bank Mining Rights Corporation,london,-0.1277583,51.5073509,amalgama,4.193322,0,10,0,0,0,0,0,0,0,0,0,0,0,0,0,0,0,0,0,0,0,0,0,0,0,0,0,0,0,0,0,0,0,0,united kingdom,extraction,GBR,1,1,0.028,0.73,2,2,NA,2,2,NA,98,3,1
1913,Phoenix Gold Mines Limited,transvaal,-81.1830974,43.2325617,cyanid,1.655307,1,3,0,0,0,0,0,0,0,0,0,0,0,0,0,0,0,0,0,0,0,0,0,0,0,0,0,0,0,0,0,0,0,0,canada,extraction,CAN,0,1,0.072,0.61,2,1,1,2,1,1,96,0,1
1919,Phoenix Mining And Finance Limited,barberton,-81.6051221,41.012833,cyanid,1.106684,1,5,0,2,0,1,0,0,0,0,0,0,0,0,0,0,0.08172327618118085,0.015384615384615385,1,0.31862745098039214,0.3615384615384616,0,0.07572064831326412,0.0125,1,0.3125,0.3502083333333333,0,0.09344465075047967,0.03089887640449438,11,0.32082551594746717,0.3411784376672009,3.76866044346874e-4,united states of america,extraction,USA,0,0,0.07,0.581,1,2,1,1,2,1,98,3,1
1922,Phoenix Mining And Finance Limited,london,-0.1277583,51.50735,cyanid,1.107174,1,6,0,2,0,0,0,0,1,0,0,0,0,0,0,0,0.2177479832025145,0.043478260869565216,2,0.41818181818181815,0.4655797101449275,0.00343718997238487,0.19850962057461516,0.03225806451612903,2,0.3803680981595092,0.42473118279569866,0.0016148365388525005,0.03826591047849029,0.016483516483516484,6,0.3346116970278044,0.3550170068027194,0.005436814172500271,united kingdom,extraction,GBR,1,1,0.027,0.73,2,2,1,2,2,1,89,3,1
1909,Pigg Peak Development Company,barberton,-81.60512,41.01283,cyanid,0.9746589,1,5,249.0143774464526,2,0,0,0,0,1,0,0,0,0,0,0,0,0.06924109956665807,0.013157894736842105,1,0.336283185840708,0.38157894736842096,0,0.060910802984775844,0.010309278350515464,1,0.32646048109965636,0.3577319587628865,0,0.012600149695605543,0.016853932584269662,3,0.2673076923076923,0.23902710897092935,9.3078976880585e-5,united states of america,extraction,USA,0,0,0.117,0.581,1,1,1,1,1,1,98,1,1
1910,Pigg Peak Development Company,barberton,-81.60512,41.01283,cyanid,0.9727625999999999,1,7,0,5,0,1,0,0,0,0,0,0,0,0,0,0,0.07569663544377364,0.015151515151515152,1,0.33,0.375,0,0.06662769375219539,0.011363636363636364,1,0.3176895306859206,0.3545454545454544,0,0.05463099945664592,0.037914691943127965,8,0.30915371329879104,0.3125479575716553,0.0022582726992461566,united states of america,extraction,USA,0,0,0.098,0.581,1,2,1,1,2,1,98,3,1
1911,Pigg Peak Development Company,barberton,-81.6051221,41.012833,cyanid,0.9722896999999999,1,5,3.770972269469137e-4,3,0,1,0,0,0,0,0,0,0,0,0,0,0.0651928468723489,0.011111111111111112,1,0.32608695652173914,0.36944444444444446,0,0.05920920951062067,0.008403361344537815,1,0.31151832460732987,0.3478991596638655,0,0.04766621419398638,0.022900763358778626,6,0.3364485981308411,0.31797528171574013,0.0024476017401550043,united states of america,extraction,USA,0,0,0.098,0.581,1,2,1,1,2,1,98,3,1
1912,Pigg Peak Development Company,barberton,-81.6051221,41.012833,cyanid,0.973236,1,1,0,0,0,0,0,0,0,0,0,0,0,0,0,0,0,0,0,0,0,0,0,0,0,0,0,0,0.014585668044124374,0.003194888178913738,1,0.2604355716878403,0.2859731500306591,0,united states of america,extraction,USA,0,0,0.098,0.581,1,2,1,1,2,1,98,3,1
1914,Pigg Peak Development Company,transvaal,-81.1830974,43.2325617,cyanid,0.9861933,1,5,0,3,0,0,0,0,0,0,0,0,0,0,0,0,0,0,0,0,0,0,0,0,0,0,0,0,0.08921264409593899,0.03333333333333333,12,0.30495049504950494,0.3054199735449733,0.00808228636422535,canada,extraction,CAN,0,1,0.067,0.61,2,1,1,2,1,1,96,0,1
1922,Pre Tea Block Limited,london,-0.1277583,51.50735,cyanid,5.093003,0,6,0,3,1,1,1,0,0,0,0.08416037303991451,0.02564102564102564,1,0.29838709677419356,0.32008547008547,0,0.10960649465894941,0.021739130434782608,1,0.35384615384615387,0.40217391304347827,0,0.1416441571200114,0.03225806451612903,2,0.3502824858757062,0.39838709677419337,0.001361820453344379,0.0039406117951128975,0.016483516483516484,6,0.2616191904047976,0.27253728414442796,0.016415671196585616,united kingdom,extraction,GBR,1,1,0.027,0.73,2,2,1,2,2,1,89,3,1
1921,Premier Transvaal Ltd,london,-0.1277583,51.50735,cyanid,3.271747,1,6,0,3,2,1,1,0,0,0,0.10943026981965946,0.0425531914893617,2,0.30201342281879195,0.33581560283687945,0.0043324082639531305,0.30690425914907893,0.058823529411764705,3,0.425,0.4771241830065359,0.00604333176921053,0.3295903167582249,0.07352941176470588,5,0.4,0.46004901960784295,0.012703382240510097,0.015609733167223057,0.03504043126684636,13,0.3145374449339207,0.3283468104222814,0.014149394584298088,united kingdom,extraction,GBR,1,1,0.028,0.73,2,2,1,2,2,1,89,3,1
1917,Prestea Abossa Gold And Product States,london,-0.1277583,51.50735,cyanid,4.049547,1,1,0,1,0,0,0,0,0,0,0,0,0,0,0,0,0,0,0,0,0,0,0,0,0,0,0,0,1.0142083231825515e-6,0.002976190476190476,1,0.17971830985915493,0.17951506991685534,0,united kingdom,extraction,GBR,1,1,0.028,0.73,2,2,2,2,2,2,94,3,1
1912,Prestea Block Limited,london,-0.1277583,51.5073509,cyanid,4.136253,0,8,0,0,0,0,0,0,0,0,0,0,0,0,0,0,0,0,0,0,0,0,0,0,0,0,0,0,0,0,0,0,0,0,united kingdom,extraction,GBR,1,1,0.028,0.73,2,2,2,2,2,2,98,3,1
1913,Prestea Block Limited,london,-0.1277583,51.5073509,cyanid,4.138267,1,9,0,1,0,0,0,1,0,0,0.020240871993070113,0.017241379310344827,1,0.24431818181818182,0.20574712643678153,0,0,0,0,0,0,0,0.01066863810612416,0.01020408163265306,1,0.256198347107438,0.25629251700680267,0,1.0019911712094674e-4,0.0031446540880503146,1,0.1712085308056872,0.1735796436268136,0,united kingdom,extraction,GBR,1,1,0.028,0.73,2,2,2,2,2,2,98,3,1
1915,Prestea Block Limited,london,-0.1277583,51.5073509,cyanid,4.138267,0,6,0,3,2,1,1,1,0,0,0.12817078495912437,0.03225806451612903,2,0.3176470588235294,0.3204301075268818,0.02129123300461216,0.22356014175627056,0.036585365853658534,3,0.44086021505376344,0.47967479674796754,0.006974814557477349,0.24555932536020725,0.05102040816326531,5,0.43636363636363634,0.4705782312925172,0.013799114080413765,0.003979947539884017,0.022727272727272728,8,0.27249575551782684,0.2795860389610396,0.003757494866254943,united kingdom,extraction,GBR,1,1,0.028,0.73,2,2,2,2,2,2,98,3,1
1916,Prestea Block Limited,london,-0.1277583,51.5073509,cyanid,4.051478,0,6,0,0,0,0,0,0,0,0,0,0,0,0,0,0,0,0,0,0,0,0,0,0,0,0,0,0,0,0,0,0,0,0,united kingdom,extraction,GBR,1,1,0.031,0.73,2,2,2,2,2,2,94,3,1
1919,Prestea Block Limited,london,-0.1277583,51.5073509,cyanid,5.090748,1,1,0,1,0,0,0,0,0,0,0,0,0,0,0,0,0,0,0,0,0,0,0,0,0,0,0,0,0.017008755108598787,0.008426966292134831,3,0.29457364341085274,0.30936329588015044,1.0835333554758097e-4,united kingdom,extraction,GBR,1,1,0.028,0.73,2,2,1,2,2,1,89,3,1
1920,Prestea Block Limited,london,-0.1277583,51.50735,cyanid,5.090748,1,1,0,0,0,0,0,0,0,0,0,0,0,0,0,0,0,0,0,0,0,0,0,0,0,0,0,0,0.008225258335152736,0.005208333333333333,2,0.29258675078864355,0.3067150297619049,9.522956022024096e-4,united kingdom,extraction,GBR,1,1,0.028,0.73,2,2,1,2,2,1,89,3,1
1923,Prestea Block Limited,london,-0.1277583,51.50735,cyanid,3.888381,1,4,0,3,2,2,2,0,0,0,0.0937326683201682,0.043478260869565216,2,0.2721518987341772,0.3188664596273291,0.01208862036728155,0.43936106914507816,0.1,4,0.5263157894736842,0.55,0.017223966084825813,0.42805790540341393,0.10714285714285714,6,0.4628099173553719,0.5133928571428569,0.03408599961849675,0.046552753690446924,0.05291005291005291,20,0.3631790744466801,0.38628747795414276,0.030618459363618677,united kingdom,extraction,GBR,1,1,0.027,0.73,2,2,1,2,2,1,89,3,1
1917,Primros New Gold Mining Company,roodepoort,27.90147,-26.12014,cyanid,0.08785136,1,3,0,1,0,0,0,0,0,0,0,0,0,0,0,0,0,0,0,0,0,0,0,0,0,0,0,0,0.013761249358256542,0.005952380952380952,2,0.29400921658986173,0.3117984693877556,0,south africa,extraction,ZAF,1,1,0.408,0.115,-1,-1,-1,-1,-1,-1,84,2,0
1911,Prince State And Goldiwntng Limited,western,-95.7127622,37.0937489,cyanid,0.9722896999999999,1,12,2.3055664769700538e-4,8,0,0,0,0,0,0,0,0,0,0,0,0,0,0,0,0,0,0,0,0,0,0,0,0,0.11626745029621395,0.0916030534351145,24,0.3364485981308411,0.3362958924027627,0.008698936648180486,united states of america,extraction,USA,0,0,0.098,0.581,1,2,1,1,2,1,98,3,1
1895,Princess Estate And Gold Mining,london,-0.1277583,51.50735,cyanid,0.7331378000000001,1,12,0,0,0,0,0,2,2,0,0.06382035357442928,0.03125,1,0.23423423423423423,0.23072916666666676,0,0.11010358807526346,0.03125,1,0.3333333333333333,0.3828125,0,0.13271932038434284,0.044444444444444446,2,0.31690140845070425,0.37259259259259275,0.0023963832914755175,0,0,0,0,0,0,united kingdom,extraction,GBR,1,1,0.028,0.73,2,2,NA,2,2,NA,98,3,1
1908,Princess Estate And Gold Mining,western,-95.71276,37.09375,cyanid,0.7331378000000001,1,9,0,2,0,0,0,0,1,0,0,0,0,0,0,0,0.1637817135240837,0.02531645569620253,2,0.4388888888888889,0.4736286919831224,0.0018922661490818062,0.15293570138393386,0.018518518518518517,2,0.37894736842105264,0.42237654320987683,9.26343595461395e-4,7.286244354917947e-4,0.05263157894736842,4,0.23790322580645162,0.22985588972431065,0.05552897395002657,united states of america,extraction,USA,0,0,0.117,0.581,1,1,1,1,1,1,98,1,1
1909,Princess Estate And Gold Mining,western,-95.71276,37.09375,cyanid,0.7331378000000001,1,8,0,7,0,1,0,0,0,0,0,0,0,0,0,0,0.1717337115138838,0.02631578947368421,2,0.4367816091954023,0.47258771929824567,0.0024132760943906457,0.1552620966534917,0.020618556701030927,2,0.4008438818565401,0.430412371134021,0.0010294166973359076,0.1759872934157945,0.07865168539325842,14,0.3492462311557789,0.3294609416800435,0.012379261117770534,united states of america,extraction,USA,0,0,0.117,0.581,1,1,1,1,1,1,98,1,1
1910,Princess Estate And Gold Mining,western,-95.71276,37.09375,cyanid,0.7331378000000001,1,7,0,3,0,1,0,0,0,0,0,0,0,0,0,0,0.17560824736709935,0.030303030303030304,2,0.44,0.476010101010101,0.003173515607786076,0.1602407967161167,0.022727272727272728,2,0.39111111111111113,0.4318181818181818,0.001268957191337697,0.1142730976600168,0.061611374407582936,13,0.3396584440227704,0.35365605958023094,0.0070349311334016815,united states of america,extraction,USA,0,0,0.098,0.581,1,2,1,1,2,1,98,3,1
1913,Princess Estate And Gold Mining,roodepoort,27.9014654,-26.1201355,cyanid,1.582278,1,4,0,0,0,0,0,0,0,0,0,0,0,0,0,0,0,0,0,0,0,0,0,0,0,0,0,0,0.061945737485751586,0.006289308176100629,2,0.24935289042277825,0.27514853245985416,0,south africa,extraction,ZAF,1,1,0.408,0.115,-1,-1,-1,-1,-1,-1,84,2,0
1915,Princess Estate And Gold Mining,roodepoort,27.9014654,-26.1201355,cyanid,3.092293,1,9,0,4,1,2,1,0,0,0,0.04237633663024519,0.016129032258064516,1,0.23275862068965517,0.23118279569892455,0,0.13358350274263575,0.024390243902439025,2,0.3867924528301887,0.4349593495934959,0.003009299133281175,0.1386214471210864,0.030612244897959183,3,0.3779527559055118,0.4175170068027212,0.003851361380602801,0.22906369294586162,0.10227272727272728,36,0.34076433121019106,0.377049512987011,0.007513014448266688,south africa,extraction,ZAF,1,1,0.408,0.115,-1,-1,-1,-1,-1,-1,84,2,0
1915,Princess Estate And Gold Mining,new zealand,174.885971,-40.900557,cyanid,3.092293,1,9,0,4,1,2,1,0,0,0,0.04237633663024519,0.016129032258064516,1,0.23275862068965517,0.23118279569892455,0,0.13358350274263575,0.024390243902439025,2,0.3867924528301887,0.4349593495934959,0.003009299133281175,0.1386214471210864,0.030612244897959183,3,0.3779527559055118,0.4175170068027212,0.003851361380602801,0.22906369294586162,0.10227272727272728,36,0.34076433121019106,0.377049512987011,0.007513014448266688,new zealand,extraction,NA,0,0,NA,NA,NA,NA,NA,NA,NA,NA,NA,NA,NA
1912,Princess Royal Gold Mining Limited,western,-95.7127622,37.0937489,cyanid,0.1852165,1,3,0,0,0,0,0,0,0,0,0,0,0,0,0,0,0,0,0,0,0,0,0,0,0,0,0,0,0,0,0,0,0,0,united states of america,extraction,USA,0,0,0.098,0.581,1,2,1,1,2,1,98,3,1
1914,Princess Sitkteikn Gold Mining Ltd,roodepoort,27.9014654,-26.1201355,cyanid,1.602564,1,12,0,4,0,0,0,0,0,0,0,0,0,0,0,0,0,0,0,0,0,0,0,0,0,0,0,0,0.20543709551141082,0.09166666666666666,33,0.3395810363836825,0.3459722222222208,0.03811361375124204,south africa,extraction,ZAF,1,1,0.408,0.115,-1,-1,-1,-1,-1,-1,84,2,0
1914,Princess Sitkteikn Gold Mining Ltd,transvaal,-81.1830974,43.2325617,cyanid,1.602564,1,12,0,4,0,0,0,0,0,0,0,0,0,0,0,0,0,0,0,0,0,0,0,0,0,0,0,0,0.20543709551141082,0.09166666666666666,33,0.3395810363836825,0.3459722222222208,0.03811361375124204,canada,extraction,CAN,0,1,0.067,0.61,2,1,1,2,1,1,96,0,1
1911,Progress Mines New Zealand,new zealand,174.885971,-40.900557,cyanid,1.215362,0,2,0.002466190264589519,0,0,0,0,0,0,0,0,0,0,0,0,0,0,0,0,0,0,0,0,0,0,0,0,0,0,0,0,0,0,0,new zealand,extraction,NA,0,0,NA,NA,NA,NA,NA,NA,NA,NA,NA,NA,NA
1908,Progress Mines New Zealand Limited,new zealand,174.886,-40.90056,cyanid,1.216545,0,2,0,0,0,0,0,0,0,0,0,0,0,0,0,0,0,0,0,0,0,0,0,0,0,0,0,0,0,0,0,0,0,0,new zealand,extraction,NA,0,0,NA,NA,NA,NA,NA,NA,NA,NA,NA,NA,NA
1909,Progress Mines New Zealand Limited,new zealand,174.886,-40.90056,cyanid,1.218324,0,2,0,0,0,0,0,0,0,0,0,0,0,0,0,0,0,0,0,0,0,0,0,0,0,0,0,0,0,0,0,0,0,0,new zealand,extraction,NA,0,0,NA,NA,NA,NA,NA,NA,NA,NA,NA,NA,NA
1910,Progress Mines New Zealand Limited,new zealand,174.886,-40.90056,cyanid,1.215953,0,3,0,1,0,0,0,0,0,0,0,0,0,0,0,0,0,0,0,0,0,0,0,0,0,0,0,0,6.395972703848882e-4,0.004739336492890996,1,0.21284185493460167,0.20171706913413115,0,new zealand,extraction,NA,0,0,NA,NA,NA,NA,NA,NA,NA,NA,NA,NA,NA
1914,Progress Mines New Zealand Limited,new zealand,174.885971,-40.900557,cyanid,1.232742,1,1,0,0,0,0,0,0,0,0,0,0,0,0,0,0,0,0,0,0,0,0,0,0,0,0,0,0,0,0,0,0,0,0,new zealand,extraction,NA,0,0,NA,NA,NA,NA,NA,NA,NA,NA,NA,NA,NA
1910,Rand Collieries Limited,transvaal,-81.1831,43.23256,cyanid,1.945525,1,7,0,5,2,1,1,0,0,0,0.16101929907524737,0.017543859649122806,1,0.3630573248407643,0.4035087719298244,0,0.1756082473670994,0.030303030303030304,2,0.44,0.476010101010101,0.003173515607786076,0.22385577034049833,0.03409090909090909,3,0.41706161137440756,0.4564393939393943,0.0032600535628965793,0.05666487207768985,0.0947867298578199,20,0.29635761589403975,0.30153464229293686,0.0014282831006621063,canada,extraction,CAN,0,1,0.074,0.597,2,1,1,2,1,1,96,0,1
1920,Rand Fontein Central,the southern portion of,-95.71289,37.09024,cyanid,4.049102,1,0,0,0,0,0,0,0,0,0,0,0,0,0,0,0,0,0,0,0,0,0,0,0,0,0,0,0,0,0,0,0,0,0,united states of america,extraction,USA,0,0,0.078,0.581,1,2,1,1,2,1,98,3,1
1911,Rand Tettcerwra Gold Mining Ltd,transvaal,-81.1830974,43.2325617,cyanid,9.722897,1,14,2.8333329557698393e-4,8,1,0,0,0,0,0,0.07510244523651506,0.013157894736842105,1,0.30416666666666664,0.3282894736842106,0,0,0,0,0,0,0,0.02588369600770078,0.008403361344537815,1,0.2833333333333333,0.3089635854341738,0,0.42279143701955685,0.25190839694656486,66,0.4145873320537428,0.43422391857506293,0.06976290207934097,canada,extraction,CAN,0,1,0.072,0.61,2,1,1,2,1,1,96,0,1
1921,Rande Fontein Central,the southern portion of,-95.71289,37.09024,cyanid,4.253272,1,0,0,0,0,0,0,0,0,0,0,0,0,0,0,0,0,0,0,0,0,0,0,0,0,0,0,0,0,0,0,0,0,0,united states of america,extraction,USA,0,0,0.095,0.581,1,2,1,1,2,1,98,3,1
1914,Randfontein Central Gold Mining,randfontein,27.6786847,-26.1991505,cyanid,5.448718,1,4,0,1,0,0,0,0,0,0,0,0,0,0,0,0,0,0,0,0,0,0,0,0,0,0,0,0,0.015956071495263336,0.005555555555555556,2,0.24758842443729903,0.23255952380952466,1.4068259193607383e-6,south africa,extraction,ZAF,1,1,0.408,0.115,-1,-1,-1,-1,-1,-1,84,2,0
1922,Randfontein Central Gold Mining,the southern portion of,-95.71289,37.09024,cyanid,4.893711,1,4,0,0,0,0,0,0,0,0,0,0,0,0,0,0,0,0,0,0,0,0,0,0,0,0,0,0,0,0,0,0,0,0,united states of america,extraction,USA,0,0,0.094,0.581,1,2,1,1,2,1,98,3,1
1915,Randfontein Central Gold Mining Limited,randfontein,27.6786847,-26.1991505,cyanid,9.514748,1,14,0,7,1,0,0,1,1,1,0.2386174781672079,0.04838709677419355,3,0.4090909090909091,0.40188172043010745,0.0946059904018656,0.061405546707571604,0.012195121951219513,1,0.3178294573643411,0.3597560975609756,0,0.13387266915373403,0.04081632653061224,4,0.36363636363636365,0.41139455782312917,0.006450543982414918,0.3319032200590289,0.1278409090909091,45,0.3474025974025974,0.38756087662337474,0.010473175747022036,south africa,extraction,ZAF,1,1,0.408,0.115,-1,-1,-1,-1,-1,-1,84,2,0
1916,Randfontein Central Gold Mining Limited,randfontein,27.6786847,-26.1991505,cyanid,14.824347,1,14,0,0,0,0,0,0,0,0,0,0,0,0,0,0,0,0,0,0,0,0,0,0,0,0,0,0,0.16958875739194412,0.03625377643504532,12,0.3202416918429003,0.3545604948928204,0.0011566197426634936,south africa,extraction,ZAF,1,1,0.408,0.115,-1,-1,-1,-1,-1,-1,84,2,0
1917,Randfontein Central Gold Mining Limited,randfontein,27.67868,-26.19915,cyanid,14.824347,1,1,0,0,0,0,0,1,0,0,0.1885771010956025,0.027777777777777776,1,0.2909090909090909,0.3097222222222221,0,0,0,0,0,0,0,0.050717874982538116,0.01639344262295082,1,0.2772727272727273,0.30819672131147535,0,0.09873100892056767,0.023809523809523808,8,0.31772908366533864,0.3475623582766431,7.011136936621114e-4,south africa,extraction,ZAF,1,1,0.408,0.115,-1,-1,-1,-1,-1,-1,84,2,0
1912,Randfontein Estates Gold Mining Company,randfontein,27.6786847,-26.1991505,cyanid,9.73236,1,17,0,9,0,0,0,0,0,0,0,0,0,0,0,0,0,0,0,0,0,0,0,0,0,0,0,0,0.3821310856507228,0.1597444089456869,50,0.3380447585394582,0.4182235407475014,0.03295936179036014,south africa,extraction,ZAF,1,1,0.408,0.115,-1,-1,-1,-1,-1,-2,84,2,0
1908,Randfontein South Gold Mining Limited,western,-95.71276,37.09375,cyanid,9.727626,1,3,0,0,0,0,0,1,0,0,0.10876047266331991,0.014084507042253521,1,0.29218106995884774,0.33041582830315236,0,0,0,0,0,0,0,0.02308666385307565,0.009259259259259259,1,0.2819843342036554,0.30725308641975324,0,0,0,0,0,0,0,united states of america,extraction,USA,0,0,0.117,0.581,1,1,1,1,1,1,98,1,1
1910,Randfontein South Gold Mining Limited,transvaal,-81.1831,43.23256,cyanid,9.727626,1,40,0,19,6,1,0,2,1,1,0.39615443620434976,0.08771929824561403,5,0.4789915966386555,0.516081871345029,0.09463261831130029,0.17899010623333675,0.030303030303030304,2,0.4024390243902439,0.44949494949494945,0.0010345442464289862,0.31478461381454403,0.07954545454545454,7,0.43781094527363185,0.4895833333333336,0.02340803202881351,0.43933162121691455,0.26540284360189575,56,0.38913043478260867,0.42259083728277974,0.1393755529720571,canada,extraction,CAN,0,1,0.074,0.597,2,1,1,2,1,1,96,0,1
1910,Randfontein South Gold Mining Limited,western,-95.71276,37.09375,cyanid,9.727626,1,40,0,19,6,1,0,2,1,1,0.39615443620434976,0.08771929824561403,5,0.4789915966386555,0.516081871345029,0.09463261831130029,0.17899010623333675,0.030303030303030304,2,0.4024390243902439,0.44949494949494945,0.0010345442464289862,0.31478461381454403,0.07954545454545454,7,0.43781094527363185,0.4895833333333336,0.02340803202881351,0.43933162121691455,0.26540284360189575,56,0.38913043478260867,0.42259083728277974,0.1393755529720571,united states of america,extraction,USA,0,0,0.098,0.581,1,2,1,1,2,1,98,3,1
1911,Randfontein South Gold Mining Limited,london,-0.1277583,51.5073509,amalgama,9.727626,1,7,1.0013217677085525e-4,4,1,0,0,0,0,0,0.1486233253291119,0.013157894736842105,1,0.35096153846153844,0.37719298245614014,0,0,0,0,0,0,0,0.054367976248316595,0.008403361344537815,1,0.30512820512820515,0.33949579831932764,0,0.29083931116460615,0.10687022900763359,28,0.3737024221453287,0.36504907306433937,0.007986896443069196,united kingdom,extraction,GBR,1,1,0.028,0.73,2,2,2,2,2,2,98,3,1
1911,Randfontein South Gold Mining Limited,transvaal,-81.1830974,43.2325617,cyanid,9.727626,1,7,2.8333329557698393e-4,4,1,0,0,0,0,0,0.1486233253291119,0.013157894736842105,1,0.35096153846153844,0.37719298245614014,0,0,0,0,0,0,0,0.054367976248316595,0.008403361344537815,1,0.30512820512820515,0.33949579831932764,0,0.29083931116460615,0.10687022900763359,28,0.3737024221453287,0.36504907306433937,0.007986896443069196,canada,extraction,CAN,0,1,0.072,0.61,2,1,1,2,1,1,96,0,1
1911,Randfontein South Gold Mining Limited,randfontein,27.6786847,-26.1991505,cyanid,9.727626,1,7,4.730119723897761e-4,4,1,0,0,0,0,0,0.1486233253291119,0.013157894736842105,1,0.35096153846153844,0.37719298245614014,0,0,0,0,0,0,0,0.054367976248316595,0.008403361344537815,1,0.30512820512820515,0.33949579831932764,0,0.29083931116460615,0.10687022900763359,28,0.3737024221453287,0.36504907306433937,0.007986896443069196,south africa,extraction,ZAF,1,1,0.408,0.115,-1,-1,-1,-1,-1,-2,84,2,0
1923,Randfontein South Gold Mining Limited,the southern portion of,-95.71289,37.09024,cyanid,5.054895,1,7,0,0,0,0,0,0,0,0,0,0,0,0,0,0,0,0,0,0,0,0,0,0,0,0,0,0,0.07023507032401434,0.018518518518518517,7,0.37604166666666666,0.3892416225749548,0.0018761466061104155,united states of america,extraction,USA,0,0,0.096,0.581,1,2,1,1,2,1,98,3,1
1919,Rano Selection Corporation Limited,the southern portion of,-95.712891,37.09024,cyanid,19.920319,1,18,0,11,2,3,2,0,1,0,0.30929192559672797,0.05660377358490566,3,0.4155844155844156,0.289308176100629,0.11901306240928884,0.3768823488667497,0.06153846153846154,4,0.5158730158730159,0.5307692307692308,0.01899609558977301,0.4307629681667552,0.0875,7,0.4819277108433735,0.5177083333333337,0.03790391159391869,0.8946284267494666,0.22191011235955055,79,0.39085714285714285,0.4544475655430717,0.040730690421047634,united states of america,extraction,USA,0,0,0.07,0.581,1,2,1,1,2,1,98,3,1
1914,Raub Australian Mining Company,queensland,142.7027956,-20.9175738,cyanid,0.9861933,1,4,0,1,0,0,0,1,1,1,0.053077083699829955,0.031746031746031744,2,0.2764976958525346,0.29788359788359786,0.004290103138029404,0.25621399253382304,0.041666666666666664,3,0.4931506849315068,0.5115740740740741,0.008650763473096193,0.2718571069666028,0.054945054945054944,5,0.441747572815534,0.48260073260073294,0.01252932615992739,4.088670452762747e-18,0.002777777777777778,1,1,0.002777777777777778,0,australia,extraction,AUS,0,1,0.041,0.659,2,3,2,2,3,2,99,2,1
1895,Ravenscliff Mining Company,new zealand,174.886,-40.90056,cyanid,0.6302439,1,5,11827.770990862378,0,0,0,0,0,0,0,0,0,0,0,0,0,0,0,0,0,0,0,0,0,0,0,0,0,0,0,0,0,0,0,new zealand,extraction,NA,0,0,NA,NA,NA,NA,NA,NA,NA,NA,NA,NA,NA
1921,Renong Tin Dredging Company,western,-95.71276,37.09375,cyanid,0.269438,1,9,0,3,1,0,0,0,0,0,0.014381918615876278,0.02127659574468085,1,0.2356020942408377,0.2489361702127658,0,0,0,0,0,0,0,0.006224973251047305,0.014705882352941176,1,0.2518518518518518,0.26691176470588235,0,0.03575349228043664,0.02425876010781671,9,0.3380681818181818,0.3526504941599264,0.009111612916797447,united states of america,extraction,USA,0,0,0.095,0.581,1,2,1,1,2,1,98,3,1
1914,Rex Consolidated Limited,transvaal,-81.1830974,43.2325617,cyanid,0.2465483,1,4,0,0,0,0,0,0,1,0,0,0,0,0,0,0,0.10241060555645519,0.013888888888888888,1,0.375,0.42013888888888884,0,0.09572347977228025,0.01098901098901099,1,0.35,0.39267399267399256,0,0,0,0,0,0,0,canada,extraction,CAN,0,1,0.067,0.61,2,1,1,2,1,1,96,0,1
1911,Rex Gold Mines Limited,transvaal,-81.1830974,43.2325617,cyanid,0.486618,0,3,2.8333329557698393e-4,0,0,0,0,0,0,0,0,0,0,0,0,0,0,0,0,0,0,0,0,0,0,0,0,0,0,0,0,0,0,0,canada,extraction,CAN,0,1,0.072,0.61,2,1,1,2,1,1,96,0,1
1912,Rex Gold Mines Limited,transvaal,-81.1830974,43.2325617,cyanid,0.486618,1,7,0,3,0,0,0,1,0,0,0.09061525051768882,0.014492753623188406,1,0.27800829875518673,0.30869565217391315,0,0,0,0,0,0,0,0.024032193511021222,0.00909090909090909,1,0.27621483375959077,0.29363636363636375,0,0,0.003194888178913738,1,1,0.003194888178913738,0,canada,extraction,CAN,0,1,0.072,0.61,2,1,1,2,1,1,96,0,1
1912,Rex Gold Mines Limited,western,-95.7127622,37.0937489,cyanid,0.486618,1,7,0,3,0,0,0,1,0,0,0.09061525051768882,0.014492753623188406,1,0.27800829875518673,0.30869565217391315,0,0,0,0,0,0,0,0.024032193511021222,0.00909090909090909,1,0.27621483375959077,0.29363636363636375,0,0,0.003194888178913738,1,1,0.003194888178913738,0,united states of america,extraction,USA,0,0,0.098,0.581,1,2,1,1,2,1,98,3,1
1913,Rex Gold Mines Limited,transvaal,-81.1830974,43.2325617,cyanid,0.48685490000000003,1,7,0,0,0,0,0,0,0,0,0,0,0,0,0,0,0,0,0,0,0,0,0,0,0,0,0,0,0,0,0,0,0,0,canada,extraction,CAN,0,1,0.072,0.61,2,1,1,2,1,1,96,0,1
1914,Rex Zaaiplam Mines Limited,western,-95.7127622,37.0937489,cyanid,0.3451677,1,8,0,5,1,1,0,0,1,0,0.007047980451086957,0.015873015873015872,1,0.2033898305084746,0.2145880574452,0,0.1024106055564552,0.013888888888888888,1,0.375,0.42013888888888884,0,0.09931053675838238,0.02197802197802198,2,0.35271317829457366,0.3999999999999999,0.004728020553221502,0.03453522200500818,0.030555555555555555,11,0.2634730538922156,0.2623291446208123,0.014728947309473384,united states of america,extraction,USA,0,0,0.079,0.581,1,2,1,1,2,1,98,3,1
1919,Rezen Mines Limited,western,-95.7127622,37.0937489,cyanid,0.30987159999999997,1,5,0,2,0,0,0,0,0,0,0,0,0,0,0,0,0,0,0,0,0,0,0,0,0,0,0,0,0.01659847322016432,0.016853932584269662,6,0.2775974025974026,0.2936396468699848,0.008957421551759775,united states of america,extraction,USA,0,0,0.07,0.581,1,2,1,1,2,1,98,3,1
1911,Rezende Mines Limited,western,-95.7127622,37.0937489,cyanid,0.34030140000000003,1,6,2.3055664769700538e-4,3,0,2,0,1,0,0,0.14862332532911188,0.013157894736842105,1,0.35096153846153844,0.37719298245614014,0,0.16077827465652475,0.022222222222222223,2,0.4411764705882353,0.47407407407407415,0.002527875658848684,0.20057121696783314,0.025210084033613446,3,0.4160839160839161,0.4537815126050423,0.0037205191451183902,0.00990962290661738,0.011450381679389313,3,0.2805194805194805,0.25582515448927734,0.006290924371006467,united states of america,extraction,USA,0,0,0.098,0.581,1,2,1,1,2,1,98,3,1
1913,Rezende Mines Limited,western,-95.7127622,37.0937489,cyanid,0.3407984,1,2,0,0,0,0,0,1,0,0,0.008773955973688918,0.017241379310344827,1,0.22631578947368422,0.18908045977011478,0,0,0,0,0,0,0,0.005859460171662231,0.01020408163265306,1,0.25067385444743934,0.24897959183673465,0,0.021816308166954953,0.009433962264150943,3,0.23438767234387672,0.2600092692073831,0.004027145812863197,united states of america,extraction,USA,0,0,0.083,0.581,1,2,1,1,2,1,98,3,1
1915,Rezende Mines Limited,western,-95.7127622,37.0937489,cyanid,0.3330162,1,1,0,1,1,0,0,0,0,0,0.11743236916464057,0.016129032258064516,1,0.3,0.29811827956989256,0,0,0,0,0,0,0,0.0299983000627593,0.01020408163265306,1,0.2774566473988439,0.29812925170068033,0,0.02601962847633932,0.014204545454545454,5,0.30368968779564803,0.3151920995670992,0.005669270312269301,united states of america,extraction,USA,0,0,0.07,0.581,1,2,1,1,2,1,98,3,1
1916,Rezende Mines Limited,western,-95.7127622,37.0937489,cyanid,0.3336511,1,2,0,1,0,0,0,0,0,0,0,0,0,0,0,0,0,0,0,0,0,0,0,0,0,0,0,0,2.4589688662492827e-4,0.006042296072507553,2,0.22505307855626328,0.23347360092073197,0.005804266227226952,united states of america,extraction,USA,0,0,0.07,0.581,1,2,1,1,2,1,98,3,1
1917,Rezende Mines Limited,western,-95.71276,37.09375,cyanid,0.33349209999999996,1,6,0,6,3,1,0,0,0,0,0.5721589041346612,0.1111111111111111,4,0.47058823529411764,0.46990740740740744,0.25121315192743765,0.0866062263990468,0.021739130434782608,1,0.3333333333333333,0.3804347826086956,0,0.2658928830534831,0.08196721311475409,5,0.3860759493670886,0.4540983606557376,0.04045667292131633,0.003956036296821094,0.03273809523809524,11,0.28894927536231885,0.30397534013605493,0.025001454506938647,united states of america,extraction,USA,0,0,0.07,0.581,1,2,1,1,2,1,98,3,1
1920,Rezende Mines Limited,western,-95.71276,37.09375,cyanid,0.2565042,1,5,0,4,1,1,1,0,0,0,0.18350210651708013,0.018518518518518517,1,0.33540372670807456,0.38765432098765434,0,0.32279850996469645,0.04918032786885246,3,0.4765625,0.505464480874317,0.009014342597879714,0.37326251761821627,0.05128205128205128,4,0.4406779661016949,0.480769230769231,0.00864997615872829,0.04288337801330271,0.052083333333333336,20,0.3435185185185185,0.37209201388888613,0.013357091333465866,united states of america,extraction,USA,0,0,0.078,0.581,1,2,1,1,2,1,98,3,1
1922,Rezende Mines Limited,rhodesia,-97.21348,32.82943,cyanid,0.2565042,1,5,0,3,2,1,1,0,0,0,0.23324655510980646,0.05128205128205128,2,0.32456140350877194,0.37435897435897436,0.048582995951417005,0.32735447786146404,0.06521739130434782,3,0.5,0.5235507246376812,0.016365160465796006,0.3777482865360794,0.08064516129032258,5,0.45925925925925926,0.5013440860215052,0.046607469825949294,0.18372751661243078,0.07142857142857142,26,0.3777056277056277,0.4091575091575082,0.036066908070870644,united states of america,extraction,USA,0,0,0.094,0.581,1,2,1,1,2,1,98,3,1
1923,Rezende Mines Limited,rhodesia,-97.21348,32.82943,cyanid,0.2565042,1,4,0,3,2,1,1,0,1,0,0.21268365073253168,0.043478260869565216,2,0.3524590163934426,0.3898550724637682,0.0657973720889322,0.3402733768325012,0.075,3,0.5128205128205128,0.5333333333333333,0.010820202356401453,0.396995193496929,0.08928571428571429,5,0.45528455284552843,0.501488095238095,0.04826010466018943,0.20378150103805853,0.07407407407407407,28,0.40022172949002216,0.42716049382716154,0.014720746700349825,united states of america,extraction,USA,0,0,0.096,0.581,1,2,1,1,2,1,98,3,1
1920,Rhb Oeeabzatanga Junction Railway And,rhodesia,-97.21348,32.82943,cyanid,0.2491755,1,12,0,7,1,1,1,2,2,2,0.11416329993661344,0.07407407407407407,4,0.3312883435582822,0.396604938271605,0.07321009223987397,0.41575681173491763,0.06557377049180328,4,0.5169491525423728,0.5327868852459017,0.01904668915210136,0.46495377920028097,0.10256410256410256,8,0.46153846153846156,0.5149572649572651,0.04375673322040784,0.004462239630759317,0.052083333333333336,20,0.32919254658385094,0.3543402777777758,0.05712164535151473,united states of america,extraction,USA,0,0,0.078,0.581,1,2,1,1,2,1,98,3,1
1919,Rhodebia Katanga Junction,rhodesia,-97.2134822,32.8294337,cyanid,1.847162,1,5,0,2,0,0,0,0,0,0,0,0,0,0,0,0,0,0,0,0,0,0,0,0,0,0,0,0,1.3498615365115408e-4,0.008426966292134831,3,0.2067714631197098,0.21185794542536301,2.2662765183534045e-4,united states of america,extraction,USA,0,0,0.07,0.581,1,2,1,1,2,1,98,3,1
1910,Rhodesia Consolidated Limited,salisbury,-75.59937,38.36067,cyanid,2.712032,1,4,0,4,0,2,0,0,0,0,0,0,0,0,0,0,0.2605292015342159,0.045454545454545456,3,0.4342105263157895,0.47853535353535354,0.0037726368514865954,0.23337204598605038,0.03409090909090909,3,0.3876651982378855,0.4337121212121212,0.001716338448903281,2.0346456437997707e-6,0.052132701421800945,11,0.18645833333333334,0.18421349582487023,0.013239431633632918,united states of america,extraction,USA,0,0,0.098,0.581,1,2,1,1,2,1,98,3,1
1909,Rhodesia Exploration Development Limited,rhodesia,-97.21348,32.82943,cyanid,1.459854,1,9,0,2,0,1,0,2,2,0,0.15392137005147383,0.029850746268656716,2,0.33678756476683935,0.37363184079601974,0.028946178199909543,0.16681872611210732,0.02631578947368421,2,0.4367816091954023,0.47258771929824567,0.0024975816419399322,0.20071242313700804,0.041237113402061855,4,0.4222222222222222,0.45446735395189036,0.02266794035917028,4.558911045017515e-7,0.011235955056179775,2,0.14479166666666668,0.12924266744491447,0.008760236145496095,united states of america,extraction,USA,0,0,0.117,0.581,1,1,1,1,1,1,98,1,1
1921,Rhodesia Exploration Development Limited,rhodesia,-97.21348,32.82943,cyanid,0.1506999,1,7,0,2,0,0,0,1,0,0,0.010475854718005951,0.02127659574468085,1,0.22167487684729065,0.2402735562310028,0,0,0,0,0,0,0,0.0079166565738064,0.014705882352941176,1,0.24817518248175183,0.2654411764705882,0,0.0010085345053100984,0.008086253369272238,3,0.2348684210526316,0.2419458349377498,0.00523643673964034,united states of america,extraction,USA,0,0,0.095,0.581,1,2,1,1,2,1,98,3,1
1911,Rhodesia Gold Mining Investment Limited,rhodesia,-97.2134822,32.8294337,cyanid,1.47929,1,6,4.5913793676987665e-4,3,1,1,0,0,0,0,0.1486233253291119,0.013157894736842105,1,0.35096153846153844,0.37719298245614014,0,0.15711523993398427,0.022222222222222223,2,0.41284403669724773,0.4546296296296297,0.0014867466229082787,0.19695423559484984,0.025210084033613446,3,0.39403973509933776,0.43697478991596667,0.002615806252065686,6.219462195374963e-4,0.030534351145038167,8,0.23003194888178913,0.21688022537259205,0.006322326538172815,united states of america,extraction,USA,0,0,0.098,0.581,1,2,1,1,2,1,98,3,1
1912,Rhodesia Gold Mining Investment Limited,rhodesia,-97.2134822,32.8294337,cyanid,1.47929,1,5,0,1,0,0,0,0,0,0,0,0,0,0,0,0,0,0,0,0,0,0,0,0,0,0,0,0,4.218751166058871e-4,0.012779552715654952,4,0.2292332268370607,0.24332000977368445,0.10262429969286534,united states of america,extraction,USA,0,0,0.098,0.581,1,2,1,1,2,1,98,3,1
1913,Rhodesia Gold Mining Investment Limited,rhodesia,-97.2134822,32.8294337,cyanid,1.47929,1,1,0,0,0,0,0,0,0,0,0,0,0,0,0,0,0,0,0,0,0,0,0,0,0,0,0,0,8.306211113981575e-4,0.009433962264150943,3,0.2020979020979021,0.2086204588563081,0.009022745333393709,united states of america,extraction,USA,0,0,0.083,0.581,1,2,1,1,2,1,98,3,1
1914,Rhodesia Gold Mining Investment Limited,rhodesia,-97.2134822,32.8294337,cyanid,1.47929,1,1,0,1,0,0,0,0,0,0,0,0,0,0,0,0,0,0,0,0,0,0,0,0,0,0,0,0,0,0,0,0,0,0,united states of america,extraction,USA,0,0,0.079,0.581,1,2,1,1,2,1,98,3,1
1915,Rhodesia Gold Mining Investment Limited,rhodesia,-97.2134822,32.8294337,cyanid,1.47929,1,1,0,0,0,0,0,0,0,0,0,0,0,0,0,0,0,0,0,0,0,0,0,0,0,0,0,0,2.3034145511335923e-4,0.005681818181818182,2,0.24081020255063765,0.2407433712121216,0,united states of america,extraction,USA,0,0,0.07,0.581,1,2,1,1,2,1,98,3,1
1916,Rhodesia Gold Mining Investment Limited,rhodesia,-97.2134822,32.8294337,cyanid,1.47929,1,2,0,0,0,0,0,0,0,0,0,0,0,0,0,0,0,0,0,0,0,0,0,0,0,0,0,0,6.812447501620269e-4,0.00906344410876133,3,0.232626188734455,0.24210904905769065,0.0010945260539203675,united states of america,extraction,USA,0,0,0.07,0.581,1,2,1,1,2,1,98,3,1
1917,Rhodesia Gold Mining Investment Limited,rhodesia,-97.21348,32.82943,cyanid,1.47929,0,2,0,1,0,0,0,0,0,0,0,0,0,0,0,0,0,0,0,0,0,0,0,0,0,0,0,0,6.596618525866023e-5,0.005952380952380952,2,0.22338935574229693,0.22784509637188333,0,united states of america,extraction,USA,0,0,0.07,0.581,1,2,1,1,2,1,98,3,1
1920,Rhodesia Gold Mining Investment Limited,rhodesia,-97.21348,32.82943,cyanid,1.47929,1,3,0,0,0,0,0,0,0,0,0,0,0,0,0,0,0,0,0,0,0,0,0,0,0,0,0,0,0.005095637034485113,0.010416666666666666,4,0.2994350282485876,0.31435391865079343,9.151620230617978e-4,united states of america,extraction,USA,0,0,0.078,0.581,1,2,1,1,2,1,98,3,1
1922,Rhodesia Gold Mining Investment Limited,rhodesia,-97.21348,32.82943,cyanid,1.47929,1,2,0,2,0,0,0,0,0,0,0,0,0,0,0,0,0,0,0,0,0,0,0,0,0,0,0,0,0.012977176854094658,0.019230769230769232,7,0.3045375218150087,0.31385400313971723,8.324434640028145e-4,united states of america,extraction,USA,0,0,0.094,0.581,1,2,1,1,2,1,98,3,1
1923,Rhodesia Gold Mining Investment Limited,london,-0.1277583,51.50735,cyanid,0.6861848,1,5,0,1,0,0,0,0,0,0,0,0,0,0,0,0,0,0,0,0,0,0,0,0,0,0,0,0,0.004910249300313652,0.013227513227513227,5,0.3010842368640534,0.30529100529100517,6.705657572635076e-4,united kingdom,extraction,GBR,1,1,0.027,0.73,2,2,1,2,2,1,89,3,1
1910,Rhodesia Katanga Junction Railway Company,rhodesia,-97.21348,32.82943,cyanid,0.1191043,1,5,0,2,1,2,1,0,0,0,0.011405931438620827,0.017543859649122806,1,0.24050632911392406,0.26403508771929807,0,0.17899010623333678,0.030303030303030304,2,0.4024390243902439,0.44949494949494945,0.0010345442464289862,0.1670772593501547,0.03409090909090909,3,0.37130801687763715,0.4195075757575756,0.004419459068308686,6.857442910549733e-8,0.014218009478672985,3,0.16512915129151293,0.16135560069209368,0.013881787701228566,united states of america,extraction,USA,0,0,0.098,0.581,1,2,1,1,2,1,98,3,1
1915,Rhodesia Katanga Junction Railway Company,johannesburg,28.0473051,-26.2041028,cyanid,0.1191043,1,12,0,7,3,1,1,0,0,0,0.3388092838765035,0.04838709677419355,3,0.39705882352941174,0.39381720430107514,0.026920806733075373,0.1017941914236823,0.012195121951219513,1,0.36936936936936937,0.41463414634146345,0,0.185772593685984,0.04081632653061224,4,0.39669421487603307,0.4382653061224492,0.0057133913371503215,0.005530381952883824,0.05965909090909091,21,0.3045540796963947,0.3238298160173156,0.04625602366107415,south africa,extraction,ZAF,1,1,0.408,0.115,-1,-1,-1,-1,-1,-1,84,2,0
1917,Rhodesia Katanga Junction Railway Company,rhodesia,-97.21348,32.82943,cyanid,0.1191043,1,12,0,0,0,0,0,0,0,0,0,0,0,0,0,0,0,0,0,0,0,0,0,0,0,0,0,0,5.789207260024895e-4,0.005952380952380952,2,0.24057315233785823,0.2508255385487536,0,united states of america,extraction,USA,0,0,0.07,0.581,1,2,1,1,2,1,98,3,1
1921,Rhodesia Katanga Junction Railway Company,rhodesia,-97.21348,32.82943,cyanid,0.1191043,1,4,0,2,0,0,0,0,0,0,0,0,0,0,0,0,0,0,0,0,0,0,0,0,0,0,0,0,0.02473389700327049,0.016172506738544475,6,0.3233695652173913,0.3353998203054799,0.006621319783635436,united states of america,extraction,USA,0,0,0.095,0.581,1,2,1,1,2,1,98,3,1
1913,Rhodesia Lands Limited,rhodesia,-97.2134822,32.8294337,cyanid,0.4002726,1,7,0,1,0,1,0,1,0,0,0.19784087033191033,0.017241379310344827,1,0.3706896551724138,0.30890804597701155,0,0.19889486051727137,0.02531645569620253,2,0.38349514563106796,0.4324894514767932,0.002512628768632471,0.255645939878067,0.030612244897959183,3,0.39574468085106385,0.42040816326530633,0.004776202495380222,9.29123261254774e-4,0.018867924528301886,6,0.20055517002081888,0.21209614110557548,0.005046451284581865,united states of america,extraction,USA,0,0,0.083,0.581,1,2,1,1,2,1,98,3,1
1913,Rhodesia Lands Limited,london,-0.1277583,51.5073509,cyanid,0.4002726,1,7,0,1,0,1,0,1,0,0,0.19784087033191033,0.017241379310344827,1,0.3706896551724138,0.30890804597701155,0,0.19889486051727137,0.02531645569620253,2,0.38349514563106796,0.4324894514767932,0.002512628768632471,0.255645939878067,0.030612244897959183,3,0.39574468085106385,0.42040816326530633,0.004776202495380222,9.29123261254774e-4,0.018867924528301886,6,0.20055517002081888,0.21209614110557548,0.005046451284581865,united kingdom,extraction,GBR,1,1,0.028,0.73,2,2,2,2,2,2,98,3,1
1912,Rhodesian Exploration And Develiopment Company,rhodesia,-97.2134822,32.8294337,cyanid,7.384428,1,9,0,2,1,1,1,0,0,0,0.3035856130474295,0.043478260869565216,3,0.3701657458563536,0.41231884057970997,0.02250627710609658,0.22645832088580414,0.03614457831325301,3,0.49404761904761907,0.5100401606425703,0.006477566176649881,0.29571004262857803,0.05454545454545454,6,0.463519313304721,0.4878787878787881,0.016351626102476393,0.03921126396800988,0.02875399361022364,9,0.2872872872872873,0.32461331710532965,0.028923728288465175,united states of america,extraction,USA,0,0,0.098,0.581,1,2,1,1,2,1,98,3,1
1917,Rhymney Iron Company,liverpool,-76.2177,43.10646,amalgama,0.010033370000000002,1,3,0,1,0,0,0,0,0,0,0,0,0,0,0,0,0,0,0,0,0,0,0,0,0,0,0,0,0.011627415025029116,0.017857142857142856,6,0.29591836734693877,0.30901360544217715,0.0012608586254840629,united states of america,extraction,USA,0,0,0.07,0.581,1,2,1,1,2,1,98,3,1
1911,Rio Del Oro Company,venezuela,-66.58973,6.42375,cyanid,0.2916869,1,6,2162.7019829152305,0,0,0,0,0,0,0,0,0,0,0,0,0,0,0,0,0,0,0,0,0,0,0,0,0,0,0,0,0,0,0,venezuela,extraction,VEN,0,0,0.507,0.684,-1,-1,-2,-1,-1,-2,91,0,0
1912,Rio Del Oro Company,bolivar,-93.4104749,37.6144838,cyanid,0.2919708,1,4,175.64277368023116,1,0,0,0,0,0,0,0,0,0,0,0,0,0,0,0,0,0,0,0,0,0,0,0,0,4.198810867368263e-5,0.003194888178913738,1,0.19889119889119888,0.20443112088479579,0,united states of america,extraction,USA,0,0,0.098,0.581,1,2,1,1,2,1,98,3,1
1912,Rio Grande Dolores Silver Mining,chihuahua,-105.7820674,28.4854458,cyanid,0.048661800000000005,1,4,0,1,0,0,0,1,0,0,0.0391003788691782,0.014492753623188406,1,0.24907063197026022,0.27960662525879926,0,0,0,0,0,0,0,0.011298493536956104,0.00909090909090909,1,0.26535626535626533,0.27969696969696967,0,0,0.003194888178913738,1,0.6666666666666666,0.004792332268370607,0,mexico,extraction,MEX,0,0,0.816,0.561,-2,-2,-3,-2,-2,-3,70,0,0
1911,Rio Plata Mining Company,chihuahua,-105.7820674,28.4854458,cyanid,2,1,8,627.0111058584271,1,0,0,0,0,0,0,0,0,0,0,0,0,0,0,0,0,0,0,0,0,0,0,0,0,0,0,0,0,0,0,mexico,extraction,MEX,0,0,0.821,0.556,-2,-2,-3,-2,-2,-3,70,0,0
1911,Rio Plata Mining Company,arizona,-111.0937311,34.0489281,cyanid,2,1,8,112.63455011202518,1,0,0,0,0,0,0,0,0,0,0,0,0,0,0,0,0,0,0,0,0,0,0,0,0,0,0,0,0,0,0,united states of america,extraction,USA,0,0,0.098,0.581,1,2,1,1,2,1,98,3,1
1911,Rio Plata Mining Company,winchester,-121.9510491,37.3183318,cyanid,2,1,8,0.004356768469713855,1,0,0,0,0,0,0,0,0,0,0,0,0,0,0,0,0,0,0,0,0,0,0,0,0,0,0,0,0,0,0,united states of america,extraction,USA,0,0,0.098,0.581,1,2,1,1,2,1,98,3,1
1913,Rio Plata Mining Company,chihuahua,-105.7820674,28.4854458,cyanid,2,1,1,0,1,0,0,0,0,0,0,0,0,0,0,0,0,0,0,0,0,0,0,0,0,0,0,0,0,7.611098375356513e-13,0.006289308176100629,2,0.08578213119620065,0.09059994425560466,0.005713945598476281,mexico,extraction,MEX,0,0,0.774,0.561,-3,-3,-3,-3,-3,-3,70,0,0
1913,Rio Plata Mining Company,california,-119.4179324,36.778261,amalgama,2,1,1,0,1,0,0,0,0,0,0,0,0,0,0,0,0,0,0,0,0,0,0,0,0,0,0,0,0,7.611098375356513e-13,0.006289308176100629,2,0.08578213119620065,0.09059994425560466,0.005713945598476281,united states of america,extraction,USA,0,0,0.083,0.581,1,2,1,1,2,1,98,3,1
1914,Rio Plata Mining Company,chihuahua,-105.7820674,28.4854458,cyanid,2,1,1,0,0,0,0,0,0,0,0,0,0,0,0,0,0,0,0,0,0,0,0,0,0,0,0,0,0,4.614878441754211e-18,0.002777777777777778,1,0.6666666666666666,0.004166666666666667,0,mexico,extraction,MEX,0,0,0.774,0.561,-3,-3,-3,-3,-3,-3,69,0,0
1914,Rio Plata Mining Company,california,-119.4179324,36.778261,amalgama,2,1,1,0,0,0,0,0,0,0,0,0,0,0,0,0,0,0,0,0,0,0,0,0,0,0,0,0,0,4.614878441754211e-18,0.002777777777777778,1,0.6666666666666666,0.004166666666666667,0,united states of america,extraction,USA,0,0,0.079,0.581,1,2,1,1,2,1,98,3,1
1916,Rio Plata Mining Company,guazapares,-108.2796211,27.276901,cyanid,2,1,1,280.02415740760955,0,0,0,0,0,0,0,0,0,0,0,0,0,0,0,0,0,0,0,0,0,0,0,0,0,0,0,0,0,0,0,mexico,extraction,MEX,0,0,0.774,0.561,-2,-2,-3,-2,-2,-3,76,0,0
1916,Rio Plata Mining Company,california,-119.4179324,36.778261,amalgama,2,1,1,0,0,0,0,0,0,0,0,0,0,0,0,0,0,0,0,0,0,0,0,0,0,0,0,0,0,0,0,0,0,0,0,united states of america,extraction,USA,0,0,0.07,0.581,1,2,1,1,2,1,98,3,1
1917,Rio Plata Mining Company,guazapares,-108.2796,27.2769,cyanid,2,1,1,0.002092060751334879,0,0,0,0,0,0,0,0,0,0,0,0,0,0,0,0,0,0,0,0,0,0,0,0,0,0,0,0,0,0,0,mexico,extraction,MEX,0,0,0.79,0.54,-2,-2,-3,-2,-2,-3,76,0,0
1917,Rio Plata Mining Company,california,-119.4179,36.77826,amalgama,2,1,1,0,0,0,0,0,0,0,0,0,0,0,0,0,0,0,0,0,0,0,0,0,0,0,0,0,0,0,0,0,0,0,0,united states of america,extraction,USA,0,0,0.07,0.581,1,2,1,1,2,1,98,3,1
1908,Road Block Gold Mfnes India,mysore,76.63938,12.29581,cyanid,0.0729927,1,0,0,0,0,0,0,0,0,0,0,0,0,0,0,0,0,0,0,0,0,0,0,0,0,0,0,0,0,0,0,0,0,0,india,extraction,IND,1,1,0.032,0.509,NA,NA,NA,NA,NA,NA,NA,2,1
1920,Robinsobi Gold Mining Limited,transvaal,-81.1831,43.23256,cyanid,0.1955845,1,1,0,0,0,0,0,1,1,1,0.22422204890454203,0.037037037037037035,2,0.3624161073825503,0.4209876543209875,0.022457109490035862,0.2037062016597862,0.03278688524590164,2,0.3860759493670886,0.4371584699453552,0.0018744687020428815,0.28286686661752564,0.05128205128205128,4,0.4126984126984127,0.46153846153846145,0.00832391232199393,0,0,0,0,0,0,canada,extraction,CAN,0,1,0.067,0.631,2,1,1,2,2,1,98,0,1
1921,Robinsobi Gold Mining Limited,transvaal,-81.1831,43.23256,cyanid,0.2054465,1,1,0,1,1,1,1,0,0,0,0.2854377489508228,0.0425531914893617,2,0.39823008849557523,0.42553191489361686,0.028828125312861674,0.18270587727707946,0.0392156862745098,2,0.36428571428571427,0.41993464052287577,0.00185082820376938,0.2776434122831143,0.058823529411764705,4,0.39080459770114945,0.4465686274509802,0.007136024231372516,3.8602935161808186e-18,0.0026954177897574125,1,1,0.0026954177897574125,0,canada,extraction,CAN,0,1,0.067,0.631,2,1,1,2,2,1,98,0,1
1914,Robinson Deep Gold Company,johannesburg,28.0473051,-26.2041028,cyanid,4.684418,1,9,0,4,0,0,0,0,0,0,0,0,0,0,0,0,0,0,0,0,0,0,0,0,0,0,0,0,0.36156558224160107,0.08888888888888889,32,0.3297644539614561,0.3447255291005276,0.005877983905858423,south africa,extraction,ZAF,1,1,0.408,0.115,-1,-1,-1,-1,-1,-1,84,2,0
1914,Robinson Deep Gold Company,transvaal,-81.1830974,43.2325617,cyanid,4.684418,1,9,0,4,0,0,0,0,0,0,0,0,0,0,0,0,0,0,0,0,0,0,0,0,0,0,0,0,0.36156558224160107,0.08888888888888889,32,0.3297644539614561,0.3447255291005276,0.005877983905858423,canada,extraction,CAN,0,1,0.067,0.61,2,1,1,2,1,1,96,0,1
1910,Robinson Gold Mining Company,transvaal,-81.1831,43.23256,cyanid,0.259606,1,9,0,6,0,0,0,1,0,0,0.1610192990752473,0.017543859649122806,1,0.3630573248407643,0.4035087719298244,0,0,0,0,0,0,0,0.06361497362438166,0.011363636363636364,1,0.3176895306859206,0.3532196969696968,0,0.6057516954727651,0.20853080568720378,44,0.3396584440227704,0.38702324531708426,0.008578339893977459,canada,extraction,CAN,0,1,0.074,0.597,2,1,1,2,1,1,96,0,1
1920,Rodide Poorji United Main Beef,roodepoort,27.90147,-26.12014,cyanid,1.685599,1,0,0,0,0,0,0,0,0,0,0,0,0,0,0,0,0,0,0,0,0,0,0,0,0,0,0,0,0,0,0,0,0,0,south africa,extraction,ZAF,1,1,0.408,0.115,-1,-1,-1,-1,-1,-1,84,2,0
1913,Romola Nigel Gold Mining Limited,rhodesia,-97.2134822,32.8294337,cyanid,0.2465483,1,1,0,0,0,0,0,0,1,0,0,0,0,0,0,0,0.08346779310370925,0.012658227848101266,1,0.3134920634920635,0.35443037974683544,0,0.08162996540898496,0.01020408163265306,1,0.3089700996677741,0.32772108843537406,0,0,0,0,0,0,0,united states of america,extraction,USA,0,0,0.083,0.581,1,2,1,1,2,1,98,3,1
1914,Romola Nigel Gold Mining Limited,rhodesia,-97.2134822,32.8294337,cyanid,0.2465483,1,4,0,0,0,0,0,0,0,0,0,0,0,0,0,0,0,0,0,0,0,0,0,0,0,0,0,0,0,0,0,0,0,0,united states of america,extraction,USA,0,0,0.079,0.581,1,2,1,1,2,1,98,3,1
1894,Roodepoort Gold Mining Company,london,-0.1277583,51.50735,cyanid,0.6341463,1,19,261.4279548040811,0,0,0,0,0,3,0,0,0,0,0,0,0,0.5441192665025065,0.23076923076923078,3,0.5,0.5833333333333334,0.010476001709033383,0.5087848504210749,0.16666666666666666,3,0.42857142857142855,0.5092592592592592,0.004994296667231826,0,0,0,0,0,0,united kingdom,extraction,GBR,1,1,0.028,0.73,2,2,NA,2,2,NA,98,3,1
1910,Roodepoort Gold Mining Company,roodepoort,27.90147,-26.12014,cyanid,0.7456226,1,14,0,5,2,2,1,0,0,0,0.16530520254856626,0.03508771929824561,2,0.36774193548387096,0.41520467836257285,0.03508771929824561,0.17560824736709943,0.030303030303030304,2,0.44,0.476010101010101,0.003173515607786076,0.22579343537929636,0.045454545454545456,4,0.42105263157894735,0.4640151515151519,0.02598732629016931,0.07884535865771887,0.08530805687203792,18,0.3403041825095057,0.35645452493793806,0.03423399173421163,south africa,extraction,ZAF,1,1,0.408,0.115,-1,-2,-3,-1,-2,-3,82,-2,0
1908,Roodepoort United Main Reef Gold Mining Company,johannesburg,28.04731,-26.2041,cyanid,2.236266,1,5,0,0,0,0,0,0,0,0,0,0,0,0,0,0,0,0,0,0,0,0,0,0,0,0,0,0,0,0,0,0,0,0,south africa,extraction,ZAF,1,1,0.408,0.115,NA,NA,NA,NA,NA,NA,NA,-2,0
1911,Roodepoort United Main Reef Gold Mining Company,roodepoort,27.9014654,-26.1201355,cyanid,2.236266,1,5,6.783971077916973e-4,5,1,0,0,0,0,0,0.14862332532911193,0.013157894736842105,1,0.35096153846153844,0.37719298245614014,0,0,0,0,0,0,0,0.054367976248316595,0.008403361344537815,1,0.30512820512820515,0.33949579831932764,0,0.05678465366806219,0.08778625954198473,23,0.313953488372093,0.30229007633587907,0.003152806871741724,south africa,extraction,ZAF,1,1,0.408,0.115,-1,-1,-1,-1,-1,-2,84,2,0
1912,Roodepoort United Main Reef Gold Mining Company,roodepoort,27.9014654,-26.1201355,cyanid,2.236266,1,5,0,0,0,0,0,0,0,0,0,0,0,0,0,0,0,0,0,0,0,0,0,0,0,0,0,0,0.04895353855165954,0.02875399361022364,9,0.281648675171737,0.31990085704143206,4.77539528980054e-4,south africa,extraction,ZAF,1,1,0.408,0.115,-1,-1,-1,-1,-1,-2,84,2,0
1913,Roodepoort United Main Reef Gold Mining Company,roodepoort,27.9014654,-26.1201355,cyanid,2.239533,1,4,0,0,0,0,0,0,0,0,0,0,0,0,0,0,0,0,0,0,0,0,0,0,0,0,0,0,0.005493482365408058,0.006289308176100629,2,0.21218795888399414,0.22321848312414355,0,south africa,extraction,ZAF,1,1,0.408,0.115,-1,-1,-1,-1,-1,-1,84,2,0
1914,Roodepoort United Main Reef Gold Mining Company,roodepoort,27.9014654,-26.1201355,cyanid,2.761341,1,4,0,1,1,0,0,0,0,0,0.18714380158545035,0.015873015873015872,1,0.32786885245901637,0.3542328042328043,0,0,0,0,0,0,0,0.048119493760232335,0.01098901098901099,1,0.2993421052631579,0.3335164835164835,0,0.028277853658140693,0.03888888888888889,14,0.29961089494163423,0.29981812169312166,0.005427036720825421,south africa,extraction,ZAF,1,1,0.408,0.115,-1,-1,-1,-1,-1,-1,84,2,0
1915,Roodepoort United Main Reef Gold Mining Company,roodepoort,27.9014654,-26.1201355,cyanid,2.188392,1,5,0,2,1,1,1,0,0,0,0.17900057808161815,0.016129032258064516,1,0.3375,0.331989247311828,0,0.17501729054130144,0.024390243902439025,2,0.43617021276595747,0.47154471544715454,0.003479880743511494,0.21419112888926262,0.030612244897959183,3,0.4247787610619469,0.45323129251700706,0.0034771837863092846,0.052613069321869446,0.028409090909090908,10,0.3178217821782178,0.3278070887445881,5.416988817293635e-5,south africa,extraction,ZAF,1,1,0.408,0.115,-1,-1,-1,-1,-1,-1,84,2,0
1915,Roodepoort United Main Reef Gold Mining Company,transvaal,-81.1830974,43.2325617,cyanid,2.188392,1,5,0,2,1,1,1,0,0,0,0.17900057808161815,0.016129032258064516,1,0.3375,0.331989247311828,0,0.17501729054130144,0.024390243902439025,2,0.43617021276595747,0.47154471544715454,0.003479880743511494,0.21419112888926262,0.030612244897959183,3,0.4247787610619469,0.45323129251700706,0.0034771837863092846,0.052613069321869446,0.028409090909090908,10,0.3178217821782178,0.3278070887445881,5.416988817293635e-5,canada,extraction,CAN,0,1,0.067,0.61,2,2,1,2,2,1,98,0,1
1916,Roodepoort United Main Reef Gold Mining Company,roodepoort,27.9014654,-26.1201355,cyanid,2.192564,1,5,0,4,0,1,0,0,0,0,0,0,0,0,0,0,0.11371685666296016,0.017241379310344827,1,0.31868131868131866,0.3620689655172414,0,0.12207196417879182,0.013333333333333334,1,0.3048780487804878,0.34355555555555567,0,0.019096351641288808,0.07854984894259819,26,0.2846911369740376,0.3097683786505547,0.036349221392381184,south africa,extraction,ZAF,1,1,0.408,0.115,-1,-1,-1,-1,-1,-1,84,2,0
1916,Roodepoort United Main Reef Gold Mining Company,transvaal,-81.1830974,43.2325617,cyanid,2.192564,1,5,0,4,0,1,0,0,0,0,0,0,0,0,0,0,0.11371685666296016,0.017241379310344827,1,0.31868131868131866,0.3620689655172414,0,0.12207196417879182,0.013333333333333334,1,0.3048780487804878,0.34355555555555567,0,0.019096351641288808,0.07854984894259819,26,0.2846911369740376,0.3097683786505547,0.036349221392381184,canada,extraction,CAN,0,1,0.067,0.61,2,2,1,2,2,1,98,0,1
1917,Roodepoort United Main Reef Gold Mining Company,roodepoort,27.90147,-26.12014,cyanid,2.192564,1,3,0,1,0,0,0,0,0,0,0,0,0,0,0,0,0,0,0,0,0,0,0,0,0,0,0,0,0.01681729845496868,0.03273809523809524,11,0.3009433962264151,0.3178925736961454,1.4414122966066899e-5,south africa,extraction,ZAF,1,1,0.408,0.115,-1,-1,-1,-1,-1,-1,84,2,0
1919,Roodepoort United Main Reef Gold Mining Company,johannesburg,28.0473051,-26.2041028,cyanid,2.036299,1,6,0,4,1,2,1,0,0,0,0.24082592586102577,0.018867924528301886,1,0.3516483516483517,0.24056603773584911,0,0.2951590726855688,0.046153846153846156,3,0.49242424242424243,0.5128205128205129,0.01135002415685261,0.3304187609642783,0.05,4,0.45454545454545453,0.48645833333333377,0.009782982516387824,0.24670241631176174,0.08146067415730338,29,0.32695984703632885,0.34700374531835104,0.005508788890102659,south africa,extraction,ZAF,1,1,0.408,0.115,-1,-1,-1,-1,-1,-1,84,2,0
1921,Roodepoort United Main Reef Gold Mining Company,roodepoort,27.90147,-26.12014,cyanid,1.770593,1,5,0,2,1,1,1,0,0,0,0.20143473220356464,0.02127659574468085,1,0.3435114503816794,0.37127659574468097,0,0.20511551436857722,0.0392156862745098,2,0.4396551724137931,0.4787581699346405,0.006187411184205006,0.2650891848403779,0.04411764705882353,3,0.4146341463414634,0.45710784313725467,0.0054656347167865256,0.510745045890957,0.07816711590296496,29,0.3555776892430279,0.3835130278526479,0.0023303379708775104,south africa,extraction,ZAF,1,1,0.408,0.115,-1,-1,-1,-1,-1,-1,84,2,0
1923,Roodepoort United Main Reef Gold Mining Company,roodepoort,27.90147,-26.12014,cyanid,2.1043,1,7,0,4,1,2,1,0,0,0,0.20087660032654628,0.021739130434782608,1,0.3359375,0.36449275362318845,0,0.3402733768325012,0.075,3,0.5128205128205128,0.5333333333333333,0.010820202356401453,0.3889183435574303,0.07142857142857142,4,0.4409448818897638,0.48511904761904734,0.006812608046965389,0.26417804231443026,0.10317460317460317,39,0.3431558935361217,0.3633597883597862,6.974413726114906e-4,south africa,extraction,ZAF,1,1,0.408,0.115,-1,-1,-1,-1,-1,-1,84,2,0
1922,Roodeport Main Reef Gold Mining,western,-95.71276,37.09375,cyanid,2.037201,1,1,0,0,0,0,0,0,0,0,0,0,0,0,0,0,0,0,0,0,0,0,0,0,0,0,0,0,0,0,0,0,0,0,united states of america,extraction,USA,0,0,0.094,0.581,1,2,1,1,2,1,98,3,1
1919,Ropp Tin Limited,transvaal,-81.1830974,43.2325617,cyanid,3.098716,1,14,0,11,1,1,1,0,0,0,0.023039394496525874,0.018867924528301886,1,0.23703703703703705,0.1644654088050314,0,0.28617393818635267,0.046153846153846156,3,0.43333333333333335,0.4782051282051282,0.005079657059014178,0.2795890793387189,0.05,4,0.41237113402061853,0.4583333333333333,0.01063685477987066,0.4193521730835068,0.16853932584269662,60,0.397212543554007,0.4525280898876412,0.0631217371469768,canada,extraction,CAN,0,1,0.067,0.631,2,2,1,2,2,1,98,0,1
1908,Rose Deep Limited,transvaal,-81.1831,43.23256,cyanid,1.142996,1,11,0,2,0,1,0,0,3,0,0,0,0,0,0,0,0.23917386956476971,0.0379746835443038,3,0.4817073170731707,0.5042194092827005,0.005316936104509376,0.22154810181402573,0.027777777777777776,3,0.4044943820224719,0.4459876543209879,0.0027234667513481017,0.11817538226082086,0.05263157894736842,4,0.28365384615384615,0.2694235588972433,0.0015517515056051802,canada,extraction,CAN,0,1,0.074,0.597,2,1,1,2,1,1,96,0,1
1910,Rose Deep Limited,transvaal,-81.1831,43.23256,cyanid,1.142996,1,10,0,5,0,1,0,0,0,0,0,0,0,0,0,0,0.08153909530087917,0.015151515151515152,1,0.336734693877551,0.3825757575757575,0,0.07410751992681493,0.011363636363636364,1,0.32234432234432236,0.3602272727272725,0,1,0.3459715639810427,73,0.39082969432314413,0.45642067253441637,0.03574558964968092,canada,extraction,CAN,0,1,0.074,0.597,2,1,1,2,1,1,96,0,1
1911,Rose Deep Limited,transvaal,-81.1830974,43.2325617,cyanid,1.142996,1,8,2.8333329557698393e-4,7,0,2,0,0,0,0,0,0,0,0,0,0,0.13404872846723825,0.022222222222222223,2,0.42452830188679247,0.462962962962963,0.0033475530381831572,0.12203540039422471,0.01680672268907563,2,0.3742138364779874,0.41862745098039245,0.0015286813433771002,1,0.3702290076335878,97,0.4509394572025052,0.46068702290076236,0.050045765580880114,canada,extraction,CAN,0,1,0.072,0.61,2,1,1,2,1,1,96,0,1
1912,Rose Deep Limited,transvaal,-81.1830974,43.2325617,cyanid,1.946472,1,12,0,5,0,2,0,0,0,0,0,0,0,0,0,0,0.14970509804244217,0.024096385542168676,2,0.41919191919191917,0.45983935742971893,0.0010593213534590546,0.141396653998814,0.01818181818181818,2,0.37894736842105264,0.4136363636363639,5.020775205189642e-4,0.5811155654689536,0.1757188498402556,55,0.3333333333333333,0.41460266747806623,0.017352022186015087,canada,extraction,CAN,0,1,0.072,0.61,2,1,1,2,1,1,96,0,1
1913,Rose Deep Limited,transvaal,-81.1830974,43.2325617,cyanid,1.754937,1,12,0,0,0,0,0,0,0,0,0,0,0,0,0,0,0,0,0,0,0,0,0,0,0,0,0,0,0.19979129571192109,0.03459119496855346,11,0.28140214216163584,0.3186200504596733,0.0012005083162513314,canada,extraction,CAN,0,1,0.072,0.61,2,1,1,2,1,1,96,0,1
1914,Rose Deep Limited,transvaal,-81.1830974,43.2325617,cyanid,1.754937,1,8,0,3,0,1,0,0,0,0,0,0,0,0,0,0,0.08225974315779858,0.013888888888888888,1,0.3364485981308411,0.38194444444444436,0,0.0768859353450215,0.01098901098901099,1,0.325,0.3639194139194138,0,0.5332750989491573,0.09444444444444444,34,0.3488108720271801,0.368244047619046,0.012903193534571695,canada,extraction,CAN,0,1,0.067,0.61,2,1,1,2,1,1,96,0,1
1915,Rose Deep Limited,transvaal,-81.1830974,43.2325617,cyanid,1.754937,1,4,0,2,0,1,0,0,0,0,0,0,0,0,0,0,0.07322309911761911,0.012195121951219513,1,0.33884297520661155,0.3841463414634146,0,0.06986209179358624,0.01020408163265306,1,0.3333333333333333,0.36564625850340116,0,0.47385361888019717,0.20454545454545456,72,0.39434889434889436,0.4474770021645025,0.02415268548549543,canada,extraction,CAN,0,1,0.067,0.61,2,2,1,2,2,1,98,0,1
1917,Rose Deep Limited,transvaal,-81.1831,43.23256,cyanid,1.754937,1,1,0,0,0,0,0,0,0,0,0,0,0,0,0,0,0,0,0,0,0,0,0,0,0,0,0,0,0.219568141207299,0.05952380952380952,20,0.33368200836820083,0.37216553287981763,3.512838312496772e-4,canada,extraction,CAN,0,1,0.067,0.61,2,2,1,2,2,1,98,0,1
1920,Rose Deep Limited,transvaal,-81.1831,43.23256,cyanid,1.754937,1,8,0,7,0,1,0,0,0,0,0,0,0,0,0,0,0.10587932409349125,0.01639344262295082,1,0.3630952380952381,0.40983606557377045,0,0.1011716906896851,0.01282051282051282,1,0.3436123348017621,0.3846153846153844,0,0.3741900991200102,0.22916666666666666,88,0.4131403118040089,0.48158482142857373,0.04171352598108414,canada,extraction,CAN,0,1,0.067,0.631,2,1,1,2,2,1,98,0,1
1921,Rose Deep Limited,transvaal,-81.1831,43.23256,cyanid,1.754937,1,5,0,2,0,0,0,0,0,0,0,0,0,0,0,0,0,0,0,0,0,0,0,0,0,0,0,0,0.213050783071748,0.06199460916442048,23,0.36503067484662577,0.3913746630727744,0.002780579867499878,canada,extraction,CAN,0,1,0.067,0.631,2,1,1,2,2,1,98,0,1
1922,Rose Deep Limited,transvaal,-81.1831,43.23256,cyanid,1.754937,1,9,0,8,0,0,0,0,0,0,0,0,0,0,0,0,0,0,0,0,0,0,0,0,0,0,0,0,0.9134183137064417,0.21153846153846154,77,0.38351648351648354,0.4281593406593405,0.01259066162406367,canada,extraction,CAN,0,1,0.07,0.631,2,1,1,2,2,1,98,0,1
1923,Rose Deep Limited,transvaal,-81.1831,43.23256,cyanid,1.754937,1,7,0,4,0,0,0,0,0,0,0,0,0,0,0,0,0,0,0,0,0,0,0,0,0,0,0,0,0.678126136869487,0.164021164021164,62,0.3832271762208068,0.42178130511463857,0.005299426377114083,canada,extraction,CAN,0,1,0.07,0.631,2,1,1,2,2,1,98,0,1
1916,Russo Asiatic Consolidated Limited,eureka,-96.2891703,37.8239167,cyanid,1.47929,1,7,95.74891217354293,4,1,1,1,0,0,0,0.01852224537148426,0.023809523809523808,1,0.24444444444444444,0.2142857142857142,0,0.25627814449438613,0.034482758620689655,2,0.4084507042253521,0.4554597701149425,0.007557486034170895,0.26293423614145817,0.04,3,0.3787878787878788,0.42933333333333323,0.012238929062421605,0.0036683355984575275,0.02416918429003021,8,0.28909090909090907,0.3042871529276369,0.022248469224939522,united states of america,extraction,USA,0,0,0.07,0.581,1,2,1,1,2,1,98,3,1
1917,Russo Asiatic Consolidated Limited,eureka,-96.28917,37.82392,cyanid,1.47929,1,9,3.672284701870992e-4,6,0,0,0,0,0,0,0,0,0,0,0,0,0,0,0,0,0,0,0,0,0,0,0,0,0.0030385121696994877,0.044642857142857144,15,0.2866127583108715,0.3051516439909303,0.04261742227723177,united states of america,extraction,USA,0,0,0.07,0.581,1,2,1,1,2,1,98,3,1
1920,Russo Asiatic Consolidated Limited,western,-95.71276,37.09375,cyanid,1.47929,1,6,0,3,2,1,1,1,1,1,0.08500551652943712,0.07407407407407407,4,0.32727272727272727,0.3941358024691358,0.13074633981959177,0.4157568117349176,0.06557377049180328,4,0.5169491525423728,0.5327868852459017,0.01904668915210136,0.4405530429291227,0.10256410256410256,8,0.484472049689441,0.5277777777777779,0.08222594164264549,0.00644532586161742,0.018229166666666668,7,0.3066115702479339,0.32086433531745984,0.0027143236494988443,united states of america,extraction,USA,0,0,0.078,0.581,1,2,1,1,2,1,98,3,1
1920,Russo Asiatic Consolidated Limited,valley,-94.64745,36.83507,cyanid,1.47929,1,6,99.01792617439946,3,2,1,1,1,1,1,0.08500551652943712,0.07407407407407407,4,0.32727272727272727,0.3941358024691358,0.13074633981959177,0.4157568117349176,0.06557377049180328,4,0.5169491525423728,0.5327868852459017,0.01904668915210136,0.4405530429291227,0.10256410256410256,8,0.484472049689441,0.5277777777777779,0.08222594164264549,0.00644532586161742,0.018229166666666668,7,0.3066115702479339,0.32086433531745984,0.0027143236494988443,united states of america,extraction,USA,0,0,0.078,0.581,1,2,1,1,2,1,98,3,1
1921,Russo Asiatic Consolidated Limited,western,-95.71276,37.09375,cyanid,2.364192,1,6,0,0,0,0,0,0,0,0,0,0,0,0,0,0,0,0,0,0,0,0,0,0,0,0,0,0,0.0028166765091978256,0.005390835579514825,2,0.25554760200429494,0.2649018097805168,0,united states of america,extraction,USA,0,0,0.095,0.581,1,2,1,1,2,1,98,3,1
1921,Russo Asiatic Consolidated Limited,siberia,99.19666,61.01371,cyanid,2.364192,1,6,2.242506377813642e-4,0,0,0,0,0,0,0,0,0,0,0,0,0,0,0,0,0,0,0,0,0,0,0,0,0,0.0028166765091978256,0.005390835579514825,2,0.25554760200429494,0.2649018097805168,0,russia,extraction,RUS,0,0,0.233,0.027,-1,-1,-2,-1,-1,-2,82,0,0
1922,Russo Asiatic Consolidated Limited,western,-95.71276,37.09375,cyanid,2.719739,1,6,0,0,0,0,0,0,0,0,0,0,0,0,0,0,0,0,0,0,0,0,0,0,0,0,0,0,0.004278198737246332,0.005494505494505495,2,0.2940185341196293,0.3017497383568813,6.094361643605482e-4,united states of america,extraction,USA,0,0,0.094,0.581,1,2,1,1,2,1,98,3,1
1922,Russo Asiatic Consolidated Limited,valley,-94.64745,36.83507,cyanid,2.719739,1,6,0,0,0,0,0,0,0,0,0,0,0,0,0,0,0,0,0,0,0,0,0,0,0,0,0,0,0.004278198737246332,0.005494505494505495,2,0.2940185341196293,0.3017497383568813,6.094361643605482e-4,united states of america,extraction,USA,0,0,0.094,0.581,1,2,1,1,2,1,98,3,1
1923,Russo Asiatic Consolidated Limited,russia,105.3188,61.52401,cyanid,2.809318,1,6,0,0,0,0,0,0,0,0,0,0,0,0,0,0,0,0,0,0,0,0,0,0,0,0,0,0,0.001957858050917506,0.015873015873015872,6,0.27081770442610653,0.27432602670697925,0.0012505639850488072,russia,extraction,RUS,0,0,0.24,0.044,-1,-1,-1,-1,-1,-1,96,0,0
1912,Sabi Gold Mining Company,rhodesia,-97.2134822,32.8294337,cyanid,0.973236,1,3,0,0,0,0,0,0,0,0,0,0,0,0,0,0,0,0,0,0,0,0,0,0,0,0,0,0,0,0,0,0,0,0,united states of america,extraction,USA,0,0,0.098,0.581,1,2,1,1,2,1,98,3,1
1913,Sabi Gold Mining Company,rhodesia,-97.2134822,32.8294337,cyanid,0.9737098000000001,1,4,0,2,0,1,0,0,1,0,0,0,0,0,0,0,0.25999700855882857,0.0379746835443038,3,0.4759036144578313,0.5010548523206751,0.025762660208005533,0.24876570349963117,0.030612244897959183,3,0.43661971830985913,0.44727891156462607,0.012647449978430043,0.015032746587518167,0.015723270440251572,5,0.23157051282051283,0.25531100625440317,0.004903559379855277,united states of america,extraction,USA,0,0,0.083,0.581,1,2,1,1,2,1,98,3,1
1914,Sabi Gold Mining Company,rhodesia,-97.2134822,32.8294337,cyanid,0.9861933,1,4,0,3,0,2,0,0,0,0,0,0,0,0,0,0,0.256213992533823,0.041666666666666664,3,0.4931506849315068,0.5115740740740741,0.008650763473096193,0.24349125589458492,0.03296703296703297,3,0.43333333333333335,0.46794871794871834,0.0044601911279317395,0.031748064502759736,0.030555555555555555,11,0.2682926829268293,0.27424713403880174,0.030543495984496988,united states of america,extraction,USA,0,0,0.079,0.581,1,2,1,1,2,1,98,3,1
1909,Salisbury Extension Gold Mining Company,london,-0.1277583,51.50735,cyanid,0.4873294,1,1,0,1,0,0,0,0,0,0,0,0,0,0,0,0,0,0,0,0,0,0,0,0,0,0,0,0,0.023770524449824887,0.016853932584269662,3,0.29764453961456105,0.2613429641519529,9.040533432772108e-5,united kingdom,extraction,GBR,1,1,0.028,0.73,2,2,2,2,2,1,98,3,1
1893,Salisbury Gold Mining Company,salisbury,-75.59937,38.36067,cyanid,0.07804878,1,6,0,0,0,0,0,0,0,0,1,0.5,2,1,0.5,0.16666666666666666,0.7953336454431278,0.5,3,0.6,0.7222222222222221,0.11555555555555555,0.9999999999999999,0.5,5,0.6666666666666666,0.6333333333333333,0.32740740740740737,0,0,0,0,0,0,united states of america,extraction,USA,0,0,0.147,0.478,1,1,NA,1,1,NA,95,1,1
1894,Salisbury Gold Mining Company,salisbury,-75.59937,38.36067,cyanid,0.07804878,1,11,0,2,1,1,1,3,3,3,0.7320508075688771,0.3333333333333333,3,0.6363636363636364,0.5555555555555556,0.19444444444444445,0.5441192665025063,0.23076923076923078,3,0.5,0.5833333333333334,0.010476001709033383,0.7021708277648849,0.3333333333333333,6,0.5294117647058824,0.6342592592592593,0.1767020216251699,0,0.16666666666666666,1,1,0.16666666666666666,0,united states of america,extraction,USA,0,0,0.147,0.478,1,1,NA,1,1,NA,95,1,1
1895,Salisbury Gold Mining Company,london,-0.1277583,51.50735,cyanid,0.8511673000000001,1,18,0,10,4,4,4,0,0,0,0.4139506928201517,0.09375,3,0.3880597014925373,0.37760416666666674,0.08129320276497695,0.28090588300147523,0.0625,2,0.3902439024390244,0.45052083333333337,0.0014617979028918719,0.387790882399261,0.1111111111111111,5,0.4090909090909091,0.4777777777777776,0.05982334528467665,0.9326715684876924,0.22857142857142856,8,0.35714285714285715,0.32571428571428573,0.0012605042016806723,united kingdom,extraction,GBR,1,1,0.028,0.73,2,2,NA,2,2,NA,98,3,1
1895,Salisbury Gold Mining Company,salisbury,-75.59937,38.36067,cyanid,0.8511673000000001,1,18,0,10,4,4,4,0,0,0,0.4139506928201517,0.09375,3,0.3880597014925373,0.37760416666666674,0.08129320276497695,0.28090588300147523,0.0625,2,0.3902439024390244,0.45052083333333337,0.0014617979028918719,0.387790882399261,0.1111111111111111,5,0.4090909090909091,0.4777777777777776,0.05982334528467665,0.9326715684876924,0.22857142857142856,8,0.35714285714285715,0.32571428571428573,0.0012605042016806723,united states of america,extraction,USA,0,0,0.147,0.478,1,1,NA,1,1,NA,95,1,1
1910,Salisbury Gold Mining Company,rhodesia,-97.21348,32.82943,cyanid,0.8511673000000001,1,9,0,5,1,1,1,1,2,1,0.18613736278474252,0.05263157894736842,3,0.3825503355704698,0.4356725146198828,0.037497852165034824,0.1848325660904423,0.030303030303030304,2,0.4074074074074074,0.45328282828282823,0.0013443871403182614,0.24318423907466455,0.056818181818181816,5,0.4018264840182648,0.4545454545454548,0.015389908634270175,0.010327333829538102,0.04739336492890995,10,0.28917609046849757,0.2940871135183938,0.028015451324524935,united states of america,extraction,USA,0,0,0.098,0.581,1,2,1,1,2,1,98,3,1
1910,Salisbury Gold Mining Company,london,-0.1277583,51.50735,cyanid,0.8511673000000001,1,9,0,5,1,1,1,1,2,1,0.18613736278474252,0.05263157894736842,3,0.3825503355704698,0.4356725146198828,0.037497852165034824,0.1848325660904423,0.030303030303030304,2,0.4074074074074074,0.45328282828282823,0.0013443871403182614,0.24318423907466455,0.056818181818181816,5,0.4018264840182648,0.4545454545454548,0.015389908634270175,0.010327333829538102,0.04739336492890995,10,0.28917609046849757,0.2940871135183938,0.028015451324524935,united kingdom,extraction,GBR,1,1,0.028,0.73,2,2,2,2,2,2,98,3,1
1911,Salisbury Gold Mining Company,rhodesia,-97.2134822,32.8294337,cyanid,0.8511673000000001,1,6,4.5913793676987665e-4,4,2,2,2,0,0,0,0.16342680358061698,0.02631578947368421,2,0.365,0.39583333333333315,0.012221642125989954,0.22897564057717584,0.03333333333333333,3,0.47368421052631576,0.4981481481481482,0.006027570700945274,0.2709114983461526,0.04201680672268908,5,0.4343065693430657,0.4733893557422972,0.009358447545420805,0.07425735340674565,0.07633587786259542,20,0.3257918552036199,0.3100508905852426,0.01657702701798711,united states of america,extraction,USA,0,0,0.098,0.581,1,2,1,1,2,1,98,3,1
1912,Salisbury Gold Mining Company,salisbury,-75.5993692,38.3606736,cyanid,0.486618,1,8,0,5,2,2,2,0,0,0,0.19853153105602242,0.028985507246376812,2,0.3401015228426396,0.377294685990338,0.013448422847399829,0.21482920177269338,0.03614457831325301,3,0.5,0.5130522088353414,0.00690006232154246,0.25898941857484226,0.045454545454545456,5,0.44813278008298757,0.47500000000000026,0.009660231952210175,0.03765749898008964,0.07028753993610223,22,0.262580054894785,0.2987385262944377,0.010047164873541613,united states of america,extraction,USA,0,0,0.098,0.581,1,2,1,1,2,1,98,3,1
1913,Salisbury Gold Mining Company,salisbury,-75.5993692,38.3606736,cyanid,0.486618,1,8,0,0,0,0,0,0,0,0,0,0,0,0,0,0,0,0,0,0,0,0,0,0,0,0,0,0,0.040688578576044736,0.009433962264150943,3,0.25440140845070425,0.2750815658834537,0,united states of america,extraction,USA,0,0,0.083,0.581,1,2,1,1,2,1,98,3,1
1908,San Carlos Gold Mining Limited,zacatecas,-102.5832,22.77086,cyanid,0.48685490000000003,1,1,95.69603621704637,0,0,0,0,0,0,0,0,0,0,0,0,0,0,0,0,0,0,0,0,0,0,0,0,0,0,0,0,0,0,0,mexico,extraction,MEX,0,0,0.853,0.556,-2,-2,-2,-2,-2,-2,96,1,0
1912,San Carlos Gold Mining Limited,zacatecas,-102.5832426,22.7708555,cyanid,0.48685490000000003,1,9,0.004403088406583326,3,0,0,0,0,1,0,0,0,0,0,0,0,0.06512410373025118,0.012048192771084338,1,0.3487394957983193,0.39457831325301207,0,0.06353937471985925,0.00909090909090909,1,0.32238805970149254,0.35833333333333334,0,1.6018176555518862e-4,0.012779552715654952,4,0.19603825136612021,0.20623844561544277,0.01748996477430982,mexico,extraction,MEX,0,0,0.816,0.561,-2,-2,-3,-2,-2,-3,70,0,0
1913,San Carlos Gold Mining Limited,mexico,-102.552784,23.634501,cyanid,0.48685490000000003,1,9,0,0,0,0,0,0,0,0,0,0,0,0,0,0,0,0,0,0,0,0,0,0,0,0,0,0,0,0,0,0,0,0,mexico,extraction,MEX,0,0,0.774,0.561,-3,-3,-3,-3,-3,-3,70,0,0
1914,San Carlos Gold Mining Limited,zacatecas,-102.5832426,22.7708555,cyanid,0.48685490000000003,1,9,0,0,0,0,0,0,0,0,0,0,0,0,0,0,0,0,0,0,0,0,0,0,0,0,0,0,2.966776103606123e-18,0.002777777777777778,1,0.5,0.007870370370370371,0,mexico,extraction,MEX,0,0,0.774,0.561,-3,-3,-3,-3,-3,-3,69,0,0
1913,San Martin Mining Company,mexico,-102.552784,23.634501,cyanid,0.9861933,1,5,0,0,0,0,0,0,0,0,0,0,0,0,0,0,0,0,0,0,0,0,0,0,0,0,0,0,0,0,0,0,0,0,mexico,extraction,MEX,0,0,0.774,0.561,-3,-3,-3,-3,-3,-3,70,0,0
1914,San Martin Mining Company,mexico,-102.552784,23.634501,cyanid,0.9861933,1,5,0,1,0,1,0,1,1,1,0.18714380158545033,0.015873015873015872,1,0.32786885245901637,0.3542328042328043,0,0.17395424937602436,0.027777777777777776,2,0.4444444444444444,0.4780092592592592,0.0037805085100062366,0.21472481430979562,0.03296703296703297,3,0.41743119266055045,0.4595238095238099,0.005303300543174189,0.018309096577563473,0.011111111111111112,4,0.24818694601128122,0.23978284832451588,6.535894176144657e-5,mexico,extraction,MEX,0,0,0.774,0.561,-3,-3,-3,-3,-3,-3,69,0,0
1915,San Martin Mining Company,oaxaca,-96.7265889,17.0731842,cyanid,0.9861933,1,4,302.44202177027597,1,0,0,0,0,0,0,0,0,0,0,0,0,0,0,0,0,0,0,0,0,0,0,0,0,0,0,0,0,0,0,mexico,extraction,MEX,0,0,0.774,0.561,-3,-3,-3,-3,-3,-3,70,0,0
1911,Santa Gertrudis Company,london,-0.1277583,51.5073509,cyanid,0.7292173000000001,1,4,1.0013217677085525e-4,0,0,0,0,0,0,0,0,0,0,0,0,0,0,0,0,0,0,0,0,0,0,0,0,0,0,0,0,0,0,0,united kingdom,extraction,GBR,1,1,0.028,0.73,2,2,2,2,2,2,98,3,1
1911,Santa Isabel United Gold Mines,colombia,-74.297333,4.570868,cyanid,0.48614490000000005,1,2,1510.009931942592,0,0,0,0,0,0,0,0,0,0,0,0,0,0,0,0,0,0,0,0,0,0,0,0,0,0,0,0,0,0,0,colombia,extraction,COL,0,0,0.57,0.189,-1,-1,-2,-1,-1,-2,78,0,0
1917,Scottish Australian Mining Company,queensland,142.7028,-20.91757,cyanid,0.4287756,1,5,0,0,0,0,0,2,3,2,0.12190388269580735,0.08333333333333333,3,0.3137254901960784,0.34027777777777773,0.22063492063492063,0.219592014336088,0.043478260869565216,2,0.40350877192982454,0.45471014492753614,0.004703083692853514,0.27383217428741463,0.08196721311475409,5,0.3860759493670886,0.45218579234972667,0.054503462152549975,0,0,0,0,0,0,australia,extraction,AUS,0,1,0.041,0.659,2,3,3,2,3,3,99,3,1
1919,Scottlsh Gympie Gold Mines Limited,queensland,142.7027956,-20.9175738,cyanid,3.098716,1,2,0,0,0,0,0,0,0,0,0,0,0,0,0,0,0,0,0,0,0,0,0,0,0,0,0,0,0,0,0,0,0,0,australia,extraction,AUS,0,1,0.041,0.659,2,3,3,2,3,3,99,3,1
1908,Sekond And Tarkwa Company,rhodesia,-97.21348,32.82943,cyanid,0.6812651999999999,1,12,382.0578442854707,0,0,0,0,2,2,2,0.30701358086795866,0.056338028169014086,4,0.37566137566137564,0.4363849765258215,0.11211185193076544,0.30378575366789445,0.05063291139240506,4,0.512987012987013,0.5253164556962026,0.009978129050984812,0.370057416624469,0.07407407407407407,8,0.463519313304721,0.5046296296296298,0.029994557996133656,0,0,0,0,0,0,united states of america,extraction,USA,0,0,0.117,0.581,1,1,1,1,1,1,98,1,1
1912,Selu Kwe Gold Mining Company,rhodesia,-97.2134822,32.8294337,cyanid,0.2670457,1,3,0,2,1,1,1,0,0,0,0.3035856130474294,0.043478260869565216,3,0.3701657458563536,0.41231884057970997,0.02250627710609658,0.22645832088580412,0.03614457831325301,3,0.49404761904761907,0.5100401606425703,0.006477566176649881,0.295710042628578,0.05454545454545454,6,0.463519313304721,0.4878787878787881,0.016351626102476393,2.473345862309995e-4,0.019169329073482427,6,0.2,0.2129508226952322,1.9534955637192064e-4,united states of america,extraction,USA,0,0,0.098,0.581,1,2,1,1,2,1,98,3,1
1915,Selu Kwe Gold Mining Company,rhodesia,-97.2134822,32.8294337,cyanid,0.2670457,1,3,0,0,0,0,0,0,0,0,0,0,0,0,0,0,0,0,0,0,0,0,0,0,0,0,0,0,0,0,0,0,0,0,united states of america,extraction,USA,0,0,0.07,0.581,1,2,1,1,2,1,98,3,1
1910,Selukwe Columbia Gold Mine Limited,rhodesia,-97.21348,32.82943,cyanid,0.6809339,1,4,0,2,2,2,2,0,0,0,0.23157419227679976,0.07017543859649122,4,0.42857142857142855,0.47807017543859626,0.0955285340734257,0.3328439781117521,0.06060606060606061,4,0.515625,0.5303030303030303,0.016728116501165746,0.3977333334554818,0.09090909090909091,8,0.4808743169398907,0.5198863636363639,0.06510472128484181,2.4832652789744835e-5,0.023696682464454975,5,0.18044354838709678,0.17515609719401218,0.02396750169262017,united states of america,extraction,USA,0,0,0.098,0.581,1,2,1,1,2,1,98,3,1
1911,Selukwe Columbia Gold Mine Limited,rhodesia,-97.2134822,32.8294337,cyanid,0.6809339,0,4,4.5913793676987665e-4,2,1,1,1,0,0,0,0.22157373222209023,0.039473684210526314,3,0.40555555555555556,0.43421052631578927,0.032551137329587726,0.22597112152887378,0.03333333333333333,3,0.4838709677419355,0.5037037037037038,0.007362175319940118,0.2967783528586512,0.05042016806722689,6,0.4541984732824427,0.48949579831932793,0.014702997608158163,8.428922303436843e-5,0.019083969465648856,5,0.2222222222222222,0.20437113776808458,0.012503290339563043,united states of america,extraction,USA,0,0,0.098,0.581,1,2,1,1,2,1,98,3,1
1913,Selukwe Columbia Gold Mine Limited,rhodesia,-97.2134822,32.8294337,cyanid,0.6809339,1,1,0,1,0,0,0,0,0,0,0,0,0,0,0,0,0,0,0,0,0,0,0,0,0,0,0,0,8.790439556399996e-5,0.0031446540880503146,1,0.16637881404720783,0.16741761906856226,0,united states of america,extraction,USA,0,0,0.083,0.581,1,2,1,1,2,1,98,3,1
1914,Selukwe Columbia Gold Mine Limited,chilian,-71.542969,-35.675147,cyanid,0.6809339,1,1,0,0,0,0,0,0,0,0,0,0,0,0,0,0,0,0,0,0,0,0,0,0,0,0,0,0,0.029528166464818758,0.005555555555555556,2,0.26666666666666666,0.26313602292769067,7.561006524790411e-4,chile,extraction,CHL,0,0,0.276,0.272,0,1,-1,0,1,-1,97,1,1
1915,Selukwe Columbia Gold Mine Limited,rhodesia,-97.2134822,32.8294337,cyanid,0.6809339,1,3,0,0,0,0,0,0,0,0,0,0,0,0,0,0,0,0,0,0,0,0,0,0,0,0,0,0,0.00817097119970613,0.005681818181818182,2,0.28558718861209964,0.28843682359307404,2.0166010707251355e-4,united states of america,extraction,USA,0,0,0.07,0.581,1,2,1,1,2,1,98,3,1
1916,Selukwe Columbia Gold Mine Limited,rhodesia,-97.2134822,32.8294337,cyanid,0.6809339,1,2,0,2,0,0,0,0,0,0,0,0,0,0,0,0,0,0,0,0,0,0,0,0,0,0,0,0,0.026390831020851782,0.015105740181268883,5,0.318,0.3365558912386704,0.021351089053389616,united states of america,extraction,USA,0,0,0.07,0.581,1,2,1,1,2,1,98,3,1
1917,Selukwe Columbia Gold Mine Limited,rhodesia,-97.21348,32.82943,cyanid,0.6809339,1,2,0,2,0,0,0,0,0,0,0,0,0,0,0,0,0,0,0,0,0,0,0,0,0,0,0,0,0.02598659126719989,0.01488095238095238,5,0.33263816475495306,0.3487599206349196,0.017230554450284943,united states of america,extraction,USA,0,0,0.07,0.581,1,2,1,1,2,1,98,3,1
1911,Selukwe Gold Mining Company,london,-0.1277583,51.5073509,cyanid,0.739645,1,4,1.0013217677085525e-4,1,0,1,0,0,0,0,0,0,0,0,0,0,0.06885588159488941,0.011111111111111112,1,0.3435114503816794,0.3888888888888889,0,0.06282619088360408,0.008403361344537815,1,0.3216216216216216,0.36148459383753495,0,1.8294412893310154e-6,0.007633587786259542,2,0.17970049916805325,0.1600190839694658,0.006288204498259776,united kingdom,extraction,GBR,1,1,0.028,0.73,2,2,2,2,2,2,98,3,1
1913,Selukwe Gold Mining Company,rhodesia,-97.2134822,32.8294337,cyanid,0.739645,1,2,0,0,0,0,0,1,1,1,0.009608069254179964,0.017241379310344827,1,0.2388888888888889,0.1999999999999999,0,0.054631743551072434,0.012658227848101266,1,0.32113821138211385,0.36392405063291133,0,0.06417660552347862,0.02040816326530612,2,0.3217993079584775,0.34727891156462576,0.0031928776416999564,0,0.0031446540880503146,1,0.6,0.006289308176100629,0,united states of america,extraction,USA,0,0,0.083,0.581,1,2,1,1,2,1,98,3,1
1916,Selukwe Gold Mining Company,rhodesia,-97.2134822,32.8294337,cyanid,0.739645,1,2,0,0,0,0,0,0,1,0,0,0,0,0,0,0,0.14256128783142594,0.017241379310344827,1,0.34523809523809523,0.3922413793103448,0,0.12751989150029022,0.013333333333333334,1,0.3232758620689655,0.36622222222222206,0,5.469336059907906e-4,0.0030211480362537764,1,0.23538119911176905,0.24117393180837396,0,united states of america,extraction,USA,0,0,0.07,0.581,1,2,1,1,2,1,98,3,1
1917,Selukwe Gold Mining Company,rhodesia,-97.21348,32.82943,cyanid,0.739645,1,5,0,1,0,0,0,0,0,0,0,0,0,0,0,0,0,0,0,0,0,0,0,0,0,0,0,0,0.0037040180651721267,0.01488095238095238,5,0.2714893617021277,0.2841198979591844,0.019409063456486124,united states of america,extraction,USA,0,0,0.07,0.581,1,2,1,1,2,1,98,3,1
1919,Selukwe Gold Mining Company,rhodesia,-97.2134822,32.8294337,cyanid,1,1,5,0,2,0,0,0,1,1,1,4.064157969257354e-17,0.018867924528301886,1,0.6666666666666666,0.02830188679245283,0,0.09423820482253657,0.015384615384615385,1,0.3282828282828283,0.3730769230769231,0,0.09326863870395863,0.025,2,0.32786885245901637,0.37270833333333314,0.004710630438478538,1.780659841297028e-4,0.0028089887640449437,1,0.21577287066246056,0.21748261102193825,0,united states of america,extraction,USA,0,0,0.07,0.581,1,2,1,1,2,1,98,3,1
1909,Set Rtwe Goi Limited,rhodesia,-97.21348,32.82943,cyanid,0.6822611999999999,1,7,0,3,1,1,1,1,0,0,0.15392137005147394,0.029850746268656716,2,0.33678756476683935,0.37363184079601974,0.028946178199909543,0.24125603040586727,0.039473684210526314,3,0.4634146341463415,0.49451754385964913,0.005197149267058384,0.27121828961742916,0.05154639175257732,5,0.4418604651162791,0.47164948453608274,0.02413087334255067,0.0027015218639408482,0.02247191011235955,4,0.2425828970331588,0.2118178170144463,0,united states of america,extraction,USA,0,0,0.117,0.581,1,1,1,1,1,1,98,1,1
1919,Seville Sulphur And Copper Limited,salisbury,-75.5993692,38.3606736,cyanid,5.312085,1,15,0,4,0,0,0,0,1,0,0,0,0,0,0,0,0.11021245718263531,0.015384615384615385,1,0.3611111111111111,0.4076923076923077,0,0.1054970236937536,0.0125,1,0.34782608695652173,0.3893749999999998,0,0.04950181890430836,0.03651685393258427,13,0.3356231599607458,0.3519662921348301,0.0033649015243211863,united states of america,extraction,USA,0,0,0.07,0.581,1,2,1,1,2,1,98,3,1
1919,Seville Sulphur And Copper Limited,transvaal,-81.1830974,43.2325617,cyanid,5.312085,1,15,0,4,0,0,0,0,1,0,0,0,0,0,0,0,0.11021245718263531,0.015384615384615385,1,0.3611111111111111,0.4076923076923077,0,0.1054970236937536,0.0125,1,0.34782608695652173,0.3893749999999998,0,0.04950181890430836,0.03651685393258427,13,0.3356231599607458,0.3519662921348301,0.0033649015243211863,canada,extraction,CAN,0,1,0.067,0.631,2,2,1,2,2,1,98,0,1
1914,Shamva Mines Limited,transvaal,-81.1830974,43.2325617,cyanid,5.321992,1,9,0,3,1,1,1,0,0,0,0.08121042681447752,0.015873015873015872,1,0.2843601895734597,0.3076719576719577,0,0.08225974315779858,0.013888888888888888,1,0.3364485981308411,0.38194444444444436,0,0.1082753855051118,0.02197802197802198,2,0.3473282442748092,0.3932234432234431,0.0014973861335925123,0.0013287233853461933,0.013888888888888888,5,0.21256038647342995,0.2066975308641984,0.009486227174249458,canada,extraction,CAN,0,1,0.067,0.61,2,1,1,2,1,1,96,0,1
1916,Shamva Mines Limited,salisbury,-75.5993692,38.3606736,cyanid,5.321992,1,2,0,0,0,0,0,0,1,0,0,0,0,0,0,0,0.08031929420448602,0.017241379310344827,1,0.3020833333333333,0.34051724137931033,0,0.0778359209031883,0.013333333333333334,1,0.29296875,0.32622222222222225,0,0,0,0,0,0,0,united states of america,extraction,USA,0,0,0.07,0.581,1,2,1,1,2,1,98,3,1
1917,Shamva Mines Limited,salisbury,-75.59937,38.36067,cyanid,5.321992,1,7,0,5,0,1,0,0,1,0,0,0,0,0,0,0,0.131968440627086,0.021739130434782608,1,0.3484848484848485,0.3967391304347826,0,0.12385620925935108,0.01639344262295082,1,0.324468085106383,0.36721311475409846,0,0.014838092125932253,0.05357142857142857,18,0.299812030075188,0.3212089002267575,0.008050111019337025,united states of america,extraction,USA,0,0,0.07,0.581,1,2,1,1,2,1,98,3,1
1920,Shamva Mines Limited,salisbury,-75.59937,38.36067,cyanid,5.321992,0,10,0,5,0,0,0,0,0,0,0,0,0,0,0,0,0,0,0,0,0,0,0,0,0,0,0,0,0.013179577796885906,0.06510416666666667,25,0.363013698630137,0.39131944444444305,0.05129412681466775,united states of america,extraction,USA,0,0,0.078,0.581,1,2,1,1,2,1,98,3,1
1921,Shamva Mines Limited,salisbury,-75.59937,38.36067,cyanid,5.321992,0,9,0,6,0,0,0,0,0,0,0,0,0,0,0,0,0,0,0,0,0,0,0,0,0,0,0,0,0.140705022950877,0.10242587601078167,38,0.3901639344262295,0.420709793351303,0.04421426477815503,united states of america,extraction,USA,0,0,0.095,0.581,1,2,1,1,2,1,98,3,1
1923,Shamva Mines Limited,salisbury,-75.59937,38.36067,cyanid,5.321992,1,11,0,6,0,0,0,0,0,0,0,0,0,0,0,0,0,0,0,0,0,0,0,0,0,0,0,0,0.05482797809710119,0.08465608465608465,32,0.3984547461368653,0.42993827160493936,0.06333597874910266,united states of america,extraction,USA,0,0,0.096,0.581,1,2,1,1,2,1,98,3,1
1911,Shashi And Macloutsie Exploration And,transvaal,-81.1830974,43.2325617,cyanid,5.246962,1,4,2.8333329557698393e-4,3,1,1,1,0,0,0,0.07510244523651512,0.013157894736842105,1,0.30416666666666664,0.3282894736842106,0,0.06819736592065102,0.011111111111111112,1,0.32608695652173914,0.36944444444444446,0,0.08657832598476055,0.01680672268907563,2,0.3342696629213483,0.3787114845938374,0.001313123037193036,0.0060730053067894136,0.015267175572519083,4,0.27341772151898736,0.24736459469283956,2.1805875417494066e-4,canada,extraction,CAN,0,1,0.072,0.61,2,1,1,2,1,1,96,0,1
1894,Sheba Gold Mining Company,england,-1.17432,52.35552,cyanid,5.259747,1,4,179.97291655653515,1,0,0,0,0,0,0,0,0,0,0,0,0,0,0,0,0,0,0,0,0,0,0,0,0,0,0.16666666666666666,1,0.6666666666666666,0.25,0,united kingdom,extraction,GBR,1,1,0.028,0.73,2,2,NA,2,2,NA,98,3,1
1895,Sheba Gold Mining Company,england,-1.17432,52.35552,cyanid,5.259747,1,10,0,4,0,0,0,0,0,0,0,0,0,0,0,0,0,0,0,0,0,0,0,0,0,0,0,0,0.0027704697816801735,0.05714285714285714,2,0.21367521367521367,0.19986394557823142,0.040336134453781515,united kingdom,extraction,GBR,1,1,0.028,0.73,2,2,NA,2,2,NA,98,3,1
1908,Sheba Gold Mining Company,phoenix,-112.074,33.44838,cyanid,5.259747,1,8,711.1078147307508,1,0,0,0,2,1,1,0.27384122026340846,0.028169014084507043,2,0.37566137566137564,0.4246478873239435,0.02603270416147678,0.06461188410312478,0.012658227848101266,1,0.32644628099173556,0.370253164556962,0,0.13274189694684269,0.027777777777777776,3,0.3540983606557377,0.40308641975308646,0.004113090910915519,0,0.013157894736842105,1,1,0.013157894736842105,0,united states of america,extraction,USA,0,0,0.117,0.581,1,1,1,1,1,1,98,1,1
1909,Sheba Gold Mining Company,phoenix,-112.074,33.44838,cyanid,5.259747,1,10,0,2,2,1,1,0,1,0,0.3016649702580801,0.029850746268656716,2,0.38461538461538464,0.4184079601990048,0.007861400496179036,0.24125603040586724,0.039473684210526314,3,0.4634146341463415,0.49451754385964913,0.005197149267058384,0.30493844892574445,0.05154639175257732,5,0.45023696682464454,0.4768041237113405,0.00764317131495299,0,0.0056179775280898875,1,1,0.0056179775280898875,0,united states of america,extraction,USA,0,0,0.117,0.581,1,1,1,1,1,1,98,1,1
1910,Sheba Gold Mining Company,phoenix,-112.074,33.44838,cyanid,5.249514,1,8,0,6,2,1,1,0,0,0,0.2704740002357006,0.03508771929824561,2,0.41007194244604317,0.45029239766081847,0.010194663683164353,0.08153909530087915,0.015151515151515152,1,0.336734693877551,0.3825757575757575,0,0.17531835247255648,0.03409090909090909,3,0.3776824034334764,0.42518939393939376,0.003296655724766985,0.02231711861976604,0.018957345971563982,4,0.31793960923623443,0.31104716768223967,0.0445145716958871,united states of america,extraction,USA,0,0,0.098,0.581,1,2,1,1,2,1,98,3,1
1912,Sheba Gold Mining Company,phoenix,-112.0740373,33.4483771,cyanid,5.252068,1,6,0.0034829503470006377,4,1,1,1,0,0,0,0.03910037886917818,0.014492753623188406,1,0.24907063197026022,0.27960662525879926,0,0.0570210609918728,0.012048192771084338,1,0.31679389312977096,0.358433734939759,0,0.06558262515838591,0.01818181818181818,2,0.32432432432432434,0.360151515151515,0.002700946047418508,0.015889210243796748,0.03514376996805112,11,0.2805474095796676,0.3075006108552441,0.10704896632506758,united states of america,extraction,USA,0,0,0.098,0.581,1,2,1,1,2,1,98,3,1
1913,Sheba Gold Mining Company,london,-0.1277583,51.5073509,cyanid,5.254625,1,5,0,2,1,1,1,0,0,0,0.020240871993070102,0.017241379310344827,1,0.24431818181818182,0.20574712643678153,0,0.08993819759419414,0.012658227848101266,1,0.3134920634920635,0.35443037974683544,0,0.09270299608835181,0.02040816326530612,2,0.31313131313131315,0.33826530612244887,0.0026368709928886336,0.018312069397323376,0.012578616352201259,4,0.2250778816199377,0.25173049347577714,5.211260085744937e-4,united kingdom,extraction,GBR,1,1,0.028,0.73,2,2,2,2,2,2,98,3,1
1915,Sheba Gold Mining Company,transvaal,-81.1830974,43.2325617,cyanid,5.134634,1,2,0,1,0,1,0,0,0,0,0,0,0,0,0,0,0.17501729054130144,0.024390243902439025,2,0.43617021276595747,0.47154471544715454,0.003479880743511494,0.1640893130425046,0.02040816326530612,2,0.41025641025641024,0.4387755102040819,0.00205987102120933,0.005852651826053451,0.014204545454545454,5,0.28232189973614774,0.29058779761904824,0.0015996482716187901,canada,extraction,CAN,0,1,0.067,0.61,2,2,1,2,2,1,98,0,1
1916,Sheba Gold Mining Company,london,-0.1277583,51.5073509,cyanid,5.144423,1,3,0,2,1,1,1,0,0,0,0.16345268186683368,0.023809523809523808,1,0.32673267326732675,0.2952380952380952,0,0.14256128783142596,0.017241379310344827,1,0.34523809523809523,0.3922413793103448,0,0.19663739808790176,0.02666666666666667,2,0.35714285714285715,0.4068888888888887,0.005925228962331173,0.0033690555159577515,0.00906344410876133,3,0.2529832935560859,0.2668824629549716,0.0012331830488180036,united kingdom,extraction,GBR,1,1,0.031,0.73,2,2,2,2,2,2,94,3,1
1917,Sheba Gold Mining Company,phoenix,-112.074,33.44838,cyanid,5.144423,1,2,0,0,0,0,0,0,0,0,0,0,0,0,0,0,0,0,0,0,0,0,0,0,0,0,0,0,6.596618525866221e-5,0.005952380952380952,2,0.22338935574229693,0.22784509637188333,0,united states of america,extraction,USA,0,0,0.07,0.581,1,2,1,1,2,1,98,3,1
1920,Sheba Gold Mining Company,transvaal,-81.1831,43.23256,cyanid,5.144423,1,5,0,3,1,1,1,0,0,0,0.040719942387461745,0.018518518518518517,1,0.2535211267605634,0.2888888888888887,0,0.11074789988956499,0.01639344262295082,1,0.34269662921348315,0.38934426229508196,0,0.12240178324756999,0.02564102564102564,2,0.33766233766233766,0.38354700854700835,8.781857958355799e-4,0.018596079592100086,0.033854166666666664,13,0.31520815632965166,0.3334511408730151,0.006305773702141085,canada,extraction,CAN,0,1,0.067,0.631,2,1,1,2,2,1,98,0,1
1921,Sheba Gold Mining Company,transvaal,-81.1831,43.23256,cyanid,5.144423,1,4,0,3,1,1,1,0,0,0,0.0840030167472581,0.02127659574468085,1,0.2980132450331126,0.3216312056737588,0,0.08838977198586222,0.0196078431372549,1,0.3227848101265823,0.3676470588235294,0,0.11648785111618018,0.029411764705882353,2,0.3300970873786408,0.37549019607843126,0.0012069783237838173,0.03777929901435844,0.0431266846361186,16,0.3263254113345521,0.35327942497753656,0.011500752216455915,canada,extraction,CAN,0,1,0.067,0.631,2,1,1,2,2,1,98,0,1
1922,Sheba Gold Mining Company,transvaal,-81.1831,43.23256,cyanid,5.144423,1,4,0,4,1,1,1,0,0,0,0.098163861118758,0.02564102564102564,1,0.27611940298507465,0.3025641025641024,0,0.08504848610327509,0.021739130434782608,1,0.3108108108108108,0.3532608695652174,0,0.10471947966600961,0.03225806451612903,2,0.32124352331606215,0.36801075268817207,0.0032872140581393537,0.014113055098059888,0.04120879120879121,15,0.3193046660567246,0.33812140240711597,0.02809191406052945,canada,extraction,CAN,0,1,0.07,0.631,2,1,1,2,2,1,98,0,1
1908,Simmer And Jack Proprietary Mines,transvaal,-81.1831,43.23256,cyanid,1.217137,1,9,0,1,0,0,0,1,0,0,0.010154061385165178,0.014084507042253521,1,0.22118380062305296,0.24590878604963107,0,0,0,0,0,0,0,0.002819223887678125,0.009259259259259259,1,0.2482758620689655,0.2612654320987654,0,0.05260494833964642,0.013157894736842105,1,0.23412698412698413,0.21743421052631556,0,canada,extraction,CAN,0,1,0.074,0.597,2,1,1,2,1,1,96,0,1
1909,Simmer And Jack Proprietary Mines,transvaal,-81.1831,43.23256,cyanid,1.217137,1,16,0,10,1,0,0,0,0,0,3.7804359464896084e-17,0.014925373134328358,1,1,0.014925373134328358,0,0,0,0,0,0,0,0,0.010309278350515464,1,1,0.010309278350515464,0,0.6920220678256646,0.20786516853932585,37,0.388268156424581,0.37777554842161637,0.027690358272583628,canada,extraction,CAN,0,1,0.074,0.597,2,1,1,2,1,1,96,0,1
1912,Simmer And Jack Proprietary Mines,transvaal,-81.1830974,43.2325617,cyanid,1.217137,1,11,0,8,1,0,0,0,0,0,0,0.014492753623188406,1,1,0.014492753623188406,0,0,0,0,0,0,0,1.318299036138649e-17,0.00909090909090909,1,1,0.00909090909090909,0,0.47733110007610896,0.16932907348242812,53,0.2847222222222222,0.3491520637686765,0.01106044695015303,canada,extraction,CAN,0,1,0.072,0.61,2,1,1,2,1,1,96,0,1
1913,Simmer And Jack Proprietary Mines,transvaal,-81.1830974,43.2325617,cyanid,1.217137,1,20,0,12,2,0,0,0,0,0,0,0.017241379310344827,1,0.6666666666666666,0.02586206896551724,0,0,0,0,0,0,0,0,0.01020408163265306,1,0.6666666666666666,0.015306122448979591,0,0.28380623529155635,0.13522012578616352,43,0.3042105263157895,0.36552780727308903,0.07904555246112156,canada,extraction,CAN,0,1,0.072,0.61,2,1,1,2,1,1,96,0,1
1916,Simmer And Jack Proprietary Mines,johannesburg,28.0473051,-26.2041028,cyanid,1.217137,1,4,0,1,0,0,0,0,0,0,0,0,0,0,0,0,0,0,0,0,0,0,0,0,0,0,0,0,0.05445254272171386,0.0513595166163142,17,0.29201101928374656,0.3150625809236087,9.778877795952017e-4,south africa,extraction,ZAF,1,1,0.408,0.115,-1,-1,-1,-1,-1,-1,84,2,0
1917,Simmer And Jack Proprietary Mines,transvaal,-81.1831,43.23256,cyanid,1.217137,1,4,0,0,0,0,0,0,0,0,0,0,0,0,0,0,0,0,0,0,0,0,0,0,0,0,0,0,0.01560947613993564,0.023809523809523808,8,0.2953703703703704,0.3191255668934245,6.587956413651848e-4,canada,extraction,CAN,0,1,0.067,0.61,2,2,1,2,2,1,98,0,1
1919,Simmer And Jack Proprietary Mines,western,-95.7127622,37.0937489,cyanid,1.217137,1,9,0,4,0,0,0,0,0,0,0,0,0,0,0,0,0,0,0,0,0,0,0,0,0,0,0,0,0.17748819401844473,0.05898876404494382,21,0.3260247855100095,0.34770599250936235,0.0012504157847080595,united states of america,extraction,USA,0,0,0.07,0.581,1,2,1,1,2,1,98,3,1
1922,Simmer And Jack Proprietary Mines,western,-95.71276,37.09375,cyanid,1.03163,1,1,0,0,0,0,0,0,0,0,0,0,0,0,0,0,0,0,0,0,0,0,0,0,0,0,0,0,0.0023451337864315237,0.0027472527472527475,1,0.2532656023222061,0.2626013867085301,0,united states of america,extraction,USA,0,0,0.094,0.581,1,2,1,1,2,1,98,3,1
1923,Simmer And Jack Proprietary Mines,western,-95.71276,37.09375,cyanid,1.03163,1,10,0,6,1,1,1,0,0,0,0.257184505627813,0.043478260869565216,2,0.37719298245614036,0.40905797101449276,0.03890958007511623,0.12873463546897113,0.025,1,0.4,0.44375000000000003,0,0.23814787294894346,0.05357142857142857,3,0.40875912408759124,0.45535714285714257,0.01019535559857028,0.073044404780814,0.07407407407407407,28,0.3396048918156162,0.36631393298059745,0.01927046987554295,united states of america,extraction,USA,0,0,0.096,0.581,1,2,1,1,2,1,98,3,1
1908,Simmer Deep Limited,transvaal,-81.1831,43.23256,cyanid,4.863813e-4,1,12,0,0,0,0,0,1,0,0,0.010154061385165187,0.014084507042253521,1,0.22118380062305296,0.24590878604963107,0,0,0,0,0,0,0,0.0028192238876781194,0.009259259259259259,1,0.2482758620689655,0.2612654320987654,0,0,0,0,0,0,0,canada,extraction,CAN,0,1,0.074,0.597,2,1,1,2,1,1,96,0,1
1910,Simmer Deep Limited,transvaal,-81.1831,43.23256,cyanid,4.863813e-4,1,9,0,5,0,0,0,0,0,0,0,0,0,0,0,0,0,0,0,0,0,0,0,0,0,0,0,0,0.4527876979582091,0.2037914691943128,43,0.36016096579476864,0.4088241931843823,0.03724877079665549,canada,extraction,CAN,0,1,0.074,0.597,2,1,1,2,1,1,96,0,1
1911,Simmer Deep Limited,transvaal,-81.1830974,43.2325617,cyanid,4.861449e-4,1,6,2.8333329557698393e-4,3,0,0,0,0,0,0,0,0,0,0,0,0,0,0,0,0,0,0,0,0,0,0,0,0,0.44943733649977075,0.183206106870229,48,0.4122137404580153,0.41456743002544433,0.025914693216836905,canada,extraction,CAN,0,1,0.072,0.61,2,1,1,2,1,1,96,0,1
1912,Simmer Deep Limited,transvaal,-81.1830974,43.2325617,cyanid,4.8661799999999997e-4,1,8,0,7,0,0,0,0,0,0,0,0,0,0,0,0,0,0,0,0,0,0,0,0,0,0,0,0,0.5776124759072019,0.24600638977635783,77,0.2983367983367983,0.39132458773033774,0.026134302204505102,canada,extraction,CAN,0,1,0.072,0.61,2,1,1,2,1,1,96,0,1
1914,Simmer Deep Limited,transvaal,-81.1830974,43.2325617,cyanid,4.930966e-4,1,6,0,4,0,0,0,0,0,0,0,0,0,0,0,0,0,0,0,0,0,0,0,0,0,0,0,0,0.20717622125384158,0.07222222222222222,26,0.32049947970863685,0.3316699735449726,0.00893691165915463,canada,extraction,CAN,0,1,0.067,0.61,2,1,1,2,1,1,96,0,1
1915,Simmer Deep Limited,transvaal,-81.1830974,43.2325617,cyanid,4.757374e-4,1,11,0,7,0,0,0,0,0,0,0,0,0,0,0,0,0,0,0,0,0,0,0,0,0,0,0,0,0.14633442372091196,0.09943181818181818,35,0.35043668122270744,0.3723011363636345,0.010149746349274893,canada,extraction,CAN,0,1,0.067,0.61,2,2,1,2,2,1,98,0,1
1916,Simmer Deep Limited,transvaal,-81.1830974,43.2325617,cyanid,4.757374e-4,1,8,0,5,0,0,0,0,0,0,0,0,0,0,0,0,0,0,0,0,0,0,0,0,0,0,0,0,0.12891983414800734,0.09063444108761329,30,0.35412026726057905,0.3895266868076517,0.04891655132439923,canada,extraction,CAN,0,1,0.067,0.61,2,2,1,2,2,1,98,0,1
1917,Simmer Deep Limited,transvaal,-81.1831,43.23256,cyanid,4.757374e-4,1,3,0,1,0,0,0,0,0,0,0,0,0,0,0,0,0,0,0,0,0,0,0,0,0,0,0,0,0.07214176700984168,0.050595238095238096,17,0.3298862461220269,0.36140873015872904,0.004119228908118939,canada,extraction,CAN,0,1,0.067,0.61,2,2,1,2,2,1,98,0,1
1919,Simmer Deep Limited,western,-95.7127622,37.0937489,cyanid,4.426737e-4,1,9,0,8,0,0,0,0,0,0,0,0,0,0,0,0,0,0,0,0,0,0,0,0,0,0,0,0,0.35703811590747064,0.13202247191011235,47,0.3787375415282392,0.4223314606741564,0.01802669863188722,united states of america,extraction,USA,0,0,0.07,0.581,1,2,1,1,2,1,98,3,1
1920,Simmer Deep Limited,western,-95.71276,37.09375,cyanid,4.426737e-4,1,11,0,6,1,1,1,0,0,0,0.21836681862294954,0.037037037037037035,2,0.40601503759398494,0.4506172839506171,0.07329442474189053,0.10587932409349127,0.01639344262295082,1,0.3630952380952381,0.40983606557377045,0,0.19696565045422845,0.038461538461538464,3,0.40414507772020725,0.44978632478632463,0.014045067737967333,0.13368902617540657,0.11458333333333333,44,0.3917634635691658,0.4365327380952395,0.04276207530810205,united states of america,extraction,USA,0,0,0.078,0.581,1,2,1,1,2,1,98,3,1
1921,Simmer Jack Proprietary,western,-95.71276,37.09375,cyanid,0.7772171,1,0,0,0,0,0,0,0,0,0,0,0,0,0,0,0,0,0,0,0,0,0,0,0,0,0,0,0,0,0,0,0,0,0,united states of america,extraction,USA,0,0,0.095,0.581,1,2,1,1,2,1,98,3,1
1914,Sondage Syndicate Limited,california,-119.4179324,36.778261,cyanid,1.429252,1,12,0,7,0,1,0,0,0,0,0,0,0,0,0,0,0.25634944055279896,0.041666666666666664,3,0.45569620253164556,0.49074074074074076,0.005085703030674878,0.24045546763233033,0.03296703296703297,3,0.4099099099099099,0.45146520146520186,0.002659412653034595,0.020955494062509294,0.03333333333333333,12,0.2664359861591695,0.26873787477954236,0.03473487682129982,united states of america,extraction,USA,0,0,0.079,0.581,1,2,1,1,2,1,98,3,1
1917,Sondage Syndicate Limited,california,-119.4179,36.77826,cyanid,1.429252,1,1,0,1,0,0,0,0,0,0,0,0,0,0,0,0,0,0,0,0,0,0,0,0,0,0,0,0,-0,0.008928571428571428,3,1,0.008928571428571428,5.3304904051172706e-5,united states of america,extraction,USA,0,0,0.07,0.581,1,2,1,1,2,1,98,3,1
1911,Sons Gwalia Limited,london,-0.1277583,51.5073509,cyanid,0.1458435,1,4,1.0013217677085525e-4,2,0,0,0,0,0,0,0,0,0,0,0,0,0,0,0,0,0,0,0,0,0,0,0,0,8.593911919400882e-4,0.011450381679389313,3,0.225,0.2005498000727014,1.949830852173574e-5,united kingdom,extraction,GBR,1,1,0.028,0.73,2,2,2,2,2,2,98,3,1
1911,Sons Gwalia Limited,australia,133.775136,-25.274398,cyanid,0.1458435,1,4,0.0036328525346458664,2,0,0,0,0,0,0,0,0,0,0,0,0,0,0,0,0,0,0,0,0,0,0,0,0,8.593911919400882e-4,0.011450381679389313,3,0.225,0.2005498000727014,1.949830852173574e-5,australia,extraction,AUS,0,1,0.041,0.659,2,3,2,2,3,2,99,2,1
1915,Sons Gwalia Limited,western,-95.7127622,37.0937489,cyanid,1.427212,1,1,0,1,0,0,0,0,0,0,0,0,0,0,0,0,0,0,0,0,0,0,0,0,0,0,0,0,1.5952924891632482e-17,0.005681818181818182,2,1,0.005681818181818182,1.618751618751619e-5,united states of america,extraction,USA,0,0,0.07,0.581,1,2,1,1,2,1,98,3,1
1916,Sons Gwalia Limited,california,-119.4179324,36.778261,cyanid,4.426737,1,1,0,0,0,0,0,0,0,0,0,0,0,0,0,0,0,0,0,0,0,0,0,0,0,0,0,0,0,0,0,0,0,0,united states of america,extraction,USA,0,0,0.07,0.581,1,2,1,1,2,1,98,3,1
1919,Sons Gwalia Limited,california,-119.4179324,36.778261,cyanid,4.426737,1,17,0,9,1,2,0,0,0,0,3.823318978486548e-17,0.018867924528301886,1,0.6666666666666666,0.02830188679245283,0,0.2826441440442132,0.046153846153846156,3,0.49242424242424243,0.5128205128205129,0.012872517591543384,0.274955039629602,0.05,4,0.45454545454545453,0.4879166666666671,0.028104028831604493,0.04138616217180021,0.06179775280898876,22,0.3157894736842105,0.34377340823969976,0.05603967389322219,united states of america,extraction,USA,0,0,0.07,0.581,1,2,1,1,2,1,98,3,1
1920,Sons Gwalia Limited,california,-119.4179,36.77826,cyanid,4.426737,1,6,0,3,0,2,0,0,0,0,0,0,0,0,0,0,0.4157568117349176,0.06557377049180328,4,0.5169491525423728,0.5327868852459017,0.01904668915210136,0.37986388526447307,0.05128205128205128,4,0.4406779661016949,0.480769230769231,0.008153629340284805,1.2943920323901583e-4,0.028645833333333332,11,0.25728155339805825,0.277318948412699,0.02731271982884876,united states of america,extraction,USA,0,0,0.078,0.581,1,2,1,1,2,1,98,3,1
1921,Sons Gwalia Limited,western,-95.71276,37.09375,cyanid,1.154734,1,4,0,2,0,1,0,0,0,0,0,0,0,0,0,0,0.30690425914907893,0.058823529411764705,3,0.425,0.4771241830065359,0.00604333176921053,0.27679825826761667,0.04411764705882353,3,0.37777777777777777,0.43112745098039196,0.002390617855603119,0.008762820846787053,0.01078167115902965,4,0.29700499168053246,0.3110062893081764,0.010500346227384388,united states of america,extraction,USA,0,0,0.095,0.581,1,2,1,1,2,1,98,3,1
1922,Sons Gwalia Limited,western,-95.71276,37.09375,cyanid,1.328609,1,7,0,4,0,1,0,0,0,0,0,0,0,0,0,0,0.10960649465894934,0.021739130434782608,1,0.35384615384615387,0.40217391304347827,0,0.10037965332984287,0.016129032258064516,1,0.33513513513513515,0.3755376344086021,0,0.005532087748313095,0.024725274725274724,9,0.2858312858312858,0.3025902668759818,0.027156117592536135,united states of america,extraction,USA,0,0,0.094,0.581,1,2,1,1,2,1,98,3,1
1923,Sons Gwalia Limited,california,-119.4179,36.77826,cyanid,1.37237,1,4,0,3,0,0,0,0,0,0,0,0,0,0,0,0,0,0,0,0,0,0,0,0,0,0,0,0,0.006023447135255358,0.015873015873015872,6,0.31174438687392053,0.3206790123456785,0.006248256947763047,united states of america,extraction,USA,0,0,0.096,0.581,1,2,1,1,2,1,98,3,1
1909,South African Gold And Copper Synd Ltd,rhodesia,-97.21348,32.82943,cyanid,0.8519960999999999,1,24,0,6,1,1,1,1,0,0,0.15039945580036448,0.014925373134328358,1,0.3333333333333333,0.36368159203980094,0,0.24125603040586716,0.039473684210526314,3,0.4634146341463415,0.49451754385964913,0.005197149267058384,0.26913519666813673,0.041237113402061855,4,0.4377880184331797,0.4647766323024058,0.003941869906124561,0.202989192731913,0.09550561797752809,17,0.37066666666666664,0.35361824505082995,0.05166995802329636,united states of america,extraction,USA,0,0,0.117,0.581,1,1,1,1,1,1,98,1,1
1908,South African Gold Trust,rhodesia,-97.21348,32.82943,cyanid,2.43309,1,0,382.0578442854707,0,0,0,0,0,0,0,0,0,0,0,0,0,0,0,0,0,0,0,0,0,0,0,0,0,0,0,0,0,0,0,united states of america,extraction,USA,0,0,0.117,0.581,1,1,1,1,1,1,98,1,1
1911,South African Gold Trust,rhodesia,-97.2134822,32.8294337,cyanid,2.916869,0,0,4.5913793676987665e-4,0,0,0,0,0,0,0,0,0,0,0,0,0,0,0,0,0,0,0,0,0,0,0,0,0,0,0,0,0,0,0,united states of america,extraction,USA,0,0,0.098,0.581,1,2,1,1,2,1,98,3,1
1912,South African Metallurgical Company,rhodesia,-97.2134822,32.8294337,cyanid,2.43309,1,0,0,0,0,0,0,0,0,0,0,0,0,0,0,0,0,0,0,0,0,0,0,0,0,0,0,0,0,0,0,0,0,0,united states of america,extraction,USA,0,0,0.098,0.581,1,2,1,1,2,1,98,3,1
1888,South African Mineral Association Limited,bishopsgate street within,-1.9152702,52.4736697,amalgama,0.048709209999999996,1,13,0,0,0,0,0,0,0,0,0,0,0,0,0,0,0.8660254037844384,0.3333333333333333,2,0.5714285714285714,0.4722222222222222,0.2,0.8660254037844387,0.25,2,0.5714285714285714,0.3541666666666667,0.10714285714285714,0,0,0,0,0,0,united kingdom,extraction,GBR,1,1,0.028,0.73,2,2,NA,2,2,NA,98,3,1
1917,South African Mining Syndicate Limited,oroville,-121.5564,39.51378,cyanid,1.619819,1,7,207.13103402820082,3,0,0,0,0,0,0,0,0,0,0,0,0,0,0,0,0,0,0,0,0,0,0,0,0,0.0046502082496265714,0.02976190476190476,10,0.3026565464895636,0.3195932539682541,0.04338182358397366,united states of america,extraction,USA,0,0,0.07,0.581,1,2,1,1,2,1,98,3,1
1920,South African Option Syndicate Limited,brazil,-51.92528,-14.235,cyanid,1.832173,1,14,0,6,0,0,0,0,0,0,0,0,0,0,0,0,0,0,0,0,0,0,0,0,0,0,0,0,0.03504394762666164,0.057291666666666664,22,0.34737827715355807,0.37008308531745815,0.028355071464466603,brazil,extraction,BRA,0,0,0.78,0.63,-2,-1,-2,-2,-1,-2,92,1,0
1915,South African Real Estate Trust Ltd,brazil,-51.92528,-14.235004,cyanid,2.378687,1,19,0,9,0,1,0,1,0,0,0,0.016129032258064516,1,1,0.016129032258064516,0,0.17501729054130138,0.024390243902439025,2,0.43617021276595747,0.47154471544715454,0.003479880743511494,0.16555927564388778,0.030612244897959183,3,0.41379310344827586,0.4455782312925172,0.02204724741506584,0.17382887561122937,0.10511363636363637,37,0.3485342019543974,0.37787472943722694,0.02493311286320276,brazil,extraction,BRA,0,0,0.78,0.63,-2,-1,-2,-2,-1,-2,92,1,0
1915,South Great Eastern Gold Mining,queensland,142.7027956,-20.9175738,cyanid,0.05708849,1,3,0,2,0,0,0,0,0,0,0,0,0,0,0,0,0,0,0,0,0,0,0,0,0,0,0,0,1.2777605519881042e-17,0.005681818181818182,2,1,0.002840909090909091,0,australia,extraction,AUS,0,1,0.041,0.659,2,3,3,2,3,3,99,3,1
1908,South Western Colliery Company,transvaal,-81.1831,43.23256,cyanid,0.005060827,1,3,0,0,0,0,0,0,1,0,0,0,0,0,0,0,0.16772967107531855,0.02531645569620253,2,0.42473118279569894,0.46413502109704646,0.0011394947857551521,0.15394318629224277,0.018518518518518517,2,0.3737024221453287,0.41666666666666696,5.814739524188651e-4,0,0,0,0,0,0,canada,extraction,CAN,0,1,0.074,0.597,2,1,1,2,1,1,96,0,1
1921,Southern Van Ryn Gold Mining,heidelberg,8.672434,49.39875,cyanid,2.723649,1,1,0,0,0,0,0,1,1,1,0.035792464155180344,0.0425531914893617,2,0.2571428571428571,0.2921985815602835,0.011207355703192888,0.38782139164565654,0.0784313725490196,4,0.5204081632653061,0.5392156862745098,0.03255060918718952,0.3822848307597451,0.08823529411764706,6,0.4594594594594595,0.5049019607843137,0.05600136497619876,0,0,0,0,0,0,germany,extraction,DEU,0,0,0.084,0.674,1,1,1,1,1,1,89,1,1
1922,Southern Van Ryn Gold Mining,transvaal,-81.1831,43.23256,cyanid,2.723649,1,5,0,1,0,0,0,1,1,1,0.22177456628148332,0.02564102564102564,1,0.31896551724137934,0.3572649572649573,0,0.13269949709923953,0.021739130434782608,1,0.38333333333333336,0.4293478260869565,0,0.1941225852219564,0.03225806451612903,2,0.3803680981595092,0.42473118279569866,0.0026473905998101025,1.5318369134300053e-18,0.0027472527472527475,1,1,0.0027472527472527475,0,canada,extraction,CAN,0,1,0.07,0.631,2,1,1,2,2,1,98,0,1
1923,Southern Van Ryn Gold Mining,heidelberg,8.672434,49.39875,cyanid,2.813358,1,5,0,0,0,0,0,0,0,0,0,0,0,0,0,0,0,0,0,0,0,0,0,0,0,0,0,0,8.851387696175466e-19,0.0026455026455026454,1,1,0.0026455026455026454,0,germany,extraction,DEU,0,0,0.084,0.674,1,1,1,1,1,1,77,1,1
1895,Spitzkop Farm Gold Company,stanhope,-78.67664,35.78939,cyanid,0.1466276,1,2,364.5081822685136,0,0,0,0,0,0,0,0,0,0,0,0,0,0,0,0,0,0,0,0,0,0,0,0,0,0,0,0,0,0,0,united states of america,extraction,USA,0,0,0.147,0.478,1,1,NA,1,1,NA,95,1,1
1908,Spitzkop Farm Gold Company,transvaal,-81.1831,43.23256,cyanid,0.1466276,1,2,0,0,0,0,0,0,0,0,0,0,0,0,0,0,0,0,0,0,0,0,0,0,0,0,0,0,0,0,0,0,0,0,canada,extraction,CAN,0,1,0.074,0.597,2,1,1,2,1,1,96,0,1
1917,Springs Mines Limited,transvaal,-81.1831,43.23256,cyanid,4.428698,1,2,0,1,0,0,0,0,0,0,0,0,0,0,0,0,0,0,0,0,0,0,0,0,0,0,0,0,0.03864332056364961,0.02976190476190476,10,0.30880929332042595,0.33499858276643973,0.001249213013200579,canada,extraction,CAN,0,1,0.067,0.61,2,2,1,2,2,1,98,0,1
1920,Springs Mines Limited,transvaal,-81.1831,43.23256,cyanid,4.428698,1,8,0,4,1,2,1,1,1,1,0.2320353816706755,0.05555555555555555,3,0.3673469387755102,0.43333333333333324,0.059494146527072925,0.3095855257532774,0.04918032786885246,3,0.49193548387096775,0.5136612021857924,0.012678451071599284,0.38801011672593305,0.07692307692307693,6,0.46153846153846156,0.5042735042735045,0.041381102674240555,0.04517981906361533,0.0390625,15,0.31574468085106383,0.3409598214285699,5.124308632124626e-4,canada,extraction,CAN,0,1,0.067,0.631,2,1,1,2,2,1,98,0,1
1922,Springs Mines Limited,transvaal,-81.1831,43.23256,cyanid,4.428698,1,9,0,9,3,4,3,0,0,0,0.431304341884387,0.10256410256410256,4,0.3627450980392157,0.4341880341880342,0.049341301972880926,0.4082780614264731,0.08695652173913043,4,0.5227272727272727,0.5434782608695652,0.02534242711755218,0.5103651464028451,0.12903225806451613,8,0.5040650406504065,0.545698924731183,0.07333053159647232,0.24854034484799856,0.07967032967032966,29,0.37526881720430105,0.40302197802197676,0.02159274915628853,canada,extraction,CAN,0,1,0.07,0.631,2,1,1,2,2,1,98,0,1
1923,Springs Mines Limited,transvaal,-81.1831,43.23256,cyanid,4.428698,1,6,0,5,1,2,1,0,0,0,0,0.021739130434782608,1,0.6666666666666666,0.03260869565217391,0,0.12873463546897113,0.025,1,0.4,0.44375000000000003,0,0.11547417169289918,0.03571428571428571,2,0.3660130718954248,0.41428571428571404,0.01753246753246753,0.17526934504753242,0.07671957671957672,29,0.38486140724946694,0.4059082892416223,0.005499970541156816,canada,extraction,CAN,0,1,0.07,0.631,2,1,1,2,2,1,98,0,1
1914,St Erth Syndicate Limited,queensland,142.7027956,-20.9175738,cyanid,0.1775148,1,9,0,4,1,2,1,0,0,0,0.007865160946507679,0.015873015873015872,1,0.20618556701030927,0.21802721088435342,0,0.17408969739500024,0.027777777777777776,2,0.41379310344827586,0.4571759259259259,0.0013514741469788734,0.16789807212156688,0.03296703296703297,3,0.3855932203389831,0.4322344322344323,0.007772202903360691,6.54935446337914e-7,0.027777777777777776,10,0.13987284287011809,0.14020943562610275,0.03293098112039616,australia,extraction,AUS,0,1,0.041,0.659,2,3,2,2,3,2,99,2,1
1919,Steyn Estate Gold Mines Limited,western,-95.7127622,37.0937489,cyanid,2.1027,1,9,0,4,0,0,0,0,0,0,0,0,0,0,0,0,0,0,0,0,0,0,0,0,0,0,0,0,0.10749597827459141,0.05898876404494382,21,0.3433734939759036,0.3727996254681625,0.004574646832431608,united states of america,extraction,USA,0,0,0.07,0.581,1,2,1,1,2,1,98,3,1
1922,Steyn Estate Gold Mines Limited,western,-95.71276,37.09375,cyanid,2.103632,1,11,0,6,0,0,0,0,0,0,0,0,0,0,0,0,0,0,0,0,0,0,0,0,0,0,0,0,0.0833170093655721,0.10164835164835165,37,0.3388349514563107,0.3818485086342204,0.07158872865775193,united states of america,extraction,USA,0,0,0.094,0.581,1,2,1,1,2,1,98,3,1
1922,Steyn Estate Gold Mines Limited,heidelberg,8.672434,49.39875,cyanid,2.103632,1,11,0,6,0,0,0,0,0,0,0,0,0,0,0,0,0,0,0,0,0,0,0,0,0,0,0,0,0.0833170093655721,0.10164835164835165,37,0.3388349514563107,0.3818485086342204,0.07158872865775193,germany,extraction,DEU,0,0,0.084,0.674,1,1,1,1,1,1,89,1,1
1923,Steyn Estate Gold Mines Limited,western,-95.71276,37.09375,cyanid,2.172919,1,11,0,4,1,1,1,0,0,0,0.2571845056278131,0.043478260869565216,2,0.37719298245614036,0.40905797101449276,0.03890958007511623,0.12873463546897115,0.025,1,0.4,0.44375000000000003,0,0.23814787294894357,0.05357142857142857,3,0.40875912408759124,0.45535714285714257,0.01019535559857028,0.071343784023262,0.0582010582010582,22,0.3389671361502347,0.36600529100528895,0.020068543660196603,united states of america,extraction,USA,0,0,0.096,0.581,1,2,1,1,2,1,98,3,1
1923,Steyn Estate Gold Mines Limited,transvaal,-81.1831,43.23256,cyanid,2.172919,1,11,0,4,1,1,1,0,0,0,0.2571845056278131,0.043478260869565216,2,0.37719298245614036,0.40905797101449276,0.03890958007511623,0.12873463546897115,0.025,1,0.4,0.44375000000000003,0,0.23814787294894357,0.05357142857142857,3,0.40875912408759124,0.45535714285714257,0.01019535559857028,0.071343784023262,0.0582010582010582,22,0.3389671361502347,0.36600529100528895,0.020068543660196603,canada,extraction,CAN,0,1,0.07,0.631,2,1,1,2,2,1,98,0,1
1914,Straits And General Development Limited,the heidelberg,-92.32747,38.9468309,cyanid,1.725838,1,11,0,4,0,0,0,1,1,1,0.2683542283999278,0.031746031746031744,2,0.37267080745341613,0.4044973544973543,0.026793333820983603,0.25621399253382304,0.041666666666666664,3,0.4931506849315068,0.5115740740740741,0.008650763473096193,0.3230001998149075,0.054945054945054944,5,0.4690721649484536,0.4990842490842494,0.015978414034765867,0.0813491540923939,0.05277777777777778,19,0.32696390658174096,0.3307440476190464,0.027536571610462093,united states of america,extraction,USA,0,0,0.079,0.581,1,2,1,1,2,1,98,3,1
1910,Suakin Mining Syndicate Limited,western,-95.71276,37.09375,cyanid,2.310311,1,8,0,4,0,0,0,0,0,0,0,0,0,0,0,0,0,0,0,0,0,0,0,0,0,0,0,0,0.10055927837982453,0.052132701421800945,11,0.2745398773006135,0.2898781313473263,6.36485587343972e-4,united states of america,extraction,USA,0,0,0.098,0.581,1,2,1,1,2,1,98,3,1
1911,Sub Nigel Limited,the heidelberg,-92.32747,38.9468309,cyanid,1.701507,1,10,361.4368250161558,9,0,1,0,0,0,0,0,0,0,0,0,0,0.09192239306163545,0.011111111111111112,1,0.36885245901639346,0.4138888888888889,0,0.08337704983591247,0.008403361344537815,1,0.3439306358381503,0.38375350140056025,0,0.12553643353444147,0.10305343511450382,27,0.35121951219512193,0.3445656125045435,0.0062503655635302155,united states of america,extraction,USA,0,0,0.098,0.581,1,2,1,1,2,1,98,3,1
1912,Sub Nigel Limited,western,-95.7127622,37.0937489,cyanid,1.703163,1,13,0,8,0,1,0,0,0,0,0,0,0,0,0,0,0.09268403705056942,0.012048192771084338,1,0.3878504672897196,0.4307228915662651,0,0.08711252237738422,0.00909090909090909,1,0.3588039867109635,0.39166666666666666,0,0.2098719960319026,0.08626198083067092,27,0.27229601518026564,0.3268715221590621,0.004117023246079764,united states of america,extraction,USA,0,0,0.098,0.581,1,2,1,1,2,1,98,3,1
1913,Sub Nigel Limited,the heidelberg,-92.32747,38.9468309,cyanid,1.703992,1,5,0,1,0,0,0,0,0,0,0,0,0,0,0,0,0,0,0,0,0,0,0,0,0,0,0,0,0.09175158894674468,0.031446540880503145,10,0.26709796672828096,0.30408683734155495,0.007422911977964911,united states of america,extraction,USA,0,0,0.083,0.581,1,2,1,1,2,1,98,3,1
1915,Sub Nigel Limited,western,-95.7127622,37.0937489,cyanid,1.703992,1,8,0,3,0,0,0,0,0,0,0,0,0,0,0,0,0,0,0,0,0,0,0,0,0,0,0,0,0.07974011733822836,0.07102272727272728,25,0.3515881708652793,0.3744656385281367,0.0398702964109454,united states of america,extraction,USA,0,0,0.07,0.581,1,2,1,1,2,1,98,3,1
1916,Sub Nigel Limited,western,-95.7127622,37.0937489,cyanid,1.703992,1,2,0,1,0,0,0,0,1,0,0,0,0,0,0,0,0.14256128783142594,0.017241379310344827,1,0.34523809523809523,0.3922413793103448,0,0.12751989150029022,0.013333333333333334,1,0.3232758620689655,0.36622222222222206,0,0.05123151395723815,0.045317220543806644,15,0.2864864864864865,0.3065026614875565,1.0010223361619082e-4,united states of america,extraction,USA,0,0,0.07,0.581,1,2,1,1,2,1,98,3,1
1917,Sub Nigel Limited,western,-95.71276,37.09375,cyanid,1.667461,1,4,0,2,0,0,0,0,0,0,0,0,0,0,0,0,0,0,0,0,0,0,0,0,0,0,0,0,0.027451297949974918,0.041666666666666664,14,0.28973660308810173,0.3131164965986399,0.001931537059757477,united states of america,extraction,USA,0,0,0.07,0.581,1,2,1,1,2,1,98,3,1
1920,Sub Nigel Limited,western,-95.71276,37.09375,cyanid,1.667461,1,9,0,4,1,1,1,0,0,0,0.21836681862294954,0.037037037037037035,2,0.40601503759398494,0.4506172839506171,0.07329442474189053,0.1058793240934913,0.01639344262295082,1,0.3630952380952381,0.40983606557377045,0,0.1969656504542284,0.038461538461538464,3,0.40414507772020725,0.44978632478632463,0.014045067737967333,0.08561160447158643,0.059895833333333336,23,0.36019417475728155,0.3984685019841257,0.007051957560180115,united states of america,extraction,USA,0,0,0.078,0.581,1,2,1,1,2,1,98,3,1
1921,Sub Nigel Limited,western,-95.71276,37.09375,cyanid,1.828329,1,8,0,8,1,1,1,0,0,0,0.2852203022215309,0.0425531914893617,2,0.37815126050420167,0.41205673758865247,0.01937436539384627,0.08091713249657766,0.0196078431372549,1,0.34459459459459457,0.39215686274509803,0,0.17892996731886945,0.04411764705882353,3,0.37777777777777777,0.4276960784313723,0.00682889752597075,0.15295104492292758,0.08355795148247978,31,0.357,0.38782569631625996,0.018599857790837313,united states of america,extraction,USA,0,0,0.095,0.581,1,2,1,1,2,1,98,3,1
1921,Sub Nigel Limited,transvaal,-81.1831,43.23256,cyanid,1.828329,1,8,0,8,1,1,1,0,0,0,0.2852203022215309,0.0425531914893617,2,0.37815126050420167,0.41205673758865247,0.01937436539384627,0.08091713249657766,0.0196078431372549,1,0.34459459459459457,0.39215686274509803,0,0.17892996731886945,0.04411764705882353,3,0.37777777777777777,0.4276960784313723,0.00682889752597075,0.15295104492292758,0.08355795148247978,31,0.357,0.38782569631625996,0.018599857790837313,canada,extraction,CAN,0,1,0.067,0.631,2,1,1,2,2,1,98,0,1
1915,Sudan Gold Field Company,sydney,151.2092955,-33.8688197,cyanid,0.6640106,1,5,4.1769708606422885e-4,1,0,0,0,1,1,1,0.15980870579488565,0.03225806451612903,2,0.313953488372093,0.3209677419354839,0.0066392565070513216,0.06036040362501666,0.012195121951219513,1,0.3082706766917293,0.34756097560975613,0,0.09875765539025941,0.030612244897959183,3,0.3333333333333333,0.37653061224489787,0.0024180408053582057,1.7077832144409358e-4,0.036931818181818184,13,0.23126801152737753,0.2485400883838392,5.220207143284065e-4,australia,extraction,AUS,0,1,0.041,0.659,2,3,3,2,3,3,99,3,1
1917,Sudan Gold Field Company,sydney,151.2093,-33.86882,cyanid,0.6640106,1,5,0,3,0,1,0,0,0,0,0,0,0,0,0,0,0.08660622639904678,0.021739130434782608,1,0.3333333333333333,0.3804347826086956,0,0.09335250799859136,0.01639344262295082,1,0.3177083333333333,0.35710382513661215,0,2.2382743730064932e-4,0.023809523809523808,8,0.2651704073150457,0.2786281179138328,0.049120330276665375,australia,extraction,AUS,0,1,0.041,0.659,2,3,3,2,3,3,99,3,1
1919,Sudan Gold Field Company,sydney,151.2092955,-33.8688197,cyanid,0.6640106,1,5,0,0,0,0,0,0,0,0,0,0,0,0,0,0,0,0,0,0,0,0,0,0,0,0,0,0,0.0031112147176180697,0.008426966292134831,3,0.2671875,0.2787720706260038,0,australia,extraction,AUS,0,1,0.041,0.659,2,3,3,2,3,3,99,3,1
1920,Sudan Gold Field Company,sydney,151.2093,-33.86882,cyanid,0.6640106,1,2,0,2,0,0,0,0,0,0,0,0,0,0,0,0,0,0,0,0,0,0,0,0,0,0,0,0,9.279649722236471e-4,0.041666666666666664,16,0.2772795216741405,0.30315600198412773,9.834965126984457e-4,australia,extraction,AUS,0,1,0.041,0.659,2,3,3,2,3,3,99,3,1
1909,Sulphide Corporation Limited,new zealand,174.886,-40.90056,cyanid,4.757374,1,19,0,3,1,2,1,1,1,0,0.17115841645684443,0.029850746268656716,2,0.3439153439153439,0.3810945273631839,0.01280737203396634,0.2363410450040909,0.039473684210526314,3,0.4578313253012048,0.4912280701754386,0.005194960401883315,0.27060774473734744,0.05154639175257732,5,0.4298642533936652,0.46391752577319617,0.008685426409100295,0.006891305605334422,0.02247191011235955,4,0.2652671755725191,0.2369136793294098,0.050974417571256266,new zealand,extraction,NA,0,0,NA,NA,NA,NA,NA,NA,NA,NA,NA,NA,NA
1922,Sungel Best Mines Limited,rhodesia,-97.21348,32.82943,cyanid,0.8857396,1,6,0,4,0,3,0,0,0,0,0,0,0,0,0,0,0.27557856432723377,0.06521739130434782,3,0.42592592592592593,0.4800724637681159,0.010015411321685201,0.2523156792577897,0.04838709677419355,3,0.38509316770186336,0.4354838709677417,0.0050146148533865235,1.0218634686601834e-4,0.013736263736263736,5,0.20505287896592245,0.20877812663527145,0.01051599915236279,united states of america,extraction,USA,0,0,0.094,0.581,1,2,1,1,2,1,98,3,1
1920,Surprise Gold Mining,rhodesia,-97.21348,32.82943,cyanid,0.7328692,1,0,0,0,0,0,0,0,0,0,0,0,0,0,0,0,0,0,0,0,0,0,0,0,0,0,0,0,0,0,0,0,0,0,united states of america,extraction,USA,0,0,0.078,0.581,1,2,1,1,2,1,98,3,1
1911,Surprise Gold Mining Company,london,-0.1277583,51.5073509,cyanid,0.9722896999999999,1,7,1.0013217677085525e-4,6,0,1,0,0,0,0,0,0,0,0,0,0,0.06519284687234889,0.011111111111111112,1,0.32608695652173914,0.36944444444444446,0,0.05920920951062067,0.008403361344537815,1,0.31151832460732987,0.3478991596638655,0,0.0029349407417428954,0.04580152671755725,12,0.2776349614395887,0.2608142493638683,0.021698708102923573,united kingdom,extraction,GBR,1,1,0.028,0.73,2,2,2,2,2,2,98,3,1
1911,Surprise Gold Mining Company,transvaal,-81.1830974,43.2325617,cyanid,0.9722896999999999,1,7,2.8333329557698393e-4,6,0,1,0,0,0,0,0,0,0,0,0,0,0.06519284687234889,0.011111111111111112,1,0.32608695652173914,0.36944444444444446,0,0.05920920951062067,0.008403361344537815,1,0.31151832460732987,0.3478991596638655,0,0.0029349407417428954,0.04580152671755725,12,0.2776349614395887,0.2608142493638683,0.021698708102923573,canada,extraction,CAN,0,1,0.072,0.61,2,1,1,2,1,1,96,0,1
1912,Surprise Gold Mining Company,rhodesia,-97.2134822,32.8294337,cyanid,0.973236,1,10,0,3,0,1,0,0,0,0,0,0,0,0,0,0,0.06865018010498351,0.012048192771084338,1,0.332,0.3765060240963855,0,0.06532842402389367,0.00909090909090909,1,0.31671554252199413,0.3483333333333332,0,0.005691575596895258,0.03514376996805112,11,0.26162260711030083,0.28962445080656046,0.02624156912381359,united states of america,extraction,USA,0,0,0.098,0.581,1,2,1,1,2,1,98,3,1
1912,Surprise Gold Mining Company,london,-0.1277583,51.5073509,cyanid,0.973236,1,10,0,3,0,1,0,0,0,0,0,0,0,0,0,0,0.06865018010498351,0.012048192771084338,1,0.332,0.3765060240963855,0,0.06532842402389367,0.00909090909090909,1,0.31671554252199413,0.3483333333333332,0,0.005691575596895258,0.03514376996805112,11,0.26162260711030083,0.28962445080656046,0.02624156912381359,united kingdom,extraction,GBR,1,1,0.028,0.73,2,2,2,2,2,2,98,3,1
1912,Surprise Gold Mining Company,transvaal,-81.1830974,43.2325617,cyanid,0.973236,1,10,0,3,0,1,0,0,0,0,0,0,0,0,0,0,0.06865018010498351,0.012048192771084338,1,0.332,0.3765060240963855,0,0.06532842402389367,0.00909090909090909,1,0.31671554252199413,0.3483333333333332,0,0.005691575596895258,0.03514376996805112,11,0.26162260711030083,0.28962445080656046,0.02624156912381359,canada,extraction,CAN,0,1,0.072,0.61,2,1,1,2,1,1,96,0,1
1913,Surprise Gold Mining Company,london,-0.1277583,51.5073509,cyanid,0.9737098000000001,0,2,0,1,0,1,0,0,0,0,0,0,0,0,0,0,0.08346779310370923,0.012658227848101266,1,0.3134920634920635,0.35443037974683544,0,0.08162996540898496,0.01020408163265306,1,0.3089700996677741,0.32772108843537406,0,0.002324637723402698,0.015723270440251572,5,0.21172161172161172,0.22521591790459744,0.003059839333885235,united kingdom,extraction,GBR,1,1,0.028,0.73,2,2,2,2,2,2,98,3,1
1914,Surprise Gold Mining Company,auburn,-85.4807825,32.6098566,cyanid,0.9861933,1,1,414.22319093851655,0,0,0,0,0,0,0,0,0,0,0,0,0,0,0,0,0,0,0,0,0,0,0,0,0,5.65141545477711e-5,0.005555555555555556,2,0.1830065359477124,0.16691909171075853,0,united states of america,extraction,USA,0,0,0.079,0.581,1,2,1,1,2,1,98,3,1
1915,Surprise Gold Mining Company,rhodesia,-97.2134822,32.8294337,cyanid,0.9514748000000001,1,3,0,1,0,0,0,0,0,0,0,0,0,0,0,0,0,0,0,0,0,0,0,0,0,0,0,0,6.147889730326814e-5,0.014204545454545454,5,0.20723047127178826,0.20640557359307474,0.00518000518000518,united states of america,extraction,USA,0,0,0.07,0.581,1,2,1,1,2,1,98,3,1
1916,Surprise Gold Mining Company,rhodesia,-97.2134822,32.8294337,cyanid,0.9532888,1,2,0,1,0,0,0,0,0,0,0,0,0,0,0,0,0,0,0,0,0,0,0,0,0,0,0,0,0,0,0,0,0,0,united states of america,extraction,USA,0,0,0.07,0.581,1,2,1,1,2,1,98,3,1
1917,Surprise Gold Mining Company,rhodesia,-97.21348,32.82943,cyanid,0.9528346999999999,1,1,0,0,0,0,0,0,1,0,0,0,0,0,0,0,0.21959201433608794,0.043478260869565216,2,0.40350877192982454,0.45471014492753614,0.004703083692853514,0.21843289207777722,0.03278688524590164,2,0.3674698795180723,0.4153005464480873,0.002522690389152974,2.630729149597331e-5,0.002976190476190476,1,0.2087696335078534,0.21098710317460434,0,united states of america,extraction,USA,0,0,0.07,0.581,1,2,1,1,2,1,98,3,1
1919,Surprise Gold Mining Company,rhodesia,-97.2134822,32.8294337,cyanid,0.8853475,1,2,0,1,0,0,0,0,0,0,0,0,0,0,0,0,0,0,0,0,0,0,0,0,0,0,0,0,0.006468756007561542,0.011235955056179775,4,0.2923076923076923,0.301805778491172,0.005735456672427536,united states of america,extraction,USA,0,0,0.07,0.581,1,2,1,1,2,1,98,3,1
1921,Surprise Gold Mining Company,rhodesia,-97.21348,32.82943,cyanid,0.7698229,1,1,0,1,0,0,0,0,0,0,0,0,0,0,0,0,0,0,0,0,0,0,0,0,0,0,0,0,0.043973193005912375,0.02425876010781671,9,0.3324022346368715,0.347753818508534,0.009787010321014275,united states of america,extraction,USA,0,0,0.095,0.581,1,2,1,1,2,1,98,3,1
1923,Surprise Gold Mining Company,rhodesia,-97.21348,32.82943,cyanid,0.9149130999999999,1,2,0,2,0,0,0,0,0,0,0,0,0,0,0,0,0,0,0,0,0,0,0,0,0,0,0,0,0.03181555701554104,0.015873015873015872,6,0.3434823977164605,0.3570987654320969,0.010253214306170993,united states of america,extraction,USA,0,0,0.096,0.581,1,2,1,1,2,1,98,3,1
1895,Sutherland Reef Limited,transvaal,-81.1831,43.23256,amalgama,1.221896,1,6,0,0,0,0,0,0,0,0,0,0,0,0,0,0,0,0,0,0,0,0,0,0,0,0,0,0,0,0,0,0,0,0,canada,extraction,CAN,0,1,0.074,0.597,2,1,NA,2,1,NA,96,0,1
1908,Sutherland Reef Limited,transvaal,-81.1831,43.23256,cyanid,1.221896,1,3,0,0,0,0,0,0,1,0,0,0,0,0,0,0,0.07144419848945106,0.012658227848101266,1,0.34347826086956523,0.3892405063291139,0,0.06760491552178303,0.009259259259259259,1,0.31671554252199413,0.3574074074074073,0,0,0,0,0,0,0,canada,extraction,CAN,0,1,0.074,0.597,2,1,1,2,1,1,96,0,1
1909,Sutherland Reef Limited,transvaal,-81.1831,43.23256,cyanid,1.221896,1,4,0,1,0,0,0,0,0,0,0,0,0,0,0,0,0,0,0,0,0,0,0,0,0,0,0,0,0,0.0056179775280898875,1,1,0.0056179775280898875,0,canada,extraction,CAN,0,1,0.074,0.597,2,1,1,2,1,1,96,0,1
1914,Tabkwa Banket West,london,-0.1277583,51.5073509,cyanid,0.2218935,1,4,0,0,0,0,0,0,1,0,0,0,0,0,0,0,0.07154364381956922,0.013888888888888888,1,0.3333333333333333,0.37847222222222215,0,0.0708818407772831,0.01098901098901099,1,0.3137931034482759,0.3558608058608057,0,0,0,0,0,0,0,united kingdom,extraction,GBR,1,1,0.028,0.73,2,2,2,2,2,2,98,3,1
1908,Taitapu Gold Estates Limited,new zealand,174.886,-40.90056,cyanid,0.8515815,1,2,0,0,0,0,0,0,1,0,0,0,0,0,0,0,0.16772967107531864,0.02531645569620253,2,0.42473118279569894,0.46413502109704646,0.0011394947857551521,0.1539431862922427,0.018518518518518517,2,0.3737024221453287,0.41666666666666696,5.814739524188651e-4,0,0,0,0,0,0,new zealand,extraction,NA,0,0,NA,NA,NA,NA,NA,NA,NA,NA,NA,NA,NA
1911,Taitapu Gold Estates Limited,new zealand,174.885971,-40.900557,cyanid,1.473019,1,5,0.002466190264589519,2,0,0,0,0,0,0,0,0,0,0,0,0,0,0,0,0,0,0,0,0,0,0,0,0,0.017489696917127356,0.015267175572519083,4,0.2962962962962963,0.2778989458378781,0.012988316531125163,new zealand,extraction,NA,0,0,NA,NA,NA,NA,NA,NA,NA,NA,NA,NA,NA
1910,Talisman Consolidated Limited,new zealand,174.886,-40.90056,cyanid,1.50365,1,5,0,0,0,0,0,0,0,0,0,0,0,0,0,0,0,0,0,0,0,0,0,0,0,0,0,0,0,0,0,0,0,0,new zealand,extraction,NA,0,0,NA,NA,NA,NA,NA,NA,NA,NA,NA,NA,NA
1912,Talisman Consolidated Limited,new zealand,174.885971,-40.900557,cyanid,1.50365,0,2,0,0,0,0,0,0,0,0,0,0,0,0,0,0,0,0,0,0,0,0,0,0,0,0,0,0,0,0,0,0,0,0,new zealand,extraction,NA,0,0,NA,NA,NA,NA,NA,NA,NA,NA,NA,NA,NA
1914,Talisman Consolidated Limited,new zealand,174.885971,-40.900557,cyanid,1.47929,0,4,0,0,0,0,0,0,1,0,0,0,0,0,0,0,0.1740896973950002,0.027777777777777776,2,0.41379310344827586,0.4571759259259259,0.0013514741469788734,0.16356953228730878,0.02197802197802198,2,0.38235294117647056,0.4249084249084249,7.756810423699662e-4,0,0,0,0,0,0,new zealand,extraction,NA,0,0,NA,NA,NA,NA,NA,NA,NA,NA,NA,NA,NA
1915,Talisman Consolidated Limited,new zealand,174.885971,-40.900557,cyanid,1.427212,0,1,0,0,0,0,0,0,0,0,0,0,0,0,0,0,0,0,0,0,0,0,0,0,0,0,0,0,0,0,0,0,0,0,new zealand,extraction,NA,0,0,NA,NA,NA,NA,NA,NA,NA,NA,NA,NA,NA
1916,Talisman Consolidated Limited,new zealand,174.885971,-40.900557,cyanid,1.429933,0,2,0,1,0,0,0,0,0,0,0,0,0,0,0,0,0,0,0,0,0,0,0,0,0,0,0,0,1.107391478106484e-8,0.0030211480362537764,1,0.15347490347490347,0.1562640867021541,0,new zealand,extraction,NA,0,0,NA,NA,NA,NA,NA,NA,NA,NA,NA,NA,NA
1921,Talisman Consolidated Limited,new zealand,174.886,-40.90056,cyanid,1.732102,1,12,0,0,0,0,0,0,0,0,0,0,0,0,0,0,0,0,0,0,0,0,0,0,0,0,0,0,0,0,0,0,0,0,new zealand,extraction,NA,0,0,NA,NA,NA,NA,NA,NA,NA,NA,NA,NA,NA
1915,Tanalyk Corporation Limited,over s with right,-95.712891,37.09024,cyanid,1.427212,1,5,0,2,1,1,1,0,1,0,0.020414127894475744,0.016129032258064516,1,0.2571428571428571,0.246774193548387,0,0.23642283724887306,0.036585365853658534,3,0.47674418604651164,0.5010162601626017,0.011740442384828515,0.23109780113151085,0.04081632653061224,4,0.4485981308411215,0.4727891156462587,0.014682548843710515,7.504843544250707e-5,0.008522727272727272,3,0.22400558269364967,0.22286593614718725,6.103566190979362e-4,united states of america,extraction,USA,0,0,0.07,0.581,1,2,1,1,2,1,98,3,1
1916,Tanalyk Corporation Limited,over s with right,-95.712891,37.09024,cyanid,1.429933,1,1,0,0,0,0,0,0,0,0,0,0,0,0,0,0,0,0,0,0,0,0,0,0,0,0,0,0,1.0214705597958332e-4,0.0030211480362537764,1,0.2244177840508116,0.22749244712991049,0,united states of america,extraction,USA,0,0,0.07,0.581,1,2,1,1,2,1,98,3,1
1917,Tanalyk Corporation Limited,russia,105.3188,61.52401,cyanid,1.429252,1,3,0,2,0,0,0,0,1,0,0,0,0,0,0,0,0.3826272781048882,0.06521739130434782,3,0.4423076923076923,0.4909420289855072,0.008891885671265585,0.36266964574588945,0.04918032786885246,3,0.3860759493670886,0.4404371584699452,0.004438884381561241,9.180870052118635e-4,0.017857142857142856,6,0.25098347757671124,0.25661848072562393,0,russia,extraction,RUS,0,0,0.377,0.294,-1,-1,-2,-1,-1,-2,82,-1,0
1911,Taquah Mining,london,-0.1277583,51.5073509,cyanid,1.701507,1,1,1.0013217677085525e-4,0,0,0,0,0,0,0,0,0,0,0,0,0,0,0,0,0,0,0,0,0,0,0,0,0,0,0,0,0,0,0,united kingdom,extraction,GBR,1,1,0.028,0.73,2,2,2,2,2,2,98,3,1
1908,Taquah Mining And Exploration Limited,london,-0.1277583,51.50735,cyanid,1.157119,1,7,0,0,0,0,0,0,0,0,0,0,0,0,0,0,0,0,0,0,0,0,0,0,0,0,0,0,0,0,0,0,0,0,united kingdom,extraction,GBR,1,1,0.028,0.73,2,2,2,2,2,1,98,3,1
1909,Taquah Mining And Exploration Limited,liverpool,-76.2177,43.10646,cyanid,1.158796,1,1,373.76695325394866,1,0,0,0,0,0,0,0,0,0,0,0,0,0,0,0,0,0,0,0,0,0,0,0,0,0,0,0,0,0,0,united states of america,extraction,USA,0,0,0.117,0.581,1,1,1,1,1,1,98,1,1
1910,Taquah Mining And Exploration Limited,london,-0.1277583,51.50735,cyanid,1.702335,1,10,0,5,0,0,0,0,0,0,0,0,0,0,0,0,0,0,0,0,0,0,0,0,0,0,0,0,0,0,0,0,0,0,united kingdom,extraction,GBR,1,1,0.028,0.73,2,2,2,2,2,2,98,3,1
1912,Taquah Mining And Exploration Limited,london,-0.1277583,51.5073509,cyanid,1.703163,1,9,0,4,0,0,0,0,0,0,0,0,0,0,0,0,0,0,0,0,0,0,0,0,0,0,0,0,2.632640340748768e-4,0.012779552715654952,4,0.1889400921658986,0.19699989396475068,0.005857294994675187,united kingdom,extraction,GBR,1,1,0.028,0.73,2,2,2,2,2,2,98,3,1
1913,Taquah Mining And Exploration Limited,london,-0.1277583,51.5073509,cyanid,1.703992,1,7,0,5,0,0,0,0,0,0,0,0,0,0,0,0,0,0,0,0,0,0,0,0,0,0,0,0,8.362983423139467e-6,0.015723270440251572,5,0.14508032128514056,0.1465486775628294,0.005713945598476281,united kingdom,extraction,GBR,1,1,0.028,0.73,2,2,2,2,2,2,98,3,1
1914,Taquah Mining And Exploration Limited,london,-0.1277583,51.5073509,cyanid,1.725838,1,4,0,4,0,1,0,0,0,0,0,0,0,0,0,0,0.1024106055564552,0.013888888888888888,1,0.375,0.42013888888888884,0,0.09572347977228027,0.01098901098901099,1,0.35,0.39267399267399256,0,0.0019654983134741984,0.019444444444444445,7,0.24425059476605868,0.23440145502645585,0.012333766987444487,united kingdom,extraction,GBR,1,1,0.028,0.73,2,2,2,2,2,2,98,3,1
1915,Taquah Mining And Exploration Limited,london,-0.1277583,51.5073509,cyanid,1.725838,1,6,0,5,0,1,0,0,0,0,0,0,0,0,0,0,0.10179419142368233,0.012195121951219513,1,0.36936936936936937,0.41463414634146345,0,0.09422722124891846,0.01020408163265306,1,0.35555555555555557,0.3897959183673468,0,0.0012430901543996258,0.03125,11,0.2734241908006814,0.2776176948051956,0.0053234141140156,united kingdom,extraction,GBR,1,1,0.028,0.73,2,2,2,2,2,2,98,3,1
1916,Taquah Mining And Exploration Limited,london,-0.1277583,51.5073509,cyanid,1.133403,1,5,0,4,0,1,0,0,0,0,0,0,0,0,0,0,0.14256128783142596,0.017241379310344827,1,0.34523809523809523,0.3922413793103448,0,0.12751989150029022,0.013333333333333334,1,0.3232758620689655,0.36622222222222206,0,0.0011876049465897535,0.03625377643504532,12,0.2710997442455243,0.2908933966335788,0.012438053413029858,united kingdom,extraction,GBR,1,1,0.031,0.73,2,2,2,2,2,2,94,3,1
1917,Taquah Mining And Exploration Limited,salisbury,-75.59937,38.36067,cyanid,1.132863,1,1,0,1,0,0,0,0,0,0,0,0,0,0,0,0,0,0,0,0,0,0,0,0,0,0,0,0,0,0.002976190476190476,1,1,0.002976190476190476,0,united states of america,extraction,USA,0,0,0.07,0.581,1,2,1,1,2,1,98,3,1
1919,Taquah Mining And Exploration Limited,london,-0.1277583,51.5073509,cyanid,2.213369,1,5,0,4,0,1,0,0,0,0,0,0,0,0,0,0,0.1102124571826353,0.015384615384615385,1,0.3611111111111111,0.4076923076923077,0,0.10549702369375362,0.0125,1,0.34782608695652173,0.3893749999999998,0,0.003344201228423644,0.028089887640449437,10,0.27580645161290324,0.29108480470840115,0.005960468595882218,united kingdom,extraction,GBR,1,1,0.028,0.73,2,2,1,2,2,1,89,3,1
1920,Taquah Mining And Exploration Limited,london,-0.1277583,51.50735,cyanid,2.213369,1,4,0,4,0,0,0,0,0,0,0,0,0,0,0,0,0,0,0,0,0,0,0,0,0,0,0,0,0.007326818347685709,0.041666666666666664,16,0.3254385964912281,0.3466455853174584,0.02531053048333053,united kingdom,extraction,GBR,1,1,0.028,0.73,2,2,1,2,2,1,89,3,1
1921,Taquah Mining And Exploration Limited,london,-0.1277583,51.50735,cyanid,0.9152733000000001,1,5,0,2,0,1,0,0,0,0,0,0,0,0,0,0,0.3878213916456566,0.0784313725490196,4,0.5204081632653061,0.5392156862745098,0.03255060918718952,0.3548000978831813,0.058823529411764705,4,0.44155844155844154,0.4816176470588233,0.013694872635561682,0.03983229222466649,0.026954177897574125,10,0.3266239707227813,0.34317160826594684,0.011853801585380921,united kingdom,extraction,GBR,1,1,0.028,0.73,2,2,1,2,2,1,89,3,1
1922,Taquah Mining And Exploration Limited,liverpool,-76.2177,43.10646,cyanid,1.053091,1,8,0,7,0,1,0,0,0,0,0,0,0,0,0,0,0.1326994970992395,0.021739130434782608,1,0.38333333333333336,0.4293478260869565,0,0.12077349902726046,0.016129032258064516,1,0.3583815028901734,0.39784946236559116,0,0.012378240096544486,0.057692307692307696,21,0.33174904942965777,0.3524725274725262,0.024540464529454353,united states of america,extraction,USA,0,0,0.094,0.581,1,2,1,1,2,1,98,3,1
1923,Taquah Mining And Exploration Limited,london,-0.1277583,51.50735,cyanid,1.37237,1,12,0,9,0,1,0,0,0,0,0,0,0,0,0,0,0.11214577304997947,0.025,1,0.3508771929824561,0.4,0,0.09466191116073322,0.017857142857142856,1,0.32748538011695905,0.3687500000000001,0,0.04083200928227219,0.10052910052910052,38,0.40155728587319245,0.43985890652557463,0.07860045138414377,united kingdom,extraction,GBR,1,1,0.027,0.73,2,2,1,2,2,1,89,3,1
1911,Tarkwa Banket Mining Siyndicate Limited,london,-0.1277583,51.5073509,cyanid,0.3891051,1,5,1.0013217677085525e-4,0,0,0,0,0,0,0,0,0,0,0,0,0,0,0,0,0,0,0,0,0,0,0,0,0,0,0,0,0,0,0,united kingdom,extraction,GBR,1,1,0.028,0.73,2,2,2,2,2,2,98,3,1
1912,Tarkwa Banket Mining Siyndicate Limited,london,-0.1277583,51.5073509,cyanid,0.2189781,0,9,0,4,1,1,1,5,5,5,0.16976206802917143,0.014492753623188406,1,0.33004926108374383,0.36038647342995167,0,0.2183552781474258,0.03614457831325301,3,0.4368421052631579,0.4769076305220884,0.00229482138534163,0.2497196021790824,0.03636363636363636,4,0.4075471698113208,0.4439393939393942,0.0035785727943701464,0,0.003194888178913738,1,1,0.003194888178913738,0,united kingdom,extraction,GBR,1,1,0.028,0.73,2,2,2,2,2,2,98,3,1
1913,Tarkwa Banket West Limited,london,-0.1277583,51.5073509,cyanid,0.21908470000000002,0,1,0,0,0,0,0,0,0,0,0,0,0,0,0,0,0,0,0,0,0,0,0,0,0,0,0,0,0,0,0,0,0,0,united kingdom,extraction,GBR,1,1,0.028,0.73,2,2,2,2,2,2,98,3,1
1920,Tarkwa Banket West Limited,london,-0.1277583,51.50735,cyanid,0.1648956,0,5,0,3,0,1,0,0,0,0,0,0,0,0,0,0,0.10587932409349131,0.01639344262295082,1,0.3630952380952381,0.40983606557377045,0,0.10117169068968512,0.01282051282051282,1,0.3436123348017621,0.3846153846153844,0,9.45593875492611e-5,0.015625,6,0.25067567567567567,0.26157614087301656,0.006359692468540094,united kingdom,extraction,GBR,1,1,0.028,0.73,2,2,1,2,2,1,89,3,1
1912,Tasmanian And Crown Lyell Extended,tasmania,145.9706647,-41.4545196,cyanid,0.3649635,1,13,959.9955790031457,3,0,1,0,1,2,1,0.18974789411814114,0.043478260869565216,3,0.33668341708542715,0.3797101449275361,0.03629480777818376,0.21835527814742575,0.03614457831325301,3,0.4368421052631579,0.4769076305220884,0.00229482138534163,0.2562897627963129,0.05454545454545454,6,0.41379310344827586,0.4560606060606063,0.027406183056395653,0.013039332449910932,0.06389776357827476,20,0.2692307692307692,0.31057759244660255,0.08385208234735377,australia,extraction,AUS,0,1,0.041,0.659,2,3,2,2,3,2,99,2,1
1913,Tasmanian Gold Mining Company,queen street lace,-76.760394,39.3630308,cyanid,1.217137,1,9,66.74367743964203,0,0,0,0,0,0,0,0,0,0,0,0,0,0,0,0,0,0,0,0,0,0,0,0,0,0,0,0,0,0,0,united states of america,extraction,USA,0,0,0.083,0.581,1,2,1,1,2,1,98,3,1
1914,Tasmanian Gold Mining Company,tasmania,145.9706647,-41.4545196,cyanid,1.217137,1,9,0,2,1,1,1,2,1,1,0.34976763149107865,0.09523809523809523,6,0.4316546762589928,0.47460317460317447,0.19671689464316192,0.25634944055279874,0.041666666666666664,3,0.45569620253164556,0.49074074074074076,0.005085703030674878,0.3574841096223194,0.0989010989010989,9,0.4739583333333333,0.5201465201465204,0.08246446517940376,1.263041915614635e-4,0.016666666666666666,6,0.20026007802340703,0.19629409171075907,0.004907995383718218,australia,extraction,AUS,0,1,0.041,0.659,2,3,2,2,3,2,99,2,1
1908,Tasmanian Smelting Company,australia,133.7751,-25.2744,cyanid,2.189781,1,8,1935.325106752318,0,0,0,0,2,0,0,0.009568728910464864,0.014084507042253521,1,0.21580547112462006,0.2365191146881286,0,0,0,0,0,0,0,0.0021063830181443886,0.009259259259259259,1,0.24053452115812918,0.2527777777777778,0,0,0,0,0,0,0,australia,extraction,AUS,0,1,0.041,0.659,2,2,2,2,2,2,99,2,1
1912,Tasmanian Syndicate Limited,guerrero,-99.5450974,17.4391926,cyanid,0.007766423,1,5,670.2485225146698,1,0,0,0,0,0,0,0,0,0,0,0,0,0,0,0,0,0,0,0,0,0,0,0,0,6.684055995328198e-4,0.003194888178913738,1,0.21102941176470588,0.22028765519180865,0,mexico,extraction,MEX,0,0,0.816,0.561,-2,-2,-3,-2,-2,-3,70,0,0
1894,Teutonia Gold Mining Company,london,-0.1277583,51.50735,cyanid,0.3658537,1,7,261.4279548040811,0,0,0,0,0,0,0,0,0,0,0,0,0,0,0,0,0,0,0,0,0,0,0,0,0,0,0,0,0,0,0,united kingdom,extraction,GBR,1,1,0.028,0.73,2,2,NA,2,2,NA,98,3,1
1917,Tharsis Sulphur And Copper Company,chilian,-71.54297,-35.67515,cyanid,6.085686,1,2,0,1,0,0,0,1,1,1,0.006922570886732881,0.027777777777777776,1,0.20253164556962025,0.22037037037037055,0,0.351560454963174,0.06521739130434782,3,0.46938775510204084,0.5072463768115941,0.02304761371955716,0.35835651459071943,0.06557377049180328,4,0.4178082191780822,0.4699453551912567,0.03372819401073572,3.0801540213088454e-5,0.005952380952380952,2,0.20795306388526727,0.21112882653061335,0.005650319829424308,chile,extraction,CHL,0,0,0.276,0.272,0,1,-1,0,1,-1,97,1,1
1908,Thistle Consolidated Mines Limited,transvaal,-81.1831,43.23256,cyanid,0.8763389,1,4,0,0,0,0,0,0,0,0,0,0,0,0,0,0,0,0,0,0,0,0,0,0,0,0,0,0,0,0,0,0,0,0,canada,extraction,CAN,0,1,0.074,0.597,2,1,1,2,1,1,96,0,1
1911,Thistle Consolidated Mines Limited,transvaal,-81.1830974,43.2325617,cyanid,0.8763389,1,1,2.8333329557698393e-4,1,0,0,0,0,0,0,0,0,0,0,0,0,0,0,0,0,0,0,0,0,0,0,0,0,0,0.003816793893129771,1,1,0.003816793893129771,0,canada,extraction,CAN,0,1,0.072,0.61,2,1,1,2,1,1,96,0,1
1912,Thistle Consolidated Mines Limited,transvaal,-81.1830974,43.2325617,cyanid,0.8763389,1,2,0,2,0,0,0,0,0,0,0,0,0,0,0,0,0,0,0,0,0,0,0,0,0,0,0,0,0.004912239881539387,0.012779552715654952,4,0.2292332268370607,0.24680280670696106,0.005857294994675188,canada,extraction,CAN,0,1,0.072,0.61,2,1,1,2,1,1,96,0,1
1913,Thistle Consolidated Mines Limited,transvaal,-81.1830974,43.2325617,cyanid,0.8763389,1,3,0,3,0,0,0,0,0,0,0,0,0,0,0,0,0,0,0,0,0,0,0,0,0,0,0,0,0.01071262510614323,0.009433962264150943,3,0.22299382716049382,0.24048620841073728,0.011408051108068964,canada,extraction,CAN,0,1,0.072,0.61,2,1,1,2,1,1,96,0,1
1914,Thistle Consolidated Mines Limited,transvaal,-81.1830974,43.2325617,cyanid,0.887574,1,2,0,0,0,0,0,0,0,0,0,0,0,0,0,0,0,0,0,0,0,0,0,0,0,0,0,0,0,0,0,0,0,0,canada,extraction,CAN,0,1,0.067,0.61,2,1,1,2,1,1,96,0,1
1911,Thistle Etna Gold Mines Limited,rhodesia,-97.2134822,32.8294337,cyanid,0.3163017,1,2,4.5913793676987665e-4,0,0,0,0,0,0,0,0,0,0,0,0,0,0,0,0,0,0,0,0,0,0,0,0,0,0,0,0,0,0,0,united states of america,extraction,USA,0,0,0.098,0.581,1,2,1,1,2,1,98,3,1
1912,Thistle Etna Gold Mines Limited,chilian,-71.542969,-35.675147,cyanid,0.3163017,1,2,0,1,1,1,1,0,0,0,0.3035856130474297,0.043478260869565216,3,0.3701657458563536,0.41231884057970997,0.02250627710609658,0.22645832088580425,0.03614457831325301,3,0.49404761904761907,0.5100401606425703,0.006477566176649881,0.2957100426285781,0.05454545454545454,6,0.463519313304721,0.4878787878787881,0.016351626102476393,2.088346269662333e-4,0.01597444089456869,5,0.2,0.2129508226952322,1.5387745020332882e-4,chile,extraction,CHL,0,0,0.276,0.272,0,1,-1,0,1,-1,97,1,1
1915,Thistle Etna Gold Mines Limited,chilian,-71.542969,-35.675147,cyanid,0.356803,1,4,0,1,0,0,0,0,0,0,0,0,0,0,0,0,0,0,0,0,0,0,0,0,0,0,0,0,2.128662027121388e-5,0.002840909090909091,1,0.20239596469104665,0.19590548340548414,0,chile,extraction,CHL,0,0,0.276,0.272,0,1,-1,0,1,-1,97,1,1
1916,Thistle Etna Gold Mines Limited,chilian,-71.542969,-35.675147,cyanid,0.3574833,1,1,0,1,0,0,0,0,0,0,0,0,0,0,0,0,0,0,0,0,0,0,0,0,0,0,0,0,2.3283323572677583e-4,0.0030211480362537764,1,0.2203742203742204,0.22398216084016806,0,chile,extraction,CHL,0,0,0.276,0.272,0,1,-1,0,1,-1,97,1,1
1913,Thistle Etna Gold Mlnes Limited,rhodesia,-97.2134822,32.8294337,cyanid,0.6085686,1,5,0,2,0,0,0,0,1,0,0,0,0,0,0,0,0.17340599069790336,0.02531645569620253,2,0.35909090909090907,0.410337552742616,0.0020006273296057277,0.164966733461569,0.02040816326530612,2,0.34572490706319703,0.3727891156462584,0.0011511462429235019,0.001347802449194566,0.006289308176100629,2,0.1903820816864295,0.1981528691434358,5.894065648994976e-4,united states of america,extraction,USA,0,0,0.083,0.581,1,2,1,1,2,1,98,3,1
1914,Thistle Etna Gold Mlnes Limited,rhodesia,-97.2134822,32.8294337,cyanid,0.6085686,1,5,0,2,0,0,0,0,0,0,0,0,0,0,0,0,0,0,0,0,0,0,0,0,0,0,0,0,0.014926403361990926,0.016666666666666666,6,0.2704126426690079,0.2646329365079376,0.002221249032669373,united states of america,extraction,USA,0,0,0.079,0.581,1,2,1,1,2,1,98,3,1
1903,Timar Mining Syndicate Limited,liverpool,-76.2177,43.10646,amalgama,0.1945525,1,3,403.9522735311646,0,0,0,0,0,0,0,0,0,0,0,0,0,0,0,0,0,0,0,0,0,0,0,0,0,0,0,0,0,0,0,united states of america,extraction,USA,0,0,0.117,0.581,1,1,1,1,1,1,98,1,1
1903,Timar Mining Syndicate Limited,spain,-3.74922,40.46367,amalgama,0.1945525,1,3,1049.8959290053099,0,0,0,0,0,0,0,0,0,0,0,0,0,0,0,0,0,0,0,0,0,0,0,0,0,0,0,0,0,0,0,spain,extraction,ESP,0,0,0.49,0.618,0,1,0,0,1,0,100,2,1
1909,Tindal Gold Mines Development Limited,australia,133.7751,-25.2744,cyanid,1.218324,1,3,0,0,0,0,0,0,0,0,0,0,0,0,0,0,0,0,0,0,0,0,0,0,0,0,0,0,0,0,0,0,0,0,australia,extraction,AUS,0,1,0.041,0.659,2,2,2,2,2,2,99,2,1
1914,Tolima Mining Company,mexico,-102.552784,23.634501,cyanid,1.427212,1,9,0,2,1,0,0,0,0,0,0.1871438015854502,0.015873015873015872,1,0.32786885245901637,0.3542328042328043,0,0,0,0,0,0,0,0.04811949376023238,0.01098901098901099,1,0.2993421052631579,0.3335164835164835,0,1.4393088545132718e-4,0.005555555555555556,2,0.18689320388349515,0.17264550264550269,0.004750851129681213,mexico,extraction,MEX,0,0,0.774,0.561,-3,-3,-3,-3,-3,-3,69,0,0
1915,Tolima Mining Company,argentine,-63.616672,-38.416097,cyanid,1.427212,1,9,767.5714544509678,4,0,1,0,0,1,0,0,0,0,0,0,0,0.16319973813125388,0.024390243902439025,2,0.40594059405940597,0.4502032520325203,0.0022202271511041665,0.15114676840386057,0.02040816326530612,2,0.384,0.4195578231292519,0.0012080992680367443,0.046880573371276095,0.019886363636363636,7,0.31563421828908556,0.32662337662337604,0.005031490338204866,argentina,extraction,ARG,0,0,0.243,0.515,0,0,0,0,0,0,92,1,1
1913,Tomboy Gold Mines Company,mexico,-102.552784,23.634501,cyanid,1.703992,1,4,0,1,1,1,1,1,1,1,0.21808174232498043,0.034482758620689655,2,0.39814814814814814,0.3333333333333333,0.04073401895543457,0.19889486051727137,0.02531645569620253,2,0.38349514563106796,0.4324894514767932,0.002512628768632471,0.2663145779841911,0.04081632653061224,4,0.4025974025974026,0.42976190476190496,0.01370184149559587,0,0.0031446540880503146,1,1,0.0031446540880503146,0,mexico,extraction,MEX,0,0,0.774,0.561,-3,-3,-3,-3,-3,-3,70,0,0
1916,Tomboy Gold Mines Company,argentine,-63.616672,-38.416097,cyanid,1.429933,1,4,0,4,1,1,1,0,0,0,0.19059796607987634,0.023809523809523808,1,0.3548387096774194,0.3134920634920636,0,0.19916810430585438,0.034482758620689655,2,0.37662337662337664,0.42959770114942525,0.007272590085713421,0.31632244929622727,0.04,3,0.36764705882352944,0.4177777777777776,0.006728200646057892,0.08086798896502706,0.05740181268882175,19,0.363013698630137,0.3986404833836837,0.11011918035364579,argentina,extraction,ARG,0,0,0.236,0.551,1,0,0,1,0,0,92,1,1
1917,Tomboy Gold Mines Company,argentine,-63.61667,-38.4161,cyanid,1.429252,1,4,3.7604060509083704e-4,0,0,0,0,0,0,0,0,0,0,0,0,0,0,0,0,0,0,0,0,0,0,0,0,0,0.021583669237457987,0.005952380952380952,2,0.2972972972972973,0.3188917233560093,3.543077744375935e-4,argentina,extraction,ARG,0,0,0.222,0.551,1,1,0,1,1,0,92,1,1
1919,Tomboy Gold Mines Company,argentine,-63.616672,-38.416097,cyanid,1.549358,1,7,0,2,1,0,0,0,1,0,4.1103904540928206e-17,0.018867924528301886,1,1,0.018867924528301886,0,0.11021245718263525,0.015384615384615385,1,0.3611111111111111,0.4076923076923077,0,0.10668438052315965,0.025,2,0.3508771929824561,0.3977083333333331,0.025,0,0.008426966292134831,3,1,0.008426966292134831,4.747586643456243e-5,argentina,extraction,ARG,0,0,0.222,0.551,1,1,0,1,1,0,92,1,1
1920,Tomboy Gold Mines Company,argentine,-63.61667,-38.4161,cyanid,1.099304,1,1,0,1,0,0,0,0,0,0,0,0,0,0,0,0,0,0,0,0,0,0,0,0,0,0,0,0,0.004484220894240551,0.010416666666666666,4,0.2930489731437599,0.3119233630952382,0.010049499564838991,argentina,extraction,ARG,0,0,0.222,0.551,1,1,0,1,1,0,92,1,1
1910,Tominil Mexican Mining Company,durango,-107.8801,37.27528,cyanid,1.702335,1,3,0,0,0,0,0,0,0,0,0,0,0,0,0,0,0,0,0,0,0,0,0,0,0,0,0,0,0,0,0,0,0,0,united states of america,extraction,USA,0,0,0.098,0.581,1,2,1,1,2,1,98,3,1
1911,Tominil Mexican Mining Company,durango,-107.8800667,37.27528,cyanid,1.702335,1,4,0.0029533688970706557,2,0,0,0,1,1,1,0.20315053429097465,0.02631578947368421,2,0.3882978723404255,0.4155701754385963,0.010650342824956556,0.15711523993398438,0.022222222222222223,2,0.41284403669724773,0.4546296296296297,0.0014867466229082787,0.2219112600849945,0.03361344537815126,4,0.40476190476190477,0.44887955182072853,0.00610933058339289,0,0,0,0,0,0,united states of america,extraction,USA,0,0,0.098,0.581,1,2,1,1,2,1,98,3,1
1915,Tominil Mexican Mining Company,durango,-107.8800667,37.27528,cyanid,1.702335,1,4,0,0,0,0,0,0,0,0,0,0,0,0,0,0,0,0,0,0,0,0,0,0,0,0,0,0,0,0,0,0,0,0,united states of america,extraction,USA,0,0,0.07,0.581,1,2,1,1,2,1,98,3,1
1916,Tominil Mexican Mining Company,durango,-107.8800667,37.27528,cyanid,1.702335,1,2,0,1,1,1,1,0,0,0,0,0.023809523809523808,1,0.5714285714285714,0.05952380952380952,0,0.142561287831426,0.017241379310344827,1,0.34523809523809523,0.3922413793103448,0,0.14150690023035606,0.02666666666666667,2,0.32894736842105265,0.37844444444444425,0.0036601014054733097,2.942603652113962e-4,0.021148036253776436,7,0.24670287044220326,0.2658466407711128,0.024058738928052766,united states of america,extraction,USA,0,0,0.07,0.581,1,2,1,1,2,1,98,3,1
1917,Tominil Mexican Mining Company,durango,-107.8801,37.27528,cyanid,1.702335,1,2,0,0,0,0,0,0,0,0,0,0,0,0,0,0,0,0,0,0,0,0,0,0,0,0,0,0,0,0,0,0,0,0,united states of america,extraction,USA,0,0,0.07,0.581,1,2,1,1,2,1,98,3,1
1916,Toront Rhodesia Syndicate Limited,western,-95.7127622,37.0937489,cyanid,0.2383222,1,7,0,0,0,0,0,0,0,0,0,0,0,0,0,0,0,0,0,0,0,0,0,0,0,0,0,0,0,0,0,0,0,0,united states of america,extraction,USA,0,0,0.07,0.581,1,2,1,1,2,1,98,3,1
1919,Toront Rhodesia Syndicate Limited,toronto,-79.3831843,43.653226,cyanid,0.2213369,1,7,5.637754847977668e-4,1,0,0,0,0,0,0,0,0,0,0,0,0,0,0,0,0,0,0,0,0,0,0,0,0,3.473392918130308e-4,0.011235955056179775,4,0.24710982658959538,0.2565609951845913,0.0014659591761692155,canada,extraction,CAN,0,1,0.067,0.631,2,2,1,2,2,1,98,0,1
1920,Toront Rhodesia Syndicate Limited,toronto,-79.38318,43.65323,cyanid,0.1832173,1,6,0,2,0,0,0,1,1,1,0.18350210651708018,0.018518518518518517,1,0.33540372670807456,0.38765432098765434,0,0.41575681173491774,0.06557377049180328,4,0.5169491525423728,0.5327868852459017,0.01904668915210136,0.4567957431263229,0.0641025641025641,5,0.46706586826347307,0.5021367521367524,0.015186060748479733,5.938236183270116e-4,0.020833333333333332,8,0.3028571428571429,0.3174913194444443,0.0021941312172221276,canada,extraction,CAN,0,1,0.067,0.631,2,1,1,2,2,1,98,0,1
1921,Toront Rhodesia Syndicate Limited,toronto,-79.38318,43.65323,cyanid,0.1924557,1,6,0,1,0,0,0,0,0,0,0,0,0,0,0,0,0,0,0,0,0,0,0,0,0,0,0,0,0.02705006922530616,0.03234501347708895,12,0.3184656556645852,0.3384097035040424,0.004629809483553833,canada,extraction,CAN,0,1,0.067,0.631,2,1,1,2,2,1,98,0,1
1922,Toront Rhodesia Syndicate Limited,toronto,-79.38318,43.65323,cyanid,0.2214349,1,5,0,2,1,1,1,0,0,0,0.22177456628148337,0.02564102564102564,1,0.31896551724137934,0.3572649572649573,0,0.4082780614264734,0.08695652173913043,4,0.5227272727272727,0.5434782608695652,0.02534242711755218,0.4464382644797457,0.08064516129032258,5,0.46616541353383456,0.5053763440860213,0.02066037172454348,0.008829806363860103,0.016483516483516484,6,0.3155515370705244,0.3281135531135528,0.00313846820091617,canada,extraction,CAN,0,1,0.07,0.631,2,1,1,2,2,1,98,0,1
1923,Toront Rhodesia Syndicate Limited,toronto,-79.38318,43.65323,cyanid,0.2287283,1,7,0,5,0,0,0,0,0,0,0,0,0,0,0,0,0,0,0,0,0,0,0,0,0,0,0,0,0.152540058198787,0.08994708994708994,34,0.42621015348288077,0.4537477954144642,0.03497534904524943,canada,extraction,CAN,0,1,0.07,0.631,2,1,1,2,2,1,98,0,1
1917,Toserco Rhodesia Syndicate,toronto,-79.38318,43.65323,cyanid,0.23820870000000002,1,0,68.14249924481801,0,0,0,0,0,0,0,0,0,0,0,0,0,0,0,0,0,0,0,0,0,0,0,0,0,0,0,0,0,0,0,canada,extraction,CAN,0,1,0.067,0.61,2,2,1,2,2,1,98,0,1
1916,Tough Oakes Gold Mines Limited,kirkland,-122.2059833,47.6768927,cyanid,4.766444e-4,1,2,41.73661179926606,1,0,0,0,0,0,0,0,0,0,0,0,0,0,0,0,0,0,0,0,0,0,0,0,0,3.0590250603082634e-6,0.0030211480362537764,1,0.18705882352941178,0.18798614108281775,0,united states of america,extraction,USA,0,0,0.07,0.581,1,2,1,1,2,1,98,3,1
1917,Tough Oakes Gold Mines Limited,canada,-106.3468,56.13037,cyanid,2.656042,1,2,0,1,0,0,0,0,0,0,0,0,0,0,0,0,0,0,0,0,0,0,0,0,0,0,0,0,5.8398217181107095e-6,0.008928571428571428,3,0.20279720279720279,0.20569727891156556,0.002816275764036958,canada,extraction,CAN,0,1,0.067,0.61,2,2,1,2,2,1,98,0,1
1908,Trans Continental Transportation And Mining,london,-0.1277583,51.50735,cyanid,0.400545,1,2,0,0,0,0,0,0,0,0,0,0,0,0,0,0,0,0,0,0,0,0,0,0,0,0,0,0,0,0,0,0,0,0,united kingdom,extraction,GBR,1,1,0.028,0.73,2,2,2,2,2,1,98,3,1
1923,Transvaal And Rhodesian Estates,rhodesia,-97.21348,32.82943,cyanid,4.516802,1,0,0,0,0,0,0,0,0,0,0,0,0,0,0,0,0,0,0,0,0,0,0,0,0,0,0,0,0,0,0,0,0,0,united states of america,extraction,USA,0,0,0.096,0.581,1,2,1,1,2,1,98,3,1
1914,Transvaal And Rhodesian Estates Limited,rhodesia,-97.2134822,32.8294337,cyanid,4.370841,1,3,0,0,0,0,0,0,0,0,0,0,0,0,0,0,0,0,0,0,0,0,0,0,0,0,0,0,0,0,0,0,0,0,united states of america,extraction,USA,0,0,0.079,0.581,1,2,1,1,2,1,98,3,1
1915,Transvaal And Rhodesian Estates Limited,rhodesia,-97.2134822,32.8294337,cyanid,4.370841,1,3,0,0,0,0,0,0,0,0,0,0,0,0,0,0,0,0,0,0,0,0,0,0,0,0,0,0,0,0,0,0,0,0,united states of america,extraction,USA,0,0,0.07,0.581,1,2,1,1,2,1,98,3,1
1916,Transvaal And Rhodesian Estates Limited,rhodesia,-97.2134822,32.8294337,cyanid,4.370841,1,3,0,0,0,0,0,1,0,0,0.16345268186683384,0.023809523809523808,1,0.32673267326732675,0.2952380952380952,0,0,0,0,0,0,0,0.06911750658761154,0.013333333333333334,1,0.2798507462686567,0.30777777777777776,0,0,0,0,0,0,0,united states of america,extraction,USA,0,0,0.07,0.581,1,2,1,1,2,1,98,3,1
1917,Transvaal And Rhodesian Estates Limited,rhodesia,-97.21348,32.82943,cyanid,4.370841,1,3,0,0,0,0,0,0,0,0,0,0,0,0,0,0,0,0,0,0,0,0,0,0,0,0,0,0,0,0,0,0,0,0,united states of america,extraction,USA,0,0,0.07,0.581,1,2,1,1,2,1,98,3,1
1919,Transvaal And Rhodesian Estates Limited,rhodesia,-97.2134822,32.8294337,cyanid,4.370841,1,7,0,2,0,1,0,0,0,0,0,0,0,0,0,0,0.1102124571826353,0.015384615384615385,1,0.3611111111111111,0.4076923076923077,0,0.10549702369375372,0.0125,1,0.34782608695652173,0.3893749999999998,0,0.009080660148827746,0.03089887640449438,11,0.30212014134275617,0.32031835205992504,0.01743412842120959,united states of america,extraction,USA,0,0,0.07,0.581,1,2,1,1,2,1,98,3,1
1922,Transvaal And Rhodesian Estates Limited,transvaal,-81.1831,43.23256,cyanid,4.372777,1,15,0,2,0,0,0,0,1,0,0,0,0,0,0,0,0.10960649465894934,0.021739130434782608,1,0.35384615384615387,0.40217391304347827,0,0.10037965332984285,0.016129032258064516,1,0.33513513513513515,0.3755376344086021,0,0.03242354434347724,0.019230769230769232,7,0.3216589861751152,0.33766352694924046,0.0036128381605913867,canada,extraction,CAN,0,1,0.07,0.631,2,1,1,2,2,1,98,0,1
1921,Transvaal Estates And Development Company,rhodesia,-97.21348,32.82943,cyanid,1.924557,1,20,0,12,0,0,0,0,1,0,0,0,0,0,0,0,0.1241983818719995,0.0196078431372549,1,0.36428571428571427,0.4117647058823529,0,0.11214228748674777,0.014705882352941176,1,0.34,0.3821078431372547,0,0.12315891975349623,0.07277628032345014,27,0.3722627737226277,0.3998203054806816,0.03327723145373625,united states of america,extraction,USA,0,0,0.095,0.581,1,2,1,1,2,1,98,3,1
1914,Transvaal Gem Mining Limited,transvaal,-81.1830974,43.2325617,cyanid,0.9861933,1,10,0,7,2,3,2,0,1,0,0.09685230876195068,0.031746031746031744,2,0.28708133971291866,0.3182539682539683,0.003968253968253967,0.25621399253382293,0.041666666666666664,3,0.4931506849315068,0.5115740740740741,0.008650763473096193,0.28072863963469424,0.054945054945054944,5,0.4504950495049505,0.4880952380952384,0.01846777726935575,0.22781289017597808,0.07777777777777778,28,0.31237322515212984,0.32018849206349137,0.004902073814356869,canada,extraction,CAN,0,1,0.067,0.61,2,1,1,2,1,1,96,0,1
1919,Transvaal Gold Mining Ates,transvaal,-81.1830974,43.2325617,cyanid,2.833112,1,0,0,0,0,0,0,0,0,0,0,0,0,0,0,0,0,0,0,0,0,0,0,0,0,0,0,0,0,0,0,0,0,0,canada,extraction,CAN,0,1,0.067,0.631,2,2,1,2,2,1,98,0,1
1909,Transvaal Gold Mining Estates,transvaal,-81.1831,43.23256,cyanid,0.9746589,1,0,0,0,0,0,0,0,0,0,0,0,0,0,0,0,0,0,0,0,0,0,0,0,0,0,0,0,0,0,0,0,0,0,canada,extraction,CAN,0,1,0.074,0.597,2,1,1,2,1,1,96,0,1
1910,Transvaal Gold Mining Estates,johannesburg,28.04731,-26.2041,cyanid,0.9746589,1,0,0,0,0,0,0,0,0,0,0,0,0,0,0,0,0,0,0,0,0,0,0,0,0,0,0,0,0,0,0,0,0,0,south africa,extraction,ZAF,1,1,0.408,0.115,-1,-2,-3,-1,-2,-3,82,-2,0
1917,Transvaal Gold Mining Estates,transvaal,-81.1831,43.23256,cyanid,0.9528346999999999,1,0,0,0,0,0,0,0,0,0,0,0,0,0,0,0,0,0,0,0,0,0,0,0,0,0,0,0,0,0,0,0,0,0,canada,extraction,CAN,0,1,0.067,0.61,2,2,1,2,2,1,98,0,1
1911,Transvaal Gold Mining Estates Limited,transvaal,-81.1830974,43.2325617,cyanid,0.9722896999999999,1,16,2.8333329557698393e-4,7,2,3,1,2,1,1,0.22372577056562695,0.02631578947368421,2,0.4010989010989011,0.4254385964912279,0.010731278927321465,0.22897564057717584,0.03333333333333333,3,0.47368421052631576,0.4981481481481482,0.006027570700945274,0.28714954295259365,0.04201680672268908,5,0.4541984732824427,0.48599439775910386,0.013470844241038789,0.2920709331855097,0.12595419847328243,33,0.3870967741935484,0.3809796437659024,0.014704128252719731,canada,extraction,CAN,0,1,0.072,0.61,2,1,1,2,1,1,96,0,1
1912,Transvaal Gold Mining Estates Limited,transvaal,-81.1830974,43.2325617,cyanid,0.973236,1,23,0,6,2,3,1,0,0,0,0.03910037886917819,0.014492753623188406,1,0.24907063197026022,0.27960662525879926,0,0.15780814078082056,0.024096385542168676,2,0.4715909090909091,0.4929718875502009,0.003530357564947143,0.16195039063419955,0.02727272727272727,3,0.43373493975903615,0.4583333333333336,0.012456919669638578,0.2622304140797247,0.11182108626198083,35,0.31607929515418504,0.37661772909376656,0.05152644406041015,canada,extraction,CAN,0,1,0.072,0.61,2,1,1,2,1,1,96,0,1
1912,Transvaal Gold Mining Estates Limited,johannesburg,28.0473051,-26.2041028,cyanid,0.973236,1,23,0,6,2,3,1,0,0,0,0.03910037886917819,0.014492753623188406,1,0.24907063197026022,0.27960662525879926,0,0.15780814078082056,0.024096385542168676,2,0.4715909090909091,0.4929718875502009,0.003530357564947143,0.16195039063419955,0.02727272727272727,3,0.43373493975903615,0.4583333333333336,0.012456919669638578,0.2622304140797247,0.11182108626198083,35,0.31607929515418504,0.37661772909376656,0.05152644406041015,south africa,extraction,ZAF,1,1,0.408,0.115,-1,-1,-1,-1,-1,-2,84,2,0
1913,Transvaal Gold Mining Estates Limited,transvaal,-81.1830974,43.2325617,cyanid,0.9737098000000001,1,3,0,1,0,0,0,0,0,0,0,0,0,0,0,0,0,0,0,0,0,0,0,0,0,0,0,0,0.11088620496183163,0.02830188679245283,9,0.25620567375886527,0.2958433512678802,0.0025265540523713268,canada,extraction,CAN,0,1,0.072,0.61,2,1,1,2,1,1,96,0,1
1916,Transvaal Gold Mining Estates Limited,transvaal,-81.1830974,43.2325617,cyanid,0.9532888,1,19,0,11,1,3,1,0,0,0,0.1634526818668339,0.023809523809523808,1,0.32673267326732675,0.2952380952380952,0,0.19916810430585447,0.034482758620689655,2,0.37662337662337664,0.42959770114942525,0.007272590085713421,0.2908415799216337,0.04,3,0.375,0.4244444444444443,0.009939166773772039,0.3834820303867298,0.21148036253776434,70,0.37411764705882355,0.4498992950654566,0.05143802490651712,canada,extraction,CAN,0,1,0.067,0.61,2,2,1,2,2,1,98,0,1
1917,Transvaal Gold Mining Estates Limited,transvaal,-81.1831,43.23256,cyanid,0.6991424,1,10,0,6,0,1,0,0,0,0,0,0,0,0,0,0,0.08660622639904678,0.021739130434782608,1,0.3333333333333333,0.3804347826086956,0,0.0933525079985914,0.01639344262295082,1,0.3177083333333333,0.35710382513661215,0,0.31249227030145393,0.1875,63,0.37093023255813956,0.43912273242630223,0.025282066467753894,canada,extraction,CAN,0,1,0.067,0.61,2,2,1,2,2,1,98,0,1
1919,Transvaal Gold Mining Estates Limited,transvaal,-81.1830974,43.2325617,cyanid,0.6496236999999999,1,12,0,6,1,1,1,1,1,1,0.2408259258610258,0.018867924528301886,1,0.3516483516483517,0.24056603773584911,0,0.3768823488667496,0.06153846153846154,4,0.5158730158730159,0.5307692307692308,0.01899609558977301,0.4061394092775423,0.0625,5,0.47058823529411764,0.501041666666667,0.015436826976911497,0.7580591536903724,0.20786516853932585,74,0.43018867924528303,0.48501872659176315,0.06429400526149937,canada,extraction,CAN,0,1,0.067,0.631,2,2,1,2,2,1,98,0,1
1922,Transvaal Gold Mining Estates Limited,transvaal,-81.1831,43.23256,cyanid,0.8857396,1,12,0,8,2,1,1,0,0,0,0.22177456628148337,0.02564102564102564,1,0.31896551724137934,0.3572649572649573,0,0.32735447786146404,0.06521739130434782,3,0.5,0.5235507246376812,0.016365160465796006,0.3722383600991538,0.06451612903225806,4,0.45255474452554745,0.49059139784946215,0.014349405309820276,0.40369523693939996,0.14835164835164835,54,0.3984018264840183,0.447390109890111,0.08304564231684405,canada,extraction,CAN,0,1,0.07,0.631,2,1,1,2,2,1,98,0,1
1922,Transvaal Gold Mining Estates Limited,johannesburg,28.04731,-26.2041,cyanid,0.8857396,1,12,0,8,2,1,1,0,0,0,0.22177456628148337,0.02564102564102564,1,0.31896551724137934,0.3572649572649573,0,0.32735447786146404,0.06521739130434782,3,0.5,0.5235507246376812,0.016365160465796006,0.3722383600991538,0.06451612903225806,4,0.45255474452554745,0.49059139784946215,0.014349405309820276,0.40369523693939996,0.14835164835164835,54,0.3984018264840183,0.447390109890111,0.08304564231684405,south africa,extraction,ZAF,1,1,0.408,0.115,-1,-1,-1,-1,-1,-1,84,2,0
1894,Transvaal Lands Company,transvaal,-81.1831,43.23256,cyanid,0.03851417,1,8,602.1632138322101,4,0,2,0,0,1,0,0,0,0,0,0,0,0.5441192665025064,0.23076923076923078,3,0.5,0.5833333333333334,0.010476001709033383,0.5087848504210749,0.16666666666666666,3,0.42857142857142855,0.5092592592592592,0.004994296667231826,0.9999999999999996,0.6666666666666666,4,1,0.16666666666666666,0,canada,extraction,CAN,0,1,0.074,0.597,2,1,NA,2,1,NA,96,0,1
1895,Transvaal Lands Company,transvaal,-81.1831,43.23256,cyanid,0.03851417,1,8,0,0,0,0,0,0,0,0,0,0,0,0,0,0,0,0,0,0,0,0,0,0,0,0,0,0,3.179467918045857e-17,0.05714285714285714,2,0.75,0.07142857142857142,8.403361344537816e-4,canada,extraction,CAN,0,1,0.074,0.597,2,1,NA,2,1,NA,96,0,1
1915,Transvaal Lands Company,transvaal,-81.1830974,43.2325617,cyanid,0.9514748000000001,1,8,0,3,1,2,1,0,0,0,0.020414127894475744,0.016129032258064516,1,0.2571428571428571,0.246774193548387,0,0.17501729054130136,0.024390243902439025,2,0.43617021276595747,0.47154471544715454,0.003479880743511494,0.17417825397656886,0.030612244897959183,3,0.42105263157894735,0.45068027210884376,0.008257474045653555,0.0032019248139911302,0.02556818181818182,9,0.3039772727272727,0.3126488095238093,0.01815993134211285,canada,extraction,CAN,0,1,0.067,0.61,2,2,1,2,2,1,98,0,1
1920,Transvaal Lands Company,transvaal,-81.1831,43.23256,cyanid,0.7328692,1,8,0,0,0,0,0,0,0,0,0,0,0,0,0,0,0,0,0,0,0,0,0,0,0,0,0,0,6.135174215381514e-5,0.0026041666666666665,1,0.2448844884488449,0.25441468253968325,0,canada,extraction,CAN,0,1,0.067,0.631,2,1,1,2,2,1,98,0,1
1923,Transvaal Tin Fields Limited,transvaal,-81.1831,43.23256,cyanid,1.143641,1,3,0,1,0,0,0,0,0,0,0,0,0,0,0,0,0,0,0,0,0,0,0,0,0,0,0,0,0.025522437582463055,0.0291005291005291,11,0.3484555984555985,0.3618606701940014,0.001507697625936724,canada,extraction,CAN,0,1,0.07,0.631,2,1,1,2,2,1,98,0,1
1923,Transvaal Tin Fields Limited,johannesburg,28.04731,-26.2041,cyanid,1.143641,1,3,0,1,0,0,0,0,0,0,0,0,0,0,0,0,0,0,0,0,0,0,0,0,0,0,0,0,0.025522437582463055,0.0291005291005291,11,0.3484555984555985,0.3618606701940014,0.001507697625936724,south africa,extraction,ZAF,1,1,0.408,0.115,-1,-1,-1,-1,-1,-1,84,2,0
1910,Transvaal United Trust Finance Limited,transvaal,-81.1831,43.23256,cyanid,1.322957,1,26,0,9,1,2,0,1,1,0,0.1732413396052307,0.03508771929824561,2,0.36774193548387096,0.41520467836257285,0.011409903592566127,0.25130488281087304,0.045454545454545456,3,0.4714285714285714,0.5012626262626262,0.009128362283221555,0.2965937301944368,0.056818181818181816,5,0.43781094527363185,0.4801136363636367,0.015793588278149178,0.36257203322965004,0.16113744075829384,34,0.3530571992110454,0.3983976529000222,0.025621795079503008,canada,extraction,CAN,0,1,0.074,0.597,2,1,1,2,1,1,96,0,1
1895,Treasury Gold Mining Company,broken,-95.78139,36.0629,cyanid,0.1955034,1,20,0,0,0,0,0,4,4,2,0.30072292238945597,0.0625,2,0.3880597014925373,0.3645833333333334,0.1774193548387097,0.08960231452650926,0.03125,1,0.3333333333333333,0.3828125,0,0.17595048945290157,0.06666666666666667,3,0.3629032258064516,0.42555555555555563,0.037592039749899595,0,0,0,0,0,0,united states of america,extraction,USA,0,0,0.147,0.478,1,1,NA,1,1,NA,95,1,1
1909,Treasury Gold Mining Company,transvaal,-81.1831,43.23256,cyanid,0.1955034,1,1,0,1,0,1,0,0,0,0,0,0,0,0,0,0,0.07415608496843451,0.013157894736842105,1,0.34234234234234234,0.38815789473684204,0,0.0676236163526022,0.010309278350515464,1,0.3310104529616725,0.3628865979381442,0,0.012657548341704437,0.011235955056179775,2,0.27416173570019725,0.23943953986088823,0,canada,extraction,CAN,0,1,0.074,0.597,2,1,1,2,1,1,96,0,1
1911,Treasury Gold Mining Company,transvaal,-81.1830974,43.2325617,cyanid,0.06931287,1,1,2.8333329557698393e-4,1,0,1,0,0,0,0,0,0,0,0,0,0,0.06885588159488937,0.011111111111111112,1,0.3435114503816794,0.3888888888888889,0,0.06282619088360404,0.008403361344537815,1,0.3216216216216216,0.36148459383753495,0,0.10504631654015716,0.04961832061068702,13,0.3385579937304075,0.3264358415121776,0.003624553559817547,canada,extraction,CAN,0,1,0.072,0.61,2,1,1,2,1,1,96,0,1
1913,Treasury Gold Mining Company,transvaal,-81.1830974,43.2325617,cyanid,0.194742,1,5,0,2,1,1,1,0,0,0,0.19784087033191028,0.017241379310344827,1,0.3706896551724138,0.30890804597701155,0,0.19889486051727132,0.02531645569620253,2,0.38349514563106796,0.4324894514767932,0.002512628768632471,0.25564593987806705,0.030612244897959183,3,0.39574468085106385,0.42040816326530633,0.004776202495380222,0.23960010562485035,0.04716981132075472,15,0.2752380952380952,0.32576623237000585,0.008323118827119105,canada,extraction,CAN,0,1,0.072,0.61,2,1,1,2,1,1,96,0,1
1912,Trinity Gold Mining Awd Reduction,california,-119.4179324,36.778261,cyanid,2.92113,0,7,0,2,0,0,0,0,0,0,0,0,0,0,0,0,0,0,0,0,0,0,0,0,0,0,0,0,0,0.006389776357827476,2,0.6666666666666666,0.004792332268370607,0,united states of america,extraction,USA,0,0,0.098,0.581,1,2,1,1,2,1,98,3,1
1913,Trinity Gold Mining Awd Reduction,russia,105.318756,61.52401,cyanid,2.92113,1,5,0.002341410455057756,1,0,0,0,0,0,0,0,0,0,0,0,0,0,0,0,0,0,0,0,0,0,0,0,0,1.48262110341549e-11,0.012578616352201259,4,0.09373986376905612,0.10279304901946372,0.022716901771719936,russia,extraction,RUS,0,0,0.41,0.358,0,0,-1,0,0,-1,99,2,0
1914,Trinity Gold Mining Awd Reduction,california,-119.4179324,36.778261,cyanid,2.92113,1,9,0,2,0,0,0,1,0,0,0.012694437443847583,0.015873015873015872,1,0.23529411764705882,0.24421768707482983,0,0,0,0,0,0,0,0.0033059134176297734,0.01098901098901099,1,0.24594594594594596,0.25897435897435905,0,8.714149204804975e-18,0.005555555555555556,2,1,0.005555555555555556,1.5475085112968123e-5,united states of america,extraction,USA,0,0,0.079,0.581,1,2,1,1,2,1,98,3,1
1908,Troitzk Golwleldst Limited,russia,105.3188,61.52401,cyanid,1.703163,1,11,5192.370137763148,0,0,0,0,1,2,0,0.08034517948465006,0.014084507042253521,1,0.26394052044609667,0.29966465459423214,0,0.22839359762720846,0.0379746835443038,3,0.4759036144578313,0.5010548523206751,0.0049862378922144205,0.23226813596181514,0.037037037037037035,4,0.41379310344827586,0.4567901234567904,0.004869422717959357,0,0,0,0,0,0,russia,extraction,RUS,0,0,0.41,0.36,0,0,-1,0,0,-1,98,2,0
1912,Troitzk Golwleldst Limited,chilian,-71.542969,-35.675147,cyanid,2.919708,1,11,0,0,0,0,0,0,0,0,0,0,0,0,0,0,0,0,0,0,0,0,0,0,0,0,0,0,5.0431545820308524e-12,0.006389776357827476,2,0.11093931194433707,0.11658908888518023,0,chile,extraction,CHL,0,0,0.276,0.272,0,1,-1,0,1,-1,97,1,1
1914,Troitzk Golwleldst Limited,chilian,-71.542969,-35.675147,cyanid,2.95858,1,5,0,0,0,0,0,1,4,1,0.03137863184459955,0.015873015873015872,1,0.26666666666666666,0.27989417989417986,0,0.3278930843723681,0.05555555555555555,4,0.5142857142857142,0.5277777777777778,0.014563937434112438,0.33114642323020416,0.054945054945054944,5,0.4504950495049505,0.4880952380952384,0.010701175784302486,0,0,0,0,0,0,chile,extraction,CHL,0,0,0.276,0.272,0,1,-1,0,1,-1,97,1,1
1915,Troitzk Golwleldst Limited,russia,105.318756,61.52401,cyanid,2.95858,1,3,0,1,0,0,0,0,0,0,0,0,0,0,0,0,0,0,0,0,0,0,0,0,0,0,0,0,1.476773959800847e-4,0.005681818181818182,2,0.24189902034664656,0.24013122294372335,0.00518000518000518,russia,extraction,RUS,0,0,0.44,0.299,-1,-1,-1,-1,-1,-1,93,1,0
1915,Troitzk Golwleldst Limited,chilian,-71.542969,-35.675147,cyanid,2.95858,1,3,0,1,0,0,0,0,0,0,0,0,0,0,0,0,0,0,0,0,0,0,0,0,0,0,0,0,1.476773959800847e-4,0.005681818181818182,2,0.24189902034664656,0.24013122294372335,0.00518000518000518,chile,extraction,CHL,0,0,0.276,0.272,0,1,-1,0,1,-1,97,1,1
1916,Troitzk Golwleldst Limited,chilian,-71.542969,-35.675147,cyanid,0.3772402,1,3,0,0,0,0,0,0,0,0,0,0,0,0,0,0,0,0,0,0,0,0,0,0,0,0,0,0,2.3197143763818622e-4,0.0030211480362537764,1,0.23365172667156503,0.24231045892677422,0,chile,extraction,CHL,0,0,0.276,0.272,0,1,-1,0,1,-1,97,1,1
1912,U The U C Anglo French Ticapampa Silver Mining,mexico,-102.552784,23.634501,amalgama,1.5286,1,11,0,0,0,0,0,1,0,0,0.16976206802917135,0.014492753623188406,1,0.33004926108374383,0.36038647342995167,0,0,0,0,0,0,0,0.04299452415637461,0.00909090909090909,1,0.2975206611570248,0.3222727272727272,0,0,0,0,0,0,0,mexico,extraction,MEX,0,0,0.816,0.561,-2,-2,-3,-2,-2,-3,70,0,0
1914,U The U C Anglo French Ticapampa Silver Mining,london,-0.1277583,51.5073509,amalgama,1.5286,0,1,0,0,0,0,0,0,0,0,0,0,0,0,0,0,0,0,0,0,0,0,0,0,0,0,0,0,0,0,0,0,0,0,united kingdom,extraction,GBR,1,1,0.028,0.73,2,2,2,2,2,2,98,3,1
1908,United Gold Coast Mining Properties,bedford,-97.14307,32.84402,cyanid,0.2189781,1,1,378.3480440444157,0,0,0,0,0,0,0,0,0,0,0,0,0,0,0,0,0,0,0,0,0,0,0,0,0,0,0,0,0,0,0,united states of america,extraction,USA,0,0,0.117,0.581,1,1,1,1,1,1,98,1,1
1910,United Ivt Reef,bedford,-97.14307,32.84402,cyanid,0.2188716,1,0,0,0,0,0,0,0,0,0,0,0,0,0,0,0,0,0,0,0,0,0,0,0,0,0,0,0,0,0,0,0,0,0,united states of america,extraction,USA,0,0,0.098,0.581,1,2,1,1,2,1,98,3,1
1894,United Ivy Reef Gold Mining,transvaal,-81.1831,43.23256,cyanid,0.2192982,1,9,602.1632138322101,0,0,0,0,1,0,0,0.3660254037844389,0.1111111111111111,1,0.4666666666666667,0.40740740740740744,0,0,0,0,0,0,0,0.09385405144447277,0.05555555555555555,1,0.32142857142857145,0.3722222222222222,0,0,0,0,0,0,0,canada,extraction,CAN,0,1,0.074,0.597,2,1,NA,2,1,NA,96,0,1
1909,United Ivy Reef Gold Mining,bedford,-97.14307,32.84402,cyanid,0.2192982,1,1,0,0,0,0,0,0,0,0,0,0,0,0,0,0,0,0,0,0,0,0,0,0,0,0,0,0,0,0,0,0,0,0,united states of america,extraction,USA,0,0,0.117,0.581,1,1,1,1,1,1,98,1,1
1911,United Ivy Reef Gold Mining,bedford,-97.1430671,32.844017,cyanid,0.21876520000000002,1,1,4.2941772198526923e-4,0,0,0,0,0,0,0,0,0,0,0,0,0,0,0,0,0,0,0,0,0,0,0,0,0,0,0,0,0,0,0,united states of america,extraction,USA,0,0,0.098,0.581,1,2,1,1,2,1,98,3,1
1895,United Langlaagte Gold Mining Company,london,-0.1277583,51.50735,cyanid,0.48780490000000004,1,14,0,0,0,0,0,2,4,2,0.06382035357442925,0.03125,1,0.23423423423423423,0.23072916666666676,0,0.37050819752798436,0.09375,3,0.47058823529411764,0.5182291666666667,0.02459041659602669,0.37985825621311425,0.08888888888888889,4,0.42452830188679247,0.4796296296296294,0.023575716765603324,0,0,0,0,0,0,united kingdom,extraction,GBR,1,1,0.028,0.73,2,2,NA,2,2,NA,98,3,1
1913,Uruguay Consolidated Gold Mines,london,-0.1277583,51.5073509,cyanid,0.9737098000000001,0,3,0,0,0,0,0,0,0,0,0,0,0,0,0,0,0,0,0,0,0,0,0,0,0,0,0,0,0,0,0,0,0,0,united kingdom,extraction,GBR,1,1,0.028,0.73,2,2,2,2,2,2,98,3,1
1909,Vaal River Gold Estates Limited,transvaal,-81.1831,43.23256,cyanid,1.461988,1,2,0,0,0,0,0,0,0,0,0,0,0,0,0,0,0,0,0,0,0,0,0,0,0,0,0,0,0,0,0,0,0,0,canada,extraction,CAN,0,1,0.074,0.597,2,1,1,2,1,1,96,0,1
1911,Vaal River Gold Estates Limited,transvaal,-81.1830974,43.2325617,cyanid,1.461988,1,1,2.8333329557698393e-4,0,0,0,0,0,0,0,0,0,0,0,0,0,0,0,0,0,0,0,0,0,0,0,0,0,0,0,0,0,0,0,canada,extraction,CAN,0,1,0.072,0.61,2,1,1,2,1,1,96,0,1
1913,Vaal River Gold Estates Limited,transvaal,-81.1830974,43.2325617,cyanid,1.461988,1,7,0,0,0,0,0,1,1,0,0.19784087033191036,0.017241379310344827,1,0.3706896551724138,0.30890804597701155,0,0.2888330581114654,0.0379746835443038,3,0.4114583333333333,0.4599156118143459,0.00663263007643864,0.3389827079306512,0.04081632653061224,4,0.4170403587443946,0.43996598639455803,0.008790392438931875,0,0,0,0,0,0,canada,extraction,CAN,0,1,0.072,0.61,2,1,1,2,1,1,96,0,1
1914,Vaal River Gold Estates Limited,transvaal,-81.1830974,43.2325617,cyanid,1.461988,1,7,0,4,0,1,0,0,0,0,0,0,0,0,0,0,0.10241060555645518,0.013888888888888888,1,0.375,0.42013888888888884,0,0.09572347977228027,0.01098901098901099,1,0.35,0.39267399267399256,0,0.019486995823259294,0.025,9,0.2802547770700637,0.27037367724867795,0.0052003432254221155,canada,extraction,CAN,0,1,0.067,0.61,2,1,1,2,1,1,96,0,1
1915,Vaal River Gold Estates Limited,transvaal,-81.1830974,43.2325617,cyanid,1.461988,1,1,0,1,0,0,0,0,0,0,0,0,0,0,0,0,0,0,0,0,0,0,0,0,0,0,0,0,0.0014979375175318875,0.002840909090909091,1,0.2580385852090032,0.25591856060606105,0,canada,extraction,CAN,0,1,0.067,0.61,2,2,1,2,2,1,98,0,1
1916,Vaal River Gold Estates Limited,transvaal,-81.1830974,43.2325617,cyanid,1.461988,1,2,0,2,0,0,0,0,0,0,0,0,0,0,0,0,0,0,0,0,0,0,0,0,0,0,0,0,6.908865720154866e-6,0.006042296072507553,2,0.19776119402985073,0.2029779887785929,0.005804266227226952,canada,extraction,CAN,0,1,0.067,0.61,2,2,1,2,2,1,98,0,1
1922,Van Byn Gold Mines,transvaal,-81.1831,43.23256,cyanid,0.8857396,1,1,0,0,0,0,0,0,0,0,0,0,0,0,0,0,0,0,0,0,0,0,0,0,0,0,0,0,0,0,0,0,0,0,canada,extraction,CAN,0,1,0.07,0.631,2,1,1,2,2,1,98,0,1
1908,Van Rydn Deep Limited,johannesburg,28.04731,-26.2041,cyanid,3.555134,1,4,0,0,0,0,0,0,0,0,0,0,0,0,0,0,0,0,0,0,0,0,0,0,0,0,0,0,0,0,0,0,0,0,south africa,extraction,ZAF,1,1,0.408,0.115,NA,NA,NA,NA,NA,NA,NA,-2,0
1895,Van Ryn Gold Mining Company,london,-0.1277583,51.50735,cyanid,0.9746589,1,12,0,0,0,0,0,2,0,0,0.27210029179888134,0.03125,1,0.3466666666666667,0.32031249999999994,0,0,0,0,0,0,0,0.08074842312956837,0.022222222222222223,1,0.3,0.3374074074074074,0,0,0,0,0,0,0,united kingdom,extraction,GBR,1,1,0.028,0.73,2,2,NA,2,2,NA,98,3,1
1909,Van Ryn Gold Mining Company,london,-0.1277583,51.50735,cyanid,0.9746589,1,6,0,4,0,0,0,0,0,0,0,0,0,0,0,0,0,0,0,0,0,0,0,0,0,0,0,0,0.06672259801992544,0.10112359550561797,18,0.33737864077669905,0.32014446227929444,0.061285783873574105,united kingdom,extraction,GBR,1,1,0.028,0.73,2,2,2,2,2,1,98,3,1
1910,Van Ryn Gold Mining Company,london,-0.1277583,51.50735,cyanid,1.945525,1,6,0,0,0,0,0,0,0,0,0,0,0,0,0,0,0,0,0,0,0,0,0,0,0,0,0,0,0.038450401224326185,0.04265402843601896,9,0.2775193798449612,0.27474046490634213,0,united kingdom,extraction,GBR,1,1,0.028,0.73,2,2,2,2,2,2,98,3,1
1911,Van Ryn Gold Mining Company,london,-0.1277583,51.5073509,cyanid,1.944579,1,3,1.0013217677085525e-4,2,0,0,0,0,0,0,0,0,0,0,0,0,0,0,0,0,0,0,0,0,0,0,0,0,0.05962017568407028,0.0648854961832061,17,0.3375,0.3220737913486009,0.0024055283239842553,united kingdom,extraction,GBR,1,1,0.028,0.73,2,2,2,2,2,2,98,3,1
1913,Van Ryn Gold Mining Company,transvaal,-81.1830974,43.2325617,cyanid,1.94742,1,7,0,2,1,0,0,0,0,0,0.19784087033191033,0.017241379310344827,1,0.3706896551724138,0.30890804597701155,0,0,0,0,0,0,0,0.06540469167778877,0.01020408163265306,1,0.29523809523809524,0.31224489795918364,0,0.04880671076530613,0.025157232704402517,8,0.276555023923445,0.3041304781870827,0.11157318890551673,canada,extraction,CAN,0,1,0.072,0.61,2,1,1,2,1,1,96,0,1
1914,Van Ryn Gold Mining Company,transvaal,-81.1830974,43.2325617,cyanid,1.972387,1,3,0,3,0,0,0,0,0,0,0,0,0,0,0,0,0,0,0,0,0,0,0,0,0,0,0,0,0.022736493808059043,0.04722222222222222,17,0.2978723404255319,0.2995866402116403,0.012985085104174754,canada,extraction,CAN,0,1,0.067,0.61,2,1,1,2,1,1,96,0,1
1915,Van Ryn Gold Mining Company,transvaal,-81.1830974,43.2325617,cyanid,1.972387,1,3,0,0,0,0,0,0,0,0,0,0,0,0,0,0,0,0,0,0,0,0,0,0,0,0,0,0,0.06038928397607929,0.03125,11,0.33024691358024694,0.3372632575757566,0.0012947094848266578,canada,extraction,CAN,0,1,0.067,0.61,2,2,1,2,2,1,98,0,1
1916,Van Ryn Gold Mining Company,transvaal,-81.1830974,43.2325617,cyanid,1.972387,1,2,0,0,0,0,0,0,0,0,0,0,0,0,0,0,0,0,0,0,0,0,0,0,0,0,0,0,0.0021903791823043666,0.012084592145015106,4,0.22300140252454417,0.2319594302978001,0,canada,extraction,CAN,0,1,0.067,0.61,2,2,1,2,2,1,98,0,1
1917,Van Ryn Gold Mining Company,transvaal,-81.1831,43.23256,cyanid,1.972387,1,3,0,2,0,0,0,0,0,0,0,0,0,0,0,0,0,0,0,0,0,0,0,0,0,0,0,0,0.012027241491863152,0.020833333333333332,7,0.28868778280542984,0.3038548752834475,0,canada,extraction,CAN,0,1,0.067,0.61,2,2,1,2,2,1,98,0,1
1919,Van Ryn Gold Mining Company,transvaal,-81.1830974,43.2325617,cyanid,1.972387,1,5,0,3,0,0,0,0,0,0,0,0,0,0,0,0,0,0,0,0,0,0,0,0,0,0,0,0,0.20817961512706612,0.07865168539325842,28,0.3402985074626866,0.3711142322097354,0.009093667891491249,canada,extraction,CAN,0,1,0.067,0.631,2,2,1,2,2,1,98,0,1
1920,Van Ryn Gold Mining Company,transvaal,-81.1831,43.23256,cyanid,1.972387,1,2,0,1,1,0,0,0,0,0,0.1835021065170802,0.018518518518518517,1,0.33540372670807456,0.38765432098765434,0,0,0,0,0,0,0,0.07693185786184956,0.01282051282051282,1,0.3107569721115538,0.3506410256410256,0,0.00986425404054484,0.020833333333333332,8,0.292817679558011,0.31349826388888913,0.010572140831735865,canada,extraction,CAN,0,1,0.067,0.631,2,1,1,2,2,1,98,0,1
1921,Van Ryn Gold Mining Company,transvaal,-81.1831,43.23256,cyanid,0.7698229,1,1,0,1,0,1,0,0,0,0,0,0,0,0,0,0,0.08838977198586222,0.0196078431372549,1,0.3227848101265823,0.3676470588235294,0,0.07844546735199971,0.014705882352941176,1,0.3119266055045872,0.34901960784313735,0,0.23236263919897246,0.03234501347708895,12,0.33395696913002804,0.35619946091644,0.005786115049609889,canada,extraction,CAN,0,1,0.067,0.631,2,1,1,2,2,1,98,0,1
1923,Van Ryn Gold Mining Company,transvaal,-81.1831,43.23256,cyanid,0.9149130999999999,1,4,0,3,0,0,0,0,0,0,0,0,0,0,0,0,0,0,0,0,0,0,0,0,0,0,0,0,0.17097403360760907,0.07936507936507936,30,0.35426889106967613,0.37694003527336617,0.003671698476554974,canada,extraction,CAN,0,1,0.07,0.631,2,1,1,2,2,1,98,0,1
1910,Victory Charters Towers Gold Mining,australia,133.7751,-25.2744,cyanid,1.929601,1,13,0,5,0,0,0,0,1,0,0,0,0,0,0,0,0.08153909530087916,0.015151515151515152,1,0.336734693877551,0.3825757575757575,0,0.07410751992681495,0.011363636363636364,1,0.32234432234432236,0.3602272727272725,0,0.020155113333275944,0.03317535545023697,7,0.26998491704374056,0.27268111035883574,0.008151722861253263,australia,extraction,AUS,0,1,0.041,0.659,2,3,2,2,3,2,99,2,1
1914,Vilaque Bolivian Tin Mines Limited,the,-95.6170038,37.0351516,amalgama,0.3451677,1,7,10.493000160152821,0,0,0,0,0,0,0,0,0,0,0,0,0,0,0,0,0,0,0,0,0,0,0,0,0,0,0,0,0,0,0,united states of america,extraction,USA,0,0,0.079,0.581,1,2,1,1,2,1,98,3,1
1914,Village Deep Limited,salisbury,-75.5993692,38.3606736,cyanid,2.92113,1,16,0,4,0,0,0,1,2,1,0.18714380158545021,0.015873015873015872,1,0.32786885245901637,0.3542328042328043,0,0.2562139925338229,0.041666666666666664,3,0.4931506849315068,0.5115740740740741,0.008650763473096193,0.29161074965481726,0.04395604395604396,4,0.455,0.4862637362637366,0.00965060861689739,0.18739659390238578,0.07777777777777778,28,0.3380900109769484,0.35250330687830567,0.026040806293951786,united states of america,extraction,USA,0,0,0.079,0.581,1,2,1,1,2,1,98,3,1
1920,Village Deep Limited,salisbury,-75.59937,38.36067,cyanid,2.198608,1,7,0,3,0,0,0,0,0,0,0,0,0,0,0,0,0,0,0,0,0,0,0,0,0,0,0,0,0.1142265188474455,0.09375,36,0.3747474747474748,0.42342509920634935,0.007470713345714128,united states of america,extraction,USA,0,0,0.078,0.581,1,2,1,1,2,1,98,3,1
1895,Village Main Reef Gold Mining Company,london,-0.1277583,51.50735,cyanid,1.313869,1,18,0,0,0,0,0,0,2,0,0,0,0,0,0,0,0.11010358807526349,0.03125,1,0.3333333333333333,0.3828125,0,0.10036100855656632,0.022222222222222223,1,0.3082191780821918,0.35222222222222227,0,0,0,0,0,0,0,united kingdom,extraction,GBR,1,1,0.028,0.73,2,2,NA,2,2,NA,98,3,1
1908,Village Main Reef Gold Mining Company,salisbury,-75.59937,38.36067,cyanid,1.313869,1,10,0,1,1,1,1,1,1,1,0.2712360655084191,0.028169014084507043,2,0.3497536945812808,0.40164319248826275,0.01014481159350375,0.23917386956476971,0.0379746835443038,3,0.4817073170731707,0.5042194092827005,0.005316936104509376,0.29308003563404333,0.046296296296296294,5,0.4444444444444444,0.48148148148148173,0.010751061999139007,0.3932570489512967,0.10526315789473684,8,0.30412371134020616,0.31986215538847107,0.05787301727915966,united states of america,extraction,USA,0,0,0.117,0.581,1,1,1,1,1,1,98,1,1
1909,Village Main Reef Gold Mining Company,salisbury,-75.59937,38.36067,cyanid,1.315789,1,9,0,5,2,2,2,0,0,0,0.25831290841632265,0.029850746268656716,2,0.37572254335260113,0.4109452736318406,0.010043209136260622,0.2409748110805418,0.039473684210526314,3,0.48717948717948717,0.5076754385964912,0.00829126696373345,0.29895595918815093,0.05154639175257732,5,0.4634146341463415,0.4845360824742271,0.009084887639935164,0.22151950382466823,0.11235955056179775,20,0.3871866295264624,0.3643793472445164,0.03797802201845322,united states of america,extraction,USA,0,0,0.117,0.581,1,1,1,1,1,1,98,1,1
1910,Village Main Reef Gold Mining Company,salisbury,-75.59937,38.36067,cyanid,1.31323,1,11,0,4,0,1,0,0,0,0,0,0,0,0,0,0,0.0723147765775363,0.015151515151515152,1,0.3473684210526316,0.3939393939393939,0,0.06760396440907661,0.011363636363636364,1,0.3295880149812734,0.36874999999999986,0,0.17806120648960652,0.07109004739336493,15,0.3272394881170018,0.3504513653802763,0.0046641283223807445,united states of america,extraction,USA,0,0,0.098,0.581,1,2,1,1,2,1,98,3,1
1911,Village Main Reef Gold Mining Company,salisbury,-75.5993692,38.3606736,cyanid,1.312591,1,10,4.0568282861542555e-4,8,2,3,2,0,0,0,0.20315053429097465,0.02631578947368421,2,0.3882978723404255,0.4155701754385963,0.010650342824956556,0.22597112152887375,0.03333333333333333,3,0.4838709677419355,0.5037037037037038,0.007362175319940118,0.28473745096859876,0.04201680672268908,5,0.45075757575757575,0.4838935574229694,0.01168280984602733,0.27136390724370507,0.13358778625954199,35,0.38571428571428573,0.383206106870228,0.03604999209650292,united states of america,extraction,USA,0,0,0.098,0.581,1,2,1,1,2,1,98,3,1
1912,Village Main Reef Gold Mining Company,salisbury,-75.5993692,38.3606736,cyanid,1.313869,1,11,0,6,0,1,0,0,0,0,0,0,0,0,0,0,0.06512410373025118,0.012048192771084338,1,0.3487394957983193,0.39457831325301207,0,0.06353937471985924,0.00909090909090909,1,0.32238805970149254,0.35833333333333334,0,0.19210644788422027,0.08626198083067092,27,0.29864724245577523,0.3608486738678426,0.002707205700144759,united states of america,extraction,USA,0,0,0.098,0.581,1,2,1,1,2,1,98,3,1
1913,Village Main Reef Gold Mining Company,salisbury,-75.5993692,38.3606736,cyanid,1.314508,1,9,0,1,0,0,0,0,0,0,0,0,0,0,0,0,0,0,0,0,0,0,0,0,0,0,0,0,0.15494724014563685,0.040880503144654086,13,0.2887112887112887,0.33303304836323677,0.0058251172726202245,united states of america,extraction,USA,0,0,0.083,0.581,1,2,1,1,2,1,98,3,1
1915,Village Main Reef Gold Mining Company,salisbury,-75.5993692,38.3606736,cyanid,1.314508,1,12,0,11,1,1,1,0,0,0,0.11743236916464053,0.016129032258064516,1,0.3,0.29811827956989256,0,0.07322309911761911,0.012195121951219513,1,0.33884297520661155,0.3841463414634146,0,0.09986039185634553,0.02040816326530612,2,0.35294117647058826,0.39030612244897944,0.0016426229358138596,0.13607343800538202,0.12215909090909091,43,0.3723897911832947,0.413717532467531,0.06542712954890165,united states of america,extraction,USA,0,0,0.07,0.581,1,2,1,1,2,1,98,3,1
1916,Village Main Reef Gold Mining Company,salisbury,-75.5993692,38.3606736,cyanid,0.6291706,1,4,0,2,0,0,0,1,0,0,0.16345268186683382,0.023809523809523808,1,0.32673267326732675,0.2952380952380952,0,0,0,0,0,0,0,0.06911750658761155,0.013333333333333334,1,0.2798507462686567,0.30777777777777776,0,0.13903007249494623,0.0634441087613293,21,0.34230355220667386,0.38413897280966647,0.03184406781824581,united states of america,extraction,USA,0,0,0.07,0.581,1,2,1,1,2,1,98,3,1
1917,Village Main Reef Gold Mining Company,salisbury,-75.59937,38.36067,cyanid,0.6288709,1,1,0,1,0,0,0,0,0,0,0,0,0,0,0,0,0,0,0,0,0,0,0,0,0,0,0,0,0.1264156790285707,0.0625,21,0.3386411889596603,0.38094529478457934,0.030188429249420688,united states of america,extraction,USA,0,0,0.07,0.581,1,2,1,1,2,1,98,3,1
1919,Village Main Reef Gold Mining Company,salisbury,-75.5993692,38.3606736,cyanid,0.5843293,1,11,0,8,0,1,0,0,0,0,0,0,0,0,0,0,0.2009208678630323,0.03076923076923077,2,0.45774647887323944,0.48717948717948717,0.0062619774016832875,0.19513620096200143,0.025,2,0.42105263157894735,0.45562500000000017,0.0036449578440906757,0.5109660594682587,0.16573033707865167,59,0.4211822660098522,0.4778558052434482,0.07367856538000712,united states of america,extraction,USA,0,0,0.07,0.581,1,2,1,1,2,1,98,3,1
1921,Village Main Reef Gold Mining Company,salisbury,-75.59937,38.36067,cyanid,0.5080831,1,11,0,0,0,0,0,0,0,0,0,0,0,0,0,0,0,0,0,0,0,0,0,0,0,0,0,0,0.09249576683612122,0.016172506738544475,6,0.35664335664335667,0.37205750224617923,0.0012966016471780645,united states of america,extraction,USA,0,0,0.095,0.581,1,2,1,1,2,1,98,3,1
1895,Viner Gold Mining Company,london,-0.1277583,51.50735,cyanid,0.05865103,1,18,0,4,0,0,0,2,2,2,0.03648249433312279,0.03125,1,0.23853211009174313,0.22812500000000008,0,0.11010358807526346,0.03125,1,0.3333333333333333,0.3828125,0,0.11712698494627646,0.044444444444444446,2,0.31690140845070425,0.37259259259259275,0.003951513265238757,0.09959193992249492,0.08571428571428572,3,0.31645569620253167,0.2940816326530611,0.02556237879767291,united kingdom,extraction,GBR,1,1,0.028,0.73,2,2,NA,2,2,NA,98,3,1
1894,Virginia Transvaal Gold,broken,-95.78139,36.0629,cyanid,0.2682927,1,0,1682.6272314207872,0,0,0,0,0,0,0,0,0,0,0,0,0,0,0,0,0,0,0,0,0,0,0,0,0,0,0,0,0,0,0,united states of america,extraction,USA,0,0,0.147,0.478,1,1,NA,1,1,NA,95,1,1
1893,Virginia Transvaal Gold Mining And,alexandria,-77.04692,38.80484,cyanid,0.3210117,1,4,0,0,0,0,0,0,0,0,0,0,0,0,0,0,0.7953336454431279,0.5,3,0.6,0.7222222222222221,0.11555555555555555,0.763088969729399,0.3,3,0.5,0.49999999999999994,0.0562962962962963,0,0,0,0,0,0,united states of america,extraction,USA,0,0,0.147,0.478,1,1,NA,1,1,NA,95,1,1
1919,Vivian And Sons Limited,transvaal,-81.1830974,43.2325617,cyanid,0.004426737,1,31,0,11,2,3,1,1,0,0,0.35117183117312967,0.05660377358490566,3,0.4155844155844156,0.289308176100629,0.07665699080793419,0.20092086786303226,0.03076923076923077,2,0.45774647887323944,0.48717948717948717,0.0062619774016832875,0.2675308683916433,0.0625,5,0.43478260869565216,0.4806250000000004,0.02044692561399906,0.17355505139624772,0.08146067415730338,29,0.3323615160349854,0.35819288389512977,0.047497207767003245,canada,extraction,CAN,0,1,0.067,0.631,2,2,1,2,2,1,98,0,1
1908,Vogelstruis Consolidated Deep Limited,transvaal,-81.1831,43.23256,cyanid,1.946472,1,15,0,2,0,0,0,1,4,0,0.1087604726633199,0.014084507042253521,1,0.29218106995884774,0.33041582830315236,0,0.23917386956476958,0.0379746835443038,3,0.4817073170731707,0.5042194092827005,0.005316936104509376,0.24463476566710146,0.037037037037037035,4,0.43724696356275305,0.4729938271604941,0.011341188800282502,0.01106528434004655,0.02631578947368421,2,0.28640776699029125,0.2546052631578947,0.034169557674176114,canada,extraction,CAN,0,1,0.074,0.597,2,1,1,2,1,1,96,0,1
1909,Vogelstruis Consolidated Deep Limited,western,-95.71276,37.09375,cyanid,1.949318,1,13,0,6,0,2,0,2,1,1,0.30166497025808026,0.029850746268656716,2,0.38461538461538464,0.4184079601990048,0.007861400496179036,0.17173371151388372,0.02631578947368421,2,0.4367816091954023,0.47258771929824567,0.0024132760943906457,0.24168691634834732,0.041237113402061855,4,0.4377880184331797,0.4647766323024058,0.005629341725464276,0.12128841868682277,0.07303370786516854,13,0.34068627450980393,0.32360888175494984,0.02576411271311792,united states of america,extraction,USA,0,0,0.117,0.581,1,1,1,1,1,1,98,1,1
1909,Vogelstruis Consolidated Deep Limited,transvaal,-81.1831,43.23256,cyanid,1.949318,1,13,0,6,0,2,0,2,1,1,0.30166497025808026,0.029850746268656716,2,0.38461538461538464,0.4184079601990048,0.007861400496179036,0.17173371151388372,0.02631578947368421,2,0.4367816091954023,0.47258771929824567,0.0024132760943906457,0.24168691634834732,0.041237113402061855,4,0.4377880184331797,0.4647766323024058,0.005629341725464276,0.12128841868682277,0.07303370786516854,13,0.34068627450980393,0.32360888175494984,0.02576411271311792,canada,extraction,CAN,0,1,0.074,0.597,2,1,1,2,1,1,96,0,1
1910,Vogelstruis Consolidated Deep Limited,western,-95.71276,37.09375,cyanid,1.945525,1,17,0,12,2,4,0,1,1,1,0.34273287811557307,0.07017543859649122,4,0.4634146341463415,0.4999999999999998,0.07234288922701132,0.22955050732218918,0.045454545454545456,3,0.4925373134328358,0.5126262626262627,0.011175669506632412,0.3408781770082136,0.07954545454545454,7,0.4861878453038674,0.5179924242424245,0.03779260779015217,0.5289268238842931,0.22748815165876776,48,0.35943775100401604,0.40744752877454254,0.036894615755481926,united states of america,extraction,USA,0,0,0.098,0.581,1,2,1,1,2,1,98,3,1
1910,Vogelstruis Consolidated Deep Limited,transvaal,-81.1831,43.23256,cyanid,1.945525,1,17,0,12,2,4,0,1,1,1,0.34273287811557307,0.07017543859649122,4,0.4634146341463415,0.4999999999999998,0.07234288922701132,0.22955050732218918,0.045454545454545456,3,0.4925373134328358,0.5126262626262627,0.011175669506632412,0.3408781770082136,0.07954545454545454,7,0.4861878453038674,0.5179924242424245,0.03779260779015217,0.5289268238842931,0.22748815165876776,48,0.35943775100401604,0.40744752877454254,0.036894615755481926,canada,extraction,CAN,0,1,0.074,0.597,2,1,1,2,1,1,96,0,1
1911,Vogelstruis Consolidated Deep Limited,western,-95.7127622,37.0937489,cyanid,1.457948,1,18,2.3055664769700538e-4,13,2,4,0,0,0,0,0.22372577056562704,0.02631578947368421,2,0.4010989010989011,0.4254385964912279,0.010731278927321465,0.20224609438788935,0.03333333333333333,3,0.46875,0.4953703703703704,0.0070105640778352,0.26298170262730175,0.04201680672268908,5,0.44074074074074077,0.47955182072829156,0.012746306354861249,0.6887114910865714,0.2748091603053435,72,0.40373831775700936,0.4150763358778617,0.031612417903302374,united states of america,extraction,USA,0,0,0.098,0.581,1,2,1,1,2,1,98,3,1
1911,Vogelstruis Consolidated Deep Limited,transvaal,-81.1830974,43.2325617,cyanid,1.457948,1,18,2.8333329557698393e-4,13,2,4,0,0,0,0,0.22372577056562704,0.02631578947368421,2,0.4010989010989011,0.4254385964912279,0.010731278927321465,0.20224609438788935,0.03333333333333333,3,0.46875,0.4953703703703704,0.0070105640778352,0.26298170262730175,0.04201680672268908,5,0.44074074074074077,0.47955182072829156,0.012746306354861249,0.6887114910865714,0.2748091603053435,72,0.40373831775700936,0.4150763358778617,0.031612417903302374,canada,extraction,CAN,0,1,0.072,0.61,2,1,1,2,1,1,96,0,1
1912,Vogelstruis Consolidated Deep Limited,transvaal,-81.1830974,43.2325617,cyanid,1.459367,1,7,0,4,0,2,0,0,0,0,0,0,0,0,0,0,0.2148292017726933,0.03614457831325301,3,0.5,0.5130522088353414,0.00690006232154246,0.2049360287186732,0.02727272727272727,3,0.4268774703557312,0.4537878787878791,0.003591196442991892,0.40330122974482385,0.13099041533546327,41,0.3428912783751493,0.410578629747958,0.1593692443044105,canada,extraction,CAN,0,1,0.072,0.61,2,1,1,2,1,1,96,0,1
1914,Vogelstruis Consolidated Deep Limited,western,-95.7127622,37.0937489,cyanid,1.972387,1,15,0,8,1,3,1,1,3,1,0.30483212234757323,0.047619047619047616,3,0.425531914893617,0.4470899470899469,0.13484809694487118,0.24563334121456945,0.041666666666666664,3,0.47368421052631576,0.5011574074074074,0.00814229812733238,0.3318871190047405,0.06593406593406594,6,0.4690721649484536,0.503663003663004,0.022355065745012965,0.7384751260290806,0.15555555555555556,56,0.3528064146620848,0.38745701058200877,0.0916650441832474,united states of america,extraction,USA,0,0,0.079,0.581,1,2,1,1,2,1,98,3,1
1914,Vogelstruis Consolidated Deep Limited,transvaal,-81.1830974,43.2325617,cyanid,1.972387,1,15,0,8,1,3,1,1,3,1,0.30483212234757323,0.047619047619047616,3,0.425531914893617,0.4470899470899469,0.13484809694487118,0.24563334121456945,0.041666666666666664,3,0.47368421052631576,0.5011574074074074,0.00814229812733238,0.3318871190047405,0.06593406593406594,6,0.4690721649484536,0.503663003663004,0.022355065745012965,0.7384751260290806,0.15555555555555556,56,0.3528064146620848,0.38745701058200877,0.0916650441832474,canada,extraction,CAN,0,1,0.067,0.61,2,1,1,2,1,1,96,0,1
1915,Vogelstruis Consolidated Deep Limited,roodepoort,27.9014654,-26.1201355,cyanid,1.74001,1,13,0,10,1,4,1,0,0,0,0.2964329472462585,0.03225806451612903,2,0.38571428571428573,0.379032258064516,0.01117379741123792,0.23537769416631812,0.036585365853658534,3,0.4659090909090909,0.49491869918699194,0.008450467270806433,0.30150352775197353,0.05102040816326531,5,0.4528301886792453,0.4795918367346941,0.011631011646182538,0.9150787768364578,0.3068181818181818,108,0.39532019704433496,0.45489042207792274,0.06604694528384679,south africa,extraction,ZAF,1,1,0.408,0.115,-1,-1,-1,-1,-1,-1,84,2,0
1915,Vogelstruis Consolidated Deep Limited,transvaal,-81.1830974,43.2325617,cyanid,1.74001,1,13,0,10,1,4,1,0,0,0,0.2964329472462585,0.03225806451612903,2,0.38571428571428573,0.379032258064516,0.01117379741123792,0.23537769416631812,0.036585365853658534,3,0.4659090909090909,0.49491869918699194,0.008450467270806433,0.30150352775197353,0.05102040816326531,5,0.4528301886792453,0.4795918367346941,0.011631011646182538,0.9150787768364578,0.3068181818181818,108,0.39532019704433496,0.45489042207792274,0.06604694528384679,canada,extraction,CAN,0,1,0.067,0.61,2,2,1,2,2,1,98,0,1
1916,Vogelstruis Consolidated Deep Limited,western,-95.7127622,37.0937489,cyanid,1.743327,1,6,0,4,2,2,1,0,0,0,0.47282275030292686,0.07142857142857142,3,0.42857142857142855,0.38095238095238104,0.017287590458322167,0.19916810430585447,0.034482758620689655,2,0.37662337662337664,0.42959770114942525,0.007272590085713421,0.43851753787755393,0.06666666666666667,5,0.390625,0.4488888888888888,0.018564312817959238,0.6783799036628636,0.1691842900302115,56,0.38083832335329343,0.438167170191338,0.09046327926633885,united states of america,extraction,USA,0,0,0.07,0.581,1,2,1,1,2,1,98,3,1
1916,Vogelstruis Consolidated Deep Limited,transvaal,-81.1830974,43.2325617,cyanid,1.743327,1,6,0,4,2,2,1,0,0,0,0.47282275030292686,0.07142857142857142,3,0.42857142857142855,0.38095238095238104,0.017287590458322167,0.19916810430585447,0.034482758620689655,2,0.37662337662337664,0.42959770114942525,0.007272590085713421,0.43851753787755393,0.06666666666666667,5,0.390625,0.4488888888888888,0.018564312817959238,0.6783799036628636,0.1691842900302115,56,0.38083832335329343,0.438167170191338,0.09046327926633885,canada,extraction,CAN,0,1,0.067,0.61,2,2,1,2,2,1,98,0,1
1917,Vogelstruis Consolidated Deep Limited,western,-95.71276,37.09375,cyanid,1.742496,1,17,0,9,2,4,1,0,0,0,0.5179183792124559,0.08333333333333333,3,0.4,0.4166666666666667,0.05636054421768708,0.33624771656689384,0.06521739130434782,3,0.5111111111111111,0.5289855072463767,0.03065495827359992,0.4834290659554705,0.09836065573770492,6,0.4765625,0.5204918032786884,0.04676547114983465,0.755839416608774,0.3125,105,0.4002509410288582,0.4770833333333341,0.08308318909158259,united states of america,extraction,USA,0,0,0.07,0.581,1,2,1,1,2,1,98,3,1
1917,Vogelstruis Consolidated Deep Limited,transvaal,-81.1831,43.23256,cyanid,1.742496,1,17,0,9,2,4,1,0,0,0,0.5179183792124559,0.08333333333333333,3,0.4,0.4166666666666667,0.05636054421768708,0.33624771656689384,0.06521739130434782,3,0.5111111111111111,0.5289855072463767,0.03065495827359992,0.4834290659554705,0.09836065573770492,6,0.4765625,0.5204918032786884,0.04676547114983465,0.755839416608774,0.3125,105,0.4002509410288582,0.4770833333333341,0.08308318909158259,canada,extraction,CAN,0,1,0.067,0.61,2,2,1,2,2,1,98,0,1
1920,Vogelstruis Consolidated Deep Limited,transvaal,-81.1831,43.23256,cyanid,1.742496,1,6,0,4,0,1,0,0,0,0,0,0,0,0,0,0,0.10617128598164015,0.01639344262295082,1,0.33516483516483514,0.3811475409836066,0,0.09551950425563484,0.01282051282051282,1,0.32098765432098764,0.3604700854700853,0,0.06679691761794139,0.06770833333333333,26,0.38565488565488565,0.42052951388888943,0.06280806138500024,canada,extraction,CAN,0,1,0.067,0.631,2,1,1,2,2,1,98,0,1
1921,Vogelstruis Consolidated Deep Limited,transvaal,-81.1831,43.23256,cyanid,1.742496,1,5,0,3,1,1,1,0,0,0,0.08400301674725809,0.02127659574468085,1,0.2980132450331126,0.3216312056737588,0,0.12419838187199954,0.0196078431372549,1,0.36428571428571427,0.4117647058823529,0,0.15018467125092824,0.029411764705882353,2,0.3617021276595745,0.4085784313725488,0.0015180814997601327,0.06392670152767455,0.03234501347708895,12,0.35771543086172347,0.3819856244384525,0.016726459215492914,canada,extraction,CAN,0,1,0.067,0.631,2,1,1,2,2,1,98,0,1
1922,Vogelstruis Consolidated Deep Limited,transvaal,-81.1831,43.23256,cyanid,1.742496,1,6,0,4,1,0,0,0,0,0,0.3199384274002415,0.05128205128205128,2,0.3490566037735849,0.39999999999999997,0.022556390977443604,0,0,0,0,0,0,0.10033244431335077,0.03225806451612903,2,0.31155778894472363,0.35967741935483877,0.003031790604838747,0.13788114084984768,0.06318681318681318,23,0.40346820809248557,0.4337257980115133,0.060061170324036454,canada,extraction,CAN,0,1,0.07,0.631,2,1,1,2,2,1,98,0,1
1895,Waihi Gold Mining Company,new zealand,174.886,-40.90056,cyanid,4.249172,0,6,11827.770990862378,0,0,0,0,1,1,1,1.6889313662008623e-17,0.03125,1,1,0.03125,0,0.12976502571620724,0.03125,1,0.3404255319148936,0.39062500000000006,0,0.12326660759509638,0.044444444444444446,2,0.32608695652173914,0.37851851851851864,0.044444444444444446,0,0,0,0,0,0,new zealand,extraction,NA,0,0,NA,NA,NA,NA,NA,NA,NA,NA,NA,NA,NA
1911,Waihi Gold Mining Company,new zealand,174.885971,-40.900557,cyanid,4.249172,1,6,0.002466190264589519,3,1,0,0,0,0,0,0.0545272089618627,0.013157894736842105,1,0.28294573643410853,0.3048245614035088,0,0,0,0,0,0,0,0.02495702449014501,0.008403361344537815,1,0.271689497716895,0.2939775910364148,0,0,0.011450381679389313,3,1,0.007633587786259542,2.924746278260361e-5,new zealand,extraction,NA,0,0,NA,NA,NA,NA,NA,NA,NA,NA,NA,NA,NA
1922,Waihi Gold Mining Company,new zealand,174.886,-40.90056,cyanid,1.328609,1,9,0,3,0,0,0,0,2,0,0,0,0,0,0,0,0.24230599175818887,0.043478260869565216,2,0.46938775510204084,0.4981884057971014,0.008183089475995655,0.2211531523571033,0.03225806451612903,2,0.4105960264900662,0.4489247311827954,0.003724794756330884,6.730047187782707e-4,0.02197802197802198,8,0.2720187061574435,0.2846415489272638,0.004234807651213596,new zealand,extraction,NA,0,0,NA,NA,NA,NA,NA,NA,NA,NA,NA,NA,NA
1910,Waihi Grand Junction Gold Limited,new zealand,174.886,-40.90056,cyanid,0.9727625999999999,1,8,0,2,0,0,0,1,0,0,0.058546745608998155,0.017543859649122806,1,0.2893401015228426,0.3239766081871345,0,0,0,0,0,0,0,0.02631598644887671,0.011363636363636364,1,0.277602523659306,0.30170454545454545,0,1.8124664075661996e-19,0.009478672985781991,2,1,0.004739336492890996,0,new zealand,extraction,NA,0,0,NA,NA,NA,NA,NA,NA,NA,NA,NA,NA,NA
1912,Waihi Grand Junction Gold Limited,new zealand,174.885971,-40.900557,cyanid,0.9727625999999999,1,6,0,3,0,0,0,0,0,0,0,0,0,0,0,0,0,0,0,0,0,0,0,0,0,0,0,0,0,0.009584664536741214,3,1,0.006389776357827476,2.0480052428934218e-5,new zealand,extraction,NA,0,0,NA,NA,NA,NA,NA,NA,NA,NA,NA,NA,NA
1914,Waihi Grand Junction Gold Limited,new zealand,174.885971,-40.900557,cyanid,0.9861933,0,7,0,5,1,0,0,0,1,0,0.03647789394764543,0.015873015873015872,1,0.26666666666666666,0.28439153439153436,0,0.07167909183854503,0.013888888888888888,1,0.32432432432432434,0.36805555555555547,0,0.08577285453485468,0.02197802197802198,2,0.3204225352112676,0.3630036630036629,4.916162045402704e-4,2.039620939243265e-17,0.013888888888888888,5,1,0.005555555555555556,1.5475085112968123e-5,new zealand,extraction,NA,0,0,NA,NA,NA,NA,NA,NA,NA,NA,NA,NA,NA
1915,Waihi Grand Junction Gold Limited,new zealand,174.885971,-40.900557,cyanid,1.427212,0,7,0,5,0,1,0,0,0,0,0,0,0,0,0,0,0.06140554670757157,0.012195121951219513,1,0.3178294573643411,0.3597560975609756,0,0.05691954715494212,0.01020408163265306,1,0.3096774193548387,0.34115646258503396,0,2.122393494825457e-17,0.008522727272727272,3,1,0.005681818181818182,1.618751618751619e-5,new zealand,extraction,NA,0,0,NA,NA,NA,NA,NA,NA,NA,NA,NA,NA,NA
1916,Waihi Grand Junction Gold Limited,new zealand,174.885971,-40.900557,cyanid,1.429933,1,7,0,4,0,1,0,0,0,0,0,0,0,0,0,0,0.0854512476428942,0.017241379310344827,1,0.31521739130434784,0.3577586206896552,0,0.09965210915523033,0.013333333333333334,1,0.3073770491803279,0.34311111111111126,0,1.799375417078951e-18,0.006042296072507553,2,1,0.006042296072507553,1.8309988098507736e-5,new zealand,extraction,NA,0,0,NA,NA,NA,NA,NA,NA,NA,NA,NA,NA,NA
1919,Waihi Grand Junction Gold Limited,new zealand,174.885971,-40.900557,cyanid,1.770695,1,4,0,0,0,0,0,0,0,0,0,0,0,0,0,0,0,0,0,0,0,0,0,0,0,0,0,0,0,0,0,0,0,0,new zealand,extraction,NA,0,0,NA,NA,NA,NA,NA,NA,NA,NA,NA,NA,NA
1920,Waihi Grand Junction Gold Limited,new zealand,174.886,-40.90056,cyanid,1.770695,1,2,0,1,0,0,0,0,0,0,0,0,0,0,0,0,0,0,0,0,0,0,0,0,0,0,0,0,0,0,0,0,0,0,new zealand,extraction,NA,0,0,NA,NA,NA,NA,NA,NA,NA,NA,NA,NA,NA
1921,Waihl Grand Junction Gold,new zealand,174.886,-40.90056,cyanid,1.154734,0,2,0,2,0,0,0,0,0,0,0,0,0,0,0,0,0,0,0,0,0,0,0,0,0,0,0,0,6.881230864885864e-18,0.005390835579514825,2,1,0.0026954177897574125,0,new zealand,extraction,NA,0,0,NA,NA,NA,NA,NA,NA,NA,NA,NA,NA,NA
1923,Waihl Grand Junction Gold,new zealand,174.886,-40.90056,cyanid,1.37237,1,3,0,1,0,0,0,0,0,0,0,0,0,0,0,0,0,0,0,0,0,0,0,0,0,0,0,0,0,0.0026455026455026454,1,1,0.0026455026455026454,0,new zealand,extraction,NA,0,0,NA,NA,NA,NA,NA,NA,NA,NA,NA,NA,NA
1908,Walker Fork Gold Dredging Limited,alaska,-149.4937,64.20084,amalgama,0.8515815,1,6,2499.8721368189013,0,0,0,0,0,0,0,0,0,0,0,0,0,0,0,0,0,0,0,0,0,0,0,0,0,0,0,0,0,0,0,united states of america,extraction,USA,0,0,0.117,0.581,1,1,1,1,1,1,98,1,1
1910,Walker Fork Gold Dredging Limited,alaska,-149.4937,64.20084,amalgama,0.8515815,1,2,2436.1861246645135,0,0,0,0,0,0,0,0,0,0,0,0,0,0,0,0,0,0,0,0,0,0,0,0,0,0,0,0,0,0,0,united states of america,extraction,USA,0,0,0.098,0.581,1,2,1,1,2,1,98,3,1
1912,Wallis Extended Limited,london,-0.1277583,51.5073509,cyanid,4.8661799999999997e-4,1,6,0,2,1,1,1,0,0,0,0.04320829450056929,0.014492753623188406,1,0.2255892255892256,0.24748102139406478,0,0.21835527814742572,0.03614457831325301,3,0.4368421052631579,0.4769076305220884,0.00229482138534163,0.21942808186275284,0.03636363636363636,4,0.3927272727272727,0.43257575757575784,0.0032266322359352957,0.004809244847810602,0.019169329073482427,6,0.24934839270199827,0.26913659645289134,0.026366990932143907,united kingdom,extraction,GBR,1,1,0.028,0.73,2,2,2,2,2,2,98,3,1
1909,Wam And Junction Gold Company,new zealand,174.886,-40.90056,cyanid,0.9746589,0,7,0,0,0,0,0,1,0,0,0.15039945580036443,0.014925373134328358,1,0.3333333333333333,0.36368159203980094,0,0,0,0,0,0,0,0.05062156743724837,0.010309278350515464,1,0.3054662379421222,0.33195876288659787,0,0,0,0,0,0,0,new zealand,extraction,NA,0,0,NA,NA,NA,NA,NA,NA,NA,NA,NA,NA,NA
1908,Wanderer Tselukwel Gold Mines Limited,rhodesia,-97.21348,32.82943,cyanid,1.459854,1,6,382.0578442854707,1,1,1,1,1,1,1,0.29990301281217313,0.04225352112676056,3,0.3879781420765027,0.4410798122065726,0.06002163776308642,0.30378575366789456,0.05063291139240506,4,0.512987012987013,0.5253164556962026,0.009978129050984812,0.36422200072347355,0.06481481481481481,7,0.47161572052401746,0.5054012345679014,0.026277740663200044,0,0.013157894736842105,1,1,0.013157894736842105,0,united states of america,extraction,USA,0,0,0.117,0.581,1,1,1,1,1,1,98,1,1
1909,Wanderer Tselukwel Gold Mines Limited,rhodesia,-97.21348,32.82943,cyanid,1.461988,1,8,0,6,2,2,2,0,0,0,0.31543024317022766,0.04477611940298507,3,0.3987730061349693,0.4340796019900496,0.05232182185785265,0.3104971299725254,0.05263157894736842,4,0.5135135135135135,0.5263157894736842,0.012794198793286629,0.373787199377222,0.07216494845360824,7,0.48223350253807107,0.5034364261168387,0.020785548635596066,0.03497147318704789,0.0449438202247191,8,0.317351598173516,0.2934991974317821,0.07591708973335032,united states of america,extraction,USA,0,0,0.117,0.581,1,1,1,1,1,1,98,1,1
1910,Wanderer Tselukwel Gold Mines Limited,rhodesia,-97.21348,32.82943,cyanid,1.461988,0,1,0,0,0,0,0,0,0,0,0,0,0,0,0,0,0,0,0,0,0,0,0,0,0,0,0,0,0,0,0,0,0,0,united states of america,extraction,USA,0,0,0.098,0.581,1,2,1,1,2,1,98,3,1
1911,Wanderer Tselukwel Gold Mines Limited,rhodesia,-97.2134822,32.8294337,cyanid,1.461988,1,1,4.5913793676987665e-4,1,1,1,1,0,0,0,0.2237257705656269,0.02631578947368421,2,0.4010989010989011,0.4254385964912279,0.010731278927321465,0.0688558815948894,0.011111111111111112,1,0.3435114503816794,0.3888888888888889,0,0.14307786313962143,0.025210084033613446,3,0.3814102564102564,0.4284313725490199,0.004871732575837439,0.005728012509853008,0.015267175572519083,4,0.29427792915531337,0.2736005089058534,0.0018480025479106798,united states of america,extraction,USA,0,0,0.098,0.581,1,2,1,1,2,1,98,3,1
1913,Wanderer Tselukwel Gold Mines Limited,rhodesia,-97.2134822,32.8294337,cyanid,1.461988,0,2,0,0,0,0,0,1,1,1,0,0.017241379310344827,1,0.3888888888888889,0.05747126436781609,0,0.05463174355107239,0.012658227848101266,1,0.32113821138211385,0.36392405063291133,0,0.06298299820081694,0.02040816326530612,2,0.31958762886597936,0.34591836734693865,0.003154012123781966,0.011156280583062008,0.006289308176100629,2,0.2372742200328407,0.25194173401720604,0.0027153797934002153,united states of america,extraction,USA,0,0,0.083,0.581,1,2,1,1,2,1,98,3,1
1914,Wanderer Tselukwel Gold Mines Limited,rhodesia,-97.2134822,32.8294337,cyanid,1.461988,0,2,0,0,0,0,0,0,0,0,0,0,0,0,0,0,0,0,0,0,0,0,0,0,0,0,0,0,8.069811532167904e-4,0.002777777777777778,1,0.21052631578947367,0.1984766313932988,0,united states of america,extraction,USA,0,0,0.079,0.581,1,2,1,1,2,1,98,3,1
1915,Wanderer Tselukwel Gold Mines Limited,rhodesia,-97.2134822,32.8294337,cyanid,1.461988,1,2,0,0,0,0,0,0,0,0,0,0,0,0,0,0,0,0,0,0,0,0,0,0,0,0,0,0,4.822440881160769e-4,0.011363636363636364,4,0.23937360178970918,0.23992153679653724,5.7791891004654175e-5,united states of america,extraction,USA,0,0,0.07,0.581,1,2,1,1,2,1,98,3,1
1916,Wanderer Tselukwel Gold Mines Limited,rhodesia,-97.2134822,32.8294337,cyanid,1.461988,1,4,0,0,0,0,0,0,1,0,0,0,0,0,0,0,0.22288058203591202,0.034482758620689655,2,0.38666666666666666,0.4382183908045977,0.007366563455805589,0.20535581240347864,0.02666666666666667,2,0.35377358490566035,0.4035555555555554,0.003960142034088919,1.3807008820062574e-4,0.006042296072507553,2,0.24018126888217523,0.24688534023881553,0.00512396048924475,united states of america,extraction,USA,0,0,0.07,0.581,1,2,1,1,2,1,98,3,1
1917,Wanderer Tselukwel Gold Mines Limited,rhodesia,-97.21348,32.82943,cyanid,1.461988,1,4,0,3,1,1,1,0,0,0,0,0.027777777777777776,1,1,0.027777777777777776,0,0.3826272781048881,0.06521739130434782,3,0.4423076923076923,0.4909420289855072,0.008891885671265585,0.368433830786152,0.06557377049180328,4,0.391025641025641,0.45136612021857914,0.037225769627462886,0.0022472833502368917,0.023809523809523808,8,0.27957931638913236,0.2960211167800461,0.03448931716392756,united states of america,extraction,USA,0,0,0.07,0.581,1,2,1,1,2,1,98,3,1
1919,Wanderer Tselukwel Gold Mines Limited,rhodesia,-97.2134822,32.8294337,cyanid,1.461988,1,6,0,4,1,1,1,0,0,0,0.02303939449652588,0.018867924528301886,1,0.23703703703703705,0.1644654088050314,0,0.2861739381863526,0.046153846153846156,3,0.43333333333333335,0.4782051282051282,0.005079657059014178,0.2795890793387189,0.05,4,0.41237113402061853,0.4583333333333333,0.01063685477987066,0.0211571648839514,0.03089887640449438,11,0.30866425992779783,0.3306647940074905,0.0019508739678739272,united states of america,extraction,USA,0,0,0.07,0.581,1,2,1,1,2,1,98,3,1
1909,Wassau Extetjoe Ztgottdgomines Limited,london,-0.1277583,51.50735,cyanid,1.705653,1,10,0,3,2,0,0,1,1,1,0.3962214752752357,0.04477611940298507,3,0.40372670807453415,0.43955223880597,0.02527405736326654,0.06952231889198343,0.013157894736842105,1,0.31932773109243695,0.36184210526315785,0,0.1715017304695561,0.041237113402061855,4,0.37254901960784315,0.415807560137457,0.0037398874701033637,0.0030512325361782824,0.02247191011235955,4,0.25364963503649635,0.2231139646869987,0.008760236145496095,united kingdom,extraction,GBR,1,1,0.028,0.73,2,2,2,2,2,1,98,3,1
1908,Wassau Gold Coast Mining Company,london,-0.1277583,51.50735,cyanid,1.703163,1,7,0,1,1,0,0,1,1,0,0.24542592708473857,0.028169014084507043,2,0.35323383084577115,0.40352112676056323,0.018945172868714114,0.09233751503463264,0.012658227848101266,1,0.3798076923076923,0.4240506329113924,0,0.15011807436442334,0.027777777777777776,3,0.37630662020905925,0.42391975308642005,0.0023866367034740084,0.030317151159067288,0.013157894736842105,1,0.18849840255591055,0.17105785296574752,0,united kingdom,extraction,GBR,1,1,0.028,0.73,2,2,2,2,2,1,98,3,1
1910,Wassau Gold Coast Mining Company,worcester,-71.80229,42.26259,cyanid,1.703163,1,1,0,0,0,0,0,0,0,0,0,0,0,0,0,0,0,0,0,0,0,0,0,0,0,0,0,0,0,0,0,0,0,0,united states of america,extraction,USA,0,0,0.098,0.581,1,2,1,1,2,1,98,3,1
1911,Wassau Gold Coast Mining Company,london,-0.1277583,51.5073509,cyanid,1.703163,1,4,1.0013217677085525e-4,1,0,0,0,0,1,0,0,0,0,0,0,0,0.06885588159488938,0.011111111111111112,1,0.3435114503816794,0.3888888888888889,0,0.06282619088360404,0.008403361344537815,1,0.3216216216216216,0.36148459383753495,0,0.02043104224933494,0.003816793893129771,1,0.3004172461752434,0.27974372955289084,0,united kingdom,extraction,GBR,1,1,0.028,0.73,2,2,2,2,2,2,98,3,1
1919,Wassau Gold Coast Mining Company,london,-0.1277583,51.5073509,cyanid,1.372289,1,1,0,0,0,0,0,0,0,0,0,0,0,0,0,0,0,0,0,0,0,0,0,0,0,0,0,0,0,0,0,0,0,0,united kingdom,extraction,GBR,1,1,0.028,0.73,2,2,1,2,2,1,89,3,1
1913,West African Prospectors Limited,and square roods,-73.9479221,40.6996109,cyanid,0.6640106,1,6,136.38107982417645,0,0,0,0,1,2,1,0.009200059925248104,0.017241379310344827,1,0.23626373626373626,0.19568965517241368,0,0.2053652650077562,0.02531645569620253,2,0.3798076923076923,0.4293248945147679,0.0021193739782004437,0.19983825480389947,0.030612244897959183,3,0.36470588235294116,0.3948979591836733,0.007000352644411786,0,0,0,0,0,0,united states of america,extraction,USA,0,0,0.083,0.581,1,2,1,1,2,1,98,3,1
1912,West Band Consolidated,transvaal,-81.1830974,43.2325617,cyanid,0.6085686,1,0,0,0,0,0,0,0,0,0,0,0,0,0,0,0,0,0,0,0,0,0,0,0,0,0,0,0,0,0,0,0,0,0,canada,extraction,CAN,0,1,0.072,0.61,2,1,1,2,1,1,96,0,1
1923,West Band Consolidated,transvaal,-81.1831,43.23256,cyanid,0.6085686,1,0,0,0,0,0,0,0,0,0,0,0,0,0,0,0,0,0,0,0,0,0,0,0,0,0,0,0,0,0,0,0,0,0,canada,extraction,CAN,0,1,0.07,0.631,2,1,1,2,2,1,98,0,1
1913,West Esfiiwd Gged Wwgtww Limited,johannesburg,28.0473051,-26.2041028,cyanid,0.02008277,1,3,0,0,0,0,0,0,0,0,0,0,0,0,0,0,0,0,0,0,0,0,0,0,0,0,0,0,0,0,0,0,0,0,south africa,extraction,ZAF,1,1,0.408,0.115,-1,-1,-1,-1,-1,-1,84,2,0
1913,West Griqualand Vexelgliation Syndicate Limited,transvaal,-81.1830974,43.2325617,cyanid,0.48685490000000003,1,0,0,0,0,0,0,0,0,0,0,0,0,0,0,0,0,0,0,0,0,0,0,0,0,0,0,0,0,0,0,0,0,0,canada,extraction,CAN,0,1,0.072,0.61,2,1,1,2,1,1,96,0,1
1913,West Indian Mines Limited,guadalupe,-118.2760503,29.0525203,cyanid,0.8276534,1,5,765.5693320878819,1,0,1,0,0,0,0,0,0,0,0,0,0,0.054631743551072406,0.012658227848101266,1,0.32113821138211385,0.36392405063291133,0,0.05681765265575402,0.01020408163265306,1,0.31313131313131315,0.3340136054421768,0,1.5921088102640447e-5,0.009433962264150943,3,0.16055555555555556,0.16457120796743463,0.011408051108068964,mexico,extraction,MEX,0,0,0.774,0.561,-3,-3,-3,-3,-3,-3,70,0,0
1912,West Mexican Mines Limited,rosario,-122.876016,48.6487148,cyanid,2.469586,1,5,84.20011485589905,1,0,1,0,0,0,0,0,0,0,0,0,0,0.06512410373025121,0.012048192771084338,1,0.3487394957983193,0.39457831325301207,0,0.06353937471985921,0.00909090909090909,1,0.32238805970149254,0.35833333333333334,0,3.038332285867542e-6,0.006389776357827476,2,0.1671520093185789,0.16873972672694723,0.005857294994675187,mexico,extraction,NA,0,0,NA,NA,NA,NA,NA,NA,NA,NA,NA,NA,NA
1914,West Mexican Mines Limited,guadalupe,-118.2760503,29.0525203,cyanid,2.317554,1,2,0,1,0,0,0,0,0,0,0,0,0,0,0,0,0,0,0,0,0,0,0,0,0,0,0,0,0,0,0,0,0,0,mexico,extraction,MEX,0,0,0.774,0.561,-3,-3,-3,-3,-3,-3,69,0,0
1915,West Mexican Mines Limited,guadalupe,-118.2760503,29.0525203,cyanid,2.317554,1,2,0,0,0,0,0,0,0,0,0,0,0,0,0,0,0,0,0,0,0,0,0,0,0,0,0,0,0,0,0,0,0,0,mexico,extraction,MEX,0,0,0.774,0.561,-3,-3,-3,-3,-3,-3,70,0,0
1922,West Mexican Mines Limited,transvaal,-81.1831,43.23256,cyanid,2.317554,1,13,0,10,1,3,1,0,0,0,0.22177456628148337,0.02564102564102564,1,0.31896551724137934,0.3572649572649573,0,0.24230599175818887,0.043478260869565216,2,0.46938775510204084,0.4981884057971014,0.008183089475995655,0.2945022385517991,0.04838709677419355,3,0.43356643356643354,0.47177419354838684,0.009062734979139507,0.4076114745896656,0.23901098901098902,87,0.43516209476309226,0.4975274725274754,0.13844965281953744,canada,extraction,CAN,0,1,0.07,0.631,2,1,1,2,2,1,98,0,1
1923,West Mexican Mines Limited,rosario,-122.876,48.64871,cyanid,2.317554,1,1,0.0012941642961493546,0,0,0,0,0,0,0,0,0,0,0,0,0,0,0,0,0,0,0,0,0,0,0,0,0,0.17244202578304066,0.037037037037037035,14,0.36172344689378755,0.3790123456790103,2.0909324568156422e-4,mexico,extraction,NA,0,0,NA,NA,NA,NA,NA,NA,NA,NA,NA,NA,NA
1908,West Rand Consolidated Mines Limited,transvaal,-81.1831,43.23256,cyanid,2.189781,1,21,0,2,1,1,1,0,4,0,0.1650807476000884,0.014084507042253521,1,0.29957805907172996,0.35023474178403763,0,0.22839359762720846,0.0379746835443038,3,0.4759036144578313,0.5010548523206751,0.0049862378922144205,0.26259093447770077,0.037037037037037035,4,0.416988416988417,0.4591049382716052,0.004465341966351943,0.01642582427519937,0.05263157894736842,4,0.3105263157894737,0.28837719298245623,0.09856675279897645,canada,extraction,CAN,0,1,0.074,0.597,2,1,1,2,1,1,96,0,1
1910,West Rand Consolidated Mines Limited,transvaal,-81.1831,43.23256,cyanid,7.417315,1,10,0,7,1,2,0,0,0,0,0.058546745608998245,0.017543859649122806,1,0.2893401015228426,0.3239766081871345,0,0.1756082473670994,0.030303030303030304,2,0.44,0.476010101010101,0.003173515607786076,0.1865567831649934,0.03409090909090909,3,0.4018264840182648,0.4450757575757578,0.004940125271854113,0.3854050745689483,0.17535545023696683,37,0.37136929460580914,0.40874520424283417,0.08709168963738516,canada,extraction,CAN,0,1,0.074,0.597,2,1,1,2,1,1,96,0,1
1911,West Rand Consolidated Mines Limited,transvaal,-81.1830974,43.2325617,cyanid,7.413709,1,10,2.8333329557698393e-4,6,1,2,0,0,0,0,0.05452720896186269,0.013157894736842105,1,0.28294573643410853,0.3048245614035088,0,0.16077827465652483,0.022222222222222223,2,0.4411764705882353,0.47407407407407415,0.002527875658848684,0.17116026520966157,0.025210084033613446,3,0.39932885906040266,0.44117647058823556,0.0038763712892606987,0.2761056225781956,0.12595419847328243,33,0.4,0.39249363867684406,0.018583716294406628,canada,extraction,CAN,0,1,0.072,0.61,2,1,1,2,1,1,96,0,1
1912,West Rand Consolidated Mines Limited,transvaal,-81.1830974,43.2325617,cyanid,7.413709,1,15,0,11,3,1,1,0,0,0,0.26037731854686,0.028985507246376812,2,0.3621621621621622,0.3990338164251206,0.011697409873278681,0.15780814078082064,0.024096385542168676,2,0.4715909090909091,0.4929718875502009,0.003530357564947143,0.21767861476463934,0.03636363636363636,4,0.45188284518828453,0.47348484848484873,0.009661810763020307,0.5806592325648611,0.2715654952076677,85,0.35171568627450983,0.4565621988944658,0.11327300920018349,canada,extraction,CAN,0,1,0.072,0.61,2,1,1,2,1,1,96,0,1
1913,West Rand Consolidated Mines Limited,transvaal,-81.1830974,43.2325617,cyanid,7.424537,1,5,0,0,0,0,0,1,1,1,0.02024087199307012,0.017241379310344827,1,0.24431818181818182,0.20574712643678153,0,0.20536526500775631,0.02531645569620253,2,0.3798076923076923,0.4293248945147679,0.0021193739782004437,0.20131427887964518,0.030612244897959183,3,0.3705179282868526,0.39999999999999986,0.009044871598937148,0.25463227676465044,0.050314465408805034,16,0.2982456140350877,0.3565505685788703,0.0501323855128819,canada,extraction,CAN,0,1,0.072,0.61,2,1,1,2,1,1,96,0,1
1914,West Rand Consolidated Mines Limited,transvaal,-81.1830974,43.2325617,cyanid,7.519724,1,6,0,1,0,0,0,0,0,0,0,0,0,0,0,0,0,0,0,0,0,0,0,0,0,0,0,0,0.3068952203268784,0.08888888888888889,32,0.35443037974683544,0.37602182539682383,0.08638385923060628,canada,extraction,CAN,0,1,0.067,0.61,2,1,1,2,1,1,96,0,1
1915,West Rand Consolidated Mines Limited,johannesburg,28.0473051,-26.2041028,cyanid,7.519724,1,12,0,10,1,1,1,0,2,0,0.17900057808161823,0.016129032258064516,1,0.3375,0.331989247311828,0,0.23537769416631812,0.036585365853658534,3,0.4659090909090909,0.49491869918699194,0.008450467270806433,0.27150522768921453,0.04081632653061224,4,0.44036697247706424,0.46768707482993216,0.006317398424768313,0.4828584215479882,0.25,88,0.39975093399750933,0.45158955627705716,0.11052537301159436,south africa,extraction,ZAF,1,1,0.408,0.115,-1,-1,-1,-1,-1,-1,84,2,0
1915,West Rand Consolidated Mines Limited,transvaal,-81.1830974,43.2325617,cyanid,7.519724,1,12,0,10,1,1,1,0,2,0,0.17900057808161823,0.016129032258064516,1,0.3375,0.331989247311828,0,0.23537769416631812,0.036585365853658534,3,0.4659090909090909,0.49491869918699194,0.008450467270806433,0.27150522768921453,0.04081632653061224,4,0.44036697247706424,0.46768707482993216,0.006317398424768313,0.4828584215479882,0.25,88,0.39975093399750933,0.45158955627705716,0.11052537301159436,canada,extraction,CAN,0,1,0.067,0.61,2,2,1,2,2,1,98,0,1
1916,West Rand Consolidated Mines Limited,johannesburg,28.0473051,-26.2041028,cyanid,7.519724,1,3,0,2,0,1,0,0,0,0,0,0,0,0,0,0,0.14256128783142596,0.017241379310344827,1,0.34523809523809523,0.3922413793103448,0,0.12751989150029022,0.013333333333333334,1,0.3232758620689655,0.36622222222222206,0,0.21877318850025315,0.0513595166163142,17,0.3404710920770878,0.37678751258811594,0.04634441213847842,south africa,extraction,ZAF,1,1,0.408,0.115,-1,-1,-1,-1,-1,-1,84,2,0
1916,West Rand Consolidated Mines Limited,transvaal,-81.1830974,43.2325617,cyanid,7.519724,1,3,0,2,0,1,0,0,0,0,0,0,0,0,0,0,0.14256128783142596,0.017241379310344827,1,0.34523809523809523,0.3922413793103448,0,0.12751989150029022,0.013333333333333334,1,0.3232758620689655,0.36622222222222206,0,0.21877318850025315,0.0513595166163142,17,0.3404710920770878,0.37678751258811594,0.04634441213847842,canada,extraction,CAN,0,1,0.067,0.61,2,2,1,2,2,1,98,0,1
1917,West Rand Consolidated Mines Limited,johannesburg,28.04731,-26.2041,cyanid,7.519724,1,2,0,2,0,0,0,0,0,0,0,0,0,0,0,0,0,0,0,0,0,0,0,0,0,0,0,0,0.16183201876292433,0.08630952380952381,29,0.37093023255813956,0.4157596371882068,0.06135001400034671,south africa,extraction,ZAF,1,1,0.408,0.115,-1,-1,-1,-1,-1,-1,84,2,0
1917,West Rand Consolidated Mines Limited,transvaal,-81.1831,43.23256,cyanid,7.519724,1,2,0,2,0,0,0,0,0,0,0,0,0,0,0,0,0,0,0,0,0,0,0,0,0,0,0,0,0.16183201876292433,0.08630952380952381,29,0.37093023255813956,0.4157596371882068,0.06135001400034671,canada,extraction,CAN,0,1,0.067,0.61,2,2,1,2,2,1,98,0,1
1919,West Rand Consolidated Mines Limited,transvaal,-81.1830974,43.2325617,cyanid,7.519724,1,9,0,6,0,1,0,0,0,0,0,0,0,0,0,0,0.11021245718263532,0.015384615384615385,1,0.3611111111111111,0.4076923076923077,0,0.10549702369375366,0.0125,1,0.34782608695652173,0.3893749999999998,0,0.4466434312346271,0.18258426966292135,65,0.4180929095354523,0.47134831460674376,0.08009012641081024,canada,extraction,CAN,0,1,0.067,0.631,2,2,1,2,2,1,98,0,1
1920,West Rand Consolidated Mines Limited,transvaal,-81.1831,43.23256,cyanid,7.519724,1,9,0,0,0,0,0,0,0,0,0,0,0,0,0,0,0,0,0,0,0,0,0,0,0,0,0,0,0.1283379787017416,0.059895833333333336,23,0.3633692458374143,0.4009982638888879,0.03439523137146496,canada,extraction,CAN,0,1,0.067,0.631,2,1,1,2,2,1,98,0,1
1921,West Rand Consolidated Mines Limited,transvaal,-81.1831,43.23256,cyanid,7.519724,1,9,0,7,1,2,1,0,0,0,0.20143473220356456,0.02127659574468085,1,0.3435114503816794,0.37127659574468097,0,0.20511551436857708,0.0392156862745098,2,0.4396551724137931,0.4787581699346405,0.006187411184205006,0.2650891848403778,0.04411764705882353,3,0.4146341463414634,0.45710784313725467,0.0054656347167865256,0.9539184968250655,0.20754716981132076,77,0.4322033898305085,0.4842767295597512,0.08705086795365148,canada,extraction,CAN,0,1,0.067,0.631,2,1,1,2,2,1,98,0,1
1923,West Rand Consolidated Mines Limited,transvaal,-81.1831,43.23256,cyanid,7.519724,1,14,0,13,1,3,1,0,0,0,0.20087660032654636,0.021739130434782608,1,0.3359375,0.36449275362318845,0,0.22812760378252175,0.05,2,0.45454545454545453,0.49166666666666664,0.004080414734260889,0.294256432396697,0.05357142857142857,3,0.4148148148148148,0.45982142857142827,0.0032464968098470048,0.7412223251250624,0.37566137566137564,142,0.4622279129321383,0.5262786596119953,0.16007632294237883,canada,extraction,CAN,0,1,0.07,0.631,2,1,1,2,2,1,98,0,1
1909,West Rmnd Entral Gold Mining,transvaal,-81.1831,43.23256,cyanid,7.431774,1,5,0,2,0,1,0,1,0,0,0.10791345261595835,0.014925373134328358,1,0.28634361233480177,0.314179104477612,0,0.09757762654544928,0.013157894736842105,1,0.37623762376237624,0.4210526315789473,0,0.1197999724135242,0.020618556701030927,2,0.36964980544747084,0.4046391752577318,6.941220423075401e-4,0.02312024015305357,0.028089887640449437,5,0.2926315789473684,0.2615369181380418,0.010337419989252907,canada,extraction,CAN,0,1,0.074,0.597,2,1,1,2,1,1,96,0,1
1908,Westbalia And East Extension,england,-1.17432,52.35552,cyanid,0.973236,0,0,0,0,0,0,0,0,0,0,0,0,0,0,0,0,0,0,0,0,0,0,0,0,0,0,0,0,0,0,0,0,0,0,united kingdom,extraction,GBR,1,1,0.028,0.73,2,2,2,2,2,1,98,3,1
1909,Westhalia And East Extension,western,-95.71276,37.09375,cyanid,0.00538499,1,3,0,1,0,0,0,0,0,0,0,0,0,0,0,0,0,0,0,0,0,0,0,0,0,0,0,0,2.661479833936139e-5,0.0056179775280898875,1,0.18860244233378562,0.15910914927768854,0,united states of america,extraction,USA,0,0,0.117,0.581,1,1,1,1,1,1,98,1,1
1908,Westralia And Eastwvektevnsion Mtn Limited,western,-95.71276,37.09375,cyanid,0.9746589,1,3,0,0,0,0,0,1,1,1,0.10876047266331995,0.014084507042253521,1,0.29218106995884774,0.33041582830315236,0,0.0646118841031248,0.012658227848101266,1,0.32644628099173556,0.370253164556962,0,0.08518685343776368,0.018518518518518517,2,0.3323076923076923,0.3760802469135801,0.0015769533418487607,0,0,0,0,0,0,united states of america,extraction,USA,0,0,0.117,0.581,1,1,1,1,1,1,98,1,1
1909,Westralia And Eastwvektevnsion Mtn Limited,western,-95.71276,37.09375,cyanid,0.9746589,1,3,0,1,0,1,0,0,1,0,0,0,0,0,0,0,0.2363410450040908,0.039473684210526314,3,0.4578313253012048,0.4912280701754386,0.005194960401883315,0.21180081586306215,0.030927835051546393,3,0.4148471615720524,0.4450171821305845,0.002073375687693908,5.927522313318931e-4,0.011235955056179775,2,0.23205342237061768,0.2013532191902978,0.008760236145496095,united states of america,extraction,USA,0,0,0.117,0.581,1,1,1,1,1,1,98,1,1
1913,Westralia And Eastwvektevnsion Mtn Limited,western,-95.7127622,37.0937489,cyanid,0.9737098000000001,1,7,0,0,0,0,0,0,0,0,0,0,0,0,0,0,0,0,0,0,0,0,0,0,0,0,0,0,4.2866406505268236e-4,0.0031446540880503146,1,0.19189907038512616,0.19571821435029027,0,united states of america,extraction,USA,0,0,0.083,0.581,1,2,1,1,2,1,98,3,1
1911,Westralia Mount Morgans Gold Mines,western,-95.7127622,37.0937489,cyanid,0.973236,1,4,2.3055664769700538e-4,0,0,0,0,0,0,0,0,0,0,0,0,0,0,0,0,0,0,0,0,0,0,0,0,0,0,0,0,0,0,0,united states of america,extraction,USA,0,0,0.098,0.581,1,2,1,1,2,1,98,3,1
1912,Westralia Mount Morgans Gold Mines,western,-95.7127622,37.0937489,cyanid,0.973236,1,4,0,1,0,1,0,0,0,0,0,0,0,0,0,0,0.16133421715555302,0.024096385542168676,2,0.415,0.45682730923694786,6.102861837270865e-4,0.1524409464012778,0.01818181818181818,2,0.37630662020905925,0.41136363636363665,2.9325822660648446e-4,0.002284206072813759,0.009584664536741214,3,0.2417860151642797,0.26067394621707785,0.005692143952577478,united states of america,extraction,USA,0,0,0.098,0.581,1,2,1,1,2,1,98,3,1
1909,William Ptower Jdevelopment Limited,western,-95.71276,37.09375,cyanid,0.36549709999999996,1,13,0,3,0,1,0,0,0,0,0,0,0,0,0,0,0.06924109956665804,0.013157894736842105,1,0.336283185840708,0.38157894736842096,0,0.06091080298477591,0.010309278350515464,1,0.32646048109965636,0.3577319587628865,0,0.019343968790383435,0.02247191011235955,4,0.3034934497816594,0.2678838951310861,0.01896547018344443,united states of america,extraction,USA,0,0,0.117,0.581,1,1,1,1,1,1,98,1,1
1916,Willoughby Mashonaland Expedition Syndicate Limited,salisbury,-75.5993692,38.3606736,amalgama,1.832173,1,3,0,2,0,0,0,0,0,0,0,0,0,0,0,0,0,0,0,0,0,0,0,0,0,0,0,0,9.357252187988785e-5,0.012084592145015106,4,0.1838150289017341,0.19287872248597346,0.00868808935274192,united states of america,extraction,USA,0,0,0.07,0.581,1,2,1,1,2,1,98,3,1
1920,Willoughby Mashonaland Expedition Syndicate Limited,chicago,-87.6298,41.87811,amalgama,1.832173,1,2,58.817582000653026,0,0,0,0,0,0,0,0,0,0,0,0,0,0,0,0,0,0,0,0,0,0,0,0,0,0,0,0,0,0,0,united states of america,extraction,USA,0,0,0.078,0.581,1,2,1,1,2,1,98,3,1
1919,Wit Ati Wrand Gold Mti,transvaal,-81.1830974,43.2325617,cyanid,1.881363,1,0,0,0,0,0,0,0,0,0,0,0,0,0,0,0,0,0,0,0,0,0,0,0,0,0,0,0,0,0,0,0,0,0,canada,extraction,CAN,0,1,0.067,0.631,2,2,1,2,2,1,98,0,1
1923,Wit Watersrand Gold Mining,transvaal,-81.1831,43.23256,cyanid,1.94419,1,0,0,0,0,0,0,0,0,0,0,0,0,0,0,0,0,0,0,0,0,0,0,0,0,0,0,0,0,0,0,0,0,0,canada,extraction,CAN,0,1,0.07,0.631,2,1,1,2,2,1,98,0,1
1921,Witwatersrand Gold Fields Syndicate,transvaal,-81.1831,43.23256,cyanid,1.539646,1,9,0,6,1,2,1,0,0,0,0.3107543583879969,0.06382978723404255,3,0.42857142857142855,0.455673758865248,0.12190400338084943,0.2994316196597945,0.058823529411764705,3,0.4811320754716981,0.511437908496732,0.018419392878947713,0.4089101483361843,0.08823529411764706,6,0.4533333333333333,0.5012254901960783,0.02780363545006864,0.06714044973411464,0.0215633423180593,8,0.3096270598438855,0.31787960467205706,9.753843779074236e-4,canada,extraction,CAN,0,1,0.067,0.631,2,1,1,2,2,1,98,0,1
1922,Witwatersrand Gold Fields Syndicate,transvaal,-81.1831,43.23256,cyanid,1.771479,1,7,0,4,0,0,0,0,0,0,0,0,0,0,0,0,0,0,0,0,0,0,0,0,0,0,0,0,0.07663270599251652,0.01098901098901099,4,0.2872427983539095,0.29837781266352764,0,canada,extraction,CAN,0,1,0.07,0.631,2,1,1,2,2,1,98,0,1
1923,Witwatersrand Gold Fields Syndicate,transvaal,-81.1831,43.23256,cyanid,1.829826,1,9,0,6,0,0,0,0,0,0,0,0,0,0,0,0,0,0,0,0,0,0,0,0,0,0,0,0,0.05645612724337525,0.015873015873015872,6,0.3208888888888889,0.3329805996472655,2.8541102041049314e-6,canada,extraction,CAN,0,1,0.07,0.631,2,1,1,2,2,1,98,0,1
1909,Witwatersrand Gold Mining Company,johannesburg,28.04731,-26.2041,cyanid,1.0263930000000001,1,8,0,4,1,1,0,1,1,1,0.436258187246845,0.07462686567164178,5,0.37572254335260113,0.4330845771144277,0.04020793480781747,0.24125603040586724,0.039473684210526314,3,0.4634146341463415,0.49451754385964913,0.005197149267058384,0.32890799900555756,0.08247422680412371,8,0.4634146341463415,0.49742268041237137,0.0224078986937209,0.09181743466060083,0.07303370786516854,13,0.32629107981220656,0.30816613162118844,0.00820451391893855,south africa,extraction,ZAF,1,1,0.408,0.115,NA,NA,NA,NA,NA,NA,NA,-2,0
1909,Witwatersrand Gold Mining Company,transvaal,-81.1831,43.23256,cyanid,1.0263930000000001,1,8,0,4,1,1,0,1,1,1,0.436258187246845,0.07462686567164178,5,0.37572254335260113,0.4330845771144277,0.04020793480781747,0.24125603040586724,0.039473684210526314,3,0.4634146341463415,0.49451754385964913,0.005197149267058384,0.32890799900555756,0.08247422680412371,8,0.4634146341463415,0.49742268041237137,0.0224078986937209,0.09181743466060083,0.07303370786516854,13,0.32629107981220656,0.30816613162118844,0.00820451391893855,canada,extraction,CAN,0,1,0.074,0.597,2,1,1,2,1,1,96,0,1
1910,Witwatersrand Gold Mining Company,transvaal,-81.1831,43.23256,cyanid,1.945525,1,9,0,9,2,2,1,0,0,0,0.2704740002357005,0.03508771929824561,2,0.41007194244604317,0.45029239766081847,0.010194663683164353,0.25714734266797856,0.045454545454545456,3,0.4852941176470588,0.5088383838383839,0.00937956436099091,0.3355591491886733,0.056818181818181816,5,0.45595854922279794,0.49147727272727304,0.013180214413740026,0.5902322998927207,0.24170616113744076,51,0.37060041407867494,0.41645226811103553,0.038812150619961044,canada,extraction,CAN,0,1,0.074,0.597,2,1,1,2,1,1,96,0,1
1911,Witwatersrand Gold Mining Company,transvaal,-81.1830974,43.2325617,cyanid,1.945525,1,21,2.8333329557698393e-4,13,3,3,2,0,0,0,0.144433132449883,0.039473684210526314,3,0.3686868686868687,0.4083333333333332,0.042663962098135215,0.16011975898228645,0.022222222222222223,2,0.4090909090909091,0.45185185185185195,0.0011376430464681711,0.20455805171207767,0.04201680672268908,5,0.4075342465753425,0.45448179271708705,0.011974116035142672,0.8188446067691536,0.3931297709923664,103,0.42857142857142855,0.45992366412213653,0.0539544233953437,canada,extraction,CAN,0,1,0.072,0.61,2,1,1,2,1,1,96,0,1
1912,Witwatersrand Gold Mining Company,transvaal,-81.1830974,43.2325617,cyanid,2.021884,1,19,0,11,1,1,1,1,2,1,0.16976206802917151,0.014492753623188406,1,0.33004926108374383,0.36038647342995167,0,0.28347938187767685,0.04819277108433735,4,0.5123456790123457,0.5240963855421688,0.010472484781400693,0.31325897689894155,0.045454545454545456,5,0.45188284518828453,0.4772727272727275,0.009328669021406232,1,0.35782747603833864,112,0.36237373737373735,0.46229905167604735,0.09546665052429282,canada,extraction,CAN,0,1,0.072,0.61,2,1,1,2,1,1,96,0,1
1915,Witwatersrand Gold Mining Company,transvaal,-81.1830974,43.2325617,cyanid,2.021884,1,14,0,11,1,2,1,1,1,1,0.3356357194373725,0.04838709677419355,3,0.43548387096774194,0.41801075268817195,0.07553776648171148,0.236422837248873,0.036585365853658534,3,0.47674418604651164,0.5010162601626017,0.011740442384828515,0.31787134132493383,0.061224489795918366,6,0.4752475247524752,0.4965986394557825,0.021444826860256817,1,0.3522727272727273,124,0.4002493765586035,0.4664908008658021,0.05033704213411416,canada,extraction,CAN,0,1,0.067,0.61,2,2,1,2,2,1,98,0,1
1916,Witwatersrand Gold Mining Company,transvaal,-81.1830974,43.2325617,cyanid,2.021884,1,6,0,6,3,3,3,0,0,0,0.4906467620979592,0.09523809523809523,4,0.44,0.3968253968253969,0.05445367640489593,0.34172939213728026,0.05172413793103448,3,0.46774193548387094,0.5014367816091954,0.02928582851316676,0.5753940985096376,0.09333333333333334,7,0.4573170731707317,0.5066666666666669,0.0713294838824383,0.7637478187697042,0.2598187311178248,86,0.3975,0.48423967774420995,0.11746330911854713,canada,extraction,CAN,0,1,0.067,0.61,2,2,1,2,2,1,98,0,1
1920,Witwatersrand Gold Mining Company,transvaal,-81.1831,43.23256,cyanid,1.557347,1,21,0,7,1,1,1,2,1,1,0.2924723156972222,0.07407407407407407,4,0.4251968503937008,0.4799382716049381,0.12798749290610184,0.1991295877518614,0.03278688524590164,2,0.3765432098765432,0.42896174863387976,0.0013853022292698513,0.3352072043175081,0.07692307692307693,6,0.42162162162162165,0.47863247863247876,0.0157967063024324,0.8098828703763864,0.24739583333333334,95,0.3781855249745158,0.4516493055555566,0.031043997199727183,canada,extraction,CAN,0,1,0.067,0.631,2,1,1,2,2,1,98,0,1
1921,Witwatersrand Gold Mining Company,transvaal,-81.1831,43.23256,cyanid,1.635874,1,5,0,2,0,0,0,0,0,0,0,0,0,0,0,0,0,0,0,0,0,0,0,0,0,0,0,0,0.4188483907741306,0.09433962264150944,35,0.41415313225058004,0.44429469901168206,0.043707006033235955,canada,extraction,CAN,0,1,0.067,0.631,2,1,1,2,2,1,98,0,1
1922,Witwatersrand Gold Mining Company,transvaal,-81.1831,43.23256,cyanid,1.635874,1,7,0,6,0,0,0,1,1,1,0.004855826590762302,0.02564102564102564,1,0.1989247311827957,0.22185592185592193,0,0.1326994970992395,0.021739130434782608,1,0.38333333333333336,0.4293478260869565,0,0.1319102498629503,0.03225806451612903,2,0.36257309941520466,0.40860215053763416,0.0046704470912890044,0.6806443111933373,0.21153846153846154,77,0.40253748558246827,0.4586080586080602,0.05058276611140317,canada,extraction,CAN,0,1,0.07,0.631,2,1,1,2,2,1,98,0,1
1913,Witwatersrandt Venture Syndicate Gold,transvaal,-81.1830974,43.2325617,cyanid,2.677702,1,6,0,3,1,1,1,0,0,0,0.19784087033191025,0.017241379310344827,1,0.3706896551724138,0.30890804597701155,0,0.1988948605172713,0.02531645569620253,2,0.38349514563106796,0.4324894514767932,0.002512628768632471,0.25564593987806694,0.030612244897959183,3,0.39574468085106385,0.42040816326530633,0.004776202495380222,0.2903104203071466,0.05660377358490566,18,0.26734505087881594,0.3118099580363734,0.003756264433319738,canada,extraction,CAN,0,1,0.072,0.61,2,1,1,2,1,1,96,0,1
1914,Wltwaters Rand Gold Mining Com,transvaal,-81.1830974,43.2325617,cyanid,2.095661,1,9,0,3,0,0,0,0,1,0,0,0,0,0,0,0,0.08225974315779859,0.013888888888888888,1,0.3364485981308411,0.38194444444444436,0,0.0768859353450215,0.01098901098901099,1,0.325,0.3639194139194138,0,0.1867283147634993,0.08611111111111111,31,0.34033149171270716,0.35013888888888756,0.03623110285223078,canada,extraction,CAN,0,1,0.067,0.61,2,1,1,2,1,1,96,0,1
1895,Wolhuter Gold Mining Company,london,-0.1277583,51.50735,cyanid,0.3164557,1,17,0,3,0,0,0,0,0,0,0,0,0,0,0,0,0,0,0,0,0,0,0,0,0,0,0,0,0.09845028367930814,0.05714285714285714,2,0.36231884057971014,0.31047619047619046,0.056712685074029615,united kingdom,extraction,GBR,1,1,0.028,0.73,2,2,NA,2,2,NA,98,3,1
1908,Wolhuter Gold Mining Company,london,-0.1277583,51.50735,cyanid,0.6326034,1,1,0,0,0,0,0,0,0,0,0,0,0,0,0,0,0,0,0,0,0,0,0,0,0,0,0,0,0.0018268558804872177,0.05263157894736842,4,0.23790322580645162,0.22393483709273168,0.020845793718833206,united kingdom,extraction,GBR,1,1,0.028,0.73,2,2,2,2,2,1,98,3,1
1910,Wolhuter Gold Mining Company,transvaal,-81.1831,43.23256,cyanid,0.6326034,1,6,0,2,0,1,0,0,0,0,0,0,0,0,0,0,0.07231477657753627,0.015151515151515152,1,0.3473684210526316,0.3939393939393939,0,0.06760396440907665,0.011363636363636364,1,0.3295880149812734,0.36874999999999986,0,0.11231258402528108,0.04265402843601896,9,0.307032590051458,0.31740577747686854,3.217282343750981e-5,canada,extraction,CAN,0,1,0.074,0.597,2,1,1,2,1,1,96,0,1
1912,Wolhuter Gold Mining Company,transvaal,-81.1830974,43.2325617,cyanid,0.92451,1,12,0,9,1,1,0,0,0,0,0.03910037886917819,0.014492753623188406,1,0.24907063197026022,0.27960662525879926,0,0.0651241037302512,0.012048192771084338,1,0.3487394957983193,0.39457831325301207,0,0.07483786825681531,0.01818181818181818,2,0.3364485981308411,0.37803030303030305,0.003787905558444787,0.5987953199678939,0.20766773162939298,65,0.3333333333333333,0.41662609665804456,0.024975008571628068,canada,extraction,CAN,0,1,0.072,0.61,2,1,1,2,1,1,96,0,1
1913,Wolhuter Gold Mining Company,transvaal,-81.1830974,43.2325617,cyanid,0.92451,1,6,0,6,1,1,0,0,0,0,0.19784087033191036,0.017241379310344827,1,0.3706896551724138,0.30890804597701155,0,0.05463174355107243,0.012658227848101266,1,0.32113821138211385,0.36392405063291133,0,0.12222234433354282,0.02040816326530612,2,0.35094339622641507,0.3778911564625849,0.002385257249989083,0.4792380424808745,0.10377358490566038,33,0.2844488188976378,0.3449261604921974,0.021258085360257212,canada,extraction,CAN,0,1,0.072,0.61,2,1,1,2,1,1,96,0,1
1914,Wolhuter Gold Mining Company,transvaal,-81.1830974,43.2325617,cyanid,0.92451,1,5,0,3,1,1,1,0,0,0,0.03647789394764547,0.015873015873015872,1,0.26666666666666666,0.28439153439153436,0,0.1740896973950002,0.027777777777777776,2,0.41379310344827586,0.4571759259259259,0.0013514741469788734,0.18149633430713488,0.03296703296703297,3,0.3888888888888889,0.4349816849816851,0.0030275906158878773,0.7188288281538388,0.14722222222222223,53,0.3719806763285024,0.3996759259259243,0.02284704632756064,canada,extraction,CAN,0,1,0.067,0.61,2,1,1,2,1,1,96,0,1
1915,Wolhuter Gold Mining Company,transvaal,-81.1830974,43.2325617,cyanid,0.92451,1,8,0,7,1,1,1,0,0,0,0.2964329472462586,0.03225806451612903,2,0.38571428571428573,0.379032258064516,0.01117379741123792,0.07322309911761912,0.012195121951219513,1,0.33884297520661155,0.3841463414634146,0,0.14996220770310367,0.030612244897959183,3,0.375,0.41496598639455784,0.0030934859747660604,0.8929949297993711,0.29829545454545453,105,0.39925373134328357,0.45718344155844237,0.03329661315453045,canada,extraction,CAN,0,1,0.067,0.61,2,2,1,2,2,1,98,0,1
1916,Wolhuter Gold Mining Company,transvaal,-81.1830974,43.2325617,cyanid,0.9262726,1,2,0,2,0,0,0,0,0,0,0,0,0,0,0,0,0,0,0,0,0,0,0,0,0,0,0,0,0.6204467571318147,0.18126888217522658,60,0.38221153846153844,0.45100704934541674,0.02792871974606872,canada,extraction,CAN,0,1,0.067,0.61,2,2,1,2,2,1,98,0,1
1916,Wolhuter Gold Mining Company,london,-0.1277583,51.5073509,cyanid,0.9262726,1,2,0,2,0,0,0,0,0,0,0,0,0,0,0,0,0,0,0,0,0,0,0,0,0,0,0,0,0.6204467571318147,0.18126888217522658,60,0.38221153846153844,0.45100704934541674,0.02792871974606872,united kingdom,extraction,GBR,1,1,0.031,0.73,2,2,2,2,2,2,94,3,1
1917,Wolhuter Gold Mining Company,transvaal,-81.1830974,43.2325617,cyanid,0.9299619,1,5,0,6,1,1,1,0,0,0,0.40885196775354543,0.05555555555555555,2,0.3404255319148936,0.37685185185185177,0.012471655328798186,0.08660622639904682,0.021739130434782608,1,0.3333333333333333,0.3804347826086956,0,0.21079206776215123,0.04918032786885246,3,0.3588235294117647,0.415846994535519,0.008567073193631649,0.7507833425541229,0.3244047619047619,109,0.39974937343358397,0.4782738095238102,0.07733608146747675,canada,extraction,CAN,0,1,0.067,0.61,2,2,1,2,2,1,98,0,1
1920,Wolhuter Gold Mining Company,transvaal,-81.1831,43.23256,cyanid,0.9299619,1,10,0,7,1,2,1,0,0,0,0.18350210651708015,0.018518518518518517,1,0.33540372670807456,0.38765432098765434,0,0.4157568117349176,0.06557377049180328,4,0.5169491525423728,0.5327868852459017,0.01904668915210136,0.45679574312632254,0.0641025641025641,5,0.46706586826347307,0.5021367521367524,0.015186060748479733,0.3566292632162915,0.21614583333333334,83,0.4177927927927928,0.4827690972222247,0.06233737828051451,canada,extraction,CAN,0,1,0.067,0.631,2,1,1,2,2,1,98,0,1
1921,Wolhuter Gold Mining Company,transvaal,-81.1831,43.23256,cyanid,0.17705929999999998,1,11,0,9,1,2,1,0,0,0,0.2014347322035646,0.02127659574468085,1,0.3435114503816794,0.37127659574468097,0,0.3878213916456565,0.0784313725490196,4,0.5204081632653061,0.5392156862745098,0.03255060918718952,0.4297451556212469,0.07352941176470588,5,0.4533333333333333,0.4950980392156861,0.018592670508107534,0.7021508630475631,0.23180592991913745,86,0.44402985074626866,0.4975292003593918,0.12070901365399431,canada,extraction,CAN,0,1,0.067,0.631,2,1,1,2,2,1,98,0,1
1921,Wolhuter Gold Mining Company,london,-0.1277583,51.50735,cyanid,0.17705929999999998,1,11,0,9,1,2,1,0,0,0,0.2014347322035646,0.02127659574468085,1,0.3435114503816794,0.37127659574468097,0,0.3878213916456565,0.0784313725490196,4,0.5204081632653061,0.5392156862745098,0.03255060918718952,0.4297451556212469,0.07352941176470588,5,0.4533333333333333,0.4950980392156861,0.018592670508107534,0.7021508630475631,0.23180592991913745,86,0.44402985074626866,0.4975292003593918,0.12070901365399431,united kingdom,extraction,GBR,1,1,0.028,0.73,2,2,1,2,2,1,89,3,1
1922,Wolhuter Gold Mining Company,transvaal,-81.1831,43.23256,cyanid,0.1992914,1,6,0,1,0,0,0,0,0,0,0,0,0,0,0,0,0,0,0,0,0,0,0,0,0,0,0,0,0.4504885795003317,0.08516483516483517,31,0.4062863795110594,0.43571428571428683,0.01606857909604775,canada,extraction,CAN,0,1,0.07,0.631,2,1,1,2,2,1,98,0,1
1922,Wolhuter Gold Mining Company,london,-0.1277583,51.50735,cyanid,0.1992914,1,6,0,1,0,0,0,0,0,0,0,0,0,0,0,0,0,0,0,0,0,0,0,0,0,0,0,0,0.4504885795003317,0.08516483516483517,31,0.4062863795110594,0.43571428571428683,0.01606857909604775,united kingdom,extraction,GBR,1,1,0.027,0.73,2,2,1,2,2,1,89,3,1
1923,Wolhuter Gold Mining Company,transvaal,-81.1831,43.23256,cyanid,0.2058554,1,6,0,5,0,0,0,0,0,0,0,0,0,0,0,0,0,0,0,0,0,0,0,0,0,0,0,0,0.5667222516234482,0.14814814814814814,56,0.43757575757575756,0.46763668430335315,0.038602353414046546,canada,extraction,CAN,0,1,0.07,0.631,2,1,1,2,2,1,98,0,1
1923,Wolhuter Gold Mining Company,london,-0.1277583,51.50735,cyanid,0.2058554,1,6,0,5,0,0,0,0,0,0,0,0,0,0,0,0,0,0,0,0,0,0,0,0,0,0,0,0,0.5667222516234482,0.14814814814814814,56,0.43757575757575756,0.46763668430335315,0.038602353414046546,united kingdom,extraction,GBR,1,1,0.027,0.73,2,2,1,2,2,1,89,3,1
1911,Wolhuter Mines Limited,transvaal,-81.1830974,43.2325617,cyanid,3.889159,1,9,2.8333329557698393e-4,4,1,1,0,2,1,1,0.2782529795274896,0.039473684210526314,3,0.4397590361445783,0.4572368421052631,0.03582936867808013,0.2253126058546355,0.03333333333333333,3,0.44554455445544555,0.4814814814814815,0.0039253487134000694,0.30848958606975524,0.05042016806722689,6,0.45075757575757575,0.4873949579831935,0.017971369588080727,0.12552981753470013,0.04580152671755725,12,0.34726688102893893,0.33324245728825874,2.1682963604187738e-4,canada,extraction,CAN,0,1,0.072,0.61,2,1,1,2,1,1,96,0,1
1919,Wolhutieiq Gold Mines Limited,transvaal,-81.1830974,43.2325617,cyanid,0.8115139,1,11,0,4,0,1,0,0,0,0,0,0,0,0,0,0,0.19193573336381614,0.03076923076923077,2,0.39634146341463417,0.44487179487179485,0.0017667556123366175,0.1812176720070178,0.025,2,0.37735849056603776,0.4212499999999999,0.0011355455225520723,0.24793730024511676,0.10674157303370786,38,0.37458926615553123,0.4198501872659164,0.023945936969281406,canada,extraction,CAN,0,1,0.067,0.631,2,2,1,2,2,1,98,0,1
1919,Wolhutieiq Gold Mines Limited,london,-0.1277583,51.5073509,cyanid,0.8115139,1,11,0,4,0,1,0,0,0,0,0,0,0,0,0,0,0.19193573336381614,0.03076923076923077,2,0.39634146341463417,0.44487179487179485,0.0017667556123366175,0.1812176720070178,0.025,2,0.37735849056603776,0.4212499999999999,0.0011355455225520723,0.24793730024511676,0.10674157303370786,38,0.37458926615553123,0.4198501872659164,0.023945936969281406,united kingdom,extraction,GBR,1,1,0.028,0.73,2,2,1,2,2,1,89,3,1
1908,Worcester Exploration And Gold Mining,transvaal,-81.1831,43.23256,cyanid,0.07136061,1,9,0,1,0,0,0,1,1,1,0.16508074760008837,0.014084507042253521,1,0.29957805907172996,0.35023474178403763,0,0.21144823863326176,0.0379746835443038,3,0.47023809523809523,0.4978902953586498,0.0054172230596551164,0.24587254904564196,0.037037037037037035,4,0.416988416988417,0.4591049382716052,0.004939674999284118,0.0060889183699604265,0.02631578947368421,2,0.2796208530805687,0.24802631578947368,0.00668859649122807,canada,extraction,CAN,0,1,0.074,0.597,2,1,1,2,1,1,96,0,1
1910,Worcester Exploration And Gold Mining,transvaal,-81.1831,43.23256,cyanid,0.07136061,1,9,0,3,0,1,0,0,0,0,0,0,0,0,0,0,0.07569663544377361,0.015151515151515152,1,0.33,0.375,0,0.06662769375219536,0.011363636363636364,1,0.3176895306859206,0.3545454545454544,0,0.04693580712277567,0.018957345971563982,4,0.2905844155844156,0.29827352742044766,0.008141244051778258,canada,extraction,CAN,0,1,0.074,0.597,2,1,1,2,1,1,96,0,1
1911,Worcester Exploration And Gold Mining,transvaal,-81.1830974,43.2325617,cyanid,0.07136061,1,9,2.8333329557698393e-4,4,1,2,1,0,0,0,0.14862332532911185,0.013157894736842105,1,0.35096153846153844,0.37719298245614014,0,0.2022460943878893,0.03333333333333333,3,0.46875,0.4953703703703704,0.0070105640778352,0.23709800661960106,0.03361344537815126,4,0.4219858156028369,0.46344537815126075,0.006169594937667818,0.02808332892053949,0.007633587786259542,2,0.3190546528803545,0.29259360232642767,4.124494021212266e-6,canada,extraction,CAN,0,1,0.072,0.61,2,1,1,2,1,1,96,0,1
1913,Worcester Exploration And Gold Mining,transvaal,-81.1830974,43.2325617,cyanid,0.07136061,1,6,0,3,1,1,1,0,0,0,0.19784087033191036,0.017241379310344827,1,0.3706896551724138,0.30890804597701155,0,0.22803773424897575,0.0379746835443038,3,0.4540229885057471,0.48839662447257387,0.029171524283160655,0.28718907779511166,0.04081632653061224,4,0.43661971830985913,0.45153061224489816,0.01979286589873675,0,0,0,0,0,0,canada,extraction,CAN,0,1,0.072,0.61,2,1,1,2,1,1,96,0,1
1915,Worcester Exploration And Gold Mining,transvaal,-81.1830974,43.2325617,cyanid,0.07136061,1,5,0,1,0,0,0,0,0,0,0,0,0,0,0,0,0,0,0,0,0,0,0,0,0,0,0,0,0.0017635525420589887,0.002840909090909091,1,0.26034063260340634,0.25777529761904855,0,canada,extraction,CAN,0,1,0.067,0.61,2,2,1,2,2,1,98,0,1
1916,Worcester Exploration And Gold Mining,transvaal,-81.1830974,43.2325617,cyanid,0.07149666,1,2,0,1,0,0,0,0,0,0,0,0,0,0,0,0,0,0,0,0,0,0,0,0,0,0,0,0,0,0,0,0,0,0,canada,extraction,CAN,0,1,0.067,0.61,2,2,1,2,2,1,98,0,1
1914,Wttw Tweetd Limited,transvaal,-81.1830974,43.2325617,cyanid,1.972387,1,11,0,7,1,1,1,1,1,1,0.22362169553309577,0.031746031746031744,2,0.36809815950920244,0.39682539682539664,0.045508741130860925,0.2456333412145695,0.041666666666666664,3,0.47368421052631576,0.5011574074074074,0.00814229812733238,0.30049766884465046,0.054945054945054944,5,0.4504950495049505,0.4880952380952384,0.014554873950087088,1,0.23333333333333334,84,0.37333333333333335,0.41129629629629505,0.05382287909070468,canada,extraction,CAN,0,1,0.067,0.61,2,1,1,2,1,1,96,0,1
1910,Ymir Gold Mines Limited,london,-0.1277583,51.50735,cyanid,0.5350195,1,5,0,0,0,0,0,0,0,0,0,0,0,0,0,0,0,0,0,0,0,0,0,0,0,0,0,0,0,0,0,0,0,0,united kingdom,extraction,GBR,1,1,0.028,0.73,2,2,2,2,2,2,98,3,1
1911,Ymir Gold Mines Limited,london,-0.1277583,51.5073509,cyanid,0.5347594,0,1,1.0013217677085525e-4,1,0,0,0,0,0,0,0,0,0,0,0,0,0,0,0,0,0,0,0,0,0,0,0,0,0,0.007633587786259542,2,0.4117647058823529,0.014631043256997456,1.7548477669562167e-4,united kingdom,extraction,GBR,1,1,0.028,0.73,2,2,2,2,2,2,98,3,1
1912,Ymir Gold Mines Limited,london,-0.1277583,51.5073509,cyanid,0.5352798000000001,1,4,0,3,0,0,0,0,0,0,0,0,0,0,0,0,0,0,0,0,0,0,0,0,0,0,0,0,4.026170660684131e-6,0.006389776357827476,2,0.16418764302059496,0.16796417107918715,0.005857294994675187,united kingdom,extraction,GBR,1,1,0.028,0.73,2,2,2,2,2,2,98,3,1
1914,Yola Syndicate Limited,western,-95.7127622,37.0937489,cyanid,0.19723870000000002,1,8,0,2,0,0,0,0,0,0,0,0,0,0,0,0,0,0,0,0,0,0,0,0,0,0,0,0,0.0016623335598920821,0.005555555555555556,2,0.23747108712413262,0.22342923280423352,0.0032374806499275047,united states of america,extraction,USA,0,0,0.079,0.581,1,2,1,1,2,1,98,3,1
1913,Ystradowen Colliery Company,western,-95.7127622,37.0937489,cyanid,0.04868549,1,3,0,1,0,0,0,0,0,0,0,0,0,0,0,0,0,0,0,0,0,0,0,0,0,0,0,0,0.0019176401072786907,0.012578616352201259,4,0.20195667365478687,0.214230493475777,0.01708231652877805,united states of america,extraction,USA,0,0,0.083,0.581,1,2,1,1,2,1,98,3,1
1914,Yuanimi Gold Mines,western,-95.7127622,37.0937489,cyanid,4.191321,1,10,0,2,0,0,0,0,1,0,0,0,0,0,0,0,0.08225974315779858,0.013888888888888888,1,0.3364485981308411,0.38194444444444436,0,0.07688593534502153,0.01098901098901099,1,0.325,0.3639194139194138,0,0.1000873377499985,0.04722222222222222,17,0.3040473840078973,0.3148181216931213,0.02208873496895935,united states of america,extraction,USA,0,0,0.079,0.581,1,2,1,1,2,1,98,3,1
1915,Yuanimi Gold Mines,western,-95.7127622,37.0937489,cyanid,4.191321,1,2,0,1,0,0,0,0,0,0,0,0,0,0,0,0,0,0,0,0,0,0,0,0,0,0,0,0,0,0,0,0,0,0,united states of america,extraction,USA,0,0,0.07,0.581,1,2,1,1,2,1,98,3,1
1916,Yuanimi Gold Mines,western,-95.7127622,37.0937489,cyanid,1.234509,1,2,0,2,0,0,0,0,0,0,0,0,0,0,0,0,0,0,0,0,0,0,0,0,0,0,0,0,0.023056642943767705,0.012084592145015106,4,0.3028571428571429,0.3311465976118545,0.0055714639570937936,united states of america,extraction,USA,0,0,0.07,0.581,1,2,1,1,2,1,98,3,1
1917,Yuanimi Gold Mines,western,-95.7127622,37.0937489,cyanid,1.233921,1,4,0,2,0,0,0,0,0,0,0,0,0,0,0,0,0,0,0,0,0,0,0,0,0,0,0,0,0.006002144013479606,0.020833333333333332,7,0.33473242392444913,0.35426587301587187,0.05254264104013117,united states of america,extraction,USA,0,0,0.07,0.581,1,2,1,1,2,1,98,3,1
1920,Yuanimi Gold Mines,western,-95.71276,37.09375,cyanid,0.9490656,1,10,0,6,0,0,0,0,0,0,0,0,0,0,0,0,0,0,0,0,0,0,0,0,0,0,0,0,8.739182587727206e-4,0.057291666666666664,22,0.29444444444444445,0.31901041666666696,0.010290224830749031,united states of america,extraction,USA,0,0,0.078,0.581,1,2,1,1,2,1,98,3,1
1921,Yuanimi Gold Mines,western,-95.71276,37.09375,cyanid,0.9490656,1,4,0,2,0,0,0,0,0,0,0,0,0,0,0,0,0,0,0,0,0,0,0,0,0,0,0,0,0.023441835930162958,0.03504043126684636,13,0.3380681818181818,0.3634321653189556,0.027220430905084067,united states of america,extraction,USA,0,0,0.095,0.581,1,2,1,1,2,1,98,3,1
1922,Yuanimi Gold Mines,western,-95.71276,37.09375,cyanid,0.9490656,1,14,0,6,0,0,0,0,0,0,0,0,0,0,0,0,0,0,0,0,0,0,0,0,0,0,0,0,0.045259602584808406,0.027472527472527472,10,0.35040160642570284,0.3689560439560419,0.009840705498259132,united states of america,extraction,USA,0,0,0.094,0.581,1,2,1,1,2,1,98,3,1
1923,Yuanimi Gold Mines,western,-95.71276,37.09375,cyanid,0.9490656,1,1,0,1,0,0,0,0,0,0,0,0,0,0,0,0,0,0,0,0,0,0,0,0,0,0,0,0,0.01981882306934666,0.03439153439153439,13,0.35288367546432065,0.36913580246913336,0.00790816280675111,united states of america,extraction,USA,0,0,0.096,0.581,1,2,1,1,2,1,98,3,1
1916,African City Properties Trust Limited,johannesburg,28.0473051,-26.2041028,gravity,2.859867,1,10,9039.553797019555,2,NA,NA,NA,NA,NA,NA,0,0,0,0,0,0,0,0,0,0,0,0,0.4844849158765035,0.1,3,0.3614457831325301,0.43444444444444463,0.012128220640017371,1,0.6,3,1,0.6000000000000001,0.3,south africa,concentration,ZAF,1,1,0.408,0.115,-1,-1,-1,-1,-1,-1,84,2,0
1914,African Farms Limited Cmihiigi Calg,london,-0.1277583,51.5073509,gravity,2.95858,1,7,0,0,NA,NA,NA,NA,NA,NA,0,0,0,0,0,0,0,0,0,0,0,0,0.5689314840906481,0.16,4,0.4339622641509434,0.4733333333333335,0.16740593611181848,0,0,0,0,0,0,united kingdom,concentration,GBR,1,1,0.028,0.73,2,2,2,2,2,2,98,3,1
1915,African Farms Limited Cmihiigi Calg,johannesburg,28.0473051,-26.2041028,gravity,2.854424,1,5,9039.553797019555,0,NA,NA,NA,NA,NA,NA,0,0,0,0,0,0,0,0,0,0,0,0,0.20715477652121297,0.07407407407407407,2,0.36231884057971014,0.3858024691358024,0.06837606837606838,0,0,0,0,0,0,south africa,concentration,ZAF,1,1,0.408,0.115,-1,-1,-1,-1,-1,-1,84,2,0
1917,African Farms Limited Cmihiigi Calg,johannesburg,28.0473051,-26.2041028,gravity,2.858504,1,4,6767.261542923548,0,NA,NA,NA,NA,NA,NA,0,0,0,0,0,0,0,0,0,0,0,0,0.29978001516814806,0.09523809523809523,2,0.391304347826087,0.39285714285714274,0.014952177452177452,0,0,0,0,0,0,south africa,concentration,ZAF,1,1,0.408,0.115,-1,-1,-1,-1,-1,-1,84,2,0
1919,African Farms Limited Cmihiigi Calg,johannesburg,28.0473051,-26.2041028,gravity,2.877379,1,4,6767.261472807411,0,NA,NA,NA,NA,NA,NA,0,0,0,0,0,0,0,0,0,0,0,0,0.333490375650326,0.05128205128205128,2,0.38235294117647056,0.4294871794871797,0.011215445571672372,0,0,0,0,0,0,south africa,concentration,ZAF,1,1,0.408,0.115,-1,-1,-1,-1,-1,-1,84,2,0
1913,African Jgrmg Limited,transvaal,-81.1830974,43.2325617,gravity,3.164557,1,3,2.8333329557698393e-4,0,NA,NA,NA,NA,NA,NA,0,0,0,0,0,0,0,0,0,0,0,0,0.14277371228136565,0.041666666666666664,1,0.29333333333333333,0.32152777777777775,0,0,0,0,0,0,0,canada,concentration,CAN,0,1,0.072,0.61,2,1,1,2,1,1,96,0,1
1908,African Ore Concentration Syndicate Limited,marshall,-95.77491,36.06743,gravity,0.058422589999999996,1,3,Inf,0,NA,NA,NA,NA,NA,NA,0,0,0,0,0,0,0,0,0,0,0,0,0,0,0,0,0,0,0,0,0,0,0,0,united states of america,concentration,USA,0,0,0.117,0.581,1,1,1,1,1,1,98,1,1
1909,African Ore Concentration Syndicate Limited,marshall,-95.77491,36.06743,gravity,0.058422589999999996,1,4,1480.410829771452,0,NA,NA,NA,NA,NA,NA,0,0,0,0,0,0,0,0,0,0,0,0,0,0,0,0,0,0,0,0,0,0,0,0,united states of america,concentration,USA,0,0,0.117,0.581,1,1,1,1,1,1,98,1,1
1910,African Ore Concentration Syndicate Limited,marshall,-95.77491,36.06743,gravity,0.058422589999999996,1,4,1480.410829771452,0,NA,NA,NA,NA,NA,NA,0,0,0,0,0,0,0,0,0,0,0,0,0.042114220490207556,0.0625,1,0.21621621621621623,0.27827380952380965,0,0,0,0,0,0,0,united states of america,concentration,USA,0,0,0.098,0.581,1,2,1,1,2,1,98,3,1
1913,African Ore Concentration Syndicate Limited,marshall,-95.774913,36.0674332,gravity,0.058422589999999996,1,3,114.02579872678434,0,NA,NA,NA,NA,NA,NA,0,0,0,0,0,0,0,0,0,0,0,0,0,0,0,0,0,0,0,0,0,0,0,0,united states of america,concentration,USA,0,0,0.083,0.581,1,2,1,1,2,1,98,3,1
1913,African Ore Concentration Syndicate Limited,london,-0.1277583,51.5073509,gravity,0.058422589999999996,1,3,0,0,NA,NA,NA,NA,NA,NA,0,0,0,0,0,0,0,0,0,0,0,0,0,0,0,0,0,0,0,0,0,0,0,0,united kingdom,concentration,GBR,1,1,0.028,0.73,2,2,2,2,2,2,98,3,1
1908,Alaska Consolidated Mines Limited,alaska,-149.4937,64.20084,gravity,0.048638129999999995,1,0,Inf,0,NA,NA,NA,NA,NA,NA,0,0,0,0,0,0,0,0,0,0,0,0,0,0,0,0,0,0,0,0,0,0,0,0,united states of america,concentration,USA,0,0,0.117,0.581,1,1,1,1,1,1,98,1,1
1909,Alaska Consolidated Mines Limited,alaska,-149.4937,64.20084,gravity,0.048638129999999995,1,0,4770.512530571085,0,NA,NA,NA,NA,NA,NA,0,0,0,0,0,0,0,0,0,0,0,0,0,0,0,0,0,0,0,0,0,0,0,0,united states of america,concentration,USA,0,0,0.117,0.581,1,1,1,1,1,1,98,1,1
1910,Alaska Consolidated Mines Limited,alaska,-149.4937,64.20084,gravity,0.048638129999999995,1,0,0,0,NA,NA,NA,NA,NA,NA,0,0,0,0,0,0,0,0,0,0,0,0,0,0,0,0,0,0,0,0,0,0,0,0,united states of america,concentration,USA,0,0,0.098,0.581,1,2,1,1,2,1,98,3,1
1912,Alaska Consolidated Mines Limited,alaska,-149.4936733,64.2008413,gravity,0.048638129999999995,1,0,0.001305163006854708,0,NA,NA,NA,NA,NA,NA,0,0,0,0,0,0,0,0,0,0,0,0,0,0,0,0,0,0,0,0,0,0,0,0,united states of america,concentration,USA,0,0,0.098,0.581,1,2,1,1,2,1,98,3,1
1915,Amalgamated Zinc Bavay Limited,australia,133.775136,-25.274398,flotation,1.428663,1,1,0,0,NA,NA,NA,NA,NA,NA,0,0,0,0,0,0,0,0,0,0,0,0,0,0,0,0,0,0,0,0,0,0,0,0,australia,concentration,AUS,0,1,0.041,0.659,2,3,3,2,3,3,99,3,1
1916,Amalgamated Zinc Bavay Limited,australia,133.775136,-25.274398,flotation,1.428663,1,1,0,0,NA,NA,NA,NA,NA,NA,0,0,0,0,0,0,0,0,0,0,0,0,0,0,0,0,0,0,0,0,0,0,0,0,australia,concentration,AUS,0,1,0.041,0.659,2,3,3,2,3,3,99,3,1
1917,Amalgamated Zinc Bavay Limited,australia,133.775136,-25.274398,flotation,1.428663,1,9,0,6,NA,NA,NA,NA,NA,NA,0,0,0,0,0,0,0,0,0,0,0,0,0.41353829793772334,0.09523809523809523,2,0.4090909090909091,0.40476190476190466,0.007482993197278911,1,0.8333333333333334,5,1,0.3333333333333333,0,australia,concentration,AUS,0,1,0.041,0.659,2,3,3,2,3,3,99,3,1
1919,Amalgamated Zinc Bavay Limited,australia,133.775136,-25.274398,flotation,1.428663,1,10,0,4,NA,NA,NA,NA,NA,NA,0,0,0,0,0,0,0,0,0,0,0,0,0.43563074223644344,0.07692307692307693,3,0.3979591836734694,0.4529914529914531,0.018473058230895307,0.9355865926324655,0.3181818181818182,7,0.5217391304347826,0.3598484848484848,0.12121212121212122,australia,concentration,AUS,0,1,0.041,0.659,2,3,3,2,3,3,99,3,1
1920,Amalgamated Zinc Bavay Limited,australia,133.775136,-25.274398,flotation,1.038604,1,4,0,3,NA,NA,NA,NA,NA,NA,0,0,0,0,0,0,0,0,0,0,0,0,0.14776499526053688,0.027777777777777776,1,0.3673469387755102,0.402777777777778,0,0.7531312922003147,0.4230769230769231,11,0.5666666666666667,0.42948717948717957,0.07914529914529912,australia,concentration,AUS,0,1,0.041,0.659,2,3,3,2,3,3,99,3,1
1922,Amalgamated Zinc Bavay Limited,australia,133.7751,-25.2744,flotation,1.88357,1,4,0,0,NA,NA,NA,NA,NA,NA,0,0,0,0,0,0,0,0,0,0,0,0,0,0,0,0,0,0,0.41948237096842167,0.125,4,0.46875,0.24739583333333331,0,australia,concentration,AUS,0,1,0.041,0.659,2,3,3,2,3,3,99,3,1
1917,American Smelting Refining Co,refinery at great falls having become,-111.2905655,47.5238418,flotation,15,1,0,0,0,NA,NA,NA,NA,NA,NA,0,0,0,0,0,0,0,0,0,0,0,0,0,0,0,0,0,0,0,0,0,0,0,0,united states of america,concentration,USA,0,0,0.07,0.581,1,2,1,1,2,1,98,3,1
1923,American Trona Corpn,refinery at great falls having become,-111.2906,47.52384,flotation,15,1,0,0,0,NA,NA,NA,NA,NA,NA,0,0,0,0,0,0,0,0,0,0,0,0,0,0,0,0,0,0,0,0,0,0,0,0,united states of america,concentration,USA,0,0,0.096,0.581,1,2,1,1,2,1,98,3,1
1916,Anaconda Copper Company,refinery at great falls having become,-111.2905655,47.5238418,flotation,15,1,51,1723.7610890713638,0,NA,NA,NA,NA,NA,NA,0,0,0,0,0,0,0,0,0,0,0,0,0.9856728252421568,0.3,9,0.5084745762711864,0.6083333333333331,0.35631191768268744,0,0,0,0,0,0,united states of america,concentration,USA,0,0,0.07,0.581,1,2,1,1,2,1,98,3,1
1919,Anaconda Copper Company,refinery at great falls having become,-111.2905655,47.5238418,flotation,15,1,7,0,4,NA,NA,NA,NA,NA,NA,0,0,0,0,0,0,0,0,0,0,0,0,0.5403992610419218,0.1282051282051282,5,0.39,0.48119658119658104,0.05335245629530311,0.23209796168264715,0.18181818181818182,4,0.4,0.28939393939393937,0.09090909090909091,united states of america,concentration,USA,0,0,0.07,0.581,1,2,1,1,2,1,98,3,1
1920,Anaconda Copper Company,refinery at great falls having become,-111.2905655,47.5238418,flotation,15,1,57,0,21,NA,NA,NA,NA,NA,NA,0,0,0,0,0,0,0,0,0,0,0,0,0.8239775354426345,0.3333333333333333,12,0.5294117647058824,0.6342592592592591,0.28896529824090705,0.08222219148993794,0.038461538461538464,1,0.3695652173913043,0.26923076923076916,0,united states of america,concentration,USA,0,0,0.078,0.581,1,2,1,1,2,1,98,3,1
1921,Anaconda Copper Company,refinery at great falls having become,-111.2906,47.52384,flotation,15,1,6,0.0026058721135528602,6,NA,NA,NA,NA,NA,NA,0,0,0,0,0,0,0,0,0,0,0,0,0.4570416162539565,0.16129032258064516,5,0.41333333333333333,0.49462365591397867,0.17738400127194698,1.1427633421965356e-17,0.029411764705882353,1,1,0.029411764705882353,0,united states of america,concentration,USA,0,0,0.095,0.581,1,2,1,1,2,1,98,3,1
1922,Anaconda Copper Company,refinery at great falls having become,-111.2906,47.52384,flotation,15,1,49,0,39,NA,NA,NA,NA,NA,NA,0,0,0,0,0,0,0,0,0,0,0,0,0.9836852541742815,0.275,11,0.5205479452054794,0.5812499999999998,0.24481958683749713,0,0.15625,5,0.6428571428571429,0.203125,0.05040322580645161,united states of america,concentration,USA,0,0,0.094,0.581,1,2,1,1,2,1,98,3,1
1914,Andrada Mines Limited,salisbury,-75.5993692,38.3606736,gravity,1.47929,1,4,0,0,NA,NA,NA,NA,NA,NA,0,0,0,0,0,0,0,0,0,0,0,0,0,0,0,0,0,0,0,0,0,0,0,0,united states of america,concentration,USA,0,0,0.079,0.581,1,2,1,1,2,1,98,3,1
1919,Apex Mines Limited,bolivia,-63.588653,-16.290154,gravity,0.022598490000000002,1,8,2591.0275569905684,0,NA,NA,NA,NA,NA,NA,0,0,0,0,0,0,0,0,0,0,0,0,0.1721039873127919,0.02564102564102564,1,0.31451612903225806,0.3572649572649573,0,0,0,0,0,0,0,bolivia,concentration,BOL,0,0,0.745,0.181,-2,-2,-3,-2,-2,-3,71,1,0
1912,Aporoma Goldfields Limited,bolivia,-63.588653,-16.290154,gravity,2.43309,1,5,6507.772453012492,0,NA,NA,NA,NA,NA,NA,0,0,0,0,0,0,0,0,0,0,0,0,0,0,0,0,0,0,0,0,0,0,0,0,bolivia,concentration,BOL,0,0,0.745,0.181,-2,-2,-3,-2,-2,-3,71,1,0
1913,Aramayo Francke Mines Limited,bolivia,-63.588653,-16.290154,gravity,2.92113,1,3,6178.018239031577,0,NA,NA,NA,NA,NA,NA,0,0,0,0,0,0,0,0,0,0,0,0,0.20649900807220786,0.125,3,0.38596491228070173,0.42361111111111116,0.10394834633965067,0,0,0,0,0,0,bolivia,concentration,BOL,0,0,0.745,0.181,-2,-2,-3,-2,-2,-3,71,1,0
1914,Aramayo Francke Mines Limited,bolivia,-63.588653,-16.290154,gravity,2.465483,1,6,6178.018239031577,0,NA,NA,NA,NA,NA,NA,0,0,0,0,0,0,0,0,0,0,0,0,0.12126871622797125,0.12,3,0.3150684931506849,0.3706666666666665,0.10666666666666667,0,0,0,0,0,0,bolivia,concentration,BOL,0,0,0.745,0.181,-2,-2,-3,-2,-2,-3,71,1,0
1914,Aramayo Francke Mines Limited,eureka,-96.2891703,37.8239167,gravity,2.465483,1,6,95.74891217354293,0,NA,NA,NA,NA,NA,NA,0,0,0,0,0,0,0,0,0,0,0,0,0.12126871622797125,0.12,3,0.3150684931506849,0.3706666666666665,0.10666666666666667,0,0,0,0,0,0,united states of america,concentration,USA,0,0,0.079,0.581,1,2,1,1,2,1,98,3,1
1915,Aramayo Francke Mines Limited,bolivia,-63.588653,-16.290154,gravity,2.378687,1,3,6178.018239031577,0,NA,NA,NA,NA,NA,NA,0,0,0,0,0,0,0,0,0,0,0,0,0,0,0,0,0,0,0,0,0,0,0,0,bolivia,concentration,BOL,0,0,0.745,0.181,-2,-2,-3,-2,-2,-3,71,1,0
1916,Aramayo Francke Mines Limited,bolivia,-63.588653,-16.290154,gravity,2.383222,1,4,2591.0275569905684,0,NA,NA,NA,NA,NA,NA,0,0,0,0,0,0,0,0,0,0,0,0,0.18453276635374224,0.1,3,0.3448275862068966,0.4177777777777778,0.07172641853676337,0,0,0,0,0,0,bolivia,concentration,BOL,0,0,0.745,0.181,-2,-2,-3,-2,-2,-3,71,1,0
1916,Aramayo Francke Mines Limited,london,-0.1277583,51.5073509,gravity,2.383222,1,4,0,0,NA,NA,NA,NA,NA,NA,0,0,0,0,0,0,0,0,0,0,0,0,0.18453276635374224,0.1,3,0.3448275862068966,0.4177777777777778,0.07172641853676337,0,0,0,0,0,0,united kingdom,concentration,GBR,1,1,0.031,0.73,2,2,2,2,2,2,94,3,1
1917,Aramayo Francke Mines Limited,bolivia,-63.588653,-16.290154,gravity,2.382087,1,4,2591.0275569905684,0,NA,NA,NA,NA,NA,NA,0,0,0,0,0,0,0,0,0,0,0,0,0,0,0,0,0,0,0,0,0,0,0,0,bolivia,concentration,BOL,0,0,0.745,0.181,-2,-2,-3,-2,-2,-3,71,1,0
1917,Aramayo Francke Mines Limited,argentine,-63.616672,-38.416097,gravity,2.382087,1,4,4885.144684800854,0,NA,NA,NA,NA,NA,NA,0,0,0,0,0,0,0,0,0,0,0,0,0,0,0,0,0,0,0,0,0,0,0,0,argentina,concentration,ARG,0,0,0.222,0.551,1,1,0,1,1,0,92,1,1
1920,Aramayo Francke Mines Limited,bolivia,-63.588653,-16.290154,gravity,1.832173,1,8,2106.0984205311006,0,NA,NA,NA,NA,NA,NA,0,0,0,0,0,0,0,0,0,0,0,0,0,0,0,0,0,0,0,0,0,0,0,0,bolivia,concentration,BOL,0,0,0.745,0.181,-2,-2,-3,-2,-2,-3,71,1,0
1920,Aramayo Francke Mines Limited,england,-1.1743197,52.3555177,gravity,1.832173,1,8,118.69024031462178,0,NA,NA,NA,NA,NA,NA,0,0,0,0,0,0,0,0,0,0,0,0,0,0,0,0,0,0,0,0,0,0,0,0,united kingdom,concentration,GBR,1,1,0.028,0.73,2,2,1,2,2,1,89,3,1
1921,Aramayo Francke Mines Limited,bolivia,-63.58865,-16.29015,gravity,1.924557,1,10,2106.0989421718136,0,NA,NA,NA,NA,NA,NA,0,0,0,0,0,0,0,0,0,0,0,0,0.28467934727922667,0.0967741935483871,3,0.3563218390804598,0.42688172043010764,0.08014175223003743,0,0,0,0,0,0,bolivia,concentration,BOL,0,0,0.745,0.181,-2,-2,-3,-2,-2,-3,71,1,0
1919,Arizona Consolidated Copper Mine Limited,morenci,-109.3280282,33.0508859,flotation,3.342187,1,7,197.84051842439305,1,NA,NA,NA,NA,NA,NA,0,0,0,0,0,0,0,0,0,0,0,0,0.28512374499893467,0.05128205128205128,2,0.3482142857142857,0.40042735042735056,0.0037053369475562726,1.9742264655515382e-17,0.045454545454545456,1,1,0.045454545454545456,0,united states of america,concentration,USA,0,0,0.07,0.581,1,2,1,1,2,1,98,3,1
1921,Arizona Consolidated Copper Mine Limited,morenci,-109.328,33.05089,flotation,3.342187,1,12,0.002672829412238589,4,NA,NA,NA,NA,NA,NA,0,0,0,0,0,0,0,0,0,0,0,0,0.508645029035504,0.0967741935483871,3,0.4025974025974026,0.4596774193548389,0.0203177759799152,-0,0.08823529411764706,3,1,0.029411764705882353,0,united states of america,concentration,USA,0,0,0.095,0.581,1,2,1,1,2,1,98,3,1
1910,Arley Colliery Company,spain,-3.74922,40.46367,gravity,0.4620623,1,4,6197.30158410292,0,NA,NA,NA,NA,NA,NA,0,0,0,0,0,0,0,0,0,0,0,0,0,0,0,0,0,0,0,0,0,0,0,0,spain,concentration,ESP,0,0,0.49,0.618,0,1,0,0,1,0,100,2,1
1913,Arnoya Mining Company,spain,-3.74922,40.463667,gravity,0.008204379999999999,1,6,1258.7647366527324,0,NA,NA,NA,NA,NA,NA,0,0,0,0,0,0,0,0,0,0,0,0,0.34754504144656745,0.08333333333333333,2,0.38596491228070173,0.4111111111111111,0.008059271646228168,0,0,0,0,0,0,spain,concentration,ESP,0,0,0.49,0.618,0,1,0,0,1,0,100,2,1
1914,Arnoya Mining Company,spain,-3.74922,40.463667,gravity,1.972387,1,4,1258.7647366527324,0,NA,NA,NA,NA,NA,NA,0,0,0,0,0,0,0,0,0,0,0,0,0.41363714962060055,0.08,2,0.3333333333333333,0.37399999999999983,0.0010822510822510823,0,0,0,0,0,0,spain,concentration,ESP,0,0,0.49,0.618,0,1,0,0,1,0,100,2,1
1913,Atwater Dredging Company,london,-0.1277583,51.5073509,gravity,0.07302824000000001,1,0,0,0,NA,NA,NA,NA,NA,NA,0,0,0,0,0,0,0,0,0,0,0,0,0,0,0,0,0,0,0,0,0,0,0,0,united kingdom,concentration,GBR,1,1,0.028,0.73,2,2,2,2,2,2,98,3,1
1919,Aurora West Gold Mining Company,federated malay states,-3.7837117,52.1306607,flotation,1.106684,1,11,0,0,NA,NA,NA,NA,NA,NA,0.24082592586102558,0.018867924528301886,1,0.3516483516483517,0.24056603773584911,0,0.2951590726855688,0.046153846153846156,3,0.49242424242424243,0.5128205128205129,0.01135002415685261,0.6593133709635528,0.10256410256410256,4,0.45348837209302323,0.5021367521367518,0.051423993334335644,0,0,0,0,0,0,united kingdom,concentration,GBR,1,1,0.028,0.73,2,2,1,2,2,1,89,3,1
1914,Bareanoa Mines Mexico Company,smelter at hayden that company having,-110.7830679,33.0088354,gravity,0.7889546,0,0,1268.552402435824,0,NA,NA,NA,NA,NA,NA,0,0,0,0,0,0,0,0,0,0,0,0,0,0,0,0,0,0,0,0,0,0,0,0,united states of america,concentration,USA,0,0,0.079,0.581,1,2,1,1,2,1,98,3,1
1912,Barranca Mines Mexico Limited,mexico,-102.552784,23.634501,gravity,0.7789679,1,5,1145.3815238163097,0,NA,NA,NA,NA,NA,NA,0,0,0,0,0,0,0,0,0,0,0,0,0,0,0,0,0,0,0,0,0,0,0,0,mexico,concentration,MEX,0,0,0.816,0.561,-2,-2,-3,-2,-2,-3,70,0,0
1919,Barranca Mines Mexico Limited,hermosillo,-110.9559192,29.0729673,gravity,0.708278,1,3,551.8868398034101,0,NA,NA,NA,NA,NA,NA,0,0,0,0,0,0,0,0,0,0,0,0,0,0,0,0,0,0,0,0,0,0,0,0,mexico,concentration,MEX,0,0,0.795,0.565,-2,-2,-3,-2,-2,-3,76,0,0
1920,Barranca Mines Mexico Limited,hermosillo,-110.9559192,29.0729673,gravity,0.5862953000000001,1,4,467.5797441938005,0,NA,NA,NA,NA,NA,NA,0,0,0,0,0,0,0,0,0,0,0,0,0,0,0,0,0,0,0,0,0,0,0,0,mexico,concentration,MEX,0,0,0.795,0.557,-2,-2,-3,-2,-2,-3,76,0,0
1921,Barranca Mines Mexico Limited,hermosillo,-110.9559,29.07297,gravity,0.6158584,1,4,467.57885284687546,1,NA,NA,NA,NA,NA,NA,0,0,0,0,0,0,0,0,0,0,0,0,0,0,0,0,0,0,1.1427633421965356e-17,0.029411764705882353,1,1,0.029411764705882353,0,mexico,concentration,MEX,0,0,0.795,0.557,-1,-2,-2,-1,-2,-2,85,0,0
1922,Barranca Mines Mexico Limited,hermosillo,-110.9559,29.07297,flotation,0.7085916999999999,1,4,467.57885284687546,0,NA,NA,NA,NA,NA,NA,0,0,0,0,0,0,0,0,0,0,0,0,0,0,0,0,0,0,0,0,0,0,0,0,mexico,concentration,MEX,0,0,0.795,0.557,-1,-2,-2,-1,-2,-2,85,0,0
1923,Barranca Mines Mexico Limited,hermosillo,-110.9559,29.07297,flotation,0.7085916999999999,1,4,0,0,NA,NA,NA,NA,NA,NA,0,0,0,0,0,0,0,0,0,0,0,0,0,0,0,0,0,0,0,0,0,0,0,0,mexico,concentration,MEX,0,0,0.795,0.557,-1,-2,-2,-1,-2,-2,85,0,0
1919,Boscie Roprie Ary,rancagua,-70.7406259,-34.1701324,flotation,1.593625,1,9,4304.231878802032,1,NA,NA,NA,NA,NA,NA,0,0,0,0,0,0,0,0,0,0,0,0,0.5620163999726444,0.10256410256410256,4,0.4148936170212766,0.47948717948717934,0.04030986028317173,3.278326877188422e-17,0.045454545454545456,1,1,0.045454545454545456,0,chile,concentration,CHL,0,0,0.276,0.272,0,1,-1,0,1,-1,97,1,1
1903,British Ore Concentration Syndicate Limited,worcester,-71.80229,42.26259,gravity,0.729572,1,4,Inf,0,NA,NA,NA,NA,NA,NA,0,0,0,0,0,0,0,0,0,0,0,0,0,0,0,0,0,0,0,0,0,0,0,0,united states of america,concentration,USA,0,0,0.117,0.581,1,1,1,1,1,1,98,1,1
1908,British Ore Concentration Syndicate Limited,london,-0.1277583,51.50735,gravity,0.729572,0,3,Inf,0,NA,NA,NA,NA,NA,NA,0,0,0,0,0,0,0,0,0,0,0,0,0,0,0,0,0,0,0,0,0,0,0,0,united kingdom,concentration,GBR,1,1,0.028,0.73,2,2,2,2,2,1,98,3,1
1910,British Ore Concentration Syndicate Limited,brand street place k,-117.3531,33.63324,gravity,0.004863813,1,3,3303.189440670101,0,NA,NA,NA,NA,NA,NA,0,0,0,0,0,0,0,0,0,0,0,0,0,0,0,0,0,0,0,0,0,0,0,0,united states of america,concentration,USA,0,0,0.098,0.581,1,2,1,1,2,1,98,3,1
1911,British Ore Concentration Syndicate Limited,leadenhall street b,-0.0823131,51.5138619,gravity,0.0048614489999999995,0,2,5874.123770843947,0,NA,NA,NA,NA,NA,NA,0,0,0,0,0,0,0,0,0,0,0,0,0,0,0,0,0,0,0,0,0,0,0,0,united kingdom,concentration,GBR,1,1,0.028,0.73,2,2,2,2,2,2,98,3,1
1912,British Ore Concentration Syndicate Limited,london,-0.1277583,51.5073509,gravity,0.7302824,0,3,0,0,NA,NA,NA,NA,NA,NA,0,0,0,0,0,0,0,0,0,0,0,0,0.04256592120328212,0.05263157894736842,1,0.27941176470588236,0.3271929824561404,0,0,0,0,0,0,0,united kingdom,concentration,GBR,1,1,0.028,0.73,2,2,2,2,2,2,98,3,1
1913,British Ore Concentration Syndicate Limited,cornwall,-5.0527125,50.2660471,gravity,0.7302824,1,3,372.9655540128935,0,NA,NA,NA,NA,NA,NA,0,0,0,0,0,0,0,0,0,0,0,0,1.416627434299888e-18,0.041666666666666664,1,1,0.041666666666666664,0,0,0,0,0,0,0,united kingdom,concentration,GBR,1,1,0.028,0.73,2,2,2,2,2,2,98,3,1
1914,British Ore Concentration Syndicate Limited,london,-0.1277583,51.5073509,gravity,0.7302824,1,2,0,0,NA,NA,NA,NA,NA,NA,0,0,0,0,0,0,0,0,0,0,0,0,0,0,0,0,0,0,0,0,0,0,0,0,united kingdom,concentration,GBR,1,1,0.028,0.73,2,2,2,2,2,2,98,3,1
1915,British Ore Concentration Syndicate Limited,london,-0.1277583,51.5073509,gravity,0.7302824,0,3,0,0,NA,NA,NA,NA,NA,NA,0,0,0,0,0,0,0,0,0,0,0,0,0,0,0,0,0,0,0,0,0,0,0,0,united kingdom,concentration,GBR,1,1,0.028,0.73,2,2,2,2,2,2,98,3,1
1916,British Ore Concentration Syndicate Limited,salisbury,-75.5993692,38.3606736,gravity,0.7302824,1,1,0,0,NA,NA,NA,NA,NA,NA,0,0,0,0,0,0,0,0,0,0,0,0,0.012805591063901754,0.03333333333333333,1,0.2127659574468085,0.24753968253968267,0,0,0,0,0,0,0,united states of america,concentration,USA,0,0,0.07,0.581,1,2,1,1,2,1,98,3,1
1920,British Ore Concentration Syndicate Limited,salisbury,-75.59937,38.36067,gravity,0.7302824,1,1,4.0568282861542555e-4,1,NA,NA,NA,NA,NA,NA,0,0,0,0,0,0,0,0,0,0,0,0,0,0,0,0,0,0,0.061030440842341986,0.038461538461538464,1,0.3541666666666667,0.2564102564102564,0,united states of america,concentration,USA,0,0,0.078,0.581,1,2,1,1,2,1,98,3,1
1921,British Ore Concentration Syndicate Limited,london,-0.1277583,51.50735,gravity,0.7302824,0,1,0,0,NA,NA,NA,NA,NA,NA,0,0,0,0,0,0,0,0,0,0,0,0,0,0,0,0,0,0,0,0,0,0,0,0,united kingdom,concentration,GBR,1,1,0.028,0.73,2,2,1,2,2,1,89,3,1
1912,Broken Hill Proprietary Block Limited,broken,-95.7813885,36.0628961,gravity,2.43309,1,24,114.55825666735667,1,NA,NA,NA,NA,NA,NA,0,0,0,0,0,0,0,0,0,0,0,0,0.9021985478121088,0.3157894736842105,6,0.4318181818181818,0.5763157894736842,0.14804836164485285,0,0.2,1,1,0.2,0,united states of america,concentration,USA,0,0,0.098,0.581,1,2,1,1,2,1,98,3,1
1913,Broken Hill Proprietary Block Limited,broken,-95.7813885,36.0628961,gravity,2.434275,1,7,114.55825666735667,0,NA,NA,NA,NA,NA,NA,0,0,0,0,0,0,0,0,0,0,0,0,0.8222307368034197,0.25,6,0.4888888888888889,0.5381944444444445,0.09817231882449275,0,0,0,0,0,0,united states of america,concentration,USA,0,0,0.083,0.581,1,2,1,1,2,1,98,3,1
1914,Broken Hill Proprietary Block Limited,broken,-95.7813885,36.0628961,gravity,2.465483,1,16,114.55825666735667,0,NA,NA,NA,NA,NA,NA,0,0,0,0,0,0,0,0,0,0,0,0,0.7501649684801723,0.2,5,0.45098039215686275,0.5046666666666668,0.14369764168293575,0,0,0,0,0,0,united states of america,concentration,USA,0,0,0.079,0.581,1,2,1,1,2,1,98,3,1
1916,Broken Hill Proprietary Block Limited,broken,-95.7813885,36.0628961,gravity,2.465483,1,14,114.55825666735667,0,NA,NA,NA,NA,NA,NA,0,0,0,0,0,0,0,0,0,0,0,0,0.9157845872312874,0.26666666666666666,8,0.46153846153846156,0.5694444444444445,0.2440417418008963,0,0,0,0,0,0,united states of america,concentration,USA,0,0,0.07,0.581,1,2,1,1,2,1,98,3,1
1917,Broken Hill Proprietary Block Limited,broken,-95.7813885,36.0628961,gravity,4.764173,1,8,114.55825666735667,0,NA,NA,NA,NA,NA,NA,0,0,0,0,0,0,0,0,0,0,0,0,0.9544441750294025,0.3333333333333333,7,0.6,0.5873015873015873,0.2720959067387639,0,0,0,0,0,0,united states of america,concentration,USA,0,0,0.07,0.581,1,2,1,1,2,1,98,3,1
1917,Broken Hill Proprietary Block Limited,broken,-95.7813885,36.0628961,flotation,4.764173,1,8,114.55825666735667,0,NA,NA,NA,NA,NA,NA,0,0,0,0,0,0,0,0,0,0,0,0,0.9544441750294025,0.3333333333333333,7,0.6,0.5873015873015873,0.2720959067387639,0,0,0,0,0,0,united states of america,concentration,USA,0,0,0.07,0.581,1,2,1,1,2,1,98,3,1
1919,Broken Hill Proprietary Block Limited,broken,-95.7813885,36.0628961,gravity,4.426737,1,23,0,7,NA,NA,NA,NA,NA,NA,0,0,0,0,0,0,0,0,0,0,0,0,0.6400446835200808,0.1282051282051282,5,0.45348837209302323,0.5128205128205126,0.1001897309903902,0.5271224381077075,0.22727272727272727,5,0.5,0.3560606060606061,0.08225108225108224,united states of america,concentration,USA,0,0,0.07,0.581,1,2,1,1,2,1,98,3,1
1919,Broken Hill Proprietary Block Limited,wales,-3.7837117,52.1306607,flotation,4.426737,1,23,0,7,NA,NA,NA,NA,NA,NA,0,0,0,0,0,0,0,0,0,0,0,0,0.6400446835200808,0.1282051282051282,5,0.45348837209302323,0.5128205128205126,0.1001897309903902,0.5271224381077075,0.22727272727272727,5,0.5,0.3560606060606061,0.08225108225108224,united kingdom,concentration,GBR,1,1,0.028,0.73,2,2,1,2,2,1,89,3,1
1919,Broken Hill Proprietary Block Limited,broken,-95.7813885,36.0628961,flotation,4.426737,1,23,0,7,NA,NA,NA,NA,NA,NA,0,0,0,0,0,0,0,0,0,0,0,0,0.6400446835200808,0.1282051282051282,5,0.45348837209302323,0.5128205128205126,0.1001897309903902,0.5271224381077075,0.22727272727272727,5,0.5,0.3560606060606061,0.08225108225108224,united states of america,concentration,USA,0,0,0.07,0.581,1,2,1,1,2,1,98,3,1
1920,Broken Hill Proprietary Block Limited,broken,-95.78139,36.0629,gravity,4.426737,1,22,4.533544171846998e-4,12,NA,NA,NA,NA,NA,NA,0,0,0,0,0,0,0,0,0,0,0,0,0.7371529934138867,0.25,9,0.5,0.5856481481481479,0.23587711729277447,0.9999999999999999,0.6923076923076923,18,0.7083333333333334,0.5192307692307693,0.2716923076923077,united states of america,concentration,USA,0,0,0.078,0.581,1,2,1,1,2,1,98,3,1
1920,Broken Hill Proprietary Block Limited,wales,-3.783712,52.13066,flotation,4.426737,1,22,8.055251913081974e-5,12,NA,NA,NA,NA,NA,NA,0,0,0,0,0,0,0,0,0,0,0,0,0.7371529934138867,0.25,9,0.5,0.5856481481481479,0.23587711729277447,0.9999999999999999,0.6923076923076923,18,0.7083333333333334,0.5192307692307693,0.2716923076923077,united kingdom,concentration,GBR,1,1,0.028,0.73,2,2,1,2,2,1,89,3,1
1920,Broken Hill Proprietary Block Limited,broken,-95.78139,36.0629,flotation,4.426737,1,22,4.533544171846998e-4,12,NA,NA,NA,NA,NA,NA,0,0,0,0,0,0,0,0,0,0,0,0,0.7371529934138867,0.25,9,0.5,0.5856481481481479,0.23587711729277447,0.9999999999999999,0.6923076923076923,18,0.7083333333333334,0.5192307692307693,0.2716923076923077,united states of america,concentration,USA,0,0,0.078,0.581,1,2,1,1,2,1,98,3,1
1921,Broken Hill Proprietary Block Limited,broken,-95.78139,36.0629,gravity,3.849115,1,31,0,15,NA,NA,NA,NA,NA,NA,0,0,0,0,0,0,0,0,0,0,0,0,0.7063628018635235,0.1935483870967742,6,0.4492753623188406,0.5322580645161291,0.16649951507336905,1,0.6176470588235294,21,0.875,0.38235294117647056,0.13943213649096,united states of america,concentration,USA,0,0,0.095,0.581,1,2,1,1,2,1,98,3,1
1921,Broken Hill Proprietary Block Limited,wales,-3.783712,52.13066,flotation,3.849115,1,31,0,15,NA,NA,NA,NA,NA,NA,0,0,0,0,0,0,0,0,0,0,0,0,0.7063628018635235,0.1935483870967742,6,0.4492753623188406,0.5322580645161291,0.16649951507336905,1,0.6176470588235294,21,0.875,0.38235294117647056,0.13943213649096,united kingdom,concentration,GBR,1,1,0.028,0.73,2,2,1,2,2,1,89,3,1
1921,Broken Hill Proprietary Block Limited,broken,-95.78139,36.0629,flotation,3.849115,1,31,0,15,NA,NA,NA,NA,NA,NA,0,0,0,0,0,0,0,0,0,0,0,0,0.7063628018635235,0.1935483870967742,6,0.4492753623188406,0.5322580645161291,0.16649951507336905,1,0.6176470588235294,21,0.875,0.38235294117647056,0.13943213649096,united states of america,concentration,USA,0,0,0.095,0.581,1,2,1,1,2,1,98,3,1
1922,Broken Hill Proprietary Block Limited,broken,-95.78139,36.0629,gravity,4.428698,1,37,0,26,NA,NA,NA,NA,NA,NA,0,0,0,0,0,0,0,0,0,0,0,0,0.8546587812435724,0.2,8,0.4691358024691358,0.5249999999999998,0.12661956106599453,1,0.71875,23,0.7894736842105263,0.4166666666666667,0.18822004608294932,united states of america,concentration,USA,0,0,0.094,0.581,1,2,1,1,2,1,98,3,1
1922,Broken Hill Proprietary Block Limited,wales,-3.783712,52.13066,flotation,4.428698,1,37,0,26,NA,NA,NA,NA,NA,NA,0,0,0,0,0,0,0,0,0,0,0,0,0.8546587812435724,0.2,8,0.4691358024691358,0.5249999999999998,0.12661956106599453,1,0.71875,23,0.7894736842105263,0.4166666666666667,0.18822004608294932,united kingdom,concentration,GBR,1,1,0.027,0.73,2,2,1,2,2,1,89,3,1
1922,Broken Hill Proprietary Block Limited,broken,-95.78139,36.0629,flotation,4.428698,1,37,0,26,NA,NA,NA,NA,NA,NA,0,0,0,0,0,0,0,0,0,0,0,0,0.8546587812435724,0.2,8,0.4691358024691358,0.5249999999999998,0.12661956106599453,1,0.71875,23,0.7894736842105263,0.4166666666666667,0.18822004608294932,united states of america,concentration,USA,0,0,0.094,0.581,1,2,1,1,2,1,98,3,1
1923,Broken Hill Proprietary Block Limited,broken,-95.78139,36.0629,gravity,5.489478,1,39,0,20,NA,NA,NA,NA,NA,NA,0,0,0,0,0,0,0,0,0,0,0,0,0.8401043675240512,0.25,9,0.5,0.5856481481481479,0.1618996569773064,0.9999999999999999,0.5581395348837209,24,0.6896551724137931,0.38372093023255816,0.17386489479512734,united states of america,concentration,USA,0,0,0.096,0.581,1,2,1,1,2,1,98,3,1
1923,Broken Hill Proprietary Block Limited,wales,-3.783712,52.13066,flotation,5.489478,1,39,0,20,NA,NA,NA,NA,NA,NA,0,0,0,0,0,0,0,0,0,0,0,0,0.8401043675240512,0.25,9,0.5,0.5856481481481479,0.1618996569773064,0.9999999999999999,0.5581395348837209,24,0.6896551724137931,0.38372093023255816,0.17386489479512734,united kingdom,concentration,GBR,1,1,0.027,0.73,2,2,1,2,2,1,89,3,1
1923,Broken Hill Proprietary Block Limited,broken,-95.78139,36.0629,flotation,5.489478,1,39,0,20,NA,NA,NA,NA,NA,NA,0,0,0,0,0,0,0,0,0,0,0,0,0.8401043675240512,0.25,9,0.5,0.5856481481481479,0.1618996569773064,0.9999999999999999,0.5581395348837209,24,0.6896551724137931,0.38372093023255816,0.17386489479512734,united states of america,concentration,USA,0,0,0.096,0.581,1,2,1,1,2,1,98,3,1
1923,Broken Hill Proprietary Block Limited,australia,133.7751,-25.2744,flotation,5.489478,1,39,0,20,NA,NA,NA,NA,NA,NA,0,0,0,0,0,0,0,0,0,0,0,0,0.8401043675240512,0.25,9,0.5,0.5856481481481479,0.1618996569773064,0.9999999999999999,0.5581395348837209,24,0.6896551724137931,0.38372093023255816,0.17386489479512734,australia,concentration,AUS,0,1,0.041,0.659,2,3,3,2,3,3,99,3,1
1912,Broken Hill South Silver Company,broken,-95.7813885,36.0628961,gravity,1.751825,1,10,114.55825666735667,0,NA,NA,NA,NA,NA,NA,0,0,0,0,0,0,0,0,0,0,0,0,0.38453618787296495,0.10526315789473684,2,0.36538461538461536,0.4359649122807016,0.003898635477582846,0,0,0,0,0,0,united states of america,concentration,USA,0,0,0.098,0.581,1,2,1,1,2,1,98,3,1
1919,Broken Hill South Silver Company,wales,-3.7837117,52.1306607,gravity,3.54139,1,1,0,0,NA,NA,NA,NA,NA,NA,0,0,0,0,0,0,0,0,0,0,0,0,0.2635267549236514,0.05128205128205128,2,0.3482142857142857,0.40042735042735056,0.005611030497908326,0,0,0,0,0,0,united kingdom,concentration,GBR,1,1,0.028,0.73,2,2,1,2,2,1,89,3,1
1920,Broken Hill South Silver Company,wales,-3.783712,52.13066,gravity,3.54139,1,14,8.055251913081974e-5,6,NA,NA,NA,NA,NA,NA,0,0,0,0,0,0,0,0,0,0,0,0,0.2900803725908545,0.05555555555555555,2,0.4,0.4421296296296298,0.0024866629421494845,0.800045333801682,0.5,13,0.6296296296296297,0.4871794871794872,0.11070085470085474,united kingdom,concentration,GBR,1,1,0.028,0.73,2,2,1,2,2,1,89,3,1
1920,Broken Hill South Silver Company,broken,-95.78139,36.0629,flotation,3.54139,1,14,4.533544171846998e-4,6,NA,NA,NA,NA,NA,NA,0,0,0,0,0,0,0,0,0,0,0,0,0.2900803725908545,0.05555555555555555,2,0.4,0.4421296296296298,0.0024866629421494845,0.800045333801682,0.5,13,0.6296296296296297,0.4871794871794872,0.11070085470085474,united states of america,concentration,USA,0,0,0.078,0.581,1,2,1,1,2,1,98,3,1
1923,Broken Hill South Silver Company,wales,-3.783712,52.13066,gravity,2.744739,1,5,0,3,NA,NA,NA,NA,NA,NA,0,0,0,0,0,0,0,0,0,0,0,0,0,0,0,0,0,0,0.6404174787268884,0.13953488372093023,6,0.5,0.248062015503876,0.0459579180509413,united kingdom,concentration,GBR,1,1,0.027,0.73,2,2,1,2,2,1,89,3,1
1915,Burma Corporation Limited London,smelters at el paso a concentrating,-106.4850217,31.7618778,gravity,3.56803,1,9,880.9640543079666,0,NA,NA,NA,NA,NA,NA,0,0,0,0,0,0,0,0,0,0,0,0,0.06639266250462889,0.037037037037037035,1,0.27472527472527475,0.2962962962962963,0,0,0,0,0,0,0,united states of america,concentration,USA,0,0,0.07,0.581,1,2,1,1,2,1,98,3,1
1923,Burma Corporation Limited London,mines at bawdwin in the,97.29824,23.10651,gravity,91.491308,1,10,2492.1878415461965,2,NA,NA,NA,NA,NA,NA,0,0,0,0,0,0,0,0,0,0,0,0,0.3044199352850159,0.08333333333333333,3,0.3673469387755102,0.4291666666666668,0.009872645863798421,0.18492886216341495,0.11627906976744186,5,0.46511627906976744,0.2655038759689923,0.022702104097452935,myanmar,concentration,MMR,0,0,0.33,0.206,NA,NA,NA,NA,NA,NA,NA,0,1
1921,Burma Mines Limited,mines at bawdwin in the,97.29824,23.10651,gravity,76.982294,1,5,2492.1878415461965,0,NA,NA,NA,NA,NA,NA,0,0,0,0,0,0,0,0,0,0,0,0,0.14168646507708196,0.03225806451612903,1,0.29523809523809524,0.3403225806451611,0,0,0,0,0,0,0,myanmar,concentration,MMR,0,0,0.355,0.206,NA,NA,NA,NA,NA,NA,NA,0,1
1923,Calumet And Arizona Mining Company,rhodesia,-97.21348,32.82943,flotation,6.5,1,21,0,0,NA,NA,NA,NA,NA,NA,0,0,0,0,0,0,0,0,0,0,0,0,0.46895593285892945,0.1388888888888889,5,0.391304347826087,0.4699074074074075,0.0695903564327763,0,0,0,0,0,0,united states of america,concentration,USA,0,0,0.096,0.581,1,2,1,1,2,1,98,3,1
1912,Canadian Graphite Proving Syndicate Limited,canada,-106.346771,56.130366,gravity,3.892944,1,8,2261.3941610357247,0,NA,NA,NA,NA,NA,NA,0,0,0,0,0,0,0,0,0,0,0,0,0.21663692362439677,0.05263157894736842,1,0.35185185185185186,0.400877192982456,0,0,0,0,0,0,0,canada,concentration,CAN,0,1,0.072,0.61,2,1,1,2,1,1,96,0,1
1910,Canadian Northern Exploration Limited,canada,-106.3468,56.13037,gravity,0.048638129999999995,1,7,2291.8986144723326,0,NA,NA,NA,NA,NA,NA,0,0,0,0,0,0,0,0,0,0,0,0,0,0,0,0,0,0,0,0,0,0,0,0,canada,concentration,CAN,0,1,0.074,0.597,2,1,1,2,1,1,96,0,1
1903,Canadian Ore Concentration Limited,salisbury,-75.59937,38.36067,gravity,0.729572,1,4,Inf,0,NA,NA,NA,NA,NA,NA,0,0,0,0,0,0,0,0,0,0,0,0,0.9999156369208668,0.3333333333333333,1,1,0.3333333333333333,0,0,0,0,0,0,0,united states of america,concentration,USA,0,0,0.117,0.581,1,1,1,1,1,1,98,1,1
1903,Canadian Ore Concentration Limited,newfoundland,-57.66044,53.13551,gravity,0.729572,1,4,Inf,0,NA,NA,NA,NA,NA,NA,0,0,0,0,0,0,0,0,0,0,0,0,0.9999156369208668,0.3333333333333333,1,1,0.3333333333333333,0,0,0,0,0,0,0,canada,concentration,CAN,0,1,0.074,0.597,2,1,1,2,1,1,96,0,1
1908,Canadian Ore Concentration Limited,london,-0.1277583,51.50735,gravity,0.729572,1,5,Inf,0,NA,NA,NA,NA,NA,NA,0,0,0,0,0,0,0,0,0,0,0,0,2.749998351558149e-16,0.09090909090909091,1,0.6666666666666666,0.13636363636363635,0,0,0,0,0,0,0,united kingdom,concentration,GBR,1,1,0.028,0.73,2,2,2,2,2,1,98,3,1
1908,Canadian Ore Concentration Limited,canada,-106.3468,56.13037,gravity,0.729572,1,5,Inf,0,NA,NA,NA,NA,NA,NA,0,0,0,0,0,0,0,0,0,0,0,0,2.749998351558149e-16,0.09090909090909091,1,0.6666666666666666,0.13636363636363635,0,0,0,0,0,0,0,canada,concentration,CAN,0,1,0.074,0.597,2,1,1,2,1,1,96,0,1
1908,Canadian Ore Concentration Limited,hudson,-73.79096,42.25286,gravity,0.729572,1,5,Inf,0,NA,NA,NA,NA,NA,NA,0,0,0,0,0,0,0,0,0,0,0,0,2.749998351558149e-16,0.09090909090909091,1,0.6666666666666666,0.13636363636363635,0,0,0,0,0,0,0,united states of america,concentration,USA,0,0,0.117,0.581,1,1,1,1,1,1,98,1,1
1911,Canadian Ore Concentration Limited,canada,-106.346771,56.130366,gravity,0.048614489999999996,1,5,2291.8968137888996,0,NA,NA,NA,NA,NA,NA,0,0,0,0,0,0,0,0,0,0,0,0,0.4781964088662612,0.14285714285714285,2,0.35,0.44523809523809516,0.14285714285714285,0,0,0,0,0,0,canada,concentration,CAN,0,1,0.072,0.61,2,1,1,2,1,1,96,0,1
1913,Caucasus Copper Limited,russia,105.318756,61.52401,gravity,3.158364,1,5,0,0,NA,NA,NA,NA,NA,NA,0,0,0,0,0,0,0,0,0,0,0,0,0,0,0,0,0,0,0,0,0,0,0,0,russia,concentration,RUS,0,0,0.41,0.358,0,0,-1,0,0,-1,99,2,0
1914,Caucasus Copper Limited,russia,105.318756,61.52401,gravity,2.465483,1,3,0,0,NA,NA,NA,NA,NA,NA,0,0,0,0,0,0,0,0,0,0,0,0,0,0,0,0,0,0,0,0,0,0,0,0,russia,concentration,RUS,0,0,0.41,0.358,0,0,-1,0,0,-1,93,2,0
1916,Caucasus Copper Limited,russia,105.318756,61.52401,gravity,2.383222,1,3,0,0,NA,NA,NA,NA,NA,NA,0,0,0,0,0,0,0,0,0,0,0,0,0,0,0,0,0,0,0,0,0,0,0,0,russia,concentration,RUS,0,0,0.425,0.299,-1,-1,-1,-1,-1,-1,91,1,0
1908,Cebro Muriano Mineb,cardiff,-3.17909,51.48158,gravity,0.6082725,1,0,Inf,0,NA,NA,NA,NA,NA,NA,0,0,0,0,0,0,0,0,0,0,0,0,0,0,0,0,0,0,0,0,0,0,0,0,united kingdom,concentration,GBR,1,1,0.028,0.73,2,2,2,2,2,1,98,3,1
1908,Chas Butters And Limited,broken,-95.78139,36.0629,gravity,0.486618,1,5,Inf,0,NA,NA,NA,NA,NA,NA,0,0,0,0,0,0,0,0,0,0,0,0,0,0,0,0,0,0,0,0,0,0,0,0,united states of america,concentration,USA,0,0,0.117,0.581,1,1,1,1,1,1,98,1,1
1910,Chas Butters And Limited,broken,-95.78139,36.0629,gravity,0.729572,1,2,1481.1795145681417,0,NA,NA,NA,NA,NA,NA,0,0,0,0,0,0,0,0,0,0,0,0,0.36894064477825084,0.1875,3,0.34782608695652173,0.4572916666666666,0.24583333333333338,0,0,0,0,0,0,united states of america,concentration,USA,0,0,0.098,0.581,1,2,1,1,2,1,98,3,1
1911,Chas Butters And Limited,broken,-95.7813885,36.0628961,gravity,0.729572,1,5,1481.1796667188753,0,NA,NA,NA,NA,NA,NA,0,0,0,0,0,0,0,0,0,0,0,0,0.5917255301366631,0.21428571428571427,3,0.3684210526315789,0.49285714285714277,0.27472527472527475,0,0,0,0,0,0,united states of america,concentration,USA,0,0,0.098,0.581,1,2,1,1,2,1,98,3,1
1912,Chas Butters And Limited,broken,-95.7813885,36.0628961,gravity,0.486618,1,7,114.55825666735667,0,NA,NA,NA,NA,NA,NA,0,0,0,0,0,0,0,0,0,0,0,0,0,0,0,0,0,0,0,0,0,0,0,0,united states of america,concentration,USA,0,0,0.098,0.581,1,2,1,1,2,1,98,3,1
1913,Chas Butters And Limited,broken,-95.7813885,36.0628961,gravity,0.48685490000000003,1,8,114.55825666735667,0,NA,NA,NA,NA,NA,NA,0,0,0,0,0,0,0,0,0,0,0,0,0.20477132916520194,0.041666666666666664,1,0.36065573770491804,0.37291666666666645,0,0,0,0,0,0,0,united states of america,concentration,USA,0,0,0.083,0.581,1,2,1,1,2,1,98,3,1
1914,Chas Butters And Limited,broken,-95.7813885,36.0628961,gravity,0.4930966,1,1,114.55825666735667,0,NA,NA,NA,NA,NA,NA,0,0,0,0,0,0,0,0,0,0,0,0,0,0,0,0,0,0,0,0,0,0,0,0,united states of america,concentration,USA,0,0,0.079,0.581,1,2,1,1,2,1,98,3,1
1891,Colombian Quartz Mining Company,somerset,-2.9262307,51.105097,gravity,0.014282940000000001,1,22,0,0,NA,NA,NA,NA,NA,NA,0,0,0,0,0,0,0,0,0,0,0,0,0.8827822185373189,0.6,6,0.5882352941176471,0.75,0.4444444444444444,0,0,0,0,0,0,united kingdom,concentration,GBR,1,1,0.028,0.73,2,2,NA,2,2,NA,98,3,1
1909,Consolidated African Copper Trust Limited,alaska,-149.4937,64.20084,flotation,1.094886,1,5,4770.512530571085,0,NA,NA,NA,NA,NA,NA,0,0,0,0,0,0,0,0,0,0,0,0,0.9999380860478276,0.4,2,1,0.4,0.1,0,0,0,0,0,0,united states of america,concentration,USA,0,0,0.117,0.581,1,1,1,1,1,1,98,1,1
1910,Consolidated African Copper Trust Limited,alaska,-149.4937,64.20084,flotation,1.094886,1,14,0,2,NA,NA,NA,NA,NA,NA,0,0,0,0,0,0,0,0,0,0,0,0,1,0.375,6,0.47058823529411764,0.6145833333333335,0.5095238095238094,0,0,0,0,0,0,united states of america,concentration,USA,0,0,0.098,0.581,1,2,1,1,2,1,98,3,1
1921,Corocobo United Copper Mines,bolivia,-63.58865,-16.29015,flotation,2.69438,1,1,2106.0989421718136,0,NA,NA,NA,NA,NA,NA,0,0,0,0,0,0,0,0,0,0,0,0,0.28335970782840986,0.0967741935483871,3,0.34831460674157305,0.41881720430107533,0.068300051203277,0,0,0,0,0,0,bolivia,concentration,BOL,0,0,0.745,0.181,-2,-2,-3,-2,-2,-3,71,1,0
1922,Corocobo United Copper Mines,bolivia,-63.58865,-16.29015,flotation,3.100089,1,1,0,1,NA,NA,NA,NA,NA,NA,0,0,0,0,0,0,0,0,0,0,0,0,0.1578753118883372,0.075,3,0.34234234234234234,0.38208333333333355,0.0988265440053691,0,0,0,0,0,0,bolivia,concentration,BOL,0,0,0.745,0.181,-2,-2,-3,-2,-2,-3,71,1,0
1923,Corocobo United Copper Mines,bolivia,-63.58865,-16.29015,flotation,3.100089,1,9,0,0,NA,NA,NA,NA,NA,NA,0,0,0,0,0,0,0,0,0,0,0,0,0.06667486804585379,0.027777777777777776,1,0.27692307692307694,0.31249999999999983,0,0,0,0,0,0,0,bolivia,concentration,BOL,0,0,0.745,0.181,-2,-2,-3,-2,-2,-3,71,1,0
1916,Darymusu West Coast Development Company,london,-0.1277583,51.5073509,gravity,18.827455,1,2,0,0,NA,NA,NA,NA,NA,NA,0,0,0,0,0,0,0,0,0,0,0,0,0,0,0,0,0,0,0,0,0,0,0,0,united kingdom,concentration,GBR,1,1,0.031,0.73,2,2,2,2,2,2,94,3,1
1895,Day Dawn Gold Mines Limited,london,-0.1277583,51.50735,gravity,2.288218,1,35,Inf,0,NA,NA,NA,NA,NA,NA,0.41978487030432876,0.09375,3,0.4126984126984127,0.39322916666666674,0.17000288018433182,0.37050819752798436,0.09375,3,0.47058823529411764,0.5182291666666667,0.02459041659602669,1,0.75,6,0.7272727272727273,0.8541666666666666,0.5714285714285714,0,0,0,0,0,0,united kingdom,concentration,GBR,1,1,0.028,0.73,2,2,NA,2,2,NA,98,3,1
1914,Day Dawn Gold Mines Limited,london,-0.1277583,51.5073509,gravity,0.4930966,1,7,0,0,NA,NA,NA,NA,NA,NA,0.0812104268144775,0.015873015873015872,1,0.2843601895734597,0.3076719576719577,0,0.17408969739500027,0.027777777777777776,2,0.41379310344827586,0.4571759259259259,0.0013514741469788734,0.39859211535817357,0.12,3,0.36507936507936506,0.42066666666666663,0.08146464646464648,0,0,0,0,0,0,united kingdom,concentration,GBR,1,1,0.028,0.73,2,2,2,2,2,2,98,3,1
1913,Eileen Aid Annah Mining Limited,rhodesia,-97.2134822,32.8294337,flotation,0.2656042,1,8,0,0,NA,NA,NA,NA,NA,NA,0,0,0,0,0,0,0,0,0,0,0,0,0.40596158428926393,0.16666666666666666,4,0.43137254901960786,0.4722222222222224,0.15369795261099609,0,0,0,0,0,0,united states of america,concentration,USA,0,0,0.083,0.581,1,2,1,1,2,1,98,3,1
1913,Enterprise Gold Mining Estates Limited,rhodesia,-97.2134822,32.8294337,flotation,0.9861933,1,6,0,0,NA,NA,NA,NA,NA,NA,0,0,0,0,0,0,0,0,0,0,0,0,0,0,0,0,0,0,0,0,0,0,0,0,united states of america,concentration,USA,0,0,0.083,0.581,1,2,1,1,2,1,98,3,1
1914,Enterprise Gold Mining Estates Limited,rhodesia,-97.2134822,32.8294337,flotation,0.9861933,1,6,0,0,NA,NA,NA,NA,NA,NA,0,0,0,0,0,0,0,0,0,0,0,0,0,0,0,0,0,0,0,0,0,0,0,0,united states of america,concentration,USA,0,0,0.079,0.581,1,2,1,1,2,1,98,3,1
1916,Enterprise Gold Mining Estates Limited,rhodesia,-97.2134822,32.8294337,flotation,0.9861933,1,2,0,0,NA,NA,NA,NA,NA,NA,0,0,0,0,0,0,0,0,0,0,0,0,0.5166759843792823,0.1,3,0.35294117647058826,0.4205555555555556,0.005116962145359712,0,0,0,0,0,0,united states of america,concentration,USA,0,0,0.07,0.581,1,2,1,1,2,1,98,3,1
1917,Enterprise Gold Mining Estates Limited,rhodesia,-97.2134822,32.8294337,flotation,0.9861933,1,2,0,2,NA,NA,NA,NA,NA,NA,0,0,0,0,0,0,0,0,0,0,0,0,0.552016932679521,0.14285714285714285,3,0.45,0.44841269841269843,0.028628844700273264,0,0,0,0,0,0,united states of america,concentration,USA,0,0,0.07,0.581,1,2,1,1,2,1,98,3,1
1919,Enterprise Gold Mining Estates Limited,rhodesia,-97.2134822,32.8294337,flotation,0.9861933,1,3,0,2,NA,NA,NA,NA,NA,NA,0,0,0,0,0,0,0,0,0,0,0,0,0.4040529119942173,0.1282051282051282,5,0.4148936170212766,0.48717948717948706,0.16945594720735419,0,0.09090909090909091,2,1,0.09090909090909091,0.004329004329004329,united states of america,concentration,USA,0,0,0.07,0.581,1,2,1,1,2,1,98,3,1
1920,Enterprise Gold Mining Estates Limited,rhodesia,-97.21348,32.82943,flotation,0.9861933,1,3,4.5913793676987665e-4,0,NA,NA,NA,NA,NA,NA,0,0,0,0,0,0,0,0,0,0,0,0,0,0,0,0,0,0,0,0,0,0,0,0,united states of america,concentration,USA,0,0,0.078,0.581,1,2,1,1,2,1,98,3,1
1911,Era Mining Properties Development Syndicate,london,-0.1277583,51.5073509,flotation,0.7292173000000001,1,5,5871.576582717342,0,NA,NA,NA,NA,NA,NA,0,0,0,0,0,0,0,0,0,0,0,0,0,0,0,0,0,0,0,0,0,0,0,0,united kingdom,concentration,GBR,1,1,0.028,0.73,2,2,2,2,2,2,98,3,1
1919,Fernhill Collieries Limited,transvaal,-81.1830974,43.2325617,flotation,4.426737,1,9,2.8333329557698393e-4,3,NA,NA,NA,NA,NA,NA,0,0,0,0,0,0,0.09070841068039699,0.015384615384615385,1,0.34946236559139787,0.39615384615384613,0,0.1829833784128176,0.02564102564102564,1,0.30952380952380953,0.35811965811965807,0,8.541438346048306e-17,0.18181818181818182,4,1,0.09090909090909091,0.004329004329004329,canada,concentration,CAN,0,1,0.067,0.631,2,2,1,2,2,1,98,0,1
1922,Ferrelra Delp Limited,transvaal,-81.1831,43.23256,flotation,5.465345,1,10,0,5,NA,NA,NA,NA,NA,NA,0.22177456628148326,0.02564102564102564,1,0.31896551724137934,0.3572649572649573,0,0.3232295753231982,0.06521739130434782,3,0.5,0.5235507246376812,0.01630388914682605,0.5401277799762773,0.1,4,0.4175824175824176,0.45208333333333334,0.027045118560044355,0,0.3125,10,0.6428571428571429,0.21354166666666666,0.05241935483870968,canada,concentration,CAN,0,1,0.07,0.631,2,1,1,2,2,1,98,0,1
1923,Fraser Chalmers Engineering Work The,london,-0.1277583,51.50735,gravity,4.574565,1,10,0,0,NA,NA,NA,NA,NA,NA,0.24712713680502343,0.06521739130434782,3,0.39814814814814814,0.4282608695652173,0.25371662674731726,0.43936106914507816,0.1,4,0.5263157894736842,0.55,0.017223966084825813,0.7430247315106366,0.19444444444444445,7,0.45,0.534722222222222,0.059572395692589056,0,0,0,0,0,0,united kingdom,concentration,GBR,1,1,0.027,0.73,2,2,1,2,2,1,89,3,1
1908,Geduld Deep Limited,transvaal,-81.1831,43.23256,flotation,1.946472,1,18,Inf,0,NA,NA,NA,NA,NA,NA,0,0,0,0,0,0,0,0,0,0,0,0,0,0,0,0,0,0,0,0,0,0,0,0,canada,concentration,CAN,0,1,0.074,0.597,2,1,1,2,1,1,96,0,1
1920,Hearreira Delvelopment Oil,transvaal,-81.1831,43.23256,flotation,0.5646426999999999,1,7,0,4,NA,NA,NA,NA,NA,NA,0,0,0,0,0,0,0.10587932409349127,0.01639344262295082,1,0.3630952380952381,0.40983606557377045,0,0.14231537733031766,0.027777777777777776,1,0.35294117647058826,0.388888888888889,0,0,0.2692307692307692,7,0.8,0.13461538461538464,0.007384615384615385,canada,concentration,CAN,0,1,0.067,0.631,2,1,1,2,2,1,98,0,1
1917,Hollinger Ibre Gold Mines Limited,porcupine,-111.7909417,40.6189514,gravity,3,1,5,731.7743494284382,0,NA,NA,NA,NA,NA,NA,0,0,0,0,0,0,0,0,0,0,0,0,0,0,0,0,0,0,0,0,0,0,0,0,united states of america,concentration,USA,0,0,0.07,0.581,1,2,1,1,2,1,98,3,1
1923,Hollinger Ibre Gold Mines Limited,ontario,-85.32321,51.25377,gravity,3,1,1,944.8492036638747,0,NA,NA,NA,NA,NA,NA,0,0,0,0,0,0,0,0,0,0,0,0,0,0,0,0,0,0,0,0,0,0,0,0,canada,concentration,CAN,0,1,0.07,0.631,2,1,1,2,2,1,98,0,1
1913,Ida Gold Mining Company,western,-95.7127622,37.0937489,gravity,0.3441577,1,4,0,0,NA,NA,NA,NA,NA,NA,0,0,0,0,0,0,0,0,0,0,0,0,0,0,0,0,0,0,0,0,0,0,0,0,united states of america,concentration,USA,0,0,0.083,0.581,1,2,1,1,2,1,98,3,1
1914,Ida Gold Mining Company,western,-95.7127622,37.0937489,gravity,0.3480769,1,4,0,0,NA,NA,NA,NA,NA,NA,0,0,0,0,0,0,0,0,0,0,0,0,0,0,0,0,0,0,0,0,0,0,0,0,united states of america,concentration,USA,0,0,0.079,0.581,1,2,1,1,2,1,98,3,1
1915,Ida Gold Mining Company,western,-95.7127622,37.0937489,gravity,0.3480769,1,5,0,0,NA,NA,NA,NA,NA,NA,0,0,0,0,0,0,0,0,0,0,0,0,0.21115092839417196,0.037037037037037035,1,0.352112676056338,0.365432098765432,0,0,0,0,0,0,0,united states of america,concentration,USA,0,0,0.07,0.581,1,2,1,1,2,1,98,3,1
1916,Ida Gold Mining Company,western,-95.7127622,37.0937489,gravity,0.3480769,1,1,0,0,NA,NA,NA,NA,NA,NA,0,0,0,0,0,0,0,0,0,0,0,0,0,0,0,0,0,0,0,0,0,0,0,0,united states of america,concentration,USA,0,0,0.07,0.581,1,2,1,1,2,1,98,3,1
1917,Ida Gold Mining Company,western,-95.7127622,37.0937489,gravity,0.336303,1,1,0,0,NA,NA,NA,NA,NA,NA,0,0,0,0,0,0,0,0,0,0,0,0,0,0,0,0,0,0,0,0,0,0,0,0,united states of america,concentration,USA,0,0,0.07,0.581,1,2,1,1,2,1,98,3,1
1919,Ida Gold Mining Company,western,-95.7127622,37.0937489,gravity,0.354139,1,7,0,0,NA,NA,NA,NA,NA,NA,0,0,0,0,0,0,0,0,0,0,0,0,0.013997548786215668,0.02564102564102564,1,0.23214285714285715,0.2598290598290597,0,0,0,0,0,0,0,united states of america,concentration,USA,0,0,0.07,0.581,1,2,1,1,2,1,98,3,1
1920,Ida Gold Mining Company,western,-95.71276,37.09375,gravity,0.354139,1,3,2.3055664769700538e-4,0,NA,NA,NA,NA,NA,NA,0,0,0,0,0,0,0,0,0,0,0,0,0,0,0,0,0,0,0,0,0,0,0,0,united states of america,concentration,USA,0,0,0.078,0.581,1,2,1,1,2,1,98,3,1
1916,Inspiration Consolidated Copper Company,arizona,-111.0937311,34.0489281,flotation,0.79594,1,1,1296.74406884454,0,NA,NA,NA,NA,NA,NA,0,0,0,0,0,0,0,0,0,0,0,0,0.5106994457284519,0.1,3,0.35294117647058826,0.4205555555555556,0.004843538251246162,0,0,0,0,0,0,united states of america,concentration,USA,0,0,0.07,0.581,1,2,1,1,2,1,98,3,1
1917,Inspiration Consolidated Copper Company,arizona,-111.0937311,34.0489281,flotation,0.79594,0,1,0,0,NA,NA,NA,NA,NA,NA,0,0,0,0,0,0,0,0,0,0,0,0,0,0,0,0,0,0,0,0,0,0,0,0,united states of america,concentration,USA,0,0,0.07,0.581,1,2,1,1,2,1,98,3,1
1919,Inspiration Consolidated Copper Company,arizona,-111.0937311,34.0489281,flotation,0.79594,1,1,0,0,NA,NA,NA,NA,NA,NA,0,0,0,0,0,0,0,0,0,0,0,0,0,0,0,0,0,0,0,0,0,0,0,0,united states of america,concentration,USA,0,0,0.07,0.581,1,2,1,1,2,1,98,3,1
1920,Inspiration Consolidated Copper Company,arizona,-111.0937,34.04893,flotation,0.79594,1,1,0.0028792421835747532,0,NA,NA,NA,NA,NA,NA,0,0,0,0,0,0,0,0,0,0,0,0,0,0,0,0,0,0,0,0,0,0,0,0,united states of america,concentration,USA,0,0,0.078,0.581,1,2,1,1,2,1,98,3,1
1922,Inspiration Consolidated Copper Company,arizona,-111.0937,34.04893,flotation,0.79594,0,10,0,3,NA,NA,NA,NA,NA,NA,0,0,0,0,0,0,0,0,0,0,0,0,0.6829300030806527,0.15,6,0.4578313253012048,0.49791666666666634,0.07324264745958871,0,0.09375,3,0.45,0.15104166666666666,0.016129032258064516,united states of america,concentration,USA,0,0,0.094,0.581,1,2,1,1,2,1,98,3,1
1923,Inspiration Consolidated Copper Company,arizona,-111.0937,34.04893,flotation,0.79594,0,14,0,10,NA,NA,NA,NA,NA,NA,0,0,0,0,0,0,0,0,0,0,0,0,0.7711732383944865,0.19444444444444445,7,0.46153846153846156,0.5416666666666663,0.06466497309784272,0,0.09302325581395349,4,1,0.06976744186046512,0.0033222591362126247,united states of america,concentration,USA,0,0,0.096,0.581,1,2,1,1,2,1,98,3,1
1917,Irtysh Corporation Limited,london,-0.1277583,51.5073509,gravity,4.573606,1,7,0,0,NA,NA,NA,NA,NA,NA,0,0,0,0,0,0,0,0,0,0,0,0,0,0,0,0,0,0,0,0,0,0,0,0,united kingdom,concentration,GBR,1,1,0.028,0.73,2,2,2,2,2,2,94,3,1
1921,Jumbo Gold Mining Company,broken,-95.78139,36.0629,flotation,1.099304,1,2,0,1,NA,NA,NA,NA,NA,NA,0,0,0,0,0,0,0,0,0,0,0,0,0,0,0,0,0,0,0.10514471391812036,0.08823529411764706,3,0.56,0.25,0.044563279857397504,united states of america,concentration,USA,0,0,0.095,0.581,1,2,1,1,2,1,98,3,1
1923,Jumbo Gold Mining Company,broken,-95.78139,36.0629,flotation,1.37237,1,3,0,0,NA,NA,NA,NA,NA,NA,0,0,0,0,0,0,0,0,0,0,0,0,0,0,0,0,0,0,0.14903075952226924,0.046511627906976744,2,0.43478260869565216,0.2306201550387597,0,united states of america,concentration,USA,0,0,0.096,0.581,1,2,1,1,2,1,98,3,1
1914,Junction North Broken Hill Mine,wales,-3.7837117,52.1306607,flotation,1.232742,1,5,261.427925839659,0,NA,NA,NA,NA,NA,NA,0,0,0,0,0,0,0,0,0,0,0,0,0.1638454119910866,0.04,1,0.2911392405063291,0.3263809523809523,0,0,0,0,0,0,0,united kingdom,concentration,GBR,1,1,0.028,0.73,2,2,2,2,2,2,98,3,1
1919,Junction North Broken Hill Mine,broken,-95.7813885,36.0628961,flotation,1.660027,1,9,0,0,NA,NA,NA,NA,NA,NA,0,0,0,0,0,0,0,0,0,0,0,0,0,0,0,0,0,0,0,0,0,0,0,0,united states of america,concentration,USA,0,0,0.07,0.581,1,2,1,1,2,1,98,3,1
1913,Lahat Mines Limited,sydney,151.2092955,-33.8688197,gravity,0.5842259000000001,1,5,11354.392648004537,0,NA,NA,NA,NA,NA,NA,0,0,0,0,0,0,0,0,0,0,0,0,0,0,0,0,0,0,0,0,0,0,0,0,australia,concentration,AUS,0,1,0.041,0.659,2,3,2,2,3,2,99,2,1
1923,Laurels Colliery Limited,canada,-106.3468,56.13037,flotation,0.4071363,1,6,0.0018574801544032008,0,NA,NA,NA,NA,NA,NA,0,0,0,0,0,0,0,0,0,0,0,0,0.41668461840833965,0.08333333333333333,3,0.375,0.43287037037037057,0.003938114967526733,0,0,0,0,0,0,canada,concentration,CAN,0,1,0.07,0.631,2,1,1,2,2,1,98,0,1
1920,Libiola Copper Mining Company,london,-0.1277583,51.50735,flotation,1.242604,1,9,0,0,NA,NA,NA,NA,NA,NA,0,0,0,0,0,0,0,0,0,0,0,0,0.016454641244938534,0.027777777777777776,1,0.2571428571428571,0.2842592592592591,0,0,0,0,0,0,0,united kingdom,concentration,GBR,1,1,0.028,0.73,2,2,1,2,2,1,89,3,1
1913,Lloyd Copper Company,western,-95.7127622,37.0937489,flotation,1.380671,1,5,0,0,NA,NA,NA,NA,NA,NA,0,0,0,0,0,0,0,0,0,0,0,0,0.6585306741966872,0.16666666666666666,4,0.4489795918367347,0.48263888888888906,0.04125019505454288,0,0,0,0,0,0,united states of america,concentration,USA,0,0,0.083,0.581,1,2,1,1,2,1,98,3,1
1914,Lloyd Copper Company,refinery at lithgow total area acres,150.1570173,-33.4827345,flotation,1.380671,1,8,1828.7942838045738,4,NA,NA,NA,NA,NA,NA,0,0,0,0,0,0,0,0,0,0,0,0,0.6820220245232906,0.16,4,0.4339622641509434,0.47800000000000015,0.09830984211866564,0,0.1,1,1,0.1,0,australia,concentration,AUS,0,1,0.041,0.659,2,3,2,2,3,2,99,2,1
1919,Mebsina Transvaal Development,transvaal,-81.1830974,43.2325617,gravity,0.48694109999999996,1,1,2.8333329557698393e-4,0,NA,NA,NA,NA,NA,NA,0,0,0,0,0,0,0,0,0,0,0,0,0,0,0,0,0,0,0,0,0,0,0,0,canada,concentration,CAN,0,1,0.067,0.631,2,2,1,2,2,1,98,0,1
1920,Mebsina Transvaal Development,transvaal,-81.1831,43.23256,gravity,0.4030781,0,1,0,0,NA,NA,NA,NA,NA,NA,0,0,0,0,0,0,0,0,0,0,0,0,0,0,0,0,0,0,0,0,0,0,0,0,canada,concentration,CAN,0,1,0.067,0.631,2,1,1,2,2,1,98,0,1
1908,Medina Gold Mines Limited,norway,8.468946,60.47202,gravity,0.00486618,1,8,Inf,0,NA,NA,NA,NA,NA,NA,0,0,0,0,0,0,0,0,0,0,0,0,2.1591719103060662e-16,0.09090909090909091,1,0.6666666666666666,0.13636363636363635,0,0,0,0,0,0,0,norway,concentration,NOR,0,0,0.025,0.822,2,3,2,2,3,2,100,1,1
1911,Melk Alenj Ite,norway,8.468946,60.472024,gravity,0.02430724,1,1,5939.367079409746,0,NA,NA,NA,NA,NA,NA,0,0,0,0,0,0,0,0,0,0,0,0,0,0,0,0,0,0,0,0,0,0,0,0,norway,concentration,NOR,0,0,0.025,0.822,2,3,2,2,3,2,100,1,1
1908,Messina Transvaal Development Limited,transvaal,-81.1831,43.23256,gravity,0.5360624,1,13,Inf,0,NA,NA,NA,NA,NA,NA,0.16508074760008837,0.014084507042253521,1,0.29957805907172996,0.35023474178403763,0,0,0,0,0,0,0,7.89744994432621e-17,0.09090909090909091,1,1,0.09090909090909091,0,0,0,0,0,0,0,canada,concentration,CAN,0,1,0.074,0.597,2,1,1,2,1,1,96,0,1
1909,Messina Transvaal Development Limited,transvaal,-81.1831,43.23256,gravity,0.5360624,1,4,0,0,NA,NA,NA,NA,NA,NA,0,0,0,0,0,0,0,0,0,0,0,0,0.7071067811865475,0.2,1,0.6666666666666666,0.30000000000000004,0,0,0,0,0,0,0,canada,concentration,CAN,0,1,0.074,0.597,2,1,1,2,1,1,96,0,1
1913,Messina Transvaal Development Limited,transvaal,-81.1830974,43.2325617,gravity,0.5360624,1,9,2.8333329557698393e-4,0,NA,NA,NA,NA,NA,NA,0,0,0,0,0,0,0,0,0,0,0,0,0.49483615827268146,0.16666666666666666,4,0.4489795918367347,0.48263888888888906,0.12467627983932329,0,0,0,0,0,0,canada,concentration,CAN,0,1,0.072,0.61,2,1,1,2,1,1,96,0,1
1914,Messina Transvaal Development Limited,transvaal,-81.1830974,43.2325617,gravity,0.5360624,1,6,2.8333329557698393e-4,0,NA,NA,NA,NA,NA,NA,0,0,0,0,0,0,0,0,0,0,0,0,0.11560409791059201,0.08,2,0.30666666666666664,0.34399999999999986,0.03333333333333333,0,0,0,0,0,0,canada,concentration,CAN,0,1,0.067,0.61,2,1,1,2,1,1,96,0,1
1915,Messina Transvaal Development Limited,transvaal,-81.1830974,43.2325617,gravity,0.5233111,1,9,2.8333329557698393e-4,0,NA,NA,NA,NA,NA,NA,0,0,0,0,0,0,0,0,0,0,0,0,0.44911730173967734,0.14814814814814814,4,0.423728813559322,0.46296296296296313,0.13954933954933957,0,0,0,0,0,0,canada,concentration,CAN,0,1,0.067,0.61,2,2,1,2,2,1,98,0,1
1916,Messina Transvaal Development Limited,transvaal,-81.1830974,43.2325617,gravity,0.5243089000000001,1,6,2.8333329557698393e-4,0,NA,NA,NA,NA,NA,NA,0,0,0,0,0,0,0,0,0,0,0,0,0.04719523667746307,0.06666666666666667,2,0.2803738317757009,0.33222222222222203,0.013879310344827582,0,0,0,0,0,0,canada,concentration,CAN,0,1,0.067,0.61,2,2,1,2,2,1,98,0,1
1917,Messina Transvaal Development Limited,transvaal,-81.1830974,43.2325617,gravity,0.5243089000000001,1,9,2.8333329557698393e-4,0,NA,NA,NA,NA,NA,NA,0,0,0,0,0,0,0,0,0,0,0,0,1.107887068439135e-16,0.09523809523809523,2,1,0.09523809523809523,0.004761904761904762,0,0,0,0,0,0,canada,concentration,CAN,0,1,0.067,0.61,2,2,1,2,2,1,98,0,1
1921,Messina Transvaal Development Limited,transvaal,-81.1831,43.23256,gravity,0.42340259999999996,1,6,0,0,NA,NA,NA,NA,NA,NA,0,0,0,0,0,0,0,0,0,0,0,0,0.03195262412268683,0.06451612903225806,2,0.248,0.30430107526881706,0.007098391139138168,0,0,0,0,0,0,canada,concentration,CAN,0,1,0.067,0.631,2,1,1,2,2,1,98,0,1
1922,Messina Transvaal Development Limited,transvaal,-81.1831,43.23256,gravity,0.4871568,1,7,0,0,NA,NA,NA,NA,NA,NA,0,0,0,0,0,0,0,0,0,0,0,0,0.14072874435751961,0.075,3,0.336283185840708,0.37583333333333346,0.09358974358974359,0,0,0,0,0,0,canada,concentration,CAN,0,1,0.07,0.631,2,1,1,2,2,1,98,0,1
1923,Messina Transvaal Development Limited,transvaal,-81.1831,43.23256,gravity,0.5032022,1,4,0,0,NA,NA,NA,NA,NA,NA,0,0,0,0,0,0,0,0,0,0,0,0,0.20373409812650062,0.1111111111111111,4,0.4,0.46527777777777796,0.16674049833202148,0,0,0,0,0,0,canada,concentration,CAN,0,1,0.07,0.631,2,1,1,2,2,1,98,0,1
1908,Mineral Properties Syndicate Limited,broken,-95.78139,36.0629,gravity,0.0729927,1,2,Inf,0,NA,NA,NA,NA,NA,NA,0,0,0,0,0,0,0,0,0,0,0,0,0,0,0,0,0,0,0,0,0,0,0,0,united states of america,concentration,USA,0,0,0.117,0.581,1,1,1,1,1,1,98,1,1
1920,Mineral Securities Limited,australia,133.7751,-25.2744,gravity,1.832173,1,0,0,0,NA,NA,NA,NA,NA,NA,0,0,0,0,0,0,0,0,0,0,0,0,0,0,0,0,0,0,0,0,0,0,0,0,australia,concentration,AUS,0,1,0.041,0.659,2,3,3,2,3,3,99,3,1
1920,Mineral Securities Limited,london,-0.1277583,51.50735,flotation,1.832173,1,0,0,0,NA,NA,NA,NA,NA,NA,0,0,0,0,0,0,0,0,0,0,0,0,0,0,0,0,0,0,0,0,0,0,0,0,united kingdom,concentration,GBR,1,1,0.028,0.73,2,2,1,2,2,1,89,3,1
1909,Minerals Separation American Syndicate Limited,broken,-95.78139,36.0629,gravity,0.07309942,1,4,1481.1795145681417,0,NA,NA,NA,NA,NA,NA,0,0,0,0,0,0,0,0,0,0,0,0,0,0,0,0,0,0,0,0,0,0,0,0,united states of america,concentration,USA,0,0,0.117,0.581,1,1,1,1,1,1,98,1,1
1911,Minerals Separation American Syndicate Limited,broken,-95.7813885,36.0628961,gravity,0.07292172999999999,1,2,1481.1796667188753,0,NA,NA,NA,NA,NA,NA,0,0,0,0,0,0,0,0,0,0,0,0,0,0,0,0,0,0,0,0,0,0,0,0,united states of america,concentration,USA,0,0,0.098,0.581,1,2,1,1,2,1,98,3,1
1912,Minerals Separation American Syndicate Limited,broken,-95.7813885,36.0628961,gravity,0.07292172999999999,1,2,114.55825666735667,0,NA,NA,NA,NA,NA,NA,0,0,0,0,0,0,0,0,0,0,0,0,0,0,0,0,0,0,0,0,0,0,0,0,united states of america,concentration,USA,0,0,0.098,0.581,1,2,1,1,2,1,98,3,1
1913,Minerals Separation American Syndicate Limited,australia,133.775136,-25.274398,gravity,0.07302824000000001,1,11,9954.561274653646,0,NA,NA,NA,NA,NA,NA,0,0,0,0,0,0,0,0,0,0,0,0,0,0,0,0,0,0,0,0,0,0,0,0,australia,concentration,AUS,0,1,0.041,0.659,2,3,2,2,3,2,99,2,1
1913,Minerals Separation American Syndicate Limited,australia,133.775136,-25.274398,flotation,0.07302824000000001,1,11,9954.561274653646,0,NA,NA,NA,NA,NA,NA,0,0,0,0,0,0,0,0,0,0,0,0,0,0,0,0,0,0,0,0,0,0,0,0,australia,concentration,AUS,0,1,0.041,0.659,2,3,2,2,3,2,99,2,1
1914,Minerals Separation American Syndicate Limited,australia,133.775136,-25.274398,gravity,0.0739645,1,15,0,2,NA,NA,NA,NA,NA,NA,0,0,0,0,0,0,0,0,0,0,0,0,0.46439202117904493,0.12,3,0.36507936507936506,0.4159999999999999,0.06702669552669555,0,0.2,2,1,0.1,0,australia,concentration,AUS,0,1,0.041,0.659,2,3,2,2,3,2,99,2,1
1914,Minerals Separation American Syndicate Limited,australia,133.775136,-25.274398,flotation,0.0739645,1,15,0,2,NA,NA,NA,NA,NA,NA,0,0,0,0,0,0,0,0,0,0,0,0,0.46439202117904493,0.12,3,0.36507936507936506,0.4159999999999999,0.06702669552669555,0,0.2,2,1,0.1,0,australia,concentration,AUS,0,1,0.041,0.659,2,3,2,2,3,2,99,2,1
1914,Minerals Separation American Syndicate Limited,london,-0.1277583,51.5073509,flotation,0.0739645,1,15,0,2,NA,NA,NA,NA,NA,NA,0,0,0,0,0,0,0,0,0,0,0,0,0.46439202117904493,0.12,3,0.36507936507936506,0.4159999999999999,0.06702669552669555,0,0.2,2,1,0.1,0,united kingdom,concentration,GBR,1,1,0.028,0.73,2,2,2,2,2,2,98,3,1
1916,Minerals Separation American Syndicate Limited,australia,133.775136,-25.274398,gravity,0.07149666,1,5,0,2,NA,NA,NA,NA,NA,NA,0,0,0,0,0,0,0,0,0,0,0,0,0,0,0,0,0,0,0,0,0,0,0,0,australia,concentration,AUS,0,1,0.041,0.659,2,3,3,2,3,3,99,3,1
1916,Minerals Separation American Syndicate Limited,australia,133.775136,-25.274398,flotation,0.07149666,1,5,0,2,NA,NA,NA,NA,NA,NA,0,0,0,0,0,0,0,0,0,0,0,0,0,0,0,0,0,0,0,0,0,0,0,0,australia,concentration,AUS,0,1,0.041,0.659,2,3,3,2,3,3,99,3,1
1916,Minerals Separation American Syndicate Limited,london,-0.1277583,51.5073509,flotation,0.07149666,1,5,0,2,NA,NA,NA,NA,NA,NA,0,0,0,0,0,0,0,0,0,0,0,0,0,0,0,0,0,0,0,0,0,0,0,0,united kingdom,concentration,GBR,1,1,0.031,0.73,2,2,2,2,2,2,94,3,1
1917,Minerals Separation American Syndicate Limited,australia,133.7751,-25.2744,gravity,0.0714626,1,3,0.0036328525346458664,1,NA,NA,NA,NA,NA,NA,0,0,0,0,0,0,0,0,0,0,0,0,0.24451206964278516,0.047619047619047616,1,0.375,0.361111111111111,0,0.44948974278317855,0.3333333333333333,2,1,0.3333333333333333,0,australia,concentration,AUS,0,1,0.041,0.659,2,3,3,2,3,3,99,3,1
1917,Minerals Separation American Syndicate Limited,australia,133.7751,-25.2744,flotation,0.0714626,1,3,0.0036328525346458664,1,NA,NA,NA,NA,NA,NA,0,0,0,0,0,0,0,0,0,0,0,0,0.24451206964278516,0.047619047619047616,1,0.375,0.361111111111111,0,0.44948974278317855,0.3333333333333333,2,1,0.3333333333333333,0,australia,concentration,AUS,0,1,0.041,0.659,2,3,3,2,3,3,99,3,1
1917,Minerals Separation American Syndicate Limited,london,-0.1277583,51.50735,flotation,0.0714626,1,3,1.0013217677085525e-4,1,NA,NA,NA,NA,NA,NA,0,0,0,0,0,0,0,0,0,0,0,0,0.24451206964278516,0.047619047619047616,1,0.375,0.361111111111111,0,0.44948974278317855,0.3333333333333333,2,1,0.3333333333333333,0,united kingdom,concentration,GBR,1,1,0.028,0.73,2,2,2,2,2,2,94,3,1
1919,Minerals Separation American Syndicate Limited,australia,133.775136,-25.274398,gravity,0.06640106,1,13,0,5,NA,NA,NA,NA,NA,NA,0,0,0,0,0,0,0,0,0,0,0,0,0.15371900800043467,0.02564102564102564,1,0.291044776119403,0.3354700854700853,0,1,0.36363636363636365,8,0.5714285714285714,0.38636363636363635,0.08658008658008658,australia,concentration,AUS,0,1,0.041,0.659,2,3,3,2,3,3,99,3,1
1919,Minerals Separation American Syndicate Limited,australia,133.775136,-25.274398,flotation,0.06640106,1,13,0,5,NA,NA,NA,NA,NA,NA,0,0,0,0,0,0,0,0,0,0,0,0,0.15371900800043467,0.02564102564102564,1,0.291044776119403,0.3354700854700853,0,1,0.36363636363636365,8,0.5714285714285714,0.38636363636363635,0.08658008658008658,australia,concentration,AUS,0,1,0.041,0.659,2,3,3,2,3,3,99,3,1
1919,Minerals Separation American Syndicate Limited,london,-0.1277583,51.5073509,flotation,0.06640106,1,13,0,5,NA,NA,NA,NA,NA,NA,0,0,0,0,0,0,0,0,0,0,0,0,0.15371900800043467,0.02564102564102564,1,0.291044776119403,0.3354700854700853,0,1,0.36363636363636365,8,0.5714285714285714,0.38636363636363635,0.08658008658008658,united kingdom,concentration,GBR,1,1,0.028,0.73,2,2,1,2,2,1,89,3,1
1919,Minerals Separation American Syndicate Limited,maryland,-76.6412712,39.0457549,flotation,0.06640106,1,13,118.31108410075878,5,NA,NA,NA,NA,NA,NA,0,0,0,0,0,0,0,0,0,0,0,0,0.15371900800043467,0.02564102564102564,1,0.291044776119403,0.3354700854700853,0,1,0.36363636363636365,8,0.5714285714285714,0.38636363636363635,0.08658008658008658,united states of america,concentration,USA,0,0,0.07,0.581,1,2,1,1,2,1,98,3,1
1920,Minerals Separation American Syndicate Limited,australia,133.7751,-25.2744,flotation,0.06640106,1,13,0,0,NA,NA,NA,NA,NA,NA,0,0,0,0,0,0,0,0,0,0,0,0,0,0,0,0,0,0,0.5590210372922594,0.2692307692307692,7,0.53125,0.3910256410256411,0.04923076923076923,australia,concentration,AUS,0,1,0.041,0.659,2,3,3,2,3,3,99,3,1
1920,Minerals Separation American Syndicate Limited,maryland,-76.64127,39.04575,flotation,0.06640106,1,13,5.53810815761688e-4,0,NA,NA,NA,NA,NA,NA,0,0,0,0,0,0,0,0,0,0,0,0,0,0,0,0,0,0,0.5590210372922594,0.2692307692307692,7,0.53125,0.3910256410256411,0.04923076923076923,united states of america,concentration,USA,0,0,0.078,0.581,1,2,1,1,2,1,98,3,1
1921,Minerals Separation American Syndicate Limited,australia,133.7751,-25.2744,gravity,0.05773672,1,19,0,10,NA,NA,NA,NA,NA,NA,0,0,0,0,0,0,0,0,0,0,0,0,0.8579141558348062,0.22580645161290322,7,0.47692307692307695,0.5618279569892473,0.19157508372279167,0.906984121595866,0.4117647058823529,14,0.5833333333333334,0.2843137254901961,0.008517952635599695,australia,concentration,AUS,0,1,0.041,0.659,2,3,3,2,3,3,99,3,1
1921,Minerals Separation American Syndicate Limited,australia,133.7751,-25.2744,flotation,0.05773672,1,19,0,10,NA,NA,NA,NA,NA,NA,0,0,0,0,0,0,0,0,0,0,0,0,0.8579141558348062,0.22580645161290322,7,0.47692307692307695,0.5618279569892473,0.19157508372279167,0.906984121595866,0.4117647058823529,14,0.5833333333333334,0.2843137254901961,0.008517952635599695,australia,concentration,AUS,0,1,0.041,0.659,2,3,3,2,3,3,99,3,1
1921,Minerals Separation American Syndicate Limited,london,-0.1277583,51.50735,flotation,0.05773672,1,19,0,10,NA,NA,NA,NA,NA,NA,0,0,0,0,0,0,0,0,0,0,0,0,0.8579141558348062,0.22580645161290322,7,0.47692307692307695,0.5618279569892473,0.19157508372279167,0.906984121595866,0.4117647058823529,14,0.5833333333333334,0.2843137254901961,0.008517952635599695,united kingdom,concentration,GBR,1,1,0.028,0.73,2,2,1,2,2,1,89,3,1
1922,Minerals Separation American Syndicate Limited,australia,133.7751,-25.2744,gravity,0.06643047,1,8,0,3,NA,NA,NA,NA,NA,NA,0,0,0,0,0,0,0,0,0,0,0,0,0.18408084258664856,0.05,2,0.31932773109243695,0.35958333333333337,0.011108472137883907,0.36458040817523624,0.09375,3,0.45454545454545453,0.23177083333333331,0,australia,concentration,AUS,0,1,0.041,0.659,2,3,3,2,3,3,99,3,1
1922,Minerals Separation American Syndicate Limited,australia,133.7751,-25.2744,flotation,0.06643047,1,8,0,3,NA,NA,NA,NA,NA,NA,0,0,0,0,0,0,0,0,0,0,0,0,0.18408084258664856,0.05,2,0.31932773109243695,0.35958333333333337,0.011108472137883907,0.36458040817523624,0.09375,3,0.45454545454545453,0.23177083333333331,0,australia,concentration,AUS,0,1,0.041,0.659,2,3,3,2,3,3,99,3,1
1922,Minerals Separation American Syndicate Limited,london,-0.1277583,51.50735,flotation,0.06643047,1,8,0,3,NA,NA,NA,NA,NA,NA,0,0,0,0,0,0,0,0,0,0,0,0,0.18408084258664856,0.05,2,0.31932773109243695,0.35958333333333337,0.011108472137883907,0.36458040817523624,0.09375,3,0.45454545454545453,0.23177083333333331,0,united kingdom,concentration,GBR,1,1,0.027,0.73,2,2,1,2,2,1,89,3,1
1922,Minerals Separation American Syndicate Limited,maryland,-76.64127,39.04575,flotation,0.06643047,1,8,0,3,NA,NA,NA,NA,NA,NA,0,0,0,0,0,0,0,0,0,0,0,0,0.18408084258664856,0.05,2,0.31932773109243695,0.35958333333333337,0.011108472137883907,0.36458040817523624,0.09375,3,0.45454545454545453,0.23177083333333331,0,united states of america,concentration,USA,0,0,0.094,0.581,1,2,1,1,2,1,98,3,1
1923,Minerals Separation American Syndicate Limited,australia,133.7751,-25.2744,gravity,0.06861848,1,17,0,13,NA,NA,NA,NA,NA,NA,0,0,0,0,0,0,0,0,0,0,0,0,0.6981791523352286,0.19444444444444445,7,0.45,0.534722222222222,0.06686564038963731,0.27165964832671163,0.06976744186046512,3,0.425531914893617,0.22674418604651167,0,australia,concentration,AUS,0,1,0.041,0.659,2,3,3,2,3,3,99,3,1
1923,Minerals Separation American Syndicate Limited,australia,133.7751,-25.2744,flotation,0.06861848,1,17,0,13,NA,NA,NA,NA,NA,NA,0,0,0,0,0,0,0,0,0,0,0,0,0.6981791523352286,0.19444444444444445,7,0.45,0.534722222222222,0.06686564038963731,0.27165964832671163,0.06976744186046512,3,0.425531914893617,0.22674418604651167,0,australia,concentration,AUS,0,1,0.041,0.659,2,3,3,2,3,3,99,3,1
1923,Minerals Separation American Syndicate Limited,london,-0.1277583,51.50735,flotation,0.06861848,1,17,0,13,NA,NA,NA,NA,NA,NA,0,0,0,0,0,0,0,0,0,0,0,0,0.6981791523352286,0.19444444444444445,7,0.45,0.534722222222222,0.06686564038963731,0.27165964832671163,0.06976744186046512,3,0.425531914893617,0.22674418604651167,0,united kingdom,concentration,GBR,1,1,0.027,0.73,2,2,1,2,2,1,89,3,1
1910,Minerals Separation Ltmitedt,broken,-95.78139,36.0629,gravity,0.0729572,1,2,1481.1795145681417,0,NA,NA,NA,NA,NA,NA,0,0,0,0,0,0,0,0,0,0,0,0,0,0,0,0,0,0,0,0,0,0,0,0,united states of america,concentration,USA,0,0,0.098,0.581,1,2,1,1,2,1,98,3,1
1919,Mines Tailings Limited,canada,-106.346771,56.130366,flotation,1.217137,1,4,1015.7884174685927,0,NA,NA,NA,NA,NA,NA,0,0,0,0,0,0,0,0,0,0,0,0,0,0,0,0,0,0,0,0,0,0,0,0,canada,concentration,CAN,0,1,0.067,0.631,2,2,1,2,2,1,98,0,1
1920,Mininag Yea Kennecott Copper,alaska,-149.4937,64.20084,gravity,0.17653,1,0,0,0,NA,NA,NA,NA,NA,NA,0,0,0,0,0,0,0,0,0,0,0,0,0,0,0,0,0,0,0,0,0,0,0,0,united states of america,concentration,USA,0,0,0.078,0.581,1,2,1,1,2,1,98,3,1
1920,Mininag Yea Kennecott Copper,western,-95.71276,37.09375,flotation,0.17653,1,0,2.3055664769700538e-4,0,NA,NA,NA,NA,NA,NA,0,0,0,0,0,0,0,0,0,0,0,0,0,0,0,0,0,0,0,0,0,0,0,0,united states of america,concentration,USA,0,0,0.078,0.581,1,2,1,1,2,1,98,3,1
1920,Mount Elliott Limited,australia,133.7751,-25.2744,flotation,5.533422,1,8,0,1,NA,NA,NA,NA,NA,NA,0,0,0,0,0,0,0,0,0,0,0,0,0.6044018163153342,0.1388888888888889,5,0.42857142857142855,0.4976851851851852,0.013098297260959405,0,0.038461538461538464,1,1,0.038461538461538464,0,australia,concentration,AUS,0,1,0.041,0.659,2,3,3,2,3,3,99,3,1
1920,Mount Elliott Limited,wallaroo,-111.6593,40.23403,flotation,5.533422,1,8,0,1,NA,NA,NA,NA,NA,NA,0,0,0,0,0,0,0,0,0,0,0,0,0.6044018163153342,0.1388888888888889,5,0.42857142857142855,0.4976851851851852,0.013098297260959405,0,0.038461538461538464,1,1,0.038461538461538464,0,united states of america,concentration,USA,0,0,0.078,0.581,1,2,1,1,2,1,98,3,1
1916,Mount Lyell Blocks Copper Mines,adelaide,138.6007456,-34.9284989,flotation,1.882745,1,8,1076.4187007438616,0,NA,NA,NA,NA,NA,NA,0,0,0,0,0,0,0,0,0,0,0,0,0.13045436319353307,0.03333333333333333,1,0.3157894736842105,0.3566666666666665,0,0,0,0,0,0,0,australia,concentration,AUS,0,1,0.041,0.659,2,3,3,2,3,3,99,3,1
1917,Mount Lyell Mining Railway Limited,tasmania,145.9707,-41.45452,flotation,1.871658,1,6,958.8106068546224,1,NA,NA,NA,NA,NA,NA,0,0,0,0,0,0,0,0,0,0,0,0,0,0,0,0,0,0,2.4816306872446058e-17,0.16666666666666666,1,1,0.16666666666666666,0,australia,concentration,AUS,0,1,0.041,0.659,2,3,3,2,3,3,99,3,1
1917,Mount Lyell Mining Railway Limited,wallaroo,-111.6593,40.23403,flotation,1.871658,1,6,688.2581821811059,1,NA,NA,NA,NA,NA,NA,0,0,0,0,0,0,0,0,0,0,0,0,0,0,0,0,0,0,2.4816306872446058e-17,0.16666666666666666,1,1,0.16666666666666666,0,united states of america,concentration,USA,0,0,0.07,0.581,1,2,1,1,2,1,98,3,1
1919,Mount Lyell Mining Railway Limited,tasmania,145.9706647,-41.4545196,flotation,3.96193,1,11,0.0029498104725547473,4,NA,NA,NA,NA,NA,NA,0,0,0,0,0,0,0,0,0,0,0,0,0,0,0,0,0,0,0.11547912943338812,0.13636363636363635,3,0.35294117647058826,0.24924242424242427,0.008658008658008658,australia,concentration,AUS,0,1,0.041,0.659,2,3,3,2,3,3,99,3,1
1919,Mount Lyell Mining Railway Limited,wallaroo,-111.6593073,40.23403,flotation,3.96193,1,11,6.212418103208698e-4,4,NA,NA,NA,NA,NA,NA,0,0,0,0,0,0,0,0,0,0,0,0,0,0,0,0,0,0,0.11547912943338812,0.13636363636363635,3,0.35294117647058826,0.24924242424242427,0.008658008658008658,united states of america,concentration,USA,0,0,0.07,0.581,1,2,1,1,2,1,98,3,1
1922,Mount Lyell Mining Railway Limited,australia,133.7751,-25.2744,flotation,3.96193,1,9,0,4,NA,NA,NA,NA,NA,NA,0,0,0,0,0,0,0,0,0,0,0,0,0.16566650422791865,0.025,1,0.3140495867768595,0.3429166666666667,0,0.4517683470813119,0.15625,5,0.4838709677419355,0.2630208333333333,2.880184331797235e-4,australia,concentration,AUS,0,1,0.041,0.659,2,3,3,2,3,3,99,3,1
1923,Mount Lyell Mining Railway Limited,australia,133.7751,-25.2744,flotation,3.96193,1,11,0,3,NA,NA,NA,NA,NA,NA,0,0,0,0,0,0,0,0,0,0,0,0,0.2805974009883935,0.05555555555555555,2,0.32727272727272727,0.3837962962962963,2.0683020683020685e-4,0.40803107049928167,0.11627906976744186,5,0.5,0.2558139534883721,0.03156146179401993,australia,concentration,AUS,0,1,0.041,0.659,2,3,3,2,3,3,99,3,1
1919,Mount Read Mining Company,tasmania,145.9706647,-41.4545196,flotation,4.426737,1,6,0.0029498104725547473,2,NA,NA,NA,NA,NA,NA,0,0,0,0,0,0,0,0,0,0,0,0,0.18298337841281756,0.02564102564102564,1,0.30952380952380953,0.35811965811965807,0,0.07131785137321973,0.09090909090909091,2,0.2926829268292683,0.20227272727272733,0,australia,concentration,AUS,0,1,0.041,0.659,2,3,3,2,3,3,99,3,1
1919,Mount Zeehan Tasmania Silver Lead,san francisco,-122.4194155,37.7749295,gravity,6.640106,1,17,970.4835997856552,2,NA,NA,NA,NA,NA,NA,0,0,0,0,0,0,0,0,0,0,0,0,0.3258229953132268,0.05128205128205128,2,0.3611111111111111,0.41324786324786345,0.006019576474498453,0.22194815612034793,0.09090909090909091,2,0.42857142857142855,0.2803030303030303,0.025974025974025976,united states of america,concentration,USA,0,0,0.07,0.581,1,2,1,1,2,1,98,3,1
1915,Mountain Copper Company,san francisco,-122.4194155,37.7749295,gravity,3.664346,1,5,2349.4372713672915,0,NA,NA,NA,NA,NA,NA,0,0,0,0,0,0,0,0,0,0,0,0,0,0.037037037037037035,1,1,0.037037037037037035,0,0,0,0,0,0,0,united states of america,concentration,USA,0,0,0.07,0.581,1,2,1,1,2,1,98,3,1
1916,Mountain Copper Company,san francisco,-122.4194155,37.7749295,gravity,3.664346,1,3,2349.4372713672915,0,NA,NA,NA,NA,NA,NA,0,0,0,0,0,0,0,0,0,0,0,0,0,0,0,0,0,0,0,0,0,0,0,0,united states of america,concentration,USA,0,0,0.07,0.581,1,2,1,1,2,1,98,3,1
1917,Mountain Copper Company,san francisco,-122.4194,37.77493,gravity,3.664346,1,4,1101.7685145079665,0,NA,NA,NA,NA,NA,NA,0,0,0,0,0,0,0,0,0,0,0,0,0,0,0,0,0,0,0,0,0,0,0,0,united states of america,concentration,USA,0,0,0.07,0.581,1,2,1,1,2,1,98,3,1
1920,Mountain Copper Company,san francisco,-122.4194,37.77493,gravity,3.664346,1,15,970.4816896505188,0,NA,NA,NA,NA,NA,NA,0,0,0,0,0,0,0,0,0,0,0,0,0.1477649952605369,0.027777777777777776,1,0.3673469387755102,0.402777777777778,0,0,0,0,0,0,0,united states of america,concentration,USA,0,0,0.078,0.581,1,2,1,1,2,1,98,3,1
1921,Mountain Copper Company,san francisco,-122.4194,37.77493,gravity,3.849115,1,13,970.4816896505188,0,NA,NA,NA,NA,NA,NA,0,0,0,0,0,0,0,0,0,0,0,0,0.3888656557536087,0.06451612903225806,2,0.3924050632911392,0.4381720430107529,0.010602091739612962,0,0,0,0,0,0,united states of america,concentration,USA,0,0,0.095,0.581,1,2,1,1,2,1,98,3,1
1922,Mountain Copper Company,san francisco,-122.4194,37.77493,gravity,4.428698,1,6,970.4816896505188,0,NA,NA,NA,NA,NA,NA,0,0,0,0,0,0,0,0,0,0,0,0,0.46844948191657887,0.075,3,0.35514018691588783,0.4045833333333335,0.0044491450229165895,0,0,0,0,0,0,united states of america,concentration,USA,0,0,0.094,0.581,1,2,1,1,2,1,98,3,1
1923,Mountain Copper Company,san francisco,-122.4194,37.77493,gravity,4.428698,1,7,970.4816896505188,0,NA,NA,NA,NA,NA,NA,0,0,0,0,0,0,0,0,0,0,0,0,0.1396730577227971,0.027777777777777776,1,0.32142857142857145,0.3685185185185185,0,0,0,0,0,0,0,united states of america,concentration,USA,0,0,0.096,0.581,1,2,1,1,2,1,98,3,1
1910,Mozambique Mines Limited,london,-0.1277583,51.50735,gravity,0.09727625999999999,1,15,5871.576625293921,0,NA,NA,NA,NA,NA,NA,0,0,0,0,0,0,0,0,0,0,0,0,0.6358666530692502,0.25,4,0.36363636363636365,0.5020833333333332,0.18750000000000003,0,0,0,0,0,0,united kingdom,concentration,GBR,1,1,0.028,0.73,2,2,2,2,2,2,98,3,1
1920,Mullion United Mines Cornwall Limited,london,-0.1277583,51.50735,gravity,0.2565042,0,4,0,0,NA,NA,NA,NA,NA,NA,0,0,0,0,0,0,0,0,0,0,0,0,0.14776499526053685,0.027777777777777776,1,0.3673469387755102,0.402777777777778,0,0,0,0,0,0,0,united kingdom,concentration,GBR,1,1,0.028,0.73,2,2,1,2,2,1,89,3,1
1911,Mungana Chillagoe Mining Company,western,-95.7127622,37.0937489,flotation,0.41322309999999995,1,6,1410.2182267882783,0,NA,NA,NA,NA,NA,NA,0,0,0,0,0,0,0,0,0,0,0,0,0,0,0,0,0,0,0,0,0,0,0,0,united states of america,concentration,USA,0,0,0.098,0.581,1,2,1,1,2,1,98,3,1
1919,Murcia Copper Andwirqq Mines Limited,london,-0.1277583,51.5073509,gravity,0.4426737,0,3,0,0,NA,NA,NA,NA,NA,NA,0,0,0,0,0,0,0,0,0,0,0,0,0,0,0,0,0,0,0,0,0,0,0,0,united kingdom,concentration,GBR,1,1,0.028,0.73,2,2,1,2,2,1,89,3,1
1910,Murex Magnetic Company,london,-0.1277583,51.50735,gravity,0.43770909999999996,0,4,5871.576625293921,0,NA,NA,NA,NA,NA,NA,0,0,0,0,0,0,0,0,0,0,0,0,0,0,0,0,0,0,0,0,0,0,0,0,united kingdom,concentration,GBR,1,1,0.028,0.73,2,2,2,2,2,2,98,3,1
1911,Murex Magnetic Company,london,-0.1277583,51.5073509,gravity,0.4374964,1,4,5871.576582717342,0,NA,NA,NA,NA,NA,NA,0,0,0,0,0,0,0.1607782746565248,0.022222222222222223,2,0.4411764705882353,0.47407407407407415,0.002527875658848684,0.5430725968116069,0.14285714285714285,2,0.4375,0.49999999999999983,0.4945054945054945,0,0,0,0,0,0,united kingdom,concentration,GBR,1,1,0.028,0.73,2,2,2,2,2,2,98,3,1
1911,Murex Magnetic Company,british columbia,-127.6476205,53.7266683,gravity,0.4374964,1,4,1698.9272540017107,0,NA,NA,NA,NA,NA,NA,0,0,0,0,0,0,0.1607782746565248,0.022222222222222223,2,0.4411764705882353,0.47407407407407415,0.002527875658848684,0.5430725968116069,0.14285714285714285,2,0.4375,0.49999999999999983,0.4945054945054945,0,0,0,0,0,0,canada,concentration,CAN,0,1,0.072,0.61,2,1,1,2,1,1,96,0,1
1912,Murex Magnetic Company,london,-0.1277583,51.5073509,gravity,0.4379221,1,6,0,0,NA,NA,NA,NA,NA,NA,0,0,0,0,0,0,0.22645832088580395,0.03614457831325301,3,0.49404761904761907,0.5100401606425703,0.006477566176649881,0.5729591215421683,0.15789473684210525,3,0.38,0.4710526315789472,0.01055880441845354,0,0,0,0,0,0,united kingdom,concentration,GBR,1,1,0.028,0.73,2,2,2,2,2,2,98,3,1
1912,Murex Magnetic Company,broken,-95.7813885,36.0628961,gravity,0.4379221,1,6,114.55825666735667,0,NA,NA,NA,NA,NA,NA,0,0,0,0,0,0,0.22645832088580395,0.03614457831325301,3,0.49404761904761907,0.5100401606425703,0.006477566176649881,0.5729591215421683,0.15789473684210525,3,0.38,0.4710526315789472,0.01055880441845354,0,0,0,0,0,0,united states of america,concentration,USA,0,0,0.098,0.581,1,2,1,1,2,1,98,3,1
1912,Murex Magnetic Company,mexico,-102.552784,23.634501,gravity,0.4379221,1,6,1145.3815238163097,0,NA,NA,NA,NA,NA,NA,0,0,0,0,0,0,0.22645832088580395,0.03614457831325301,3,0.49404761904761907,0.5100401606425703,0.006477566176649881,0.5729591215421683,0.15789473684210525,3,0.38,0.4710526315789472,0.01055880441845354,0,0,0,0,0,0,mexico,concentration,MEX,0,0,0.816,0.561,-2,-2,-3,-2,-2,-3,70,0,0
1913,Murex Magnetic Company,london,-0.1277583,51.5073509,gravity,0.43816940000000004,1,4,0,0,NA,NA,NA,NA,NA,NA,0,0,0,0,0,0,0,0,0,0,0,0,0.5157569619153215,0.125,3,0.41509433962264153,0.44444444444444453,0.014981857916640529,0,0,0,0,0,0,united kingdom,concentration,GBR,1,1,0.028,0.73,2,2,2,2,2,2,98,3,1
1919,Nag Rom Syndicate Limited,paris,2.3522219,48.856614,gravity,0.1106684,1,9,343.91632493565464,0,NA,NA,NA,NA,NA,NA,0,0,0,0,0,0,0,0,0,0,0,0,0.43884275299936965,0.07692307692307693,3,0.375,0.43675213675213687,0.013925974822501071,0,0,0,0,0,0,france,concentration,FRA,0,0,0.132,0.849,2,2,2,2,2,2,97,2,1
1912,Namaqua Copper Company,paris,2.3522219,48.856614,gravity,0.8763389,0,2,343.91640989468846,0,NA,NA,NA,NA,NA,NA,0,0,0,0,0,0,0,0,0,0,0,0,0.09162323347495023,0.10526315789473684,2,0.3064516129032258,0.37631578947368416,0.10526315789473684,0,0,0,0,0,0,france,concentration,FRA,0,0,0.132,0.849,2,2,2,2,2,2,97,2,1
1914,Namaqua Copper Company,paris,2.3522219,48.856614,gravity,0.8763389,1,3,343.91640989468846,0,NA,NA,NA,NA,NA,NA,0,0,0,0,0,0,0,0,0,0,0,0,5.875079644196288e-17,0.04,1,1,0.04,0,0,0,0,0,0,0,france,concentration,FRA,0,0,0.132,0.849,2,2,2,2,2,2,93,2,1
1915,Namaqua Copper Company,paris,2.3522219,48.856614,gravity,0.8763389,1,6,343.91640989468846,0,NA,NA,NA,NA,NA,NA,0,0,0,0,0,0,0,0,0,0,0,0,0.3929852275810882,0.14814814814814814,4,0.4098360655737705,0.4580246913580248,0.069884950440506,0,0,0,0,0,0,france,concentration,FRA,0,0,0.132,0.849,2,2,2,2,2,2,93,2,1
1916,Namaqua Copper Company,london,-0.1277583,51.5073509,gravity,0.8992469000000001,1,4,0,0,NA,NA,NA,NA,NA,NA,0,0,0,0,0,0,0,0,0,0,0,0,0.11698511022071734,0.06666666666666667,2,0.30927835051546393,0.36611111111111094,0.011757554806556622,0,0,0,0,0,0,united kingdom,concentration,GBR,1,1,0.031,0.73,2,2,2,2,2,2,94,3,1
1917,Namaqua Copper Company,paris,2.352222,48.85661,gravity,0.8992469000000001,0,2,343.91679861107883,0,NA,NA,NA,NA,NA,NA,0,0,0,0,0,0,0,0,0,0,0,0,0.24451206964278516,0.047619047619047616,1,0.375,0.361111111111111,0,0,0,0,0,0,0,france,concentration,FRA,0,0,0.132,0.86,2,2,2,2,2,2,93,2,1
1920,Namaqua Copper Company,london,-0.1277583,51.50735,gravity,0.01811653,1,2,0,0,NA,NA,NA,NA,NA,NA,0,0,0,0,0,0,0,0,0,0,0,0,0,0,0,0,0,0,0,0,0,0,0,0,united kingdom,concentration,GBR,1,1,0.028,0.73,2,2,1,2,2,1,89,3,1
1921,Namaqua Copper Company,london,-0.1277583,51.50735,gravity,0.8857396,1,2,0,0,NA,NA,NA,NA,NA,NA,0,0,0,0,0,0,0,0,0,0,0,0,0.189712830742444,0.03225806451612903,1,0.31313131313131315,0.3645161290322579,0,0,0,0,0,0,0,united kingdom,concentration,GBR,1,1,0.028,0.73,2,2,1,2,2,1,89,3,1
1922,Namaqua Copper Company,london,-0.1277583,51.50735,gravity,0.8857396,0,6,0,1,NA,NA,NA,NA,NA,NA,0,0,0,0,0,0,0,0,0,0,0,0,0,0.025,1,1,0.025,0,0.016051703508923713,0.03125,1,0.36585365853658536,0.18749999999999997,0,united kingdom,concentration,GBR,1,1,0.027,0.73,2,2,1,2,2,1,89,3,1
1923,Namaqua Copper Company,london,-0.1277583,51.50735,gravity,0.8857396,1,4,0,0,NA,NA,NA,NA,NA,NA,0,0,0,0,0,0,0,0,0,0,0,0,0.13967305772279706,0.027777777777777776,1,0.32142857142857145,0.3685185185185185,0,0,0,0,0,0,0,united kingdom,concentration,GBR,1,1,0.027,0.73,2,2,1,2,2,1,89,3,1
1919,New Albion Transvaal Gold Mines,barberton,-81.6051221,41.012833,flotation,0.4426737,1,3,249.0140717833204,0,NA,NA,NA,NA,NA,NA,0,0,0,0,0,0,0,0,0,0,0,0,0,0,0,0,0,0,0,0,0,0,0,0,united states of america,concentration,USA,0,0,0.07,0.581,1,2,1,1,2,1,98,3,1
1920,New Albion Transvaal Gold Mines,barberton,-81.60512,41.01283,flotation,0.4426737,1,3,3.770972269469137e-4,3,NA,NA,NA,NA,NA,NA,0,0,0,0,0,0,0,0,0,0,0,0,0,0,0,0,0,0,0.11183980003729,0.11538461538461539,3,0.4722222222222222,0.35256410256410264,0.09538461538461539,united states of america,concentration,USA,0,0,0.078,0.581,1,2,1,1,2,1,98,3,1
1914,New Dunderland Company,norway,8.468946,60.472024,gravity,1.549358,1,4,1131.052891411691,0,NA,NA,NA,NA,NA,NA,0,0,0,0,0,0,0,0,0,0,0,0,0,0,0,0,0,0,0,0,0,0,0,0,norway,concentration,NOR,0,0,0.025,0.822,2,3,2,2,3,2,100,1,1
1912,New Einasleigh Mines Limited,queensland,142.7027956,-20.9175738,gravity,0.973236,1,0,11062.805571513045,0,NA,NA,NA,NA,NA,NA,0,0,0,0,0,0,0,0,0,0,0,0,0,0,0,0,0,0,0,0,0,0,0,0,australia,concentration,AUS,0,1,0.041,0.659,2,3,2,2,3,2,99,2,1
1910,New Elnasleigh Copper,queensland,142.7028,-20.91757,gravity,0.9727625999999999,1,2,11062.805000061875,0,NA,NA,NA,NA,NA,NA,0,0,0,0,0,0,0,0,0,0,0,0,0.45210038974660766,0.1875,3,0.38095238095238093,0.4812499999999999,0.2571428571428572,0,0,0,0,0,0,australia,concentration,AUS,0,1,0.041,0.659,2,3,2,2,3,2,99,2,1
1912,Nigerian Tanln Ari Estxl,russia,105.318756,61.52401,flotation,0.486618,1,5,4745.862843562616,0,NA,NA,NA,NA,NA,NA,0,0,0,0,0,0,0,0,0,0,0,0,0,0,0,0,0,0,0,0,0,0,0,0,russia,concentration,RUS,0,0,0.41,0.358,0,0,0,0,0,0,99,2,0
1891,Nooitgedacht Gold Mining Company,england,-1.1743197,52.3555177,gravity,0.7782101,1,14,0,0,NA,NA,NA,NA,NA,NA,0,0,0,0,0,0,0,0,0,0,0,0,1,0.7,7,0.6666666666666666,0.8166666666666667,0.6,0,0,0,0,0,0,united kingdom,concentration,GBR,1,1,0.028,0.73,2,2,NA,2,2,NA,98,3,1
1920,North Anantapur Gold Mines Limited,wales,-3.783712,52.13066,flotation,0.7328692,1,11,8.055251913081974e-5,1,NA,NA,NA,NA,NA,NA,0.03486471210586938,0.018518518518518517,1,0.2660098522167488,0.3089506172839506,0,0.30987748764142636,0.04918032786885246,3,0.4236111111111111,0.4726775956284153,0.004756362643607637,0.4132181462434945,0.1111111111111111,4,0.4186046511627907,0.47916666666666674,0.03581174184781271,0.10917378197063263,0.038461538461538464,1,0.425,0.3012820512820512,0,united kingdom,concentration,GBR,1,1,0.028,0.73,2,2,1,2,2,1,89,3,1
1911,Northern Copper Company,rhodesia,-97.2134822,32.8294337,flotation,0.48614490000000005,1,1,1814.8668346218217,0,NA,NA,NA,NA,NA,NA,0,0,0,0,0,0,0,0,0,0,0,0,0,0,0,0,0,0,0,0,0,0,0,0,united states of america,concentration,USA,0,0,0.098,0.581,1,2,1,1,2,1,98,3,1
1912,Northern Copper Company,rhodesia,-97.2134822,32.8294337,flotation,0.486618,1,1,0,0,NA,NA,NA,NA,NA,NA,0,0,0,0,0,0,0,0,0,0,0,0,0,0,0,0,0,0,1.9626155733547183e-17,0.2,1,1,0.2,0,united states of america,concentration,USA,0,0,0.098,0.581,1,2,1,1,2,1,98,3,1
1913,Northern Copper Company,rhodesia,-97.2134822,32.8294337,flotation,0.486618,1,5,0,1,NA,NA,NA,NA,NA,NA,0,0,0,0,0,0,0,0,0,0,0,0,0.55150917479125,0.16666666666666666,4,0.41509433962264153,0.4666666666666668,0.03580698689394342,0.7071067811865476,0.5,1,0.6666666666666666,0.75,0,united states of america,concentration,USA,0,0,0.083,0.581,1,2,1,1,2,1,98,3,1
1914,Northern Copper Company,rhodesia,-97.2134822,32.8294337,flotation,0.4930966,1,4,0,1,NA,NA,NA,NA,NA,NA,0,0,0,0,0,0,0,0,0,0,0,0,0.6405030560429822,0.16,4,0.3770491803278688,0.44733333333333336,0.051055979967744684,0.7848854055406456,0.3,3,1,0.30000000000000004,0.007407407407407407,united states of america,concentration,USA,0,0,0.079,0.581,1,2,1,1,2,1,98,3,1
1916,Olga Exploration Limited,mysore,76.6393805,12.2958104,flotation,0.009733079,1,2,5933.3405582826335,0,NA,NA,NA,NA,NA,NA,0,0,0,0,0,0,0,0,0,0,0,0,0,0,0,0,0,0,0,0,0,0,0,0,india,concentration,IND,1,1,0.032,0.509,NA,NA,NA,NA,NA,NA,NA,2,1
1917,Olga Exploration Limited,mysore,76.63938,12.29581,flotation,0.007932349,1,1,7.011744621949612e-5,1,NA,NA,NA,NA,NA,NA,0,0,0,0,0,0,0,0,0,0,0,0,0,0,0,0,0,0,0,0,0,0,0,0,india,concentration,IND,1,1,0.032,0.509,NA,NA,NA,NA,NA,NA,NA,2,1
1922,Orconera Iron Ore Company,london,-0.1277583,51.50735,gravity,0.8857396,1,9,0,3,NA,NA,NA,NA,NA,NA,0,0,0,0,0,0,0,0,0,0,0,0,0.004455224994815518,0.025,1,0.20765027322404372,0.22482142857142856,0,0,0.09375,3,1,0.0625,0.0020161290322580645,united kingdom,concentration,GBR,1,1,0.027,0.73,2,2,1,2,2,1,89,3,1
1922,Orconera Iron Ore Company,london,-0.1277583,51.50735,flotation,0.8857396,1,9,0,3,NA,NA,NA,NA,NA,NA,0,0,0,0,0,0,0,0,0,0,0,0,0.004455224994815518,0.025,1,0.20765027322404372,0.22482142857142856,0,0,0.09375,3,1,0.0625,0.0020161290322580645,united kingdom,concentration,GBR,1,1,0.027,0.73,2,2,1,2,2,1,89,3,1
1903,Ore Concentration Syndicate Limited,london,-0.1277583,51.50735,gravity,1.215362,1,3,Inf,0,NA,NA,NA,NA,NA,NA,0,0,0,0,0,0,0,0,0,0,0,0,1,0.3333333333333333,1,1,0.3333333333333333,0,0,0,0,0,0,0,united kingdom,concentration,GBR,1,1,0.028,0.73,2,2,1,2,2,1,98,3,1
1903,Ore Concentration Syndicate Limited,canada,-106.3468,56.13037,gravity,1.215362,1,3,Inf,0,NA,NA,NA,NA,NA,NA,0,0,0,0,0,0,0,0,0,0,0,0,1,0.3333333333333333,1,1,0.3333333333333333,0,0,0,0,0,0,0,canada,concentration,CAN,0,1,0.074,0.597,2,1,1,2,1,1,96,0,1
1911,Ore Concentration Syndicate Limited,london,-0.1277583,51.5073509,gravity,1.215362,1,5,5871.576582717342,0,NA,NA,NA,NA,NA,NA,0,0,0,0,0,0,0,0,0,0,0,0,0.40121823086355657,0.07142857142857142,1,0.3333333333333333,0.3976190476190476,0,0,0,0,0,0,0,united kingdom,concentration,GBR,1,1,0.028,0.73,2,2,2,2,2,2,98,3,1
1911,Ore Concentration Syndicate Limited,australia,133.775136,-25.274398,gravity,1.215362,1,5,11889.762539395466,0,NA,NA,NA,NA,NA,NA,0,0,0,0,0,0,0,0,0,0,0,0,0.40121823086355657,0.07142857142857142,1,0.3333333333333333,0.3976190476190476,0,0,0,0,0,0,0,australia,concentration,AUS,0,1,0.041,0.659,2,3,2,2,3,2,99,2,1
1911,Ore Concentration Syndicate Limited,biahopsgate street e c phnnp,-0.0810585,51.5167977,gravity,1.215362,1,5,5874.063588080945,0,NA,NA,NA,NA,NA,NA,0,0,0,0,0,0,0,0,0,0,0,0,0.40121823086355657,0.07142857142857142,1,0.3333333333333333,0.3976190476190476,0,0,0,0,0,0,0,united kingdom,concentration,GBR,1,1,0.028,0.73,2,2,2,2,2,2,98,3,1
1913,Ore Concentration Syndicate Limited,london,-0.1277583,51.5073509,gravity,1.217137,0,2,0,0,NA,NA,NA,NA,NA,NA,0,0,0,0,0,0,0,0,0,0,0,0,0,0,0,0,0,0,0,0,0,0,0,0,united kingdom,concentration,GBR,1,1,0.028,0.73,2,2,2,2,2,2,98,3,1
1914,Ore Concentration Syndicate Limited,salisbury,-75.5993692,38.3606736,gravity,1.217137,1,5,0,0,NA,NA,NA,NA,NA,NA,0,0,0,0,0,0,0,0,0,0,0,0,0,0,0,0,0,0,0,0,0,0,0,0,united states of america,concentration,USA,0,0,0.079,0.581,1,2,1,1,2,1,98,3,1
1915,Ore Concentration Syndicate Limited,salisbury,-75.5993692,38.3606736,gravity,1.217137,1,5,0,0,NA,NA,NA,NA,NA,NA,0,0,0,0,0,0,0,0,0,0,0,0,0,0,0,0,0,0,0,0,0,0,0,0,united states of america,concentration,USA,0,0,0.07,0.581,1,2,1,1,2,1,98,3,1
1915,Ore Concentration Syndicate Limited,london,-0.1277583,51.5073509,gravity,1.217137,1,5,0,0,NA,NA,NA,NA,NA,NA,0,0,0,0,0,0,0,0,0,0,0,0,0,0,0,0,0,0,0,0,0,0,0,0,united kingdom,concentration,GBR,1,1,0.028,0.73,2,2,2,2,2,2,98,3,1
1916,Ore Concentration Syndicate Limited,salisbury,-75.5993692,38.3606736,gravity,1.217137,1,5,0,0,NA,NA,NA,NA,NA,NA,0,0,0,0,0,0,0,0,0,0,0,0,0,0,0,0,0,0,0,0,0,0,0,0,united states of america,concentration,USA,0,0,0.07,0.581,1,2,1,1,2,1,98,3,1
1917,Ore Concentration Syndicate Limited,salisbury,-75.59937,38.36067,gravity,0.6669843000000001,1,3,4.0568282861542555e-4,0,NA,NA,NA,NA,NA,NA,0,0,0,0,0,0,0,0,0,0,0,0,0.13075378687321007,0.047619047619047616,1,0.32142857142857145,0.31904761904761897,0,0,0,0,0,0,0,united states of america,concentration,USA,0,0,0.07,0.581,1,2,1,1,2,1,98,3,1
1917,Ore Concentration Syndicate Limited,london,-0.1277583,51.50735,gravity,0.6669843000000001,1,3,1.0013217677085525e-4,0,NA,NA,NA,NA,NA,NA,0,0,0,0,0,0,0,0,0,0,0,0,0.13075378687321007,0.047619047619047616,1,0.32142857142857145,0.31904761904761897,0,0,0,0,0,0,0,united kingdom,concentration,GBR,1,1,0.028,0.73,2,2,2,2,2,2,94,3,1
1919,Ore Concentration Syndicate Limited,salisbury,-75.5993692,38.3606736,gravity,1.106684,1,3,0,0,NA,NA,NA,NA,NA,NA,0,0,0,0,0,0,0,0,0,0,0,0,0,0,0,0,0,0,0,0,0,0,0,0,united states of america,concentration,USA,0,0,0.07,0.581,1,2,1,1,2,1,98,3,1
1919,Ore Concentration Syndicate Limited,london,-0.1277583,51.5073509,gravity,1.106684,1,3,0,0,NA,NA,NA,NA,NA,NA,0,0,0,0,0,0,0,0,0,0,0,0,0,0,0,0,0,0,0,0,0,0,0,0,united kingdom,concentration,GBR,1,1,0.028,0.73,2,2,1,2,2,1,89,3,1
1919,Ore Concentration Syndicate Limited,london,-0.1277583,51.5073509,flotation,1.106684,1,3,0,0,NA,NA,NA,NA,NA,NA,0,0,0,0,0,0,0,0,0,0,0,0,0,0,0,0,0,0,0,0,0,0,0,0,united kingdom,concentration,GBR,1,1,0.028,0.73,2,2,1,2,2,1,89,3,1
1920,Ore Concentration Syndicate Limited,salisbury,-75.59937,38.36067,gravity,1.106684,1,9,4.0568282861542555e-4,2,NA,NA,NA,NA,NA,NA,0,0,0,0,0,0,0.2120506100751314,0.03278688524590164,2,0.4295774647887324,0.4699453551912568,0.0034863441389373223,0.26413469198876965,0.05555555555555555,2,0.3673469387755102,0.4143518518518521,6.803551561109756e-4,0.08734397483908679,0.038461538461538464,1,0.3953488372093023,0.28846153846153844,0,united states of america,concentration,USA,0,0,0.078,0.581,1,2,1,1,2,1,98,3,1
1920,Ore Concentration Syndicate Limited,london,-0.1277583,51.50735,gravity,1.106684,1,9,0,2,NA,NA,NA,NA,NA,NA,0,0,0,0,0,0,0.2120506100751314,0.03278688524590164,2,0.4295774647887324,0.4699453551912568,0.0034863441389373223,0.26413469198876965,0.05555555555555555,2,0.3673469387755102,0.4143518518518521,6.803551561109756e-4,0.08734397483908679,0.038461538461538464,1,0.3953488372093023,0.28846153846153844,0,united kingdom,concentration,GBR,1,1,0.028,0.73,2,2,1,2,2,1,89,3,1
1920,Ore Concentration Syndicate Limited,london,-0.1277583,51.50735,flotation,1.106684,1,9,0,2,NA,NA,NA,NA,NA,NA,0,0,0,0,0,0,0.2120506100751314,0.03278688524590164,2,0.4295774647887324,0.4699453551912568,0.0034863441389373223,0.26413469198876965,0.05555555555555555,2,0.3673469387755102,0.4143518518518521,6.803551561109756e-4,0.08734397483908679,0.038461538461538464,1,0.3953488372093023,0.28846153846153844,0,united kingdom,concentration,GBR,1,1,0.028,0.73,2,2,1,2,2,1,89,3,1
1921,Ore Concentration Syndicate Limited,salisbury,-75.59937,38.36067,gravity,0.42340259999999996,1,4,4.0568282861542555e-4,1,NA,NA,NA,NA,NA,NA,0,0,0,0,0,0,0,0,0,0,0,0,0,0,0,0,0,0,0,0,0,0,0,0,united states of america,concentration,USA,0,0,0.095,0.581,1,2,1,1,2,1,98,3,1
1921,Ore Concentration Syndicate Limited,london,-0.1277583,51.50735,gravity,0.42340259999999996,1,4,0,1,NA,NA,NA,NA,NA,NA,0,0,0,0,0,0,0,0,0,0,0,0,0,0,0,0,0,0,0,0,0,0,0,0,united kingdom,concentration,GBR,1,1,0.028,0.73,2,2,1,2,2,1,89,3,1
1921,Ore Concentration Syndicate Limited,london,-0.1277583,51.50735,flotation,0.42340259999999996,1,4,0,1,NA,NA,NA,NA,NA,NA,0,0,0,0,0,0,0,0,0,0,0,0,0,0,0,0,0,0,0,0,0,0,0,0,united kingdom,concentration,GBR,1,1,0.028,0.73,2,2,1,2,2,1,89,3,1
1923,Ore Concentration Syndicate Limited,salisbury,-75.59937,38.36067,gravity,0.42340259999999996,1,5,4.0568282861542555e-4,3,NA,NA,NA,NA,NA,NA,0,0,0,0,0,0,0,0,0,0,0,0,0.13608721741994645,0.027777777777777776,1,0.34615384615384615,0.3819444444444446,0,0.06712402669041742,0.09302325581395349,4,0.4,0.21899224806201548,0.024916943521594685,united states of america,concentration,USA,0,0,0.096,0.581,1,2,1,1,2,1,98,3,1
1893,Ore Dressing And Gold Extraction,new zealand,174.886,-40.90056,gravity,0.48638129999999996,1,5,0,0,NA,NA,NA,NA,NA,NA,0,0,0,0,0,0,0,0,0,0,0,0,3.6983037210402996e-16,0.25,1,1,0.25,0,0,0,0,0,0,0,new zealand,concentration,NA,0,0,NA,NA,NA,NA,NA,NA,NA,NA,NA,NA,NA
1893,Ore Dressing And Gold Extraction,australia,133.7751,-25.2744,gravity,0.48638129999999996,1,5,0,0,NA,NA,NA,NA,NA,NA,0,0,0,0,0,0,0,0,0,0,0,0,3.6983037210402996e-16,0.25,1,1,0.25,0,0,0,0,0,0,0,australia,concentration,AUS,0,1,0.06,0.659,NA,NA,NA,NA,NA,NA,NA,0,1
1894,Ore Dressing And Gold Extraction,new zealand,174.886,-40.90056,gravity,0.48780490000000004,1,3,Inf,0,NA,NA,NA,NA,NA,NA,0,0,0,0,0,0,0,0,0,0,0,0,6.274236661068365e-16,0.25,1,1,0.25,0,0,0,0,0,0,0,new zealand,concentration,NA,0,0,NA,NA,NA,NA,NA,NA,NA,NA,NA,NA,NA
1895,Ore Dressing And Gold Extraction,new zealand,174.886,-40.90056,gravity,0.4887586,1,4,Inf,0,NA,NA,NA,NA,NA,NA,0,0,0,0,0,0,0,0,0,0,0,0,0,0,0,0,0,0,0,0,0,0,0,0,new zealand,concentration,NA,0,0,NA,NA,NA,NA,NA,NA,NA,NA,NA,NA,NA
1915,Oroville Dredging Company,colombia,-74.297333,4.570868,flotation,0.07136061,1,1,3744.4296878552777,0,NA,NA,NA,NA,NA,NA,0,0,0,0,0,0,0,0,0,0,0,0,0,0,0,0,0,0,0,0,0,0,0,0,colombia,concentration,COL,0,0,0.57,0.189,-1,-1,-2,-1,-1,-2,78,0,0
1916,Oroville Dredging Company,colombia,-74.297333,4.570868,flotation,0.07149666,1,1,0,0,NA,NA,NA,NA,NA,NA,0,0,0,0,0,0,0,0,0,0,0,0,0,0,0,0,0,0,0,0,0,0,0,0,colombia,concentration,COL,0,0,0.57,0.189,-1,-1,-2,-1,-1,-2,78,0,0
1923,Oroville Dredging Limited,denver,-104.9903,39.73924,gravity,0.02859103,1,2,572.1082046119778,0,NA,NA,NA,NA,NA,NA,0,0,0,0,0,0,0,0,0,0,0,0,0.004496325162099876,0.027777777777777776,1,0.22784810126582278,0.2564814814814814,0,0,0,0,0,0,0,united states of america,concentration,USA,0,0,0.096,0.581,1,2,1,1,2,1,98,3,1
1915,Peabe And Partners Limited,hematite,-90.4809569,38.201999,flotation,1.427212,1,12,477.73758594865114,0,NA,NA,NA,NA,NA,NA,0,0,0,0,0,0,0,0,0,0,0,0,0,0,0,0,0,0,0,0,0,0,0,0,united states of america,concentration,USA,0,0,0.07,0.581,1,2,1,1,2,1,98,3,1
1922,Pre Tea Block Limited,london,-0.1277583,51.50735,gravity,5.093003,0,6,0,0,NA,NA,NA,NA,NA,NA,0.08416037303991451,0.02564102564102564,1,0.29838709677419356,0.32008547008547,0,0.10960649465894941,0.021739130434782608,1,0.35384615384615387,0.40217391304347827,0,0.1534200868935217,0.05,2,0.33043478260869563,0.3591666666666668,0.006518851697676758,0,0,0,0,0,0,united kingdom,concentration,GBR,1,1,0.027,0.73,2,2,1,2,2,1,89,3,1
1921,Premier Transvaal Ltd,london,-0.1277583,51.50735,gravity,3.271747,1,6,0,1,NA,NA,NA,NA,NA,NA,0.10943026981965946,0.0425531914893617,2,0.30201342281879195,0.33581560283687945,0.0043324082639531305,0.30690425914907893,0.058823529411764705,3,0.425,0.4771241830065359,0.00604333176921053,0.49005135339849143,0.16129032258064516,5,0.3924050632911392,0.4860215053763442,0.14057156702317994,-0,0.11764705882352941,4,1,0.11764705882352941,0.0106951871657754,united kingdom,concentration,GBR,1,1,0.028,0.73,2,2,1,2,2,1,89,3,1
1917,Prestea Abossa Gold And Product States,london,-0.1277583,51.50735,gravity,4.049547,1,1,1.0013217677085525e-4,0,NA,NA,NA,NA,NA,NA,0,0,0,0,0,0,0,0,0,0,0,0,0,0,0,0,0,0,0,0,0,0,0,0,united kingdom,concentration,GBR,1,1,0.028,0.73,2,2,2,2,2,2,94,3,1
1910,Prestea Block Limited,london,-0.1277583,51.50735,gravity,3.996101,0,6,5871.576625293921,0,NA,NA,NA,NA,NA,NA,0,0,0,0,0,0,0,0,0,0,0,0,0.051606825561171715,0.0625,1,0.22857142857142856,0.2870535714285715,0,0,0,0,0,0,0,united kingdom,concentration,GBR,1,1,0.028,0.73,2,2,2,2,2,2,98,3,1
1911,Prestea Block Limited,london,-0.1277583,51.5073509,gravity,4.132231,0,8,5871.576582717342,0,NA,NA,NA,NA,NA,NA,0,0,0,0,0,0,0,0,0,0,0,0,0.16907070307437413,0.14285714285714285,2,0.2916666666666667,0.39047619047619053,0.14285714285714285,0,0,0,0,0,0,united kingdom,concentration,GBR,1,1,0.028,0.73,2,2,2,2,2,2,98,3,1
1912,Prestea Block Limited,london,-0.1277583,51.5073509,gravity,4.136253,0,8,0,0,NA,NA,NA,NA,NA,NA,0,0,0,0,0,0,0,0,0,0,0,0,0,0,0,0,0,0,0,0,0,0,0,0,united kingdom,concentration,GBR,1,1,0.028,0.73,2,2,2,2,2,2,98,3,1
1913,Prestea Block Limited,london,-0.1277583,51.5073509,gravity,4.138267,1,9,0,0,NA,NA,NA,NA,NA,NA,0.020240871993070113,0.017241379310344827,1,0.24431818181818182,0.20574712643678153,0,0,0,0,0,0,0,0.030694973383507476,0.041666666666666664,1,0.25882352941176473,0.27916666666666673,0,0,0,0,0,0,0,united kingdom,concentration,GBR,1,1,0.028,0.73,2,2,2,2,2,2,98,3,1
1915,Prestea Block Limited,london,-0.1277583,51.5073509,gravity,4.138267,0,6,0,1,NA,NA,NA,NA,NA,NA,0.12817078495912437,0.03225806451612903,2,0.3176470588235294,0.3204301075268818,0.02129123300461216,0.22356014175627056,0.036585365853658534,3,0.44086021505376344,0.47967479674796754,0.006974814557477349,0.7070062480664685,0.18518518518518517,5,0.43859649122807015,0.4876543209876545,0.06446743162429437,0.8194407983995684,0.5,4,1,0.5,0.041666666666666664,united kingdom,concentration,GBR,1,1,0.028,0.73,2,2,2,2,2,2,98,3,1
1916,Prestea Block Limited,london,-0.1277583,51.5073509,gravity,4.051478,0,6,0,0,NA,NA,NA,NA,NA,NA,0,0,0,0,0,0,0,0,0,0,0,0,0,0,0,0,0,0,0,0,0,0,0,0,united kingdom,concentration,GBR,1,1,0.031,0.73,2,2,2,2,2,2,94,3,1
1919,Prestea Block Limited,london,-0.1277583,51.5073509,gravity,5.090748,1,1,0,0,NA,NA,NA,NA,NA,NA,0,0,0,0,0,0,0,0,0,0,0,0,0,0,0,0,0,0,0,0,0,0,0,0,united kingdom,concentration,GBR,1,1,0.028,0.73,2,2,1,2,2,1,89,3,1
1920,Prestea Block Limited,london,-0.1277583,51.50735,gravity,5.090748,1,1,0,0,NA,NA,NA,NA,NA,NA,0,0,0,0,0,0,0,0,0,0,0,0,0,0,0,0,0,0,0,0,0,0,0,0,united kingdom,concentration,GBR,1,1,0.028,0.73,2,2,1,2,2,1,89,3,1
1923,Prestea Block Limited,london,-0.1277583,51.50735,gravity,3.888381,1,4,0,1,NA,NA,NA,NA,NA,NA,0.0937326683201682,0.043478260869565216,2,0.2721518987341772,0.3188664596273291,0.01208862036728155,0.43936106914507816,0.1,4,0.5263157894736842,0.55,0.017223966084825813,0.6156579784711277,0.16666666666666666,6,0.45,0.5231481481481479,0.0638720261755199,0,0.09302325581395349,4,0.4375,0.1782945736434108,0.010151347360649685,united kingdom,concentration,GBR,1,1,0.027,0.73,2,2,1,2,2,1,89,3,1
1922,Rand Election Corporation Limited,england,-1.17432,52.35552,flotation,0.2734721,1,9,118.69045519281042,1,NA,NA,NA,NA,NA,NA,0,0,0,0,0,0,0,0,0,0,0,0,0.4868638202753089,0.1,4,0.3619047619047619,0.4212500000000001,0.040409761204121,5.975405696257201e-18,0.03125,1,1,0.03125,0,united kingdom,concentration,GBR,1,1,0.027,0.73,2,2,1,2,2,1,89,3,1
1920,Rand Selection Corporation Limited,germany,10.45153,51.16569,flotation,0.05066789,1,7,737.5911595843587,0,NA,NA,NA,NA,NA,NA,0,0,0,0,0,0,0,0,0,0,0,0,0.5117473790534732,0.1388888888888889,5,0.42857142857142855,0.4976851851851852,0.026460250427826012,0,0,0,0,0,0,germany,concentration,DEU,0,0,0.084,0.674,1,1,1,1,1,1,89,1,1
1923,Rand Selection Corporation Limited,england,-1.17432,52.35552,flotation,0.05066789,1,8,0,5,NA,NA,NA,NA,NA,NA,0,0,0,0,0,0,0,0,0,0,0,0,0.7116646285014252,0.19444444444444445,7,0.46153846153846156,0.5416666666666663,0.06854890618146961,0,0.09302325581395349,4,1,0.023255813953488372,0,united kingdom,concentration,GBR,1,1,0.027,0.73,2,2,1,2,2,1,89,3,1
1913,Rhodesia Chamber Of Mines,salisbury,-75.5993692,38.3606736,flotation,2.677702,1,4,0,0,NA,NA,NA,NA,NA,NA,0,0,0,0,0,0,0,0,0,0,0,0,0,0,0,0,0,0,0,0,0,0,0,0,united states of america,concentration,USA,0,0,0.083,0.581,1,2,1,1,2,1,98,3,1
1912,Rhodesia Consolidated Limited,salisbury,-75.5993692,38.3606736,flotation,2.712032,1,13,717.1155651211134,1,NA,NA,NA,NA,NA,NA,0,0,0,0,0,0,0,0,0,0,0,0,0.770660488101248,0.2631578947368421,5,0.41304347826086957,0.5412280701754386,0.126982439263141,0,0.2,1,1,0.2,0,united states of america,concentration,USA,0,0,0.098,0.581,1,2,1,1,2,1,98,3,1
1912,Rhodesia Exploration Development Limited,rhodesia,-97.2134822,32.8294337,flotation,1.459854,0,9,0,0,NA,NA,NA,NA,NA,NA,0,0,0,0,0,0,0,0,0,0,0,0,0,0,0,0,0,0,0,0,0,0,0,0,united states of america,concentration,USA,0,0,0.098,0.581,1,2,1,1,2,1,98,3,1
1923,Russo Asiatic Consolidated Limited,france,2.213749,46.22764,gravity,2.809318,1,6,611.6695249084507,0,NA,NA,NA,NA,NA,NA,0,0,0,0,0,0,0,0,0,0,0,0,0,0,0,0,0,0,0,0,0,0,0,0,france,concentration,FRA,0,0,0.132,0.849,2,2,2,2,2,2,97,2,1
1923,Sheba Gold Mining Company,transvaal,-81.1831,43.23256,flotation,5.144423,1,4,0,0,NA,NA,NA,NA,NA,NA,0,0,0,0,0,0,0,0,0,0,0,0,0,0,0,0,0,0,0,0,0,0,0,0,canada,concentration,CAN,0,1,0.07,0.631,2,1,1,2,2,1,98,0,1
1895,Swanzy Estates Gold Mining Company,tasmania,145.9707,-41.45452,gravity,0.09775171,1,4,Inf,0,NA,NA,NA,NA,NA,NA,0,0,0,0,0,0,0,0,0,0,0,0,0,0,0,0,0,0,0,0,0,0,0,0,australia,concentration,AUS,0,1,0.06,0.659,NA,NA,NA,NA,NA,NA,NA,0,1
1912,Thelma Syndicate Limited,norway,8.468946,60.472024,gravity,0.034063260000000005,1,0,1131.052891411691,0,NA,NA,NA,NA,NA,NA,0,0,0,0,0,0,0,0,0,0,0,0,0,0,0,0,0,0,0,0,0,0,0,0,norway,concentration,NOR,0,0,0.025,0.822,2,3,2,2,3,2,100,1,1
1919,Tomboy Gold Mines Company,argentine,-63.616672,-38.416097,flotation,1.549358,1,7,4885.144684800854,0,NA,NA,NA,NA,NA,NA,4.1103904540928206e-17,0.018867924528301886,1,1,0.018867924528301886,0,0.11021245718263525,0.015384615384615385,1,0.3611111111111111,0.4076923076923077,0,0.1557209901922951,0.05128205128205128,2,0.325,0.37478632478632484,0.05128205128205128,0,0,0,0,0,0,argentina,concentration,ARG,0,0,0.222,0.551,1,1,0,1,1,0,92,1,1
1920,Tomboy Gold Mines Company,argentine,-63.61667,-38.4161,flotation,1.099304,1,1,3.7604060509083704e-4,1,NA,NA,NA,NA,NA,NA,0,0,0,0,0,0,0,0,0,0,0,0,0,0,0,0,0,0,0,0,0,0,0,0,argentina,concentration,ARG,0,0,0.222,0.551,1,1,0,1,1,0,92,1,1
1921,Tomboy Gold Mines Company,argentine,-63.61667,-38.4161,flotation,1.154734,1,6,0,0,NA,NA,NA,NA,NA,NA,0,0,0,0,0,0,0,0,0,0,0,0,0.4894535436406916,0.0967741935483871,3,0.41333333333333333,0.46774193548387116,0.029290726879861003,0,0,0,0,0,0,argentina,concentration,ARG,0,0,0.222,0.551,1,1,0,1,1,0,92,1,1
1922,Tomboy Gold Mines Company,argentine,-63.61667,-38.4161,flotation,1.328609,1,6,0,2,NA,NA,NA,NA,NA,NA,0,0,0,0,0,0,0,0,0,0,0,0,0,0,0,0,0,0,0,0,0,0,0,0,argentina,concentration,ARG,0,0,0.216,0.551,1,1,0,1,1,0,92,1,1
1923,Tomboy Gold Mines Company,argentine,-63.61667,-38.4161,flotation,1.37237,1,2,0,1,NA,NA,NA,NA,NA,NA,0,0,0,0,0,0,0,0,0,0,0,0,0.13608721741994642,0.027777777777777776,1,0.34615384615384615,0.3819444444444446,0,0,0,0,0,0,0,argentina,concentration,ARG,0,0,0.216,0.551,1,1,0,1,1,0,92,1,1
1895,Transvaal Prospecting Company,london,-0.1277583,51.50735,gravity,1.466276,1,70,Inf,0,NA,NA,NA,NA,NA,NA,0,0,0,0,0,0,0,0,0,0,0,0,0.8827822185373186,0.625,5,0.6153846153846154,0.7708333333333333,0.35714285714285715,0,0,0,0,0,0,united kingdom,concentration,GBR,1,1,0.028,0.73,2,2,NA,2,2,NA,98,3,1
1895,Transvaal Prospecting Company,transvaal,-81.1831,43.23256,gravity,1.466276,1,70,Inf,0,NA,NA,NA,NA,NA,NA,0,0,0,0,0,0,0,0,0,0,0,0,0.8827822185373186,0.625,5,0.6153846153846154,0.7708333333333333,0.35714285714285715,0,0,0,0,0,0,canada,concentration,CAN,0,1,0.074,0.597,2,1,NA,2,1,NA,96,0,1
1908,Utah Apex Mining Company,boston,-71.05888,42.36008,gravity,0.008486056,1,9,Inf,0,NA,NA,NA,NA,NA,NA,0,0,0,0,0,0,0,0,0,0,0,0,1,0.36363636363636365,4,0.6666666666666666,0.4393939393939394,0.21818181818181817,0,0,0,0,0,0,united states of america,concentration,USA,0,0,0.117,0.581,1,1,1,1,1,1,98,1,1
1909,Utah Apex Mining Company,boston,-71.05888,42.36008,gravity,0.008486056,1,6,833.3887258571552,0,NA,NA,NA,NA,NA,NA,0,0,0,0,0,0,0,0,0,0,0,0,0,0,0,0,0,0,0,0,0,0,0,0,united states of america,concentration,USA,0,0,0.117,0.581,1,1,1,1,1,1,98,1,1
1910,Utah Apex Mining Company,boston,-71.05888,42.36008,gravity,0.008486056,0,6,833.3887258571552,0,NA,NA,NA,NA,NA,NA,0,0,0,0,0,0,0,0,0,0,0,0,0.21079461083972287,0.125,2,0.2962962962962963,0.38958333333333334,0.125,0,0,0,0,0,0,united states of america,concentration,USA,0,0,0.098,0.581,1,2,1,1,2,1,98,3,1
1912,Utah Apex Mining Company,portland,-122.6750261,45.5051064,gravity,0.008486056,1,4,2429.036120559446,0,NA,NA,NA,NA,NA,NA,0,0,0,0,0,0,0,0,0,0,0,0,0,0,0,0,0,0,0,0,0,0,0,0,united states of america,concentration,USA,0,0,0.098,0.581,1,2,1,1,2,1,98,3,1
1916,Utah Apex Mining Company,portland,-122.6750261,45.5051064,gravity,0.008486056,0,1,2429.036120559446,0,NA,NA,NA,NA,NA,NA,0,0,0,0,0,0,0,0,0,0,0,0,0.3558303288893155,0.06666666666666667,2,0.3448275862068966,0.3983333333333334,0.001759481221955867,0,0,0,0,0,0,united states of america,concentration,USA,0,0,0.07,0.581,1,2,1,1,2,1,98,3,1
1919,Utah Apex Mining Company,london,-0.1277583,51.5073509,gravity,0.008486056,1,7,0,0,NA,NA,NA,NA,NA,NA,0,0,0,0,0,0,0,0,0,0,0,0,0.3367023864132523,0.05128205128205128,2,0.34210526315789475,0.40427350427350434,0.005213439590672266,0,0,0,0,0,0,united kingdom,concentration,GBR,1,1,0.028,0.73,2,2,1,2,2,1,89,3,1
1920,Utah Apex Mining Company,london,-0.1277583,51.50735,gravity,0.007024551,1,6,0,0,NA,NA,NA,NA,NA,NA,0,0,0,0,0,0,0,0,0,0,0,0,0,0,0,0,0,0,0,0,0,0,0,0,united kingdom,concentration,GBR,1,1,0.028,0.73,2,2,1,2,2,1,89,3,1
1921,Utah Apex Mining Company,london,-0.1277583,51.50735,gravity,0.007382602,1,4,0,0,NA,NA,NA,NA,NA,NA,0,0,0,0,0,0,0,0,0,0,0,0,0,0,0,0,0,0,0,0,0,0,0,0,united kingdom,concentration,GBR,1,1,0.028,0.73,2,2,1,2,2,1,89,3,1
1922,Utah Apex Mining Company,london,-0.1277583,51.50735,gravity,0.008494243,1,5,0,0,NA,NA,NA,NA,NA,NA,0,0,0,0,0,0,0,0,0,0,0,0,0.29867053786385744,0.05,2,0.37623762376237624,0.4000000000000002,0.009677643473120579,0,0,0,0,0,0,united kingdom,concentration,GBR,1,1,0.027,0.73,2,2,1,2,2,1,89,3,1
1919,Van Rydn Deep Limited,transvaal,-81.1830974,43.2325617,flotation,3.555134,1,4,2.8333329557698393e-4,0,NA,NA,NA,NA,NA,NA,0,0,0,0,0,0,0,0,0,0,0,0,0,0,0,0,0,0,0,0,0,0,0,0,canada,concentration,CAN,0,1,0.067,0.631,2,2,1,2,2,1,98,0,1
1920,Van Rydn Deep Limited,transvaal,-81.1831,43.23256,flotation,3.555134,1,4,0,1,NA,NA,NA,NA,NA,NA,0,0,0,0,0,0,0,0,0,0,0,0,0.4960054981383324,0.1111111111111111,4,0.42857142857142855,0.4861111111111111,0.013377193187645658,0,0.11538461538461539,3,0.8,0.13461538461538464,0.0018461538461538461,canada,concentration,CAN,0,1,0.067,0.631,2,1,1,2,2,1,98,0,1
1921,Van Rydn Deep Limited,transvaal,-81.1831,43.23256,flotation,3.555134,1,4,0,3,NA,NA,NA,NA,NA,NA,0,0,0,0,0,0,0,0,0,0,0,0,0.6311400087177732,0.12903225806451613,4,0.43661971830985913,0.4973118279569894,0.05524024299915641,9.142106737572285e-17,0.20588235294117646,7,1,0.11764705882352941,0.0106951871657754,canada,concentration,CAN,0,1,0.067,0.631,2,1,1,2,2,1,98,0,1
1922,Van Rydn Deep Limited,transvaal,-81.1831,43.23256,flotation,3.555134,1,4,0,0,NA,NA,NA,NA,NA,NA,0,0,0,0,0,0,0,0,0,0,0,0,0,0,0,0,0,0,0,0.03125,1,0.4090909090909091,0.1328125,0,canada,concentration,CAN,0,1,0.07,0.631,2,1,1,2,2,1,98,0,1
1923,Van Rydn Deep Limited,transvaal,-81.1831,43.23256,flotation,3.555134,1,7,0,3,NA,NA,NA,NA,NA,NA,0,0,0,0,0,0,0,0,0,0,0,0,0.5686362541468926,0.1388888888888889,5,0.42857142857142855,0.4976851851851852,0.06955728677698589,0,0.11627906976744186,5,0.4666666666666667,0.19379844961240308,0.05094130675526024,canada,concentration,CAN,0,1,0.07,0.631,2,1,1,2,2,1,98,0,1
1923,Vutah Apex Mining,london,-0.1277583,51.50735,gravity,0.008786157999999999,1,6,0,0,NA,NA,NA,NA,NA,NA,0,0,0,0,0,0,0,0,0,0,0,0,0,0,0,0,0,0,0,0,0,0,0,0,united kingdom,concentration,GBR,1,1,0.027,0.73,2,2,1,2,2,1,89,3,1
1887,Wassau Gold Coast Mining Company,london,-0.1277583,51.5073509,gravity,0.2431907,0,3,0,0,NA,NA,NA,NA,NA,NA,0,0,0,0,0,0,0,0,0,0,0,0,0.41421356237309503,0.25,1,0.4444444444444444,0.5416666666666666,0,0,0,0,0,0,0,united kingdom,concentration,GBR,1,1,0.028,0.73,2,2,NA,2,2,NA,98,3,1
